id_detalle,id_venta,id_producto,cantidad,precio_unitario,subtotal
50001,10001,7,2,3800,7600
50002,10002,1,1,1100,1100
50003,10002,2,3,1800,5400
50004,10003,2,2,1800,3600
50005,10003,5,1,1600,1600
50006,10003,3,2,2200,4400
50007,10004,3,3,2200,6600
50008,10004,2,1,1800,1800
50009,10004,6,2,750,1500
50010,10004,8,1,1500,1500
50011,10004,5,1,1600,1600
50012,10004,1,1,1100,1100
50013,10005,2,2,1800,3600
50014,10006,4,1,900,900
50015,10006,7,1,3800,3800
50016,10006,2,2,1800,3600
50017,10006,6,3,750,2250
50018,10007,3,3,2200,6600
50019,10008,1,3,1100,3300
50020,10008,3,2,2200,4400
50021,10008,2,3,1800,5400
50022,10009,4,3,900,2700
50023,10009,2,3,1800,5400
50024,10010,7,1,3800,3800
50025,10010,6,1,750,750
50026,10011,1,3,1100,3300
50027,10011,3,3,2200,6600
50028,10011,8,1,1500,1500
50029,10012,5,1,1600,1600
50030,10012,2,3,1800,5400
50031,10012,3,1,2200,2200
50032,10013,2,1,1800,1800
50033,10013,7,1,3800,3800
50034,10013,3,3,2200,6600
50035,10014,5,3,1600,4800
50036,10015,7,3,3800,11400
50037,10015,2,3,1800,5400
50038,10016,7,2,3800,7600
50039,10016,5,1,1600,1600
50040,10016,2,2,1800,3600
50041,10016,8,3,1500,4500
50042,10017,5,2,1600,3200
50043,10017,4,3,900,2700
50044,10017,7,2,3800,7600
50045,10017,6,2,750,1500
50046,10018,6,1,750,750
50047,10018,7,1,3800,3800
50048,10018,3,2,2200,4400
50049,10019,3,2,2200,4400
50050,10019,1,2,1100,2200
50051,10020,7,2,3800,7600
50052,10021,6,1,750,750
50053,10022,4,1,900,900
50054,10022,7,3,3800,11400
50055,10022,8,1,1500,1500
50056,10023,1,2,1100,2200
50057,10023,7,3,3800,11400
50058,10024,2,1,1800,1800
50059,10024,1,2,1100,2200
50060,10024,6,3,750,2250
50061,10024,4,1,900,900
50062,10024,8,1,1500,1500
50063,10024,7,3,3800,11400
50064,10025,8,1,1500,1500
50065,10025,3,1,2200,2200
50066,10025,1,1,1100,1100
50067,10026,2,1,1800,1800
50068,10026,8,3,1500,4500
50069,10026,7,1,3800,3800
50070,10026,3,2,2200,4400
50071,10027,8,2,1500,3000
50072,10028,5,1,1600,1600
50073,10028,4,3,900,2700
50074,10028,3,3,2200,6600
50075,10028,1,2,1100,2200
50076,10028,7,3,3800,11400
50077,10029,5,2,1600,3200
50078,10030,8,3,1500,4500
50079,10030,1,2,1100,2200
50080,10031,6,1,750,750
50081,10032,2,1,1800,1800
50082,10032,1,2,1100,2200
50083,10033,1,2,1100,2200
50084,10033,3,2,2200,4400
50085,10033,2,2,1800,3600
50086,10033,8,1,1500,1500
50087,10034,6,2,750,1500
50088,10034,7,2,3800,7600
50089,10034,4,3,900,2700
50090,10034,8,1,1500,1500
50091,10035,6,1,750,750
50092,10035,2,1,1800,1800
50093,10035,8,3,1500,4500
50094,10035,4,1,900,900
50095,10035,5,2,1600,3200
50096,10036,6,2,750,1500
50097,10036,8,3,1500,4500
50098,10037,4,3,900,2700
50099,10037,8,3,1500,4500
50100,10038,7,3,3800,11400
50101,10039,2,3,1800,5400
50102,10039,1,1,1100,1100
50103,10039,8,3,1500,4500
50104,10040,3,1,2200,2200
50105,10040,7,2,3800,7600
50106,10040,1,1,1100,1100
50107,10041,2,2,1800,3600
50108,10042,1,3,1100,3300
50109,10042,4,3,900,2700
50110,10042,3,3,2200,6600
50111,10043,4,1,900,900
50112,10043,3,1,2200,2200
50113,10044,3,3,2200,6600
50114,10044,1,1,1100,1100
50115,10044,8,2,1500,3000
50116,10044,7,1,3800,3800
50117,10045,7,1,3800,3800
50118,10046,7,2,3800,7600
50119,10047,4,1,900,900
50120,10047,8,3,1500,4500
50121,10048,2,2,1800,3600
50122,10048,4,3,900,2700
50123,10049,2,1,1800,1800
50124,10049,1,2,1100,2200
50125,10050,4,3,900,2700
50126,10050,7,3,3800,11400
50127,10050,1,1,1100,1100
50128,10050,2,1,1800,1800
50129,10051,5,1,1600,1600
50130,10052,8,1,1500,1500
50131,10053,3,3,2200,6600
50132,10053,8,3,1500,4500
50133,10053,2,3,1800,5400
50134,10054,4,3,900,2700
50135,10054,7,1,3800,3800
50136,10054,3,1,2200,2200
50137,10054,8,3,1500,4500
50138,10054,1,2,1100,2200
50139,10055,8,1,1500,1500
50140,10055,1,3,1100,3300
50141,10055,3,2,2200,4400
50142,10056,5,2,1600,3200
50143,10057,6,2,750,1500
50144,10057,2,2,1800,3600
50145,10057,4,1,900,900
50146,10058,1,2,1100,2200
50147,10058,2,1,1800,1800
50148,10059,4,1,900,900
50149,10059,8,3,1500,4500
50150,10059,1,3,1100,3300
50151,10060,2,3,1800,5400
50152,10060,4,1,900,900
50153,10060,6,3,750,2250
50154,10060,8,2,1500,3000
50155,10060,1,3,1100,3300
50156,10061,2,1,1800,1800
50157,10062,3,3,2200,6600
50158,10062,8,2,1500,3000
50159,10063,4,2,900,1800
50160,10063,7,3,3800,11400
50161,10064,8,2,1500,3000
50162,10064,7,2,3800,7600
50163,10064,3,1,2200,2200
50164,10064,4,3,900,2700
50165,10065,8,3,1500,4500
50166,10065,7,2,3800,7600
50167,10065,5,1,1600,1600
50168,10065,1,1,1100,1100
50169,10066,6,3,750,2250
50170,10066,7,1,3800,3800
50171,10066,5,2,1600,3200
50172,10067,5,3,1600,4800
50173,10067,4,2,900,1800
50174,10067,8,2,1500,3000
50175,10068,4,2,900,1800
50176,10068,2,1,1800,1800
50177,10068,6,2,750,1500
50178,10069,4,3,900,2700
50179,10070,8,1,1500,1500
50180,10070,5,3,1600,4800
50181,10070,2,2,1800,3600
50182,10070,1,3,1100,3300
50183,10070,6,3,750,2250
50184,10071,4,3,900,2700
50185,10071,7,3,3800,11400
50186,10071,8,3,1500,4500
50187,10072,1,1,1100,1100
50188,10072,8,1,1500,1500
50189,10072,7,1,3800,3800
50190,10072,4,1,900,900
50191,10072,2,2,1800,3600
50192,10072,6,3,750,2250
50193,10073,5,1,1600,1600
50194,10074,5,2,1600,3200
50195,10074,4,1,900,900
50196,10075,2,1,1800,1800
50197,10075,7,1,3800,3800
50198,10075,1,2,1100,2200
50199,10076,7,2,3800,7600
50200,10076,5,1,1600,1600
50201,10076,2,1,1800,1800
50202,10076,1,1,1100,1100
50203,10076,3,1,2200,2200
50204,10076,6,1,750,750
50205,10077,2,3,1800,5400
50206,10077,7,1,3800,3800
50207,10077,6,1,750,750
50208,10077,5,1,1600,1600
50209,10078,1,1,1100,1100
50210,10078,7,1,3800,3800
50211,10078,6,3,750,2250
50212,10079,1,1,1100,1100
50213,10080,8,2,1500,3000
50214,10081,4,3,900,2700
50215,10081,8,3,1500,4500
50216,10082,8,1,1500,1500
50217,10082,2,1,1800,1800
50218,10082,1,3,1100,3300
50219,10082,5,1,1600,1600
50220,10082,7,3,3800,11400
50221,10083,5,1,1600,1600
50222,10083,1,1,1100,1100
50223,10083,8,1,1500,1500
50224,10083,6,3,750,2250
50225,10084,3,1,2200,2200
50226,10084,2,3,1800,5400
50227,10084,7,2,3800,7600
50228,10085,7,2,3800,7600
50229,10086,5,2,1600,3200
50230,10087,4,3,900,2700
50231,10087,5,1,1600,1600
50232,10087,1,3,1100,3300
50233,10087,3,3,2200,6600
50234,10088,5,1,1600,1600
50235,10088,1,2,1100,2200
50236,10088,4,2,900,1800
50237,10088,3,3,2200,6600
50238,10088,7,2,3800,7600
50239,10088,8,2,1500,3000
50240,10089,8,1,1500,1500
50241,10089,1,3,1100,3300
50242,10089,5,3,1600,4800
50243,10089,3,2,2200,4400
50244,10090,3,3,2200,6600
50245,10090,1,1,1100,1100
50246,10090,2,2,1800,3600
50247,10090,5,1,1600,1600
50248,10090,7,2,3800,7600
50249,10091,7,2,3800,7600
50250,10091,6,2,750,1500
50251,10091,4,2,900,1800
50252,10092,8,1,1500,1500
50253,10092,4,1,900,900
50254,10092,2,3,1800,5400
50255,10093,8,1,1500,1500
50256,10093,2,1,1800,1800
50257,10093,3,2,2200,4400
50258,10094,5,2,1600,3200
50259,10094,8,1,1500,1500
50260,10094,3,1,2200,2200
50261,10094,1,3,1100,3300
50262,10094,7,3,3800,11400
50263,10095,6,3,750,2250
50264,10095,4,3,900,2700
50265,10095,3,2,2200,4400
50266,10096,4,2,900,1800
50267,10096,1,1,1100,1100
50268,10097,2,2,1800,3600
50269,10097,7,1,3800,3800
50270,10098,1,1,1100,1100
50271,10098,5,1,1600,1600
50272,10098,7,3,3800,11400
50273,10098,2,3,1800,5400
50274,10098,3,1,2200,2200
50275,10098,8,3,1500,4500
50276,10098,4,1,900,900
50277,10099,1,2,1100,2200
50278,10099,5,2,1600,3200
50279,10099,7,2,3800,7600
50280,10100,7,3,3800,11400
50281,10100,1,2,1100,2200
50282,10101,7,1,3800,3800
50283,10101,1,2,1100,2200
50284,10101,4,3,900,2700
50285,10101,2,1,1800,1800
50286,10102,5,3,1600,4800
50287,10102,6,3,750,2250
50288,10103,1,1,1100,1100
50289,10103,4,2,900,1800
50290,10104,1,1,1100,1100
50291,10104,6,2,750,1500
50292,10104,8,3,1500,4500
50293,10105,1,1,1100,1100
50294,10105,2,2,1800,3600
50295,10106,1,2,1100,2200
50296,10106,5,3,1600,4800
50297,10106,2,1,1800,1800
50298,10106,7,2,3800,7600
50299,10107,7,2,3800,7600
50300,10107,2,2,1800,3600
50301,10107,1,3,1100,3300
50302,10108,7,3,3800,11400
50303,10108,3,1,2200,2200
50304,10108,6,3,750,2250
50305,10108,1,2,1100,2200
50306,10109,2,2,1800,3600
50307,10110,4,2,900,1800
50308,10110,3,3,2200,6600
50309,10110,8,1,1500,1500
50310,10111,7,2,3800,7600
50311,10111,1,2,1100,2200
50312,10111,3,2,2200,4400
50313,10112,1,2,1100,2200
50314,10112,4,2,900,1800
50315,10113,7,1,3800,3800
50316,10113,2,2,1800,3600
50317,10114,1,3,1100,3300
50318,10114,6,3,750,2250
50319,10115,6,3,750,2250
50320,10115,7,3,3800,11400
50321,10115,2,1,1800,1800
50322,10116,2,2,1800,3600
50323,10116,1,2,1100,2200
50324,10116,7,3,3800,11400
50325,10117,8,1,1500,1500
50326,10118,2,2,1800,3600
50327,10119,6,2,750,1500
50328,10119,3,1,2200,2200
50329,10119,7,3,3800,11400
50330,10119,8,3,1500,4500
50331,10119,5,2,1600,3200
50332,10119,4,3,900,2700
50333,10120,4,3,900,2700
50334,10120,2,1,1800,1800
50335,10121,5,1,1600,1600
50336,10121,7,1,3800,3800
50337,10121,3,2,2200,4400
50338,10121,1,3,1100,3300
50339,10121,4,2,900,1800
50340,10122,4,2,900,1800
50341,10122,7,3,3800,11400
50342,10122,8,2,1500,3000
50343,10123,1,1,1100,1100
50344,10124,1,2,1100,2200
50345,10124,2,2,1800,3600
50346,10125,6,1,750,750
50347,10126,3,1,2200,2200
50348,10127,6,2,750,1500
50349,10127,3,2,2200,4400
50350,10127,2,2,1800,3600
50351,10128,4,2,900,1800
50352,10129,1,1,1100,1100
50353,10129,6,2,750,1500
50354,10129,3,3,2200,6600
50355,10130,5,2,1600,3200
50356,10131,2,3,1800,5400
50357,10131,6,1,750,750
50358,10132,7,1,3800,3800
50359,10133,8,1,1500,1500
50360,10133,1,1,1100,1100
50361,10134,6,2,750,1500
50362,10135,7,2,3800,7600
50363,10136,5,2,1600,3200
50364,10137,3,1,2200,2200
50365,10138,6,3,750,2250
50366,10138,8,2,1500,3000
50367,10138,7,3,3800,11400
50368,10138,3,1,2200,2200
50369,10139,3,2,2200,4400
50370,10139,5,1,1600,1600
50371,10140,4,3,900,2700
50372,10140,7,1,3800,3800
50373,10141,8,2,1500,3000
50374,10141,7,1,3800,3800
50375,10142,1,1,1100,1100
50376,10142,4,1,900,900
50377,10142,2,1,1800,1800
50378,10143,2,2,1800,3600
50379,10143,8,2,1500,3000
50380,10143,3,2,2200,4400
50381,10143,6,2,750,1500
50382,10144,1,3,1100,3300
50383,10145,7,2,3800,7600
50384,10146,8,2,1500,3000
50385,10146,5,2,1600,3200
50386,10147,6,2,750,1500
50387,10147,2,2,1800,3600
50388,10147,5,3,1600,4800
50389,10147,4,3,900,2700
50390,10147,1,3,1100,3300
50391,10148,2,2,1800,3600
50392,10148,6,2,750,1500
50393,10149,3,3,2200,6600
50394,10149,5,2,1600,3200
50395,10149,2,3,1800,5400
50396,10149,1,2,1100,2200
50397,10150,6,2,750,1500
50398,10150,5,3,1600,4800
50399,10151,3,1,2200,2200
50400,10152,3,3,2200,6600
50401,10153,2,1,1800,1800
50402,10153,6,1,750,750
50403,10154,5,1,1600,1600
50404,10155,7,3,3800,11400
50405,10156,5,1,1600,1600
50406,10156,7,1,3800,3800
50407,10157,5,3,1600,4800
50408,10158,2,2,1800,3600
50409,10158,4,1,900,900
50410,10158,1,1,1100,1100
50411,10158,8,3,1500,4500
50412,10158,6,1,750,750
50413,10159,2,3,1800,5400
50414,10160,3,3,2200,6600
50415,10161,5,1,1600,1600
50416,10161,7,2,3800,7600
50417,10162,4,3,900,2700
50418,10162,3,1,2200,2200
50419,10163,6,3,750,2250
50420,10163,1,3,1100,3300
50421,10164,2,3,1800,5400
50422,10165,3,3,2200,6600
50423,10165,1,1,1100,1100
50424,10165,6,1,750,750
50425,10166,1,3,1100,3300
50426,10167,8,1,1500,1500
50427,10167,3,1,2200,2200
50428,10167,2,1,1800,1800
50429,10167,5,1,1600,1600
50430,10167,1,1,1100,1100
50431,10168,1,3,1100,3300
50432,10168,2,1,1800,1800
50433,10168,6,3,750,2250
50434,10169,3,3,2200,6600
50435,10169,7,3,3800,11400
50436,10169,2,1,1800,1800
50437,10169,6,2,750,1500
50438,10169,1,3,1100,3300
50439,10170,5,3,1600,4800
50440,10170,7,2,3800,7600
50441,10171,2,1,1800,1800
50442,10171,1,1,1100,1100
50443,10171,6,1,750,750
50444,10171,3,1,2200,2200
50445,10171,5,1,1600,1600
50446,10172,8,2,1500,3000
50447,10172,1,1,1100,1100
50448,10172,5,3,1600,4800
50449,10173,2,1,1800,1800
50450,10174,1,3,1100,3300
50451,10175,8,2,1500,3000
50452,10175,3,2,2200,4400
50453,10176,2,1,1800,1800
50454,10176,3,3,2200,6600
50455,10176,4,1,900,900
50456,10176,6,1,750,750
50457,10176,5,2,1600,3200
50458,10177,2,2,1800,3600
50459,10177,8,3,1500,4500
50460,10178,1,1,1100,1100
50461,10179,6,3,750,2250
50462,10180,6,3,750,2250
50463,10181,6,2,750,1500
50464,10181,7,3,3800,11400
50465,10181,1,1,1100,1100
50466,10182,2,1,1800,1800
50467,10182,7,1,3800,3800
50468,10182,5,2,1600,3200
50469,10183,4,2,900,1800
50470,10183,7,1,3800,3800
50471,10183,2,3,1800,5400
50472,10184,5,1,1600,1600
50473,10184,8,3,1500,4500
50474,10185,6,3,750,2250
50475,10185,4,1,900,900
50476,10185,8,1,1500,1500
50477,10185,7,1,3800,3800
50478,10186,2,1,1800,1800
50479,10186,1,1,1100,1100
50480,10186,7,2,3800,7600
50481,10186,8,2,1500,3000
50482,10186,4,1,900,900
50483,10186,3,3,2200,6600
50484,10187,3,3,2200,6600
50485,10187,7,1,3800,3800
50486,10187,5,3,1600,4800
50487,10187,6,3,750,2250
50488,10187,1,1,1100,1100
50489,10188,3,1,2200,2200
50490,10188,4,3,900,2700
50491,10188,5,2,1600,3200
50492,10188,8,1,1500,1500
50493,10189,2,1,1800,1800
50494,10189,8,1,1500,1500
50495,10189,1,3,1100,3300
50496,10189,4,1,900,900
50497,10190,7,2,3800,7600
50498,10190,6,2,750,1500
50499,10190,4,2,900,1800
50500,10190,8,2,1500,3000
50501,10191,5,1,1600,1600
50502,10191,4,2,900,1800
50503,10191,2,1,1800,1800
50504,10191,8,1,1500,1500
50505,10191,7,2,3800,7600
50506,10191,3,1,2200,2200
50507,10192,2,2,1800,3600
50508,10193,5,2,1600,3200
50509,10193,2,1,1800,1800
50510,10193,4,2,900,1800
50511,10194,8,1,1500,1500
50512,10195,8,3,1500,4500
50513,10195,1,3,1100,3300
50514,10195,6,2,750,1500
50515,10195,4,1,900,900
50516,10196,8,3,1500,4500
50517,10196,5,1,1600,1600
50518,10197,2,3,1800,5400
50519,10197,6,2,750,1500
50520,10197,7,1,3800,3800
50521,10198,1,2,1100,2200
50522,10198,7,3,3800,11400
50523,10199,5,2,1600,3200
50524,10199,8,1,1500,1500
50525,10200,2,1,1800,1800
50526,10200,5,1,1600,1600
50527,10200,7,2,3800,7600
50528,10201,7,2,3800,7600
50529,10201,6,2,750,1500
50530,10201,4,1,900,900
50531,10201,5,3,1600,4800
50532,10201,8,1,1500,1500
50533,10201,3,3,2200,6600
50534,10201,2,1,1800,1800
50535,10202,7,1,3800,3800
50536,10203,6,3,750,2250
50537,10204,5,3,1600,4800
50538,10204,1,2,1100,2200
50539,10204,6,1,750,750
50540,10204,4,1,900,900
50541,10205,4,3,900,2700
50542,10205,5,2,1600,3200
50543,10205,7,2,3800,7600
50544,10206,7,1,3800,3800
50545,10206,3,2,2200,4400
50546,10206,4,1,900,900
50547,10206,8,1,1500,1500
50548,10206,1,2,1100,2200
50549,10206,2,2,1800,3600
50550,10206,5,1,1600,1600
50551,10207,5,3,1600,4800
50552,10207,1,1,1100,1100
50553,10208,7,2,3800,7600
50554,10208,5,1,1600,1600
50555,10209,2,2,1800,3600
50556,10210,3,2,2200,4400
50557,10210,5,2,1600,3200
50558,10210,4,3,900,2700
50559,10210,7,3,3800,11400
50560,10211,6,1,750,750
50561,10211,5,3,1600,4800
50562,10211,3,3,2200,6600
50563,10212,7,3,3800,11400
50564,10212,8,3,1500,4500
50565,10213,8,1,1500,1500
50566,10213,2,1,1800,1800
50567,10213,6,2,750,1500
50568,10214,1,3,1100,3300
50569,10214,8,2,1500,3000
50570,10215,4,1,900,900
50571,10215,3,1,2200,2200
50572,10216,5,1,1600,1600
50573,10216,7,3,3800,11400
50574,10216,1,2,1100,2200
50575,10217,3,3,2200,6600
50576,10217,2,1,1800,1800
50577,10218,8,3,1500,4500
50578,10218,3,3,2200,6600
50579,10219,8,2,1500,3000
50580,10219,4,3,900,2700
50581,10220,2,1,1800,1800
50582,10221,8,1,1500,1500
50583,10222,3,3,2200,6600
50584,10222,4,1,900,900
50585,10223,8,1,1500,1500
50586,10224,7,2,3800,7600
50587,10224,5,2,1600,3200
50588,10224,8,3,1500,4500
50589,10225,1,3,1100,3300
50590,10225,8,3,1500,4500
50591,10225,4,2,900,1800
50592,10225,2,3,1800,5400
50593,10226,3,2,2200,4400
50594,10226,2,1,1800,1800
50595,10226,6,1,750,750
50596,10226,5,2,1600,3200
50597,10227,1,2,1100,2200
50598,10227,6,1,750,750
50599,10227,2,1,1800,1800
50600,10228,5,1,1600,1600
50601,10229,7,1,3800,3800
50602,10229,4,2,900,1800
50603,10229,2,2,1800,3600
50604,10230,2,1,1800,1800
50605,10230,4,2,900,1800
50606,10230,3,2,2200,4400
50607,10230,7,2,3800,7600
50608,10230,6,1,750,750
50609,10230,5,2,1600,3200
50610,10231,2,3,1800,5400
50611,10231,5,1,1600,1600
50612,10232,7,3,3800,11400
50613,10232,8,2,1500,3000
50614,10232,6,3,750,2250
50615,10232,1,3,1100,3300
50616,10232,2,1,1800,1800
50617,10233,5,1,1600,1600
50618,10233,8,3,1500,4500
50619,10234,7,1,3800,3800
50620,10234,8,3,1500,4500
50621,10234,1,3,1100,3300
50622,10234,4,1,900,900
50623,10234,5,1,1600,1600
50624,10235,6,2,750,1500
50625,10236,6,2,750,1500
50626,10236,2,2,1800,3600
50627,10236,1,1,1100,1100
50628,10236,5,3,1600,4800
50629,10236,7,2,3800,7600
50630,10236,8,2,1500,3000
50631,10236,4,3,900,2700
50632,10237,7,1,3800,3800
50633,10237,8,2,1500,3000
50634,10238,1,2,1100,2200
50635,10238,6,3,750,2250
50636,10238,5,1,1600,1600
50637,10238,7,3,3800,11400
50638,10239,6,1,750,750
50639,10239,3,2,2200,4400
50640,10240,1,2,1100,2200
50641,10241,3,1,2200,2200
50642,10241,4,3,900,2700
50643,10241,8,2,1500,3000
50644,10242,5,3,1600,4800
50645,10242,8,1,1500,1500
50646,10242,6,2,750,1500
50647,10242,4,1,900,900
50648,10243,8,1,1500,1500
50649,10243,4,2,900,1800
50650,10244,8,1,1500,1500
50651,10244,5,3,1600,4800
50652,10244,6,1,750,750
50653,10245,7,2,3800,7600
50654,10246,3,1,2200,2200
50655,10246,7,2,3800,7600
50656,10246,8,3,1500,4500
50657,10246,6,1,750,750
50658,10246,2,2,1800,3600
50659,10246,5,1,1600,1600
50660,10247,3,3,2200,6600
50661,10247,2,1,1800,1800
50662,10247,8,3,1500,4500
50663,10247,5,3,1600,4800
50664,10248,6,3,750,2250
50665,10248,8,1,1500,1500
50666,10249,6,1,750,750
50667,10249,2,1,1800,1800
50668,10249,4,3,900,2700
50669,10250,5,2,1600,3200
50670,10250,8,1,1500,1500
50671,10250,7,1,3800,3800
50672,10251,7,3,3800,11400
50673,10251,3,1,2200,2200
50674,10252,8,2,1500,3000
50675,10252,6,3,750,2250
50676,10252,2,3,1800,5400
50677,10252,5,2,1600,3200
50678,10252,1,3,1100,3300
50679,10252,4,3,900,2700
50680,10252,3,3,2200,6600
50681,10253,8,2,1500,3000
50682,10253,7,3,3800,11400
50683,10254,8,3,1500,4500
50684,10254,5,3,1600,4800
50685,10254,4,1,900,900
50686,10254,1,1,1100,1100
50687,10254,6,2,750,1500
50688,10255,5,3,1600,4800
50689,10255,1,3,1100,3300
50690,10255,2,1,1800,1800
50691,10255,8,1,1500,1500
50692,10256,5,1,1600,1600
50693,10257,4,1,900,900
50694,10258,7,3,3800,11400
50695,10258,1,1,1100,1100
50696,10258,6,2,750,1500
50697,10258,2,2,1800,3600
50698,10259,2,3,1800,5400
50699,10259,1,3,1100,3300
50700,10259,8,3,1500,4500
50701,10260,1,2,1100,2200
50702,10260,2,1,1800,1800
50703,10260,3,2,2200,4400
50704,10260,5,1,1600,1600
50705,10260,4,2,900,1800
50706,10261,1,1,1100,1100
50707,10261,7,1,3800,3800
50708,10262,1,1,1100,1100
50709,10262,4,1,900,900
50710,10262,5,2,1600,3200
50711,10263,5,3,1600,4800
50712,10263,7,3,3800,11400
50713,10263,2,1,1800,1800
50714,10263,4,3,900,2700
50715,10264,1,1,1100,1100
50716,10264,2,2,1800,3600
50717,10265,5,1,1600,1600
50718,10266,8,2,1500,3000
50719,10267,1,2,1100,2200
50720,10268,2,1,1800,1800
50721,10269,7,1,3800,3800
50722,10269,3,3,2200,6600
50723,10270,6,3,750,2250
50724,10270,3,2,2200,4400
50725,10270,1,1,1100,1100
50726,10270,7,3,3800,11400
50727,10271,5,1,1600,1600
50728,10272,5,3,1600,4800
50729,10273,2,3,1800,5400
50730,10273,7,1,3800,3800
50731,10273,1,3,1100,3300
50732,10274,4,3,900,2700
50733,10274,7,2,3800,7600
50734,10274,5,3,1600,4800
50735,10274,1,1,1100,1100
50736,10275,3,2,2200,4400
50737,10276,3,3,2200,6600
50738,10276,7,2,3800,7600
50739,10277,1,2,1100,2200
50740,10277,3,2,2200,4400
50741,10277,4,2,900,1800
50742,10277,6,1,750,750
50743,10278,6,3,750,2250
50744,10278,2,3,1800,5400
50745,10279,2,3,1800,5400
50746,10279,5,1,1600,1600
50747,10279,7,3,3800,11400
50748,10279,1,2,1100,2200
50749,10280,6,3,750,2250
50750,10280,2,3,1800,5400
50751,10280,3,3,2200,6600
50752,10281,3,3,2200,6600
50753,10281,6,1,750,750
50754,10282,2,1,1800,1800
50755,10282,7,2,3800,7600
50756,10282,3,3,2200,6600
50757,10282,5,3,1600,4800
50758,10282,8,2,1500,3000
50759,10283,1,3,1100,3300
50760,10283,4,3,900,2700
50761,10283,6,2,750,1500
50762,10283,5,2,1600,3200
50763,10284,8,2,1500,3000
50764,10284,3,3,2200,6600
50765,10285,4,3,900,2700
50766,10285,8,1,1500,1500
50767,10285,5,3,1600,4800
50768,10285,3,2,2200,4400
50769,10286,5,2,1600,3200
50770,10287,4,2,900,1800
50771,10287,8,1,1500,1500
50772,10287,5,1,1600,1600
50773,10288,5,2,1600,3200
50774,10289,8,3,1500,4500
50775,10289,5,3,1600,4800
50776,10289,7,3,3800,11400
50777,10290,1,1,1100,1100
50778,10290,8,3,1500,4500
50779,10291,4,2,900,1800
50780,10292,8,3,1500,4500
50781,10292,4,1,900,900
50782,10293,5,1,1600,1600
50783,10294,4,1,900,900
50784,10294,3,3,2200,6600
50785,10294,5,1,1600,1600
50786,10294,6,2,750,1500
50787,10295,6,2,750,1500
50788,10296,4,2,900,1800
50789,10297,4,2,900,1800
50790,10297,3,2,2200,4400
50791,10297,5,2,1600,3200
50792,10298,1,3,1100,3300
50793,10299,8,3,1500,4500
50794,10299,6,2,750,1500
50795,10300,8,1,1500,1500
50796,10300,6,2,750,1500
50797,10300,4,2,900,1800
50798,10300,5,2,1600,3200
50799,10301,2,3,1800,5400
50800,10301,5,1,1600,1600
50801,10302,6,2,750,1500
50802,10302,1,1,1100,1100
50803,10302,7,2,3800,7600
50804,10303,7,3,3800,11400
50805,10303,4,1,900,900
50806,10304,6,1,750,750
50807,10304,3,3,2200,6600
50808,10304,7,1,3800,3800
50809,10305,7,1,3800,3800
50810,10305,4,3,900,2700
50811,10305,1,2,1100,2200
50812,10306,7,3,3800,11400
50813,10307,3,1,2200,2200
50814,10308,3,1,2200,2200
50815,10308,2,3,1800,5400
50816,10309,2,1,1800,1800
50817,10309,7,2,3800,7600
50818,10309,4,1,900,900
50819,10309,3,1,2200,2200
50820,10309,5,1,1600,1600
50821,10309,8,2,1500,3000
50822,10310,7,1,3800,3800
50823,10310,4,3,900,2700
50824,10311,7,3,3800,11400
50825,10311,1,2,1100,2200
50826,10311,2,3,1800,5400
50827,10312,7,3,3800,11400
50828,10312,5,2,1600,3200
50829,10313,4,2,900,1800
50830,10313,8,2,1500,3000
50831,10314,2,2,1800,3600
50832,10314,8,3,1500,4500
50833,10314,4,3,900,2700
50834,10314,6,3,750,2250
50835,10314,5,2,1600,3200
50836,10315,5,3,1600,4800
50837,10315,2,3,1800,5400
50838,10315,6,2,750,1500
50839,10316,1,3,1100,3300
50840,10317,7,3,3800,11400
50841,10317,3,2,2200,4400
50842,10317,2,1,1800,1800
50843,10318,7,1,3800,3800
50844,10319,3,3,2200,6600
50845,10319,1,1,1100,1100
50846,10319,7,1,3800,3800
50847,10320,8,3,1500,4500
50848,10320,5,2,1600,3200
50849,10321,6,2,750,1500
50850,10321,5,2,1600,3200
50851,10322,1,3,1100,3300
50852,10322,6,2,750,1500
50853,10322,7,2,3800,7600
50854,10322,5,2,1600,3200
50855,10322,3,1,2200,2200
50856,10322,4,2,900,1800
50857,10322,8,1,1500,1500
50858,10323,7,3,3800,11400
50859,10323,8,3,1500,4500
50860,10324,5,2,1600,3200
50861,10324,4,3,900,2700
50862,10324,8,3,1500,4500
50863,10324,3,3,2200,6600
50864,10324,7,1,3800,3800
50865,10324,6,2,750,1500
50866,10325,6,2,750,1500
50867,10326,1,3,1100,3300
50868,10326,3,3,2200,6600
50869,10327,8,2,1500,3000
50870,10327,4,1,900,900
50871,10328,4,3,900,2700
50872,10328,1,3,1100,3300
50873,10328,3,1,2200,2200
50874,10329,3,3,2200,6600
50875,10329,7,3,3800,11400
50876,10329,2,2,1800,3600
50877,10329,8,3,1500,4500
50878,10329,1,1,1100,1100
50879,10329,4,3,900,2700
50880,10329,6,2,750,1500
50881,10329,5,3,1600,4800
50882,10330,8,1,1500,1500
50883,10330,5,1,1600,1600
50884,10331,2,2,1800,3600
50885,10331,3,2,2200,4400
50886,10331,5,2,1600,3200
50887,10332,7,3,3800,11400
50888,10332,8,3,1500,4500
50889,10332,3,1,2200,2200
50890,10332,2,1,1800,1800
50891,10333,6,1,750,750
50892,10333,7,3,3800,11400
50893,10333,5,3,1600,4800
50894,10333,4,3,900,2700
50895,10334,4,2,900,1800
50896,10334,3,1,2200,2200
50897,10335,1,2,1100,2200
50898,10335,7,1,3800,3800
50899,10335,6,2,750,1500
50900,10336,4,2,900,1800
50901,10337,1,2,1100,2200
50902,10337,8,1,1500,1500
50903,10337,3,3,2200,6600
50904,10337,7,3,3800,11400
50905,10338,8,1,1500,1500
50906,10338,4,1,900,900
50907,10338,7,3,3800,11400
50908,10338,2,2,1800,3600
50909,10338,1,2,1100,2200
50910,10339,4,3,900,2700
50911,10340,5,2,1600,3200
50912,10340,7,3,3800,11400
50913,10340,2,1,1800,1800
50914,10340,6,2,750,1500
50915,10340,4,1,900,900
50916,10340,1,1,1100,1100
50917,10341,5,2,1600,3200
50918,10342,3,1,2200,2200
50919,10342,4,3,900,2700
50920,10342,2,2,1800,3600
50921,10343,4,3,900,2700
50922,10343,3,1,2200,2200
50923,10343,2,1,1800,1800
50924,10343,7,2,3800,7600
50925,10343,1,3,1100,3300
50926,10344,5,2,1600,3200
50927,10345,8,1,1500,1500
50928,10345,7,2,3800,7600
50929,10346,8,2,1500,3000
50930,10346,5,3,1600,4800
50931,10346,6,1,750,750
50932,10347,8,2,1500,3000
50933,10347,7,3,3800,11400
50934,10348,2,1,1800,1800
50935,10348,3,3,2200,6600
50936,10349,3,2,2200,4400
50937,10349,8,3,1500,4500
50938,10350,7,1,3800,3800
50939,10351,5,2,1600,3200
50940,10351,6,1,750,750
50941,10352,3,2,2200,4400
50942,10352,8,1,1500,1500
50943,10352,1,3,1100,3300
50944,10353,2,3,1800,5400
50945,10354,1,2,1100,2200
50946,10354,6,3,750,2250
50947,10354,2,2,1800,3600
50948,10354,8,1,1500,1500
50949,10354,4,2,900,1800
50950,10355,1,1,1100,1100
50951,10355,2,1,1800,1800
50952,10356,6,1,750,750
50953,10357,6,1,750,750
50954,10358,3,3,2200,6600
50955,10359,4,3,900,2700
50956,10359,5,2,1600,3200
50957,10359,8,3,1500,4500
50958,10360,4,3,900,2700
50959,10360,6,1,750,750
50960,10361,3,3,2200,6600
50961,10361,4,3,900,2700
50962,10361,2,2,1800,3600
50963,10361,5,3,1600,4800
50964,10362,8,2,1500,3000
50965,10362,2,1,1800,1800
50966,10362,6,1,750,750
50967,10362,5,2,1600,3200
50968,10363,2,2,1800,3600
50969,10363,6,3,750,2250
50970,10363,5,3,1600,4800
50971,10363,3,1,2200,2200
50972,10363,7,1,3800,3800
50973,10364,7,2,3800,7600
50974,10364,6,2,750,1500
50975,10364,4,3,900,2700
50976,10364,8,2,1500,3000
50977,10365,7,2,3800,7600
50978,10365,5,3,1600,4800
50979,10366,1,3,1100,3300
50980,10367,3,3,2200,6600
50981,10367,4,2,900,1800
50982,10367,1,2,1100,2200
50983,10368,6,2,750,1500
50984,10369,2,2,1800,3600
50985,10370,4,3,900,2700
50986,10370,3,3,2200,6600
50987,10371,5,1,1600,1600
50988,10371,3,3,2200,6600
50989,10371,7,3,3800,11400
50990,10371,4,1,900,900
50991,10372,4,1,900,900
50992,10373,5,1,1600,1600
50993,10373,7,1,3800,3800
50994,10374,4,2,900,1800
50995,10375,2,2,1800,3600
50996,10376,6,1,750,750
50997,10377,8,2,1500,3000
50998,10377,4,2,900,1800
50999,10378,2,2,1800,3600
51000,10378,8,2,1500,3000
51001,10379,4,2,900,1800
51002,10379,8,2,1500,3000
51003,10379,2,1,1800,1800
51004,10380,2,1,1800,1800
51005,10381,1,3,1100,3300
51006,10381,7,2,3800,7600
51007,10381,2,1,1800,1800
51008,10381,4,1,900,900
51009,10382,2,1,1800,1800
51010,10382,3,3,2200,6600
51011,10382,7,3,3800,11400
51012,10383,5,3,1600,4800
51013,10383,8,1,1500,1500
51014,10383,4,3,900,2700
51015,10384,3,3,2200,6600
51016,10384,5,1,1600,1600
51017,10385,3,3,2200,6600
51018,10385,8,2,1500,3000
51019,10386,6,2,750,1500
51020,10386,8,2,1500,3000
51021,10386,2,3,1800,5400
51022,10386,1,1,1100,1100
51023,10387,3,1,2200,2200
51024,10387,5,1,1600,1600
51025,10387,1,3,1100,3300
51026,10388,8,2,1500,3000
51027,10389,7,1,3800,3800
51028,10390,6,2,750,1500
51029,10390,7,3,3800,11400
51030,10390,1,3,1100,3300
51031,10390,4,1,900,900
51032,10391,3,2,2200,4400
51033,10391,8,1,1500,1500
51034,10392,1,3,1100,3300
51035,10392,3,2,2200,4400
51036,10392,4,1,900,900
51037,10393,3,3,2200,6600
51038,10393,8,2,1500,3000
51039,10394,6,1,750,750
51040,10394,8,3,1500,4500
51041,10394,5,3,1600,4800
51042,10395,4,1,900,900
51043,10395,2,2,1800,3600
51044,10396,5,2,1600,3200
51045,10396,3,2,2200,4400
51046,10396,1,3,1100,3300
51047,10397,1,2,1100,2200
51048,10397,4,2,900,1800
51049,10397,5,1,1600,1600
51050,10397,6,3,750,2250
51051,10398,3,3,2200,6600
51052,10398,8,1,1500,1500
51053,10399,8,2,1500,3000
51054,10399,3,3,2200,6600
51055,10399,4,1,900,900
51056,10399,5,2,1600,3200
51057,10400,4,3,900,2700
51058,10400,3,1,2200,2200
51059,10400,6,3,750,2250
51060,10400,2,2,1800,3600
51061,10401,4,1,900,900
51062,10401,7,3,3800,11400
51063,10402,8,3,1500,4500
51064,10403,7,2,3800,7600
51065,10404,8,3,1500,4500
51066,10405,1,3,1100,3300
51067,10406,7,3,3800,11400
51068,10406,6,2,750,1500
51069,10406,5,3,1600,4800
51070,10407,5,1,1600,1600
51071,10408,8,1,1500,1500
51072,10409,7,3,3800,11400
51073,10409,3,1,2200,2200
51074,10409,4,2,900,1800
51075,10409,6,3,750,2250
51076,10410,1,3,1100,3300
51077,10410,6,2,750,1500
51078,10410,3,2,2200,4400
51079,10411,7,1,3800,3800
51080,10411,2,2,1800,3600
51081,10412,1,2,1100,2200
51082,10412,6,1,750,750
51083,10412,8,1,1500,1500
51084,10413,5,1,1600,1600
51085,10413,2,1,1800,1800
51086,10414,7,3,3800,11400
51087,10414,4,2,900,1800
51088,10415,5,2,1600,3200
51089,10416,5,2,1600,3200
51090,10416,2,3,1800,5400
51091,10417,1,3,1100,3300
51092,10418,7,3,3800,11400
51093,10418,5,1,1600,1600
51094,10418,4,3,900,2700
51095,10419,1,1,1100,1100
51096,10419,3,1,2200,2200
51097,10419,2,3,1800,5400
51098,10420,5,2,1600,3200
51099,10421,5,2,1600,3200
51100,10422,1,3,1100,3300
51101,10423,1,1,1100,1100
51102,10424,1,2,1100,2200
51103,10424,3,2,2200,4400
51104,10424,8,1,1500,1500
51105,10425,5,1,1600,1600
51106,10425,6,1,750,750
51107,10425,7,2,3800,7600
51108,10425,4,1,900,900
51109,10425,1,2,1100,2200
51110,10426,1,1,1100,1100
51111,10427,5,2,1600,3200
51112,10428,8,1,1500,1500
51113,10428,3,2,2200,4400
51114,10428,2,2,1800,3600
51115,10428,7,1,3800,3800
51116,10428,5,3,1600,4800
51117,10429,4,2,900,1800
51118,10429,5,1,1600,1600
51119,10429,2,3,1800,5400
51120,10430,3,1,2200,2200
51121,10430,8,2,1500,3000
51122,10431,7,2,3800,7600
51123,10431,3,2,2200,4400
51124,10432,1,1,1100,1100
51125,10432,2,3,1800,5400
51126,10433,6,1,750,750
51127,10433,3,2,2200,4400
51128,10433,5,3,1600,4800
51129,10433,2,3,1800,5400
51130,10433,7,3,3800,11400
51131,10433,8,3,1500,4500
51132,10434,4,1,900,900
51133,10434,1,3,1100,3300
51134,10435,6,2,750,1500
51135,10435,7,2,3800,7600
51136,10435,5,3,1600,4800
51137,10436,8,2,1500,3000
51138,10437,3,1,2200,2200
51139,10437,4,2,900,1800
51140,10437,5,2,1600,3200
51141,10437,8,2,1500,3000
51142,10437,1,3,1100,3300
51143,10437,7,3,3800,11400
51144,10438,7,2,3800,7600
51145,10438,1,1,1100,1100
51146,10438,8,3,1500,4500
51147,10438,2,3,1800,5400
51148,10438,5,2,1600,3200
51149,10439,3,3,2200,6600
51150,10439,5,2,1600,3200
51151,10439,8,3,1500,4500
51152,10440,5,2,1600,3200
51153,10440,7,1,3800,3800
51154,10441,7,3,3800,11400
51155,10441,6,1,750,750
51156,10441,3,1,2200,2200
51157,10442,2,3,1800,5400
51158,10442,8,3,1500,4500
51159,10442,1,2,1100,2200
51160,10442,5,1,1600,1600
51161,10442,6,3,750,2250
51162,10443,6,1,750,750
51163,10443,1,1,1100,1100
51164,10443,8,1,1500,1500
51165,10443,4,3,900,2700
51166,10444,6,2,750,1500
51167,10444,8,3,1500,4500
51168,10444,7,1,3800,3800
51169,10445,4,1,900,900
51170,10445,7,1,3800,3800
51171,10445,5,2,1600,3200
51172,10446,6,2,750,1500
51173,10446,3,2,2200,4400
51174,10446,5,1,1600,1600
51175,10447,6,2,750,1500
51176,10447,4,3,900,2700
51177,10448,7,2,3800,7600
51178,10448,4,3,900,2700
51179,10448,3,3,2200,6600
51180,10448,5,3,1600,4800
51181,10448,6,3,750,2250
51182,10449,7,2,3800,7600
51183,10449,4,2,900,1800
51184,10449,1,2,1100,2200
51185,10450,6,3,750,2250
51186,10450,3,3,2200,6600
51187,10450,4,3,900,2700
51188,10451,3,2,2200,4400
51189,10451,6,3,750,2250
51190,10452,7,1,3800,3800
51191,10452,3,2,2200,4400
51192,10452,5,1,1600,1600
51193,10453,2,3,1800,5400
51194,10454,1,2,1100,2200
51195,10455,5,1,1600,1600
51196,10456,5,3,1600,4800
51197,10456,6,1,750,750
51198,10457,3,1,2200,2200
51199,10458,2,2,1800,3600
51200,10458,6,1,750,750
51201,10459,6,3,750,2250
51202,10459,2,2,1800,3600
51203,10460,1,3,1100,3300
51204,10460,3,2,2200,4400
51205,10460,7,2,3800,7600
51206,10460,2,1,1800,1800
51207,10460,6,1,750,750
51208,10461,7,1,3800,3800
51209,10461,3,3,2200,6600
51210,10461,8,1,1500,1500
51211,10461,1,3,1100,3300
51212,10461,4,3,900,2700
51213,10461,6,1,750,750
51214,10462,4,1,900,900
51215,10462,8,1,1500,1500
51216,10462,7,2,3800,7600
51217,10462,3,2,2200,4400
51218,10462,1,1,1100,1100
51219,10462,6,3,750,2250
51220,10463,3,3,2200,6600
51221,10464,8,2,1500,3000
51222,10465,8,2,1500,3000
51223,10465,4,3,900,2700
51224,10466,8,3,1500,4500
51225,10467,5,1,1600,1600
51226,10467,8,1,1500,1500
51227,10467,7,2,3800,7600
51228,10468,4,3,900,2700
51229,10469,3,3,2200,6600
51230,10469,2,1,1800,1800
51231,10469,5,2,1600,3200
51232,10469,8,2,1500,3000
51233,10469,1,1,1100,1100
51234,10470,2,3,1800,5400
51235,10471,4,1,900,900
51236,10471,7,2,3800,7600
51237,10471,2,2,1800,3600
51238,10472,4,3,900,2700
51239,10472,8,1,1500,1500
51240,10473,3,3,2200,6600
51241,10473,4,3,900,2700
51242,10473,2,2,1800,3600
51243,10473,5,2,1600,3200
51244,10473,1,2,1100,2200
51245,10474,3,1,2200,2200
51246,10475,7,3,3800,11400
51247,10475,5,2,1600,3200
51248,10475,1,1,1100,1100
51249,10475,3,3,2200,6600
51250,10476,8,3,1500,4500
51251,10476,7,2,3800,7600
51252,10476,2,2,1800,3600
51253,10477,5,1,1600,1600
51254,10477,2,2,1800,3600
51255,10477,8,2,1500,3000
51256,10477,1,1,1100,1100
51257,10477,7,1,3800,3800
51258,10477,6,3,750,2250
51259,10478,5,1,1600,1600
51260,10478,2,1,1800,1800
51261,10479,4,3,900,2700
51262,10479,5,2,1600,3200
51263,10479,3,1,2200,2200
51264,10480,6,1,750,750
51265,10480,8,1,1500,1500
51266,10481,4,1,900,900
51267,10481,5,1,1600,1600
51268,10482,7,3,3800,11400
51269,10483,2,3,1800,5400
51270,10484,3,2,2200,4400
51271,10484,5,3,1600,4800
51272,10485,6,2,750,1500
51273,10485,2,1,1800,1800
51274,10485,7,3,3800,11400
51275,10485,4,3,900,2700
51276,10486,3,2,2200,4400
51277,10486,2,2,1800,3600
51278,10486,5,2,1600,3200
51279,10487,2,2,1800,3600
51280,10487,6,3,750,2250
51281,10487,1,2,1100,2200
51282,10488,6,2,750,1500
51283,10488,8,1,1500,1500
51284,10489,6,2,750,1500
51285,10489,2,2,1800,3600
51286,10490,6,3,750,2250
51287,10491,7,2,3800,7600
51288,10491,3,1,2200,2200
51289,10491,1,2,1100,2200
51290,10492,4,2,900,1800
51291,10492,5,3,1600,4800
51292,10493,5,3,1600,4800
51293,10493,4,2,900,1800
51294,10493,1,1,1100,1100
51295,10493,8,1,1500,1500
51296,10493,7,1,3800,3800
51297,10494,6,2,750,1500
51298,10495,2,2,1800,3600
51299,10495,6,1,750,750
51300,10496,4,3,900,2700
51301,10497,6,1,750,750
51302,10497,4,2,900,1800
51303,10498,3,1,2200,2200
51304,10499,2,2,1800,3600
51305,10499,4,1,900,900
51306,10500,2,1,1800,1800
51307,10500,7,2,3800,7600
51308,10500,4,1,900,900
51309,10501,5,1,1600,1600
51310,10501,2,2,1800,3600
51311,10501,7,1,3800,3800
51312,10502,4,3,900,2700
51313,10502,8,1,1500,1500
51314,10503,6,3,750,2250
51315,10503,7,2,3800,7600
51316,10504,1,3,1100,3300
51317,10504,2,2,1800,3600
51318,10504,4,3,900,2700
51319,10505,8,2,1500,3000
51320,10505,7,1,3800,3800
51321,10505,3,3,2200,6600
51322,10506,2,3,1800,5400
51323,10506,5,1,1600,1600
51324,10506,6,1,750,750
51325,10507,7,2,3800,7600
51326,10507,4,3,900,2700
51327,10507,6,1,750,750
51328,10507,1,1,1100,1100
51329,10507,2,3,1800,5400
51330,10508,2,2,1800,3600
51331,10508,6,3,750,2250
51332,10509,8,2,1500,3000
51333,10509,4,1,900,900
51334,10509,2,3,1800,5400
51335,10510,3,3,2200,6600
51336,10510,2,2,1800,3600
51337,10510,4,1,900,900
51338,10510,6,1,750,750
51339,10511,3,1,2200,2200
51340,10511,5,3,1600,4800
51341,10511,1,3,1100,3300
51342,10511,6,2,750,1500
51343,10511,4,1,900,900
51344,10512,2,2,1800,3600
51345,10512,8,1,1500,1500
51346,10512,4,1,900,900
51347,10513,5,3,1600,4800
51348,10514,7,3,3800,11400
51349,10514,4,3,900,2700
51350,10515,5,3,1600,4800
51351,10516,7,2,3800,7600
51352,10517,4,1,900,900
51353,10517,6,3,750,2250
51354,10517,1,2,1100,2200
51355,10517,7,1,3800,3800
51356,10517,8,1,1500,1500
51357,10518,2,1,1800,1800
51358,10519,4,3,900,2700
51359,10519,1,2,1100,2200
51360,10519,7,2,3800,7600
51361,10519,8,1,1500,1500
51362,10519,5,1,1600,1600
51363,10520,3,3,2200,6600
51364,10520,7,2,3800,7600
51365,10520,5,3,1600,4800
51366,10521,3,2,2200,4400
51367,10521,4,1,900,900
51368,10522,7,1,3800,3800
51369,10523,6,1,750,750
51370,10523,8,3,1500,4500
51371,10523,2,3,1800,5400
51372,10524,2,2,1800,3600
51373,10524,1,2,1100,2200
51374,10524,5,3,1600,4800
51375,10525,4,1,900,900
51376,10526,7,3,3800,11400
51377,10526,5,1,1600,1600
51378,10527,7,2,3800,7600
51379,10527,1,1,1100,1100
51380,10528,4,2,900,1800
51381,10528,3,3,2200,6600
51382,10529,4,1,900,900
51383,10530,5,1,1600,1600
51384,10530,8,1,1500,1500
51385,10531,5,3,1600,4800
51386,10532,5,1,1600,1600
51387,10532,6,3,750,2250
51388,10532,2,1,1800,1800
51389,10533,4,1,900,900
51390,10533,1,1,1100,1100
51391,10534,3,2,2200,4400
51392,10534,8,3,1500,4500
51393,10535,8,3,1500,4500
51394,10535,7,3,3800,11400
51395,10536,6,2,750,1500
51396,10537,5,2,1600,3200
51397,10537,3,3,2200,6600
51398,10537,2,2,1800,3600
51399,10537,1,1,1100,1100
51400,10538,6,3,750,2250
51401,10538,5,1,1600,1600
51402,10539,8,3,1500,4500
51403,10539,7,3,3800,11400
51404,10539,2,1,1800,1800
51405,10540,2,3,1800,5400
51406,10541,6,3,750,2250
51407,10541,2,3,1800,5400
51408,10541,4,2,900,1800
51409,10542,1,2,1100,2200
51410,10542,4,3,900,2700
51411,10542,5,3,1600,4800
51412,10542,2,2,1800,3600
51413,10543,1,1,1100,1100
51414,10544,2,2,1800,3600
51415,10544,1,1,1100,1100
51416,10544,4,3,900,2700
51417,10545,6,3,750,2250
51418,10546,6,2,750,1500
51419,10546,1,1,1100,1100
51420,10547,1,2,1100,2200
51421,10547,7,1,3800,3800
51422,10548,7,2,3800,7600
51423,10548,4,3,900,2700
51424,10548,6,3,750,2250
51425,10548,2,1,1800,1800
51426,10549,4,3,900,2700
51427,10549,2,1,1800,1800
51428,10549,8,1,1500,1500
51429,10550,4,1,900,900
51430,10550,6,2,750,1500
51431,10551,7,1,3800,3800
51432,10551,8,3,1500,4500
51433,10551,4,1,900,900
51434,10552,8,2,1500,3000
51435,10552,2,2,1800,3600
51436,10552,3,1,2200,2200
51437,10553,7,3,3800,11400
51438,10553,5,2,1600,3200
51439,10553,1,1,1100,1100
51440,10553,8,2,1500,3000
51441,10553,2,3,1800,5400
51442,10554,7,2,3800,7600
51443,10555,4,3,900,2700
51444,10555,3,3,2200,6600
51445,10555,8,3,1500,4500
51446,10555,5,3,1600,4800
51447,10556,4,3,900,2700
51448,10556,1,1,1100,1100
51449,10556,2,1,1800,1800
51450,10557,4,1,900,900
51451,10557,2,3,1800,5400
51452,10557,8,3,1500,4500
51453,10558,3,2,2200,4400
51454,10558,6,2,750,1500
51455,10559,6,3,750,2250
51456,10559,4,1,900,900
51457,10559,5,1,1600,1600
51458,10559,3,1,2200,2200
51459,10560,5,3,1600,4800
51460,10560,4,3,900,2700
51461,10560,6,2,750,1500
51462,10561,1,3,1100,3300
51463,10562,1,2,1100,2200
51464,10562,8,1,1500,1500
51465,10562,2,2,1800,3600
51466,10563,8,1,1500,1500
51467,10564,3,1,2200,2200
51468,10564,4,3,900,2700
51469,10565,8,1,1500,1500
51470,10566,2,3,1800,5400
51471,10566,7,3,3800,11400
51472,10566,6,2,750,1500
51473,10566,5,3,1600,4800
51474,10567,5,1,1600,1600
51475,10568,3,3,2200,6600
51476,10568,1,3,1100,3300
51477,10569,6,1,750,750
51478,10570,3,1,2200,2200
51479,10570,6,2,750,1500
51480,10571,7,3,3800,11400
51481,10571,1,2,1100,2200
51482,10571,5,1,1600,1600
51483,10571,4,1,900,900
51484,10572,2,3,1800,5400
51485,10572,1,2,1100,2200
51486,10573,6,3,750,2250
51487,10573,8,3,1500,4500
51488,10573,5,3,1600,4800
51489,10573,1,3,1100,3300
51490,10573,3,2,2200,4400
51491,10574,5,1,1600,1600
51492,10575,1,3,1100,3300
51493,10575,2,1,1800,1800
51494,10576,8,3,1500,4500
51495,10576,4,1,900,900
51496,10577,4,2,900,1800
51497,10577,1,1,1100,1100
51498,10577,5,3,1600,4800
51499,10577,2,1,1800,1800
51500,10578,7,1,3800,3800
51501,10579,4,3,900,2700
51502,10579,2,3,1800,5400
51503,10579,3,3,2200,6600
51504,10580,6,1,750,750
51505,10580,7,2,3800,7600
51506,10581,8,1,1500,1500
51507,10582,3,2,2200,4400
51508,10583,8,3,1500,4500
51509,10583,7,3,3800,11400
51510,10583,3,3,2200,6600
51511,10584,8,1,1500,1500
51512,10584,2,2,1800,3600
51513,10585,8,1,1500,1500
51514,10585,5,3,1600,4800
51515,10586,2,1,1800,1800
51516,10587,7,1,3800,3800
51517,10587,2,3,1800,5400
51518,10587,5,3,1600,4800
51519,10588,5,2,1600,3200
51520,10588,2,1,1800,1800
51521,10588,6,1,750,750
51522,10588,7,2,3800,7600
51523,10589,2,1,1800,1800
51524,10589,3,2,2200,4400
51525,10589,6,1,750,750
51526,10589,1,3,1100,3300
51527,10589,4,1,900,900
51528,10590,8,2,1500,3000
51529,10591,1,3,1100,3300
51530,10591,8,3,1500,4500
51531,10592,2,2,1800,3600
51532,10593,7,1,3800,3800
51533,10594,1,2,1100,2200
51534,10594,2,3,1800,5400
51535,10594,7,1,3800,3800
51536,10595,6,1,750,750
51537,10595,8,2,1500,3000
51538,10595,3,3,2200,6600
51539,10595,7,1,3800,3800
51540,10595,1,3,1100,3300
51541,10596,8,1,1500,1500
51542,10597,7,2,3800,7600
51543,10597,5,1,1600,1600
51544,10597,8,2,1500,3000
51545,10597,2,3,1800,5400
51546,10598,3,1,2200,2200
51547,10598,1,2,1100,2200
51548,10598,2,2,1800,3600
51549,10598,7,3,3800,11400
51550,10599,6,2,750,1500
51551,10599,3,3,2200,6600
51552,10599,7,2,3800,7600
51553,10600,6,1,750,750
51554,10600,2,3,1800,5400
51555,10600,7,3,3800,11400
51556,10600,1,3,1100,3300
51557,10600,8,3,1500,4500
51558,10601,5,3,1600,4800
51559,10601,4,1,900,900
51560,10602,1,2,1100,2200
51561,10603,6,3,750,2250
51562,10603,8,3,1500,4500
51563,10604,4,3,900,2700
51564,10604,6,2,750,1500
51565,10605,5,2,1600,3200
51566,10605,7,2,3800,7600
51567,10605,3,3,2200,6600
51568,10605,1,3,1100,3300
51569,10605,8,3,1500,4500
51570,10606,7,2,3800,7600
51571,10606,3,3,2200,6600
51572,10606,8,2,1500,3000
51573,10606,2,2,1800,3600
51574,10606,1,2,1100,2200
51575,10606,4,2,900,1800
51576,10607,8,2,1500,3000
51577,10608,6,2,750,1500
51578,10608,8,2,1500,3000
51579,10608,7,3,3800,11400
51580,10609,4,2,900,1800
51581,10609,3,1,2200,2200
51582,10610,2,2,1800,3600
51583,10611,2,2,1800,3600
51584,10611,8,3,1500,4500
51585,10612,2,1,1800,1800
51586,10612,3,1,2200,2200
51587,10613,2,1,1800,1800
51588,10613,4,1,900,900
51589,10613,3,2,2200,4400
51590,10613,8,3,1500,4500
51591,10614,5,3,1600,4800
51592,10615,3,2,2200,4400
51593,10615,7,1,3800,3800
51594,10616,3,2,2200,4400
51595,10616,8,2,1500,3000
51596,10616,4,3,900,2700
51597,10616,2,3,1800,5400
51598,10616,5,3,1600,4800
51599,10617,6,3,750,2250
51600,10618,7,2,3800,7600
51601,10618,8,2,1500,3000
51602,10618,2,3,1800,5400
51603,10618,1,1,1100,1100
51604,10618,3,1,2200,2200
51605,10618,4,1,900,900
51606,10619,3,3,2200,6600
51607,10619,2,2,1800,3600
51608,10620,4,1,900,900
51609,10620,8,2,1500,3000
51610,10620,6,1,750,750
51611,10621,8,1,1500,1500
51612,10621,7,3,3800,11400
51613,10621,5,2,1600,3200
51614,10622,6,1,750,750
51615,10622,3,1,2200,2200
51616,10622,5,3,1600,4800
51617,10623,7,3,3800,11400
51618,10623,6,1,750,750
51619,10624,8,2,1500,3000
51620,10624,5,1,1600,1600
51621,10624,4,2,900,1800
51622,10624,2,3,1800,5400
51623,10624,6,1,750,750
51624,10625,1,1,1100,1100
51625,10625,2,2,1800,3600
51626,10625,3,3,2200,6600
51627,10626,1,2,1100,2200
51628,10626,4,1,900,900
51629,10626,2,2,1800,3600
51630,10626,5,2,1600,3200
51631,10627,8,3,1500,4500
51632,10627,7,2,3800,7600
51633,10627,5,3,1600,4800
51634,10628,2,3,1800,5400
51635,10628,8,1,1500,1500
51636,10628,4,3,900,2700
51637,10628,3,2,2200,4400
51638,10628,1,3,1100,3300
51639,10629,4,2,900,1800
51640,10629,6,2,750,1500
51641,10629,2,1,1800,1800
51642,10629,1,3,1100,3300
51643,10630,3,2,2200,4400
51644,10631,3,2,2200,4400
51645,10631,8,3,1500,4500
51646,10632,5,1,1600,1600
51647,10632,7,2,3800,7600
51648,10633,4,2,900,1800
51649,10633,1,1,1100,1100
51650,10633,8,2,1500,3000
51651,10634,6,2,750,1500
51652,10635,7,3,3800,11400
51653,10636,6,2,750,1500
51654,10636,7,1,3800,3800
51655,10637,1,3,1100,3300
51656,10637,6,2,750,1500
51657,10637,5,1,1600,1600
51658,10637,3,3,2200,6600
51659,10638,4,1,900,900
51660,10638,7,2,3800,7600
51661,10638,2,3,1800,5400
51662,10638,3,2,2200,4400
51663,10639,8,2,1500,3000
51664,10640,4,3,900,2700
51665,10641,6,1,750,750
51666,10641,2,2,1800,3600
51667,10641,5,2,1600,3200
51668,10641,4,2,900,1800
51669,10642,5,2,1600,3200
51670,10642,2,1,1800,1800
51671,10643,2,3,1800,5400
51672,10643,7,2,3800,7600
51673,10643,8,1,1500,1500
51674,10644,8,3,1500,4500
51675,10645,8,1,1500,1500
51676,10645,5,1,1600,1600
51677,10645,4,3,900,2700
51678,10646,6,1,750,750
51679,10646,4,3,900,2700
51680,10647,3,3,2200,6600
51681,10647,6,2,750,1500
51682,10647,7,2,3800,7600
51683,10647,1,1,1100,1100
51684,10648,2,2,1800,3600
51685,10649,3,2,2200,4400
51686,10649,7,2,3800,7600
51687,10649,4,1,900,900
51688,10650,5,1,1600,1600
51689,10650,7,3,3800,11400
51690,10651,8,1,1500,1500
51691,10652,4,2,900,1800
51692,10652,3,2,2200,4400
51693,10652,5,2,1600,3200
51694,10653,5,2,1600,3200
51695,10653,1,1,1100,1100
51696,10653,8,1,1500,1500
51697,10654,4,3,900,2700
51698,10654,2,3,1800,5400
51699,10654,8,2,1500,3000
51700,10654,6,2,750,1500
51701,10655,1,2,1100,2200
51702,10655,4,3,900,2700
51703,10656,6,2,750,1500
51704,10656,5,3,1600,4800
51705,10656,8,2,1500,3000
51706,10657,5,2,1600,3200
51707,10658,3,1,2200,2200
51708,10658,6,3,750,2250
51709,10658,8,2,1500,3000
51710,10659,2,3,1800,5400
51711,10659,1,1,1100,1100
51712,10659,5,3,1600,4800
51713,10659,7,1,3800,3800
51714,10660,8,1,1500,1500
51715,10661,6,1,750,750
51716,10662,8,1,1500,1500
51717,10662,1,1,1100,1100
51718,10662,7,3,3800,11400
51719,10663,1,2,1100,2200
51720,10663,5,1,1600,1600
51721,10663,6,1,750,750
51722,10663,8,1,1500,1500
51723,10663,7,1,3800,3800
51724,10664,5,3,1600,4800
51725,10664,6,3,750,2250
51726,10664,4,3,900,2700
51727,10664,7,2,3800,7600
51728,10664,8,2,1500,3000
51729,10665,8,2,1500,3000
51730,10665,2,1,1800,1800
51731,10665,4,1,900,900
51732,10665,5,2,1600,3200
51733,10666,8,3,1500,4500
51734,10666,5,2,1600,3200
51735,10667,1,1,1100,1100
51736,10667,5,2,1600,3200
51737,10667,8,1,1500,1500
51738,10667,6,2,750,1500
51739,10668,6,1,750,750
51740,10669,5,2,1600,3200
51741,10669,6,2,750,1500
51742,10669,8,1,1500,1500
51743,10669,4,3,900,2700
51744,10669,2,2,1800,3600
51745,10669,1,3,1100,3300
51746,10670,1,2,1100,2200
51747,10670,2,2,1800,3600
51748,10670,3,1,2200,2200
51749,10670,4,3,900,2700
51750,10671,1,3,1100,3300
51751,10671,6,1,750,750
51752,10671,7,2,3800,7600
51753,10671,8,2,1500,3000
51754,10671,4,3,900,2700
51755,10672,7,2,3800,7600
51756,10672,8,3,1500,4500
51757,10672,1,2,1100,2200
51758,10673,2,2,1800,3600
51759,10673,5,1,1600,1600
51760,10674,6,3,750,2250
51761,10674,3,1,2200,2200
51762,10674,1,2,1100,2200
51763,10674,5,1,1600,1600
51764,10674,7,1,3800,3800
51765,10675,5,3,1600,4800
51766,10675,1,1,1100,1100
51767,10675,6,1,750,750
51768,10675,8,3,1500,4500
51769,10675,3,1,2200,2200
51770,10676,4,3,900,2700
51771,10676,1,2,1100,2200
51772,10677,8,3,1500,4500
51773,10677,2,2,1800,3600
51774,10677,5,3,1600,4800
51775,10677,4,1,900,900
51776,10678,3,3,2200,6600
51777,10678,6,3,750,2250
51778,10679,1,2,1100,2200
51779,10679,3,3,2200,6600
51780,10679,4,3,900,2700
51781,10679,2,3,1800,5400
51782,10680,6,3,750,2250
51783,10681,4,3,900,2700
51784,10682,7,1,3800,3800
51785,10682,4,2,900,1800
51786,10683,5,3,1600,4800
51787,10683,1,1,1100,1100
51788,10683,8,2,1500,3000
51789,10683,7,2,3800,7600
51790,10683,2,1,1800,1800
51791,10683,4,3,900,2700
51792,10684,5,3,1600,4800
51793,10685,5,1,1600,1600
51794,10685,2,2,1800,3600
51795,10686,8,2,1500,3000
51796,10686,7,2,3800,7600
51797,10686,4,2,900,1800
51798,10686,5,2,1600,3200
51799,10686,3,1,2200,2200
51800,10687,8,2,1500,3000
51801,10687,3,2,2200,4400
51802,10687,1,3,1100,3300
51803,10687,4,1,900,900
51804,10688,6,1,750,750
51805,10689,3,2,2200,4400
51806,10690,5,3,1600,4800
51807,10690,6,3,750,2250
51808,10690,7,3,3800,11400
51809,10691,2,3,1800,5400
51810,10692,3,3,2200,6600
51811,10692,8,1,1500,1500
51812,10692,6,2,750,1500
51813,10692,5,1,1600,1600
51814,10692,2,1,1800,1800
51815,10693,4,1,900,900
51816,10693,8,1,1500,1500
51817,10694,1,3,1100,3300
51818,10694,6,2,750,1500
51819,10695,2,1,1800,1800
51820,10695,1,3,1100,3300
51821,10695,4,1,900,900
51822,10695,5,1,1600,1600
51823,10695,3,1,2200,2200
51824,10695,7,3,3800,11400
51825,10696,8,2,1500,3000
51826,10696,5,2,1600,3200
51827,10696,7,3,3800,11400
51828,10696,6,3,750,2250
51829,10696,2,1,1800,1800
51830,10697,4,2,900,1800
51831,10698,3,2,2200,4400
51832,10698,4,3,900,2700
51833,10698,5,3,1600,4800
51834,10699,6,3,750,2250
51835,10700,7,2,3800,7600
51836,10701,3,2,2200,4400
51837,10701,4,2,900,1800
51838,10701,5,2,1600,3200
51839,10702,1,1,1100,1100
51840,10702,2,1,1800,1800
51841,10702,4,2,900,1800
51842,10702,5,2,1600,3200
51843,10703,6,2,750,1500
51844,10703,4,1,900,900
51845,10703,5,3,1600,4800
51846,10704,7,1,3800,3800
51847,10704,8,3,1500,4500
51848,10704,5,3,1600,4800
51849,10704,4,1,900,900
51850,10704,6,2,750,1500
51851,10704,1,3,1100,3300
51852,10704,3,3,2200,6600
51853,10705,3,3,2200,6600
51854,10705,1,3,1100,3300
51855,10706,4,2,900,1800
51856,10706,7,3,3800,11400
51857,10706,2,3,1800,5400
51858,10706,6,2,750,1500
51859,10707,5,3,1600,4800
51860,10708,4,3,900,2700
51861,10708,3,2,2200,4400
51862,10709,6,1,750,750
51863,10709,7,3,3800,11400
51864,10709,5,1,1600,1600
51865,10710,1,3,1100,3300
51866,10711,2,2,1800,3600
51867,10711,3,3,2200,6600
51868,10711,5,1,1600,1600
51869,10711,8,3,1500,4500
51870,10711,4,3,900,2700
51871,10712,8,2,1500,3000
51872,10712,1,2,1100,2200
51873,10712,5,3,1600,4800
51874,10713,2,2,1800,3600
51875,10713,3,1,2200,2200
51876,10714,8,3,1500,4500
51877,10714,1,3,1100,3300
51878,10714,5,3,1600,4800
51879,10714,2,3,1800,5400
51880,10715,3,2,2200,4400
51881,10715,1,2,1100,2200
51882,10715,4,1,900,900
51883,10715,6,2,750,1500
51884,10716,6,2,750,1500
51885,10716,3,3,2200,6600
51886,10717,1,1,1100,1100
51887,10718,2,1,1800,1800
51888,10718,4,3,900,2700
51889,10719,6,2,750,1500
51890,10720,2,2,1800,3600
51891,10720,6,1,750,750
51892,10720,5,1,1600,1600
51893,10721,5,3,1600,4800
51894,10721,8,2,1500,3000
51895,10721,3,2,2200,4400
51896,10722,4,1,900,900
51897,10722,5,3,1600,4800
51898,10723,4,2,900,1800
51899,10723,3,1,2200,2200
51900,10723,2,1,1800,1800
51901,10723,8,2,1500,3000
51902,10724,5,2,1600,3200
51903,10725,5,1,1600,1600
51904,10725,6,2,750,1500
51905,10725,4,2,900,1800
51906,10726,7,1,3800,3800
51907,10726,6,3,750,2250
51908,10727,7,1,3800,3800
51909,10727,4,2,900,1800
51910,10728,3,1,2200,2200
51911,10729,2,1,1800,1800
51912,10730,7,3,3800,11400
51913,10730,3,2,2200,4400
51914,10731,6,2,750,1500
51915,10731,4,2,900,1800
51916,10731,2,2,1800,3600
51917,10731,7,3,3800,11400
51918,10732,5,2,1600,3200
51919,10732,7,1,3800,3800
51920,10732,1,3,1100,3300
51921,10733,7,2,3800,7600
51922,10733,5,2,1600,3200
51923,10734,8,3,1500,4500
51924,10735,1,3,1100,3300
51925,10736,8,1,1500,1500
51926,10737,3,1,2200,2200
51927,10738,5,1,1600,1600
51928,10738,2,2,1800,3600
51929,10738,1,2,1100,2200
51930,10739,8,2,1500,3000
51931,10739,6,3,750,2250
51932,10740,2,2,1800,3600
51933,10740,8,2,1500,3000
51934,10741,6,2,750,1500
51935,10741,7,1,3800,3800
51936,10741,3,2,2200,4400
51937,10742,3,1,2200,2200
51938,10742,8,2,1500,3000
51939,10743,1,1,1100,1100
51940,10744,1,3,1100,3300
51941,10744,6,2,750,1500
51942,10744,4,2,900,1800
51943,10744,5,3,1600,4800
51944,10745,1,3,1100,3300
51945,10745,7,3,3800,11400
51946,10745,3,2,2200,4400
51947,10745,6,1,750,750
51948,10745,2,1,1800,1800
51949,10746,8,3,1500,4500
51950,10746,2,3,1800,5400
51951,10746,5,3,1600,4800
51952,10746,4,3,900,2700
51953,10747,4,1,900,900
51954,10748,6,1,750,750
51955,10749,1,3,1100,3300
51956,10750,3,1,2200,2200
51957,10751,6,3,750,2250
51958,10751,8,2,1500,3000
51959,10752,7,3,3800,11400
51960,10752,2,1,1800,1800
51961,10752,4,3,900,2700
51962,10752,8,2,1500,3000
51963,10752,5,1,1600,1600
51964,10753,1,1,1100,1100
51965,10753,5,2,1600,3200
51966,10753,2,3,1800,5400
51967,10754,5,3,1600,4800
51968,10754,4,1,900,900
51969,10755,6,1,750,750
51970,10755,2,2,1800,3600
51971,10755,7,1,3800,3800
51972,10756,5,2,1600,3200
51973,10756,3,1,2200,2200
51974,10756,6,3,750,2250
51975,10756,1,1,1100,1100
51976,10756,4,2,900,1800
51977,10757,6,1,750,750
51978,10757,4,3,900,2700
51979,10757,1,3,1100,3300
51980,10758,6,2,750,1500
51981,10759,7,2,3800,7600
51982,10760,8,3,1500,4500
51983,10761,1,3,1100,3300
51984,10761,3,1,2200,2200
51985,10761,2,3,1800,5400
51986,10761,7,1,3800,3800
51987,10762,8,1,1500,1500
51988,10762,5,3,1600,4800
51989,10763,7,3,3800,11400
51990,10763,2,1,1800,1800
51991,10763,8,1,1500,1500
51992,10763,4,2,900,1800
51993,10764,2,1,1800,1800
51994,10764,4,2,900,1800
51995,10764,3,3,2200,6600
51996,10765,1,3,1100,3300
51997,10766,1,2,1100,2200
51998,10766,8,2,1500,3000
51999,10767,2,2,1800,3600
52000,10768,2,2,1800,3600
52001,10768,8,3,1500,4500
52002,10769,4,3,900,2700
52003,10769,6,3,750,2250
52004,10769,3,1,2200,2200
52005,10770,1,2,1100,2200
52006,10770,5,3,1600,4800
52007,10771,2,3,1800,5400
52008,10771,1,3,1100,3300
52009,10772,6,2,750,1500
52010,10773,4,1,900,900
52011,10773,5,1,1600,1600
52012,10773,1,2,1100,2200
52013,10773,7,3,3800,11400
52014,10774,8,2,1500,3000
52015,10775,2,1,1800,1800
52016,10775,4,3,900,2700
52017,10775,3,3,2200,6600
52018,10775,5,2,1600,3200
52019,10776,6,1,750,750
52020,10776,7,3,3800,11400
52021,10776,2,1,1800,1800
52022,10777,2,3,1800,5400
52023,10777,4,3,900,2700
52024,10777,5,1,1600,1600
52025,10777,7,2,3800,7600
52026,10778,6,1,750,750
52027,10778,7,1,3800,3800
52028,10779,7,1,3800,3800
52029,10779,2,1,1800,1800
52030,10780,1,2,1100,2200
52031,10781,7,1,3800,3800
52032,10781,8,1,1500,1500
52033,10782,6,3,750,2250
52034,10782,1,1,1100,1100
52035,10782,4,2,900,1800
52036,10783,5,2,1600,3200
52037,10783,7,1,3800,3800
52038,10783,2,2,1800,3600
52039,10783,4,1,900,900
52040,10783,8,3,1500,4500
52041,10784,3,1,2200,2200
52042,10784,5,3,1600,4800
52043,10785,2,1,1800,1800
52044,10785,3,2,2200,4400
52045,10785,6,3,750,2250
52046,10786,4,2,900,1800
52047,10786,7,2,3800,7600
52048,10786,8,3,1500,4500
52049,10786,5,2,1600,3200
52050,10786,1,2,1100,2200
52051,10787,8,1,1500,1500
52052,10787,7,2,3800,7600
52053,10787,2,3,1800,5400
52054,10787,3,2,2200,4400
52055,10788,8,2,1500,3000
52056,10788,1,1,1100,1100
52057,10789,1,1,1100,1100
52058,10790,3,1,2200,2200
52059,10790,8,2,1500,3000
52060,10791,8,1,1500,1500
52061,10792,2,1,1800,1800
52062,10792,5,2,1600,3200
52063,10792,7,1,3800,3800
52064,10793,4,2,900,1800
52065,10794,7,1,3800,3800
52066,10795,4,3,900,2700
52067,10796,4,1,900,900
52068,10796,3,3,2200,6600
52069,10797,3,1,2200,2200
52070,10797,8,3,1500,4500
52071,10798,6,3,750,2250
52072,10798,8,3,1500,4500
52073,10798,3,1,2200,2200
52074,10799,6,1,750,750
52075,10799,7,3,3800,11400
52076,10799,8,3,1500,4500
52077,10800,1,3,1100,3300
52078,10801,6,1,750,750
52079,10801,3,1,2200,2200
52080,10801,2,1,1800,1800
52081,10801,5,1,1600,1600
52082,10802,3,2,2200,4400
52083,10803,6,3,750,2250
52084,10803,3,1,2200,2200
52085,10803,1,2,1100,2200
52086,10803,8,3,1500,4500
52087,10804,1,3,1100,3300
52088,10805,5,3,1600,4800
52089,10805,1,3,1100,3300
52090,10805,6,3,750,2250
52091,10806,2,2,1800,3600
52092,10806,8,1,1500,1500
52093,10806,7,2,3800,7600
52094,10806,4,2,900,1800
52095,10807,2,1,1800,1800
52096,10807,7,1,3800,3800
52097,10807,8,2,1500,3000
52098,10807,1,2,1100,2200
52099,10807,3,2,2200,4400
52100,10807,6,3,750,2250
52101,10808,8,3,1500,4500
52102,10808,4,3,900,2700
52103,10808,7,3,3800,11400
52104,10808,1,2,1100,2200
52105,10809,7,2,3800,7600
52106,10809,8,3,1500,4500
52107,10809,3,3,2200,6600
52108,10809,2,2,1800,3600
52109,10809,5,3,1600,4800
52110,10809,4,1,900,900
52111,10809,6,1,750,750
52112,10810,2,3,1800,5400
52113,10810,1,1,1100,1100
52114,10810,3,2,2200,4400
52115,10811,2,2,1800,3600
52116,10811,6,1,750,750
52117,10811,1,1,1100,1100
52118,10811,7,2,3800,7600
52119,10811,8,2,1500,3000
52120,10811,5,3,1600,4800
52121,10811,3,3,2200,6600
52122,10811,4,1,900,900
52123,10812,8,3,1500,4500
52124,10812,2,1,1800,1800
52125,10812,6,1,750,750
52126,10813,3,2,2200,4400
52127,10814,4,3,900,2700
52128,10814,6,2,750,1500
52129,10815,4,3,900,2700
52130,10816,1,1,1100,1100
52131,10816,7,3,3800,11400
52132,10816,5,3,1600,4800
52133,10816,6,3,750,2250
52134,10817,5,2,1600,3200
52135,10817,8,3,1500,4500
52136,10818,5,2,1600,3200
52137,10818,2,2,1800,3600
52138,10818,4,1,900,900
52139,10818,8,1,1500,1500
52140,10818,1,2,1100,2200
52141,10819,3,1,2200,2200
52142,10820,6,2,750,1500
52143,10820,3,3,2200,6600
52144,10820,8,3,1500,4500
52145,10821,5,2,1600,3200
52146,10821,1,1,1100,1100
52147,10821,6,2,750,1500
52148,10821,4,1,900,900
52149,10821,7,3,3800,11400
52150,10822,7,2,3800,7600
52151,10822,4,1,900,900
52152,10823,3,1,2200,2200
52153,10823,4,3,900,2700
52154,10824,6,1,750,750
52155,10825,4,3,900,2700
52156,10826,3,1,2200,2200
52157,10826,4,1,900,900
52158,10826,6,2,750,1500
52159,10826,8,1,1500,1500
52160,10827,5,1,1600,1600
52161,10827,8,2,1500,3000
52162,10827,1,2,1100,2200
52163,10827,4,2,900,1800
52164,10827,6,3,750,2250
52165,10827,7,2,3800,7600
52166,10827,3,1,2200,2200
52167,10827,2,2,1800,3600
52168,10828,2,3,1800,5400
52169,10828,3,1,2200,2200
52170,10829,2,2,1800,3600
52171,10829,3,1,2200,2200
52172,10830,2,3,1800,5400
52173,10830,3,2,2200,4400
52174,10830,5,3,1600,4800
52175,10831,4,3,900,2700
52176,10832,5,3,1600,4800
52177,10832,3,1,2200,2200
52178,10832,4,3,900,2700
52179,10832,7,2,3800,7600
52180,10833,1,1,1100,1100
52181,10833,5,1,1600,1600
52182,10833,7,1,3800,3800
52183,10834,6,2,750,1500
52184,10834,8,2,1500,3000
52185,10835,2,3,1800,5400
52186,10836,7,3,3800,11400
52187,10836,2,3,1800,5400
52188,10837,8,3,1500,4500
52189,10837,5,2,1600,3200
52190,10837,7,1,3800,3800
52191,10838,2,2,1800,3600
52192,10838,8,2,1500,3000
52193,10838,7,1,3800,3800
52194,10839,6,1,750,750
52195,10839,8,1,1500,1500
52196,10839,3,3,2200,6600
52197,10839,7,2,3800,7600
52198,10840,7,3,3800,11400
52199,10841,8,2,1500,3000
52200,10841,3,2,2200,4400
52201,10841,7,3,3800,11400
52202,10841,4,3,900,2700
52203,10841,5,2,1600,3200
52204,10841,2,1,1800,1800
52205,10841,1,1,1100,1100
52206,10842,6,3,750,2250
52207,10843,6,3,750,2250
52208,10843,1,2,1100,2200
52209,10843,7,2,3800,7600
52210,10844,5,3,1600,4800
52211,10844,2,1,1800,1800
52212,10844,1,1,1100,1100
52213,10845,1,3,1100,3300
52214,10846,5,2,1600,3200
52215,10847,7,3,3800,11400
52216,10847,4,3,900,2700
52217,10847,6,3,750,2250
52218,10847,1,2,1100,2200
52219,10847,5,3,1600,4800
52220,10848,7,1,3800,3800
52221,10848,1,1,1100,1100
52222,10848,8,1,1500,1500
52223,10849,1,2,1100,2200
52224,10849,8,1,1500,1500
52225,10849,2,1,1800,1800
52226,10850,5,1,1600,1600
52227,10851,4,3,900,2700
52228,10851,2,3,1800,5400
52229,10851,5,1,1600,1600
52230,10851,3,1,2200,2200
52231,10851,1,3,1100,3300
52232,10852,7,2,3800,7600
52233,10853,5,3,1600,4800
52234,10854,5,2,1600,3200
52235,10854,3,1,2200,2200
52236,10854,7,1,3800,3800
52237,10854,2,3,1800,5400
52238,10855,2,2,1800,3600
52239,10856,4,2,900,1800
52240,10857,6,3,750,2250
52241,10857,2,3,1800,5400
52242,10857,3,1,2200,2200
52243,10858,4,1,900,900
52244,10858,7,2,3800,7600
52245,10858,6,3,750,2250
52246,10859,6,3,750,2250
52247,10859,8,2,1500,3000
52248,10860,5,3,1600,4800
52249,10860,7,2,3800,7600
52250,10860,4,3,900,2700
52251,10861,5,3,1600,4800
52252,10861,2,2,1800,3600
52253,10861,4,1,900,900
52254,10862,5,3,1600,4800
52255,10862,4,2,900,1800
52256,10862,6,3,750,2250
52257,10862,8,1,1500,1500
52258,10863,2,1,1800,1800
52259,10863,5,3,1600,4800
52260,10863,3,1,2200,2200
52261,10864,1,1,1100,1100
52262,10864,2,3,1800,5400
52263,10864,3,1,2200,2200
52264,10864,4,3,900,2700
52265,10865,4,1,900,900
52266,10866,4,1,900,900
52267,10866,3,1,2200,2200
52268,10866,7,3,3800,11400
52269,10866,2,2,1800,3600
52270,10867,1,1,1100,1100
52271,10867,4,1,900,900
52272,10867,7,2,3800,7600
52273,10867,2,3,1800,5400
52274,10868,2,2,1800,3600
52275,10868,3,2,2200,4400
52276,10868,8,2,1500,3000
52277,10869,1,2,1100,2200
52278,10870,8,1,1500,1500
52279,10870,5,3,1600,4800
52280,10870,6,3,750,2250
52281,10870,3,3,2200,6600
52282,10871,4,1,900,900
52283,10871,1,1,1100,1100
52284,10871,7,1,3800,3800
52285,10871,2,2,1800,3600
52286,10872,3,3,2200,6600
52287,10872,6,2,750,1500
52288,10872,5,1,1600,1600
52289,10873,1,3,1100,3300
52290,10873,7,2,3800,7600
52291,10873,8,1,1500,1500
52292,10874,6,3,750,2250
52293,10874,5,3,1600,4800
52294,10875,2,2,1800,3600
52295,10875,6,3,750,2250
52296,10876,7,1,3800,3800
52297,10877,2,3,1800,5400
52298,10877,3,2,2200,4400
52299,10878,3,3,2200,6600
52300,10879,5,3,1600,4800
52301,10879,7,3,3800,11400
52302,10879,6,2,750,1500
52303,10879,2,3,1800,5400
52304,10880,5,2,1600,3200
52305,10880,6,1,750,750
52306,10881,4,1,900,900
52307,10882,1,2,1100,2200
52308,10882,8,3,1500,4500
52309,10882,4,2,900,1800
52310,10883,5,2,1600,3200
52311,10883,2,3,1800,5400
52312,10884,3,2,2200,4400
52313,10884,8,1,1500,1500
52314,10885,3,1,2200,2200
52315,10885,7,2,3800,7600
52316,10886,1,2,1100,2200
52317,10886,4,3,900,2700
52318,10886,5,2,1600,3200
52319,10887,2,2,1800,3600
52320,10887,7,1,3800,3800
52321,10888,8,1,1500,1500
52322,10888,2,2,1800,3600
52323,10888,4,3,900,2700
52324,10888,1,2,1100,2200
52325,10889,5,2,1600,3200
52326,10889,4,3,900,2700
52327,10890,7,2,3800,7600
52328,10890,4,3,900,2700
52329,10890,2,3,1800,5400
52330,10890,1,2,1100,2200
52331,10891,3,2,2200,4400
52332,10892,6,1,750,750
52333,10892,4,2,900,1800
52334,10892,7,1,3800,3800
52335,10892,1,2,1100,2200
52336,10893,7,3,3800,11400
52337,10893,5,2,1600,3200
52338,10893,2,3,1800,5400
52339,10893,4,3,900,2700
52340,10894,8,3,1500,4500
52341,10894,6,2,750,1500
52342,10895,1,1,1100,1100
52343,10895,8,3,1500,4500
52344,10896,6,2,750,1500
52345,10896,1,2,1100,2200
52346,10896,5,2,1600,3200
52347,10897,7,1,3800,3800
52348,10897,8,1,1500,1500
52349,10897,4,2,900,1800
52350,10897,3,3,2200,6600
52351,10898,3,3,2200,6600
52352,10899,8,2,1500,3000
52353,10899,6,1,750,750
52354,10899,4,2,900,1800
52355,10899,5,1,1600,1600
52356,10900,6,3,750,2250
52357,10900,4,3,900,2700
52358,10901,8,1,1500,1500
52359,10901,3,3,2200,6600
52360,10901,2,2,1800,3600
52361,10902,4,1,900,900
52362,10903,8,1,1500,1500
52363,10903,1,1,1100,1100
52364,10904,5,3,1600,4800
52365,10904,7,2,3800,7600
52366,10905,1,2,1100,2200
52367,10905,8,3,1500,4500
52368,10906,3,1,2200,2200
52369,10906,1,2,1100,2200
52370,10906,6,1,750,750
52371,10907,5,1,1600,1600
52372,10907,7,2,3800,7600
52373,10907,2,2,1800,3600
52374,10908,3,3,2200,6600
52375,10908,6,1,750,750
52376,10908,5,3,1600,4800
52377,10909,4,1,900,900
52378,10909,6,3,750,2250
52379,10910,4,1,900,900
52380,10910,7,1,3800,3800
52381,10910,5,2,1600,3200
52382,10911,3,2,2200,4400
52383,10911,8,2,1500,3000
52384,10912,2,1,1800,1800
52385,10913,7,1,3800,3800
52386,10914,5,2,1600,3200
52387,10914,7,3,3800,11400
52388,10915,8,3,1500,4500
52389,10915,1,2,1100,2200
52390,10915,6,2,750,1500
52391,10915,4,1,900,900
52392,10916,4,3,900,2700
52393,10916,5,3,1600,4800
52394,10916,6,2,750,1500
52395,10916,1,2,1100,2200
52396,10917,8,3,1500,4500
52397,10918,5,2,1600,3200
52398,10918,8,3,1500,4500
52399,10919,6,2,750,1500
52400,10919,2,1,1800,1800
52401,10919,7,1,3800,3800
52402,10920,1,3,1100,3300
52403,10920,2,3,1800,5400
52404,10920,4,3,900,2700
52405,10921,6,3,750,2250
52406,10921,7,2,3800,7600
52407,10922,7,2,3800,7600
52408,10923,4,1,900,900
52409,10923,8,1,1500,1500
52410,10924,5,3,1600,4800
52411,10924,1,2,1100,2200
52412,10924,7,1,3800,3800
52413,10925,1,1,1100,1100
52414,10925,7,2,3800,7600
52415,10925,3,1,2200,2200
52416,10925,5,2,1600,3200
52417,10926,3,2,2200,4400
52418,10926,1,2,1100,2200
52419,10926,8,3,1500,4500
52420,10927,3,1,2200,2200
52421,10928,3,3,2200,6600
52422,10928,6,2,750,1500
52423,10929,7,3,3800,11400
52424,10929,8,2,1500,3000
52425,10930,1,2,1100,2200
52426,10931,3,2,2200,4400
52427,10931,4,3,900,2700
52428,10932,6,2,750,1500
52429,10932,2,1,1800,1800
52430,10933,7,3,3800,11400
52431,10934,8,3,1500,4500
52432,10934,3,1,2200,2200
52433,10935,4,1,900,900
52434,10935,1,3,1100,3300
52435,10936,5,2,1600,3200
52436,10936,4,3,900,2700
52437,10936,1,3,1100,3300
52438,10936,3,2,2200,4400
52439,10936,8,1,1500,1500
52440,10936,7,2,3800,7600
52441,10937,5,2,1600,3200
52442,10938,1,3,1100,3300
52443,10938,6,2,750,1500
52444,10938,5,3,1600,4800
52445,10939,5,3,1600,4800
52446,10939,6,1,750,750
52447,10939,8,2,1500,3000
52448,10939,4,1,900,900
52449,10940,7,1,3800,3800
52450,10941,3,3,2200,6600
52451,10941,8,1,1500,1500
52452,10942,3,1,2200,2200
52453,10943,6,2,750,1500
52454,10943,8,1,1500,1500
52455,10943,5,1,1600,1600
52456,10944,5,1,1600,1600
52457,10944,2,2,1800,3600
52458,10944,8,1,1500,1500
52459,10945,1,2,1100,2200
52460,10946,4,3,900,2700
52461,10946,7,1,3800,3800
52462,10947,4,1,900,900
52463,10947,6,1,750,750
52464,10947,3,2,2200,4400
52465,10947,2,1,1800,1800
52466,10947,7,2,3800,7600
52467,10947,8,3,1500,4500
52468,10947,1,3,1100,3300
52469,10947,5,2,1600,3200
52470,10948,5,3,1600,4800
52471,10948,7,2,3800,7600
52472,10948,1,3,1100,3300
52473,10948,4,1,900,900
52474,10949,8,2,1500,3000
52475,10950,4,3,900,2700
52476,10950,7,2,3800,7600
52477,10950,3,3,2200,6600
52478,10950,2,3,1800,5400
52479,10950,8,3,1500,4500
52480,10950,6,2,750,1500
52481,10951,5,3,1600,4800
52482,10952,3,1,2200,2200
52483,10952,4,2,900,1800
52484,10953,4,2,900,1800
52485,10953,7,1,3800,3800
52486,10954,8,2,1500,3000
52487,10954,7,1,3800,3800
52488,10954,1,3,1100,3300
52489,10954,3,1,2200,2200
52490,10954,2,3,1800,5400
52491,10955,2,2,1800,3600
52492,10955,3,1,2200,2200
52493,10956,3,2,2200,4400
52494,10956,1,3,1100,3300
52495,10956,7,1,3800,3800
52496,10956,4,2,900,1800
52497,10957,4,1,900,900
52498,10958,3,2,2200,4400
52499,10958,8,1,1500,1500
52500,10958,2,2,1800,3600
52501,10958,4,2,900,1800
52502,10959,8,3,1500,4500
52503,10960,5,3,1600,4800
52504,10960,6,3,750,2250
52505,10961,4,1,900,900
52506,10962,7,2,3800,7600
52507,10963,8,3,1500,4500
52508,10963,5,3,1600,4800
52509,10964,7,2,3800,7600
52510,10964,4,3,900,2700
52511,10964,2,2,1800,3600
52512,10964,1,1,1100,1100
52513,10964,8,3,1500,4500
52514,10964,5,2,1600,3200
52515,10965,2,3,1800,5400
52516,10965,5,1,1600,1600
52517,10965,4,2,900,1800
52518,10965,7,2,3800,7600
52519,10965,3,3,2200,6600
52520,10965,6,1,750,750
52521,10966,6,3,750,2250
52522,10966,5,2,1600,3200
52523,10966,7,1,3800,3800
52524,10967,6,3,750,2250
52525,10967,7,2,3800,7600
52526,10968,2,1,1800,1800
52527,10968,1,3,1100,3300
52528,10969,8,3,1500,4500
52529,10970,8,2,1500,3000
52530,10971,4,2,900,1800
52531,10971,6,3,750,2250
52532,10971,3,2,2200,4400
52533,10971,7,2,3800,7600
52534,10971,2,1,1800,1800
52535,10971,8,1,1500,1500
52536,10972,5,3,1600,4800
52537,10972,4,3,900,2700
52538,10973,7,1,3800,3800
52539,10974,4,2,900,1800
52540,10974,6,3,750,2250
52541,10974,7,3,3800,11400
52542,10975,8,1,1500,1500
52543,10975,1,1,1100,1100
52544,10975,4,2,900,1800
52545,10975,3,1,2200,2200
52546,10975,7,3,3800,11400
52547,10975,5,3,1600,4800
52548,10975,2,3,1800,5400
52549,10975,6,1,750,750
52550,10976,6,3,750,2250
52551,10976,2,1,1800,1800
52552,10976,7,1,3800,3800
52553,10977,2,1,1800,1800
52554,10978,7,2,3800,7600
52555,10978,3,1,2200,2200
52556,10978,1,2,1100,2200
52557,10979,3,3,2200,6600
52558,10979,7,2,3800,7600
52559,10979,8,3,1500,4500
52560,10980,4,2,900,1800
52561,10980,5,3,1600,4800
52562,10980,8,1,1500,1500
52563,10980,3,1,2200,2200
52564,10981,3,1,2200,2200
52565,10981,8,2,1500,3000
52566,10981,1,2,1100,2200
52567,10982,5,1,1600,1600
52568,10983,7,3,3800,11400
52569,10983,2,3,1800,5400
52570,10984,6,2,750,1500
52571,10984,2,1,1800,1800
52572,10985,5,1,1600,1600
52573,10985,2,1,1800,1800
52574,10985,4,1,900,900
52575,10985,7,2,3800,7600
52576,10986,5,1,1600,1600
52577,10986,2,1,1800,1800
52578,10987,8,2,1500,3000
52579,10988,6,1,750,750
52580,10988,4,2,900,1800
52581,10988,2,2,1800,3600
52582,10988,3,2,2200,4400
52583,10989,1,2,1100,2200
52584,10989,7,3,3800,11400
52585,10989,6,1,750,750
52586,10990,1,1,1100,1100
52587,10991,8,1,1500,1500
52588,10991,7,3,3800,11400
52589,10992,5,1,1600,1600
52590,10992,1,2,1100,2200
52591,10993,2,2,1800,3600
52592,10993,3,3,2200,6600
52593,10993,6,3,750,2250
52594,10994,8,2,1500,3000
52595,10994,7,1,3800,3800
52596,10995,8,2,1500,3000
52597,10995,4,3,900,2700
52598,10995,5,3,1600,4800
52599,10996,6,2,750,1500
52600,10997,4,2,900,1800
52601,10997,6,2,750,1500
52602,10997,8,1,1500,1500
52603,10997,7,1,3800,3800
52604,10997,5,1,1600,1600
52605,10997,2,2,1800,3600
52606,10997,3,1,2200,2200
52607,10998,1,1,1100,1100
52608,10998,3,1,2200,2200
52609,10999,2,2,1800,3600
52610,10999,5,2,1600,3200
52611,11000,2,1,1800,1800
52612,11001,7,2,3800,7600
52613,11001,5,1,1600,1600
52614,11001,6,2,750,1500
52615,11001,4,3,900,2700
52616,11001,8,1,1500,1500
52617,11001,2,1,1800,1800
52618,11001,3,3,2200,6600
52619,11001,1,1,1100,1100
52620,11002,4,2,900,1800
52621,11002,2,1,1800,1800
52622,11002,6,1,750,750
52623,11003,3,1,2200,2200
52624,11003,1,1,1100,1100
52625,11004,7,3,3800,11400
52626,11004,1,2,1100,2200
52627,11004,2,3,1800,5400
52628,11004,8,3,1500,4500
52629,11004,3,1,2200,2200
52630,11005,7,2,3800,7600
52631,11005,4,1,900,900
52632,11006,6,3,750,2250
52633,11006,1,2,1100,2200
52634,11007,8,1,1500,1500
52635,11007,3,1,2200,2200
52636,11007,5,3,1600,4800
52637,11008,7,1,3800,3800
52638,11008,6,1,750,750
52639,11009,7,2,3800,7600
52640,11010,3,2,2200,4400
52641,11010,2,2,1800,3600
52642,11010,7,2,3800,7600
52643,11011,2,1,1800,1800
52644,11011,3,2,2200,4400
52645,11011,6,1,750,750
52646,11011,5,2,1600,3200
52647,11011,4,3,900,2700
52648,11011,1,1,1100,1100
52649,11012,2,1,1800,1800
52650,11012,6,2,750,1500
52651,11012,1,3,1100,3300
52652,11012,5,3,1600,4800
52653,11012,7,1,3800,3800
52654,11013,5,2,1600,3200
52655,11014,4,2,900,1800
52656,11014,7,2,3800,7600
52657,11014,2,2,1800,3600
52658,11014,3,2,2200,4400
52659,11014,5,3,1600,4800
52660,11014,8,2,1500,3000
52661,11015,6,3,750,2250
52662,11015,2,1,1800,1800
52663,11016,6,2,750,1500
52664,11017,4,3,900,2700
52665,11017,6,3,750,2250
52666,11017,2,1,1800,1800
52667,11017,5,2,1600,3200
52668,11018,6,2,750,1500
52669,11018,1,1,1100,1100
52670,11018,5,2,1600,3200
52671,11018,8,1,1500,1500
52672,11019,3,2,2200,4400
52673,11019,1,2,1100,2200
52674,11019,2,3,1800,5400
52675,11020,1,2,1100,2200
52676,11020,7,3,3800,11400
52677,11020,5,3,1600,4800
52678,11020,2,2,1800,3600
52679,11021,4,1,900,900
52680,11021,6,2,750,1500
52681,11022,7,2,3800,7600
52682,11023,5,3,1600,4800
52683,11024,5,2,1600,3200
52684,11024,4,1,900,900
52685,11024,7,3,3800,11400
52686,11025,2,2,1800,3600
52687,11025,4,1,900,900
52688,11025,5,3,1600,4800
52689,11025,3,2,2200,4400
52690,11026,1,1,1100,1100
52691,11026,5,3,1600,4800
52692,11026,3,3,2200,6600
52693,11027,6,1,750,750
52694,11028,8,1,1500,1500
52695,11028,7,1,3800,3800
52696,11028,1,1,1100,1100
52697,11029,3,2,2200,4400
52698,11029,8,1,1500,1500
52699,11030,2,3,1800,5400
52700,11031,6,2,750,1500
52701,11032,8,2,1500,3000
52702,11032,1,1,1100,1100
52703,11033,1,3,1100,3300
52704,11033,5,2,1600,3200
52705,11033,8,3,1500,4500
52706,11034,6,1,750,750
52707,11035,6,3,750,2250
52708,11035,3,3,2200,6600
52709,11035,1,3,1100,3300
52710,11035,2,1,1800,1800
52711,11035,7,1,3800,3800
52712,11036,8,1,1500,1500
52713,11036,4,3,900,2700
52714,11037,5,1,1600,1600
52715,11038,8,3,1500,4500
52716,11038,6,3,750,2250
52717,11038,2,3,1800,5400
52718,11039,1,2,1100,2200
52719,11039,3,1,2200,2200
52720,11040,5,1,1600,1600
52721,11041,2,1,1800,1800
52722,11041,8,3,1500,4500
52723,11041,6,2,750,1500
52724,11041,5,3,1600,4800
52725,11042,1,1,1100,1100
52726,11042,6,1,750,750
52727,11043,4,1,900,900
52728,11043,1,2,1100,2200
52729,11044,3,2,2200,4400
52730,11044,1,2,1100,2200
52731,11045,5,2,1600,3200
52732,11046,3,3,2200,6600
52733,11046,4,3,900,2700
52734,11047,6,2,750,1500
52735,11047,3,3,2200,6600
52736,11047,2,2,1800,3600
52737,11047,7,2,3800,7600
52738,11047,4,1,900,900
52739,11047,5,2,1600,3200
52740,11048,3,1,2200,2200
52741,11049,2,1,1800,1800
52742,11049,4,3,900,2700
52743,11049,3,1,2200,2200
52744,11050,5,2,1600,3200
52745,11050,2,1,1800,1800
52746,11050,6,3,750,2250
52747,11050,3,1,2200,2200
52748,11051,8,1,1500,1500
52749,11051,2,3,1800,5400
52750,11051,1,2,1100,2200
52751,11052,7,3,3800,11400
52752,11052,3,1,2200,2200
52753,11052,5,1,1600,1600
52754,11052,4,3,900,2700
52755,11053,7,3,3800,11400
52756,11053,3,1,2200,2200
52757,11053,4,3,900,2700
52758,11054,5,3,1600,4800
52759,11055,8,3,1500,4500
52760,11056,1,1,1100,1100
52761,11056,4,2,900,1800
52762,11057,6,3,750,2250
52763,11057,7,1,3800,3800
52764,11057,5,3,1600,4800
52765,11057,4,1,900,900
52766,11057,8,1,1500,1500
52767,11057,1,3,1100,3300
52768,11058,7,3,3800,11400
52769,11058,5,1,1600,1600
52770,11058,1,2,1100,2200
52771,11058,2,3,1800,5400
52772,11059,4,1,900,900
52773,11059,8,3,1500,4500
52774,11060,5,2,1600,3200
52775,11060,8,2,1500,3000
52776,11060,4,1,900,900
52777,11060,6,1,750,750
52778,11060,7,1,3800,3800
52779,11061,1,1,1100,1100
52780,11062,7,3,3800,11400
52781,11062,4,2,900,1800
52782,11062,8,2,1500,3000
52783,11062,2,3,1800,5400
52784,11063,6,3,750,2250
52785,11063,3,2,2200,4400
52786,11064,5,3,1600,4800
52787,11064,4,1,900,900
52788,11064,1,2,1100,2200
52789,11065,8,3,1500,4500
52790,11065,5,3,1600,4800
52791,11065,3,2,2200,4400
52792,11065,4,1,900,900
52793,11065,6,3,750,2250
52794,11065,1,1,1100,1100
52795,11066,5,1,1600,1600
52796,11066,1,2,1100,2200
52797,11067,1,3,1100,3300
52798,11068,5,1,1600,1600
52799,11068,6,3,750,2250
52800,11069,1,1,1100,1100
52801,11069,8,2,1500,3000
52802,11070,7,2,3800,7600
52803,11070,8,3,1500,4500
52804,11070,5,1,1600,1600
52805,11070,4,3,900,2700
52806,11071,2,3,1800,5400
52807,11071,4,3,900,2700
52808,11072,4,2,900,1800
52809,11073,7,2,3800,7600
52810,11074,1,2,1100,2200
52811,11074,7,1,3800,3800
52812,11074,5,1,1600,1600
52813,11075,8,3,1500,4500
52814,11075,7,2,3800,7600
52815,11076,1,2,1100,2200
52816,11076,3,1,2200,2200
52817,11077,1,1,1100,1100
52818,11077,2,1,1800,1800
52819,11077,7,2,3800,7600
52820,11078,8,3,1500,4500
52821,11078,6,1,750,750
52822,11079,1,1,1100,1100
52823,11079,3,2,2200,4400
52824,11079,4,1,900,900
52825,11079,5,3,1600,4800
52826,11080,3,3,2200,6600
52827,11081,3,3,2200,6600
52828,11081,1,2,1100,2200
52829,11082,3,3,2200,6600
52830,11082,4,1,900,900
52831,11083,4,3,900,2700
52832,11083,1,3,1100,3300
52833,11083,8,2,1500,3000
52834,11083,3,2,2200,4400
52835,11083,7,2,3800,7600
52836,11084,1,2,1100,2200
52837,11084,3,1,2200,2200
52838,11085,5,2,1600,3200
52839,11085,6,2,750,1500
52840,11086,1,1,1100,1100
52841,11086,3,2,2200,4400
52842,11086,6,1,750,750
52843,11087,5,3,1600,4800
52844,11087,7,2,3800,7600
52845,11087,4,3,900,2700
52846,11087,6,3,750,2250
52847,11087,3,3,2200,6600
52848,11088,8,2,1500,3000
52849,11089,7,3,3800,11400
52850,11089,6,3,750,2250
52851,11089,1,2,1100,2200
52852,11089,5,3,1600,4800
52853,11089,8,3,1500,4500
52854,11090,8,1,1500,1500
52855,11090,2,1,1800,1800
52856,11090,5,1,1600,1600
52857,11090,6,3,750,2250
52858,11090,1,1,1100,1100
52859,11090,7,1,3800,3800
52860,11091,8,2,1500,3000
52861,11091,6,2,750,1500
52862,11092,3,1,2200,2200
52863,11092,1,3,1100,3300
52864,11093,7,3,3800,11400
52865,11093,4,2,900,1800
52866,11094,3,3,2200,6600
52867,11094,8,2,1500,3000
52868,11094,7,1,3800,3800
52869,11095,5,2,1600,3200
52870,11095,4,1,900,900
52871,11095,6,3,750,2250
52872,11096,8,1,1500,1500
52873,11096,1,1,1100,1100
52874,11096,7,1,3800,3800
52875,11096,4,2,900,1800
52876,11096,6,3,750,2250
52877,11096,3,2,2200,4400
52878,11097,7,3,3800,11400
52879,11097,4,2,900,1800
52880,11098,5,2,1600,3200
52881,11098,6,3,750,2250
52882,11099,8,2,1500,3000
52883,11099,7,1,3800,3800
52884,11099,1,2,1100,2200
52885,11100,7,2,3800,7600
52886,11100,2,2,1800,3600
52887,11100,1,2,1100,2200
52888,11100,4,1,900,900
52889,11101,2,2,1800,3600
52890,11101,6,2,750,1500
52891,11102,3,2,2200,4400
52892,11103,5,2,1600,3200
52893,11103,1,1,1100,1100
52894,11103,8,1,1500,1500
52895,11104,6,3,750,2250
52896,11105,6,3,750,2250
52897,11105,8,2,1500,3000
52898,11105,5,2,1600,3200
52899,11106,4,1,900,900
52900,11106,3,3,2200,6600
52901,11106,5,1,1600,1600
52902,11107,8,3,1500,4500
52903,11107,5,2,1600,3200
52904,11108,2,2,1800,3600
52905,11109,8,2,1500,3000
52906,11109,6,3,750,2250
52907,11110,3,3,2200,6600
52908,11111,7,1,3800,3800
52909,11112,2,3,1800,5400
52910,11112,8,1,1500,1500
52911,11113,8,1,1500,1500
52912,11113,3,3,2200,6600
52913,11113,1,2,1100,2200
52914,11114,8,2,1500,3000
52915,11115,1,2,1100,2200
52916,11115,2,2,1800,3600
52917,11115,5,2,1600,3200
52918,11115,3,3,2200,6600
52919,11116,1,2,1100,2200
52920,11116,8,3,1500,4500
52921,11117,1,1,1100,1100
52922,11117,5,2,1600,3200
52923,11117,4,1,900,900
52924,11117,3,1,2200,2200
52925,11118,4,1,900,900
52926,11118,6,1,750,750
52927,11119,4,2,900,1800
52928,11119,5,3,1600,4800
52929,11119,7,3,3800,11400
52930,11119,8,2,1500,3000
52931,11120,4,1,900,900
52932,11120,7,3,3800,11400
52933,11120,8,1,1500,1500
52934,11121,7,2,3800,7600
52935,11122,7,2,3800,7600
52936,11122,4,3,900,2700
52937,11122,6,2,750,1500
52938,11123,2,1,1800,1800
52939,11123,7,2,3800,7600
52940,11123,1,1,1100,1100
52941,11123,6,3,750,2250
52942,11123,5,3,1600,4800
52943,11123,8,3,1500,4500
52944,11123,4,2,900,1800
52945,11124,5,2,1600,3200
52946,11124,2,1,1800,1800
52947,11125,5,1,1600,1600
52948,11125,2,2,1800,3600
52949,11125,8,3,1500,4500
52950,11125,3,2,2200,4400
52951,11125,7,3,3800,11400
52952,11126,4,1,900,900
52953,11126,6,3,750,2250
52954,11126,5,1,1600,1600
52955,11126,2,3,1800,5400
52956,11127,8,2,1500,3000
52957,11128,7,2,3800,7600
52958,11128,2,2,1800,3600
52959,11128,5,2,1600,3200
52960,11129,5,2,1600,3200
52961,11130,2,2,1800,3600
52962,11130,6,3,750,2250
52963,11131,5,3,1600,4800
52964,11131,8,2,1500,3000
52965,11131,4,1,900,900
52966,11131,2,3,1800,5400
52967,11131,7,1,3800,3800
52968,11131,1,1,1100,1100
52969,11132,8,2,1500,3000
52970,11132,1,2,1100,2200
52971,11132,3,2,2200,4400
52972,11133,4,3,900,2700
52973,11134,4,2,900,1800
52974,11134,7,1,3800,3800
52975,11134,3,2,2200,4400
52976,11134,2,2,1800,3600
52977,11135,2,2,1800,3600
52978,11135,8,3,1500,4500
52979,11135,7,2,3800,7600
52980,11135,5,2,1600,3200
52981,11135,6,2,750,1500
52982,11136,1,3,1100,3300
52983,11137,5,2,1600,3200
52984,11137,6,1,750,750
52985,11137,1,1,1100,1100
52986,11137,4,1,900,900
52987,11138,1,3,1100,3300
52988,11138,3,2,2200,4400
52989,11138,7,3,3800,11400
52990,11139,6,3,750,2250
52991,11140,8,2,1500,3000
52992,11140,4,2,900,1800
52993,11140,5,2,1600,3200
52994,11140,6,3,750,2250
52995,11141,5,3,1600,4800
52996,11141,7,1,3800,3800
52997,11142,6,3,750,2250
52998,11142,1,3,1100,3300
52999,11142,8,2,1500,3000
53000,11143,2,3,1800,5400
53001,11143,4,3,900,2700
53002,11144,7,3,3800,11400
53003,11144,5,3,1600,4800
53004,11144,3,3,2200,6600
53005,11145,4,2,900,1800
53006,11145,6,2,750,1500
53007,11146,7,3,3800,11400
53008,11146,5,3,1600,4800
53009,11146,8,3,1500,4500
53010,11146,1,3,1100,3300
53011,11146,6,1,750,750
53012,11146,3,2,2200,4400
53013,11146,4,3,900,2700
53014,11147,7,1,3800,3800
53015,11148,8,3,1500,4500
53016,11148,4,1,900,900
53017,11148,1,3,1100,3300
53018,11149,6,3,750,2250
53019,11149,4,3,900,2700
53020,11150,1,3,1100,3300
53021,11150,7,2,3800,7600
53022,11150,3,2,2200,4400
53023,11150,5,1,1600,1600
53024,11151,2,1,1800,1800
53025,11151,5,2,1600,3200
53026,11151,7,2,3800,7600
53027,11151,3,2,2200,4400
53028,11152,8,2,1500,3000
53029,11152,7,1,3800,3800
53030,11153,3,1,2200,2200
53031,11154,6,1,750,750
53032,11154,2,1,1800,1800
53033,11154,3,2,2200,4400
53034,11155,6,1,750,750
53035,11155,5,3,1600,4800
53036,11155,2,2,1800,3600
53037,11155,1,1,1100,1100
53038,11156,1,2,1100,2200
53039,11157,8,2,1500,3000
53040,11157,5,1,1600,1600
53041,11158,3,2,2200,4400
53042,11158,6,1,750,750
53043,11158,8,1,1500,1500
53044,11158,2,1,1800,1800
53045,11159,2,2,1800,3600
53046,11159,1,3,1100,3300
53047,11159,4,3,900,2700
53048,11160,6,2,750,1500
53049,11160,7,1,3800,3800
53050,11160,4,1,900,900
53051,11160,5,2,1600,3200
53052,11160,8,3,1500,4500
53053,11160,1,3,1100,3300
53054,11160,2,1,1800,1800
53055,11160,3,3,2200,6600
53056,11161,6,3,750,2250
53057,11162,5,1,1600,1600
53058,11163,2,3,1800,5400
53059,11163,8,3,1500,4500
53060,11163,5,3,1600,4800
53061,11164,3,3,2200,6600
53062,11165,6,2,750,1500
53063,11165,1,1,1100,1100
53064,11165,8,2,1500,3000
53065,11165,5,1,1600,1600
53066,11165,2,2,1800,3600
53067,11166,8,2,1500,3000
53068,11166,4,3,900,2700
53069,11166,5,2,1600,3200
53070,11167,8,3,1500,4500
53071,11168,3,3,2200,6600
53072,11168,1,3,1100,3300
53073,11168,5,2,1600,3200
53074,11168,2,2,1800,3600
53075,11169,3,1,2200,2200
53076,11170,3,3,2200,6600
53077,11170,5,1,1600,1600
53078,11170,1,2,1100,2200
53079,11170,8,3,1500,4500
53080,11171,3,3,2200,6600
53081,11172,4,1,900,900
53082,11172,5,3,1600,4800
53083,11173,5,1,1600,1600
53084,11173,8,2,1500,3000
53085,11174,8,2,1500,3000
53086,11174,6,1,750,750
53087,11174,7,2,3800,7600
53088,11175,1,2,1100,2200
53089,11175,7,1,3800,3800
53090,11176,5,1,1600,1600
53091,11176,4,2,900,1800
53092,11176,8,3,1500,4500
53093,11176,3,2,2200,4400
53094,11176,7,3,3800,11400
53095,11176,2,2,1800,3600
53096,11177,6,1,750,750
53097,11177,5,3,1600,4800
53098,11177,7,1,3800,3800
53099,11178,3,3,2200,6600
53100,11179,8,1,1500,1500
53101,11179,3,1,2200,2200
53102,11179,5,3,1600,4800
53103,11179,6,2,750,1500
53104,11179,1,3,1100,3300
53105,11179,4,2,900,1800
53106,11179,2,1,1800,1800
53107,11180,5,3,1600,4800
53108,11180,7,2,3800,7600
53109,11181,8,3,1500,4500
53110,11182,5,2,1600,3200
53111,11182,1,3,1100,3300
53112,11182,3,3,2200,6600
53113,11183,1,1,1100,1100
53114,11183,5,2,1600,3200
53115,11184,8,2,1500,3000
53116,11185,2,1,1800,1800
53117,11185,5,3,1600,4800
53118,11185,3,1,2200,2200
53119,11185,7,3,3800,11400
53120,11185,8,1,1500,1500
53121,11186,4,2,900,1800
53122,11186,2,3,1800,5400
53123,11187,2,2,1800,3600
53124,11187,5,3,1600,4800
53125,11187,6,1,750,750
53126,11187,3,1,2200,2200
53127,11187,1,1,1100,1100
53128,11187,8,3,1500,4500
53129,11188,4,3,900,2700
53130,11188,3,3,2200,6600
53131,11188,2,3,1800,5400
53132,11189,5,1,1600,1600
53133,11189,1,1,1100,1100
53134,11189,7,2,3800,7600
53135,11190,7,3,3800,11400
53136,11190,4,3,900,2700
53137,11191,3,3,2200,6600
53138,11191,5,1,1600,1600
53139,11191,8,2,1500,3000
53140,11192,4,1,900,900
53141,11192,8,3,1500,4500
53142,11193,7,2,3800,7600
53143,11193,3,3,2200,6600
53144,11193,8,3,1500,4500
53145,11194,3,3,2200,6600
53146,11194,2,3,1800,5400
53147,11194,6,2,750,1500
53148,11195,3,1,2200,2200
53149,11196,6,3,750,2250
53150,11196,7,3,3800,11400
53151,11197,6,2,750,1500
53152,11197,2,2,1800,3600
53153,11197,8,1,1500,1500
53154,11198,2,1,1800,1800
53155,11199,6,1,750,750
53156,11199,5,1,1600,1600
53157,11199,8,1,1500,1500
53158,11199,2,2,1800,3600
53159,11199,4,2,900,1800
53160,11199,7,3,3800,11400
53161,11200,2,1,1800,1800
53162,11200,5,1,1600,1600
53163,11200,4,3,900,2700
53164,11200,1,2,1100,2200
53165,11200,3,3,2200,6600
53166,11200,6,1,750,750
53167,11200,8,1,1500,1500
53168,11201,8,2,1500,3000
53169,11201,3,3,2200,6600
53170,11201,2,1,1800,1800
53171,11201,4,3,900,2700
53172,11201,7,1,3800,3800
53173,11201,6,1,750,750
53174,11202,3,2,2200,4400
53175,11203,3,1,2200,2200
53176,11204,6,2,750,1500
53177,11204,8,3,1500,4500
53178,11205,5,3,1600,4800
53179,11205,8,2,1500,3000
53180,11205,2,1,1800,1800
53181,11205,3,2,2200,4400
53182,11206,4,1,900,900
53183,11206,1,3,1100,3300
53184,11207,7,2,3800,7600
53185,11207,2,3,1800,5400
53186,11208,6,3,750,2250
53187,11208,1,1,1100,1100
53188,11208,7,2,3800,7600
53189,11208,2,1,1800,1800
53190,11208,3,2,2200,4400
53191,11208,5,2,1600,3200
53192,11209,8,3,1500,4500
53193,11209,7,1,3800,3800
53194,11210,3,2,2200,4400
53195,11211,8,3,1500,4500
53196,11211,4,3,900,2700
53197,11212,2,1,1800,1800
53198,11213,6,3,750,2250
53199,11214,4,2,900,1800
53200,11214,5,3,1600,4800
53201,11215,8,1,1500,1500
53202,11216,8,1,1500,1500
53203,11217,4,2,900,1800
53204,11218,7,2,3800,7600
53205,11218,6,3,750,2250
53206,11218,8,1,1500,1500
53207,11218,5,2,1600,3200
53208,11218,4,2,900,1800
53209,11218,3,1,2200,2200
53210,11218,1,2,1100,2200
53211,11218,2,2,1800,3600
53212,11219,6,1,750,750
53213,11219,1,3,1100,3300
53214,11219,3,2,2200,4400
53215,11219,2,1,1800,1800
53216,11219,5,3,1600,4800
53217,11220,7,1,3800,3800
53218,11220,2,3,1800,5400
53219,11220,3,2,2200,4400
53220,11221,2,1,1800,1800
53221,11221,5,1,1600,1600
53222,11221,6,1,750,750
53223,11221,7,3,3800,11400
53224,11222,3,1,2200,2200
53225,11222,6,3,750,2250
53226,11223,3,2,2200,4400
53227,11223,7,3,3800,11400
53228,11223,2,1,1800,1800
53229,11223,4,3,900,2700
53230,11223,1,2,1100,2200
53231,11223,5,1,1600,1600
53232,11224,8,1,1500,1500
53233,11224,7,1,3800,3800
53234,11224,5,1,1600,1600
53235,11224,1,1,1100,1100
53236,11224,4,2,900,1800
53237,11225,3,3,2200,6600
53238,11225,8,1,1500,1500
53239,11226,1,1,1100,1100
53240,11226,3,3,2200,6600
53241,11227,1,1,1100,1100
53242,11227,2,1,1800,1800
53243,11227,6,3,750,2250
53244,11228,7,3,3800,11400
53245,11229,8,1,1500,1500
53246,11229,7,3,3800,11400
53247,11229,2,1,1800,1800
53248,11230,5,3,1600,4800
53249,11230,2,1,1800,1800
53250,11230,1,1,1100,1100
53251,11231,4,3,900,2700
53252,11232,6,3,750,2250
53253,11232,7,1,3800,3800
53254,11232,8,1,1500,1500
53255,11233,1,3,1100,3300
53256,11233,2,1,1800,1800
53257,11233,4,3,900,2700
53258,11234,8,3,1500,4500
53259,11235,8,3,1500,4500
53260,11235,5,3,1600,4800
53261,11235,2,2,1800,3600
53262,11236,7,2,3800,7600
53263,11236,6,1,750,750
53264,11237,5,1,1600,1600
53265,11237,8,3,1500,4500
53266,11238,4,1,900,900
53267,11239,4,3,900,2700
53268,11240,4,2,900,1800
53269,11241,4,2,900,1800
53270,11241,2,3,1800,5400
53271,11242,2,2,1800,3600
53272,11242,5,2,1600,3200
53273,11242,1,2,1100,2200
53274,11243,1,2,1100,2200
53275,11244,7,1,3800,3800
53276,11245,3,2,2200,4400
53277,11245,6,3,750,2250
53278,11246,5,2,1600,3200
53279,11246,2,1,1800,1800
53280,11247,6,2,750,1500
53281,11247,7,1,3800,3800
53282,11247,4,1,900,900
53283,11247,1,2,1100,2200
53284,11248,4,3,900,2700
53285,11248,1,2,1100,2200
53286,11248,2,2,1800,3600
53287,11249,4,2,900,1800
53288,11249,5,2,1600,3200
53289,11250,7,2,3800,7600
53290,11250,2,3,1800,5400
53291,11250,3,3,2200,6600
53292,11251,4,3,900,2700
53293,11251,8,3,1500,4500
53294,11251,7,1,3800,3800
53295,11251,5,3,1600,4800
53296,11251,2,2,1800,3600
53297,11251,1,3,1100,3300
53298,11251,6,3,750,2250
53299,11252,8,2,1500,3000
53300,11252,4,2,900,1800
53301,11253,7,1,3800,3800
53302,11253,2,2,1800,3600
53303,11253,6,3,750,2250
53304,11254,4,2,900,1800
53305,11254,3,1,2200,2200
53306,11255,2,2,1800,3600
53307,11255,8,3,1500,4500
53308,11255,1,1,1100,1100
53309,11256,2,2,1800,3600
53310,11256,6,3,750,2250
53311,11257,2,1,1800,1800
53312,11257,4,3,900,2700
53313,11258,6,2,750,1500
53314,11258,5,1,1600,1600
53315,11258,4,3,900,2700
53316,11258,7,2,3800,7600
53317,11259,1,2,1100,2200
53318,11260,4,1,900,900
53319,11260,5,3,1600,4800
53320,11260,2,2,1800,3600
53321,11260,8,3,1500,4500
53322,11261,2,2,1800,3600
53323,11261,8,2,1500,3000
53324,11261,5,3,1600,4800
53325,11262,8,3,1500,4500
53326,11262,6,2,750,1500
53327,11262,5,3,1600,4800
53328,11263,1,3,1100,3300
53329,11263,4,1,900,900
53330,11264,3,2,2200,4400
53331,11264,5,2,1600,3200
53332,11264,6,3,750,2250
53333,11265,6,1,750,750
53334,11266,4,3,900,2700
53335,11266,3,1,2200,2200
53336,11266,2,2,1800,3600
53337,11267,6,1,750,750
53338,11267,1,3,1100,3300
53339,11267,2,1,1800,1800
53340,11267,7,1,3800,3800
53341,11267,4,3,900,2700
53342,11268,3,2,2200,4400
53343,11268,4,3,900,2700
53344,11268,6,2,750,1500
53345,11268,5,3,1600,4800
53346,11268,7,2,3800,7600
53347,11268,1,2,1100,2200
53348,11269,1,1,1100,1100
53349,11270,4,2,900,1800
53350,11270,3,1,2200,2200
53351,11270,8,1,1500,1500
53352,11270,2,1,1800,1800
53353,11271,8,1,1500,1500
53354,11272,5,1,1600,1600
53355,11272,7,3,3800,11400
53356,11273,5,2,1600,3200
53357,11273,6,3,750,2250
53358,11273,2,1,1800,1800
53359,11273,8,2,1500,3000
53360,11274,4,1,900,900
53361,11274,3,2,2200,4400
53362,11274,8,2,1500,3000
53363,11275,3,3,2200,6600
53364,11275,8,1,1500,1500
53365,11275,4,3,900,2700
53366,11275,1,3,1100,3300
53367,11275,6,3,750,2250
53368,11276,6,2,750,1500
53369,11276,1,2,1100,2200
53370,11276,5,3,1600,4800
53371,11276,7,1,3800,3800
53372,11277,1,3,1100,3300
53373,11277,5,2,1600,3200
53374,11277,4,2,900,1800
53375,11277,3,1,2200,2200
53376,11278,4,2,900,1800
53377,11278,7,2,3800,7600
53378,11279,3,1,2200,2200
53379,11279,4,1,900,900
53380,11280,1,3,1100,3300
53381,11280,2,1,1800,1800
53382,11280,6,1,750,750
53383,11281,4,1,900,900
53384,11282,6,3,750,2250
53385,11283,4,1,900,900
53386,11284,5,1,1600,1600
53387,11285,1,2,1100,2200
53388,11285,6,1,750,750
53389,11285,4,1,900,900
53390,11285,2,3,1800,5400
53391,11285,3,1,2200,2200
53392,11285,8,1,1500,1500
53393,11285,7,3,3800,11400
53394,11285,5,2,1600,3200
53395,11286,5,3,1600,4800
53396,11287,1,2,1100,2200
53397,11288,4,1,900,900
53398,11289,6,2,750,1500
53399,11289,1,2,1100,2200
53400,11289,5,3,1600,4800
53401,11290,1,2,1100,2200
53402,11290,5,1,1600,1600
53403,11290,2,1,1800,1800
53404,11290,7,2,3800,7600
53405,11291,6,3,750,2250
53406,11292,6,2,750,1500
53407,11292,8,2,1500,3000
53408,11292,7,2,3800,7600
53409,11292,3,3,2200,6600
53410,11293,2,3,1800,5400
53411,11293,7,1,3800,3800
53412,11294,1,3,1100,3300
53413,11294,8,3,1500,4500
53414,11295,6,1,750,750
53415,11295,1,3,1100,3300
53416,11295,4,2,900,1800
53417,11296,5,3,1600,4800
53418,11296,1,3,1100,3300
53419,11297,4,1,900,900
53420,11297,8,2,1500,3000
53421,11297,7,2,3800,7600
53422,11298,3,3,2200,6600
53423,11298,5,3,1600,4800
53424,11299,5,3,1600,4800
53425,11300,7,1,3800,3800
53426,11301,8,1,1500,1500
53427,11301,1,2,1100,2200
53428,11302,5,1,1600,1600
53429,11303,4,2,900,1800
53430,11303,5,1,1600,1600
53431,11303,8,2,1500,3000
53432,11303,2,1,1800,1800
53433,11303,6,3,750,2250
53434,11303,3,2,2200,4400
53435,11304,5,2,1600,3200
53436,11304,7,2,3800,7600
53437,11304,1,3,1100,3300
53438,11305,2,2,1800,3600
53439,11306,1,1,1100,1100
53440,11306,5,3,1600,4800
53441,11306,6,1,750,750
53442,11306,8,3,1500,4500
53443,11307,6,3,750,2250
53444,11307,3,1,2200,2200
53445,11307,4,1,900,900
53446,11308,3,2,2200,4400
53447,11308,5,1,1600,1600
53448,11308,1,2,1100,2200
53449,11308,2,1,1800,1800
53450,11308,4,2,900,1800
53451,11309,4,1,900,900
53452,11309,8,1,1500,1500
53453,11309,1,3,1100,3300
53454,11309,7,2,3800,7600
53455,11309,2,3,1800,5400
53456,11310,4,3,900,2700
53457,11311,5,3,1600,4800
53458,11312,4,3,900,2700
53459,11312,3,1,2200,2200
53460,11313,8,3,1500,4500
53461,11313,3,3,2200,6600
53462,11313,6,2,750,1500
53463,11313,7,2,3800,7600
53464,11313,1,2,1100,2200
53465,11314,8,1,1500,1500
53466,11314,1,1,1100,1100
53467,11315,3,3,2200,6600
53468,11315,7,3,3800,11400
53469,11315,6,2,750,1500
53470,11316,1,3,1100,3300
53471,11316,2,2,1800,3600
53472,11317,2,1,1800,1800
53473,11317,5,1,1600,1600
53474,11317,3,2,2200,4400
53475,11317,8,3,1500,4500
53476,11318,7,3,3800,11400
53477,11318,5,2,1600,3200
53478,11318,3,3,2200,6600
53479,11318,1,1,1100,1100
53480,11319,1,2,1100,2200
53481,11320,5,1,1600,1600
53482,11320,7,1,3800,3800
53483,11320,8,3,1500,4500
53484,11320,6,2,750,1500
53485,11321,1,1,1100,1100
53486,11321,5,2,1600,3200
53487,11322,2,2,1800,3600
53488,11322,4,1,900,900
53489,11322,8,2,1500,3000
53490,11322,7,3,3800,11400
53491,11322,1,3,1100,3300
53492,11323,7,2,3800,7600
53493,11323,1,1,1100,1100
53494,11323,4,1,900,900
53495,11324,1,1,1100,1100
53496,11324,6,3,750,2250
53497,11324,2,3,1800,5400
53498,11325,7,3,3800,11400
53499,11326,4,2,900,1800
53500,11327,8,2,1500,3000
53501,11327,7,1,3800,3800
53502,11327,5,2,1600,3200
53503,11327,3,3,2200,6600
53504,11328,6,3,750,2250
53505,11329,1,2,1100,2200
53506,11329,4,3,900,2700
53507,11329,3,2,2200,4400
53508,11330,3,3,2200,6600
53509,11330,2,1,1800,1800
53510,11330,1,3,1100,3300
53511,11331,2,1,1800,1800
53512,11331,7,2,3800,7600
53513,11331,1,3,1100,3300
53514,11332,1,1,1100,1100
53515,11332,6,1,750,750
53516,11333,8,1,1500,1500
53517,11333,7,1,3800,3800
53518,11333,2,1,1800,1800
53519,11334,4,2,900,1800
53520,11335,7,1,3800,3800
53521,11335,2,2,1800,3600
53522,11336,7,2,3800,7600
53523,11336,3,1,2200,2200
53524,11337,1,1,1100,1100
53525,11337,6,2,750,1500
53526,11337,4,1,900,900
53527,11337,5,3,1600,4800
53528,11338,1,3,1100,3300
53529,11338,8,3,1500,4500
53530,11338,6,3,750,2250
53531,11338,2,3,1800,5400
53532,11339,7,1,3800,3800
53533,11339,1,3,1100,3300
53534,11340,6,2,750,1500
53535,11340,7,3,3800,11400
53536,11340,4,3,900,2700
53537,11340,3,3,2200,6600
53538,11340,5,1,1600,1600
53539,11340,1,1,1100,1100
53540,11341,4,2,900,1800
53541,11342,8,1,1500,1500
53542,11343,5,2,1600,3200
53543,11344,7,3,3800,11400
53544,11345,2,2,1800,3600
53545,11346,5,3,1600,4800
53546,11346,1,1,1100,1100
53547,11346,6,1,750,750
53548,11347,3,3,2200,6600
53549,11347,2,1,1800,1800
53550,11348,1,2,1100,2200
53551,11349,7,2,3800,7600
53552,11350,4,3,900,2700
53553,11350,3,3,2200,6600
53554,11350,6,2,750,1500
53555,11351,2,2,1800,3600
53556,11352,4,2,900,1800
53557,11352,5,2,1600,3200
53558,11352,3,1,2200,2200
53559,11352,8,2,1500,3000
53560,11352,1,1,1100,1100
53561,11353,1,2,1100,2200
53562,11354,2,2,1800,3600
53563,11354,5,3,1600,4800
53564,11355,2,2,1800,3600
53565,11355,3,3,2200,6600
53566,11355,6,2,750,1500
53567,11355,4,2,900,1800
53568,11355,1,2,1100,2200
53569,11355,7,3,3800,11400
53570,11356,8,2,1500,3000
53571,11356,3,3,2200,6600
53572,11356,1,3,1100,3300
53573,11357,6,1,750,750
53574,11358,5,3,1600,4800
53575,11358,2,3,1800,5400
53576,11358,3,3,2200,6600
53577,11358,1,2,1100,2200
53578,11358,4,1,900,900
53579,11358,7,3,3800,11400
53580,11359,2,2,1800,3600
53581,11360,4,1,900,900
53582,11360,5,3,1600,4800
53583,11360,6,1,750,750
53584,11360,3,3,2200,6600
53585,11360,1,2,1100,2200
53586,11360,7,3,3800,11400
53587,11360,8,1,1500,1500
53588,11361,8,1,1500,1500
53589,11361,7,3,3800,11400
53590,11361,1,2,1100,2200
53591,11361,6,3,750,2250
53592,11361,5,2,1600,3200
53593,11362,4,1,900,900
53594,11363,6,1,750,750
53595,11364,2,3,1800,5400
53596,11364,7,3,3800,11400
53597,11364,6,1,750,750
53598,11364,5,2,1600,3200
53599,11364,4,3,900,2700
53600,11365,6,1,750,750
53601,11366,1,1,1100,1100
53602,11367,3,1,2200,2200
53603,11367,6,1,750,750
53604,11368,4,2,900,1800
53605,11368,6,3,750,2250
53606,11368,8,3,1500,4500
53607,11368,7,3,3800,11400
53608,11369,3,1,2200,2200
53609,11370,8,2,1500,3000
53610,11370,2,3,1800,5400
53611,11370,7,3,3800,11400
53612,11370,4,3,900,2700
53613,11371,3,3,2200,6600
53614,11372,7,3,3800,11400
53615,11372,5,1,1600,1600
53616,11372,1,2,1100,2200
53617,11373,5,2,1600,3200
53618,11373,8,2,1500,3000
53619,11373,7,1,3800,3800
53620,11374,7,3,3800,11400
53621,11374,3,2,2200,4400
53622,11375,7,1,3800,3800
53623,11375,1,2,1100,2200
53624,11375,2,1,1800,1800
53625,11376,7,2,3800,7600
53626,11376,5,3,1600,4800
53627,11376,6,3,750,2250
53628,11377,5,1,1600,1600
53629,11378,7,3,3800,11400
53630,11378,3,3,2200,6600
53631,11378,2,2,1800,3600
53632,11378,8,2,1500,3000
53633,11379,7,2,3800,7600
53634,11379,3,2,2200,4400
53635,11379,6,3,750,2250
53636,11380,4,2,900,1800
53637,11381,3,2,2200,4400
53638,11381,1,2,1100,2200
53639,11381,7,1,3800,3800
53640,11381,8,1,1500,1500
53641,11382,7,2,3800,7600
53642,11383,1,1,1100,1100
53643,11383,3,2,2200,4400
53644,11383,2,2,1800,3600
53645,11384,8,3,1500,4500
53646,11384,5,2,1600,3200
53647,11385,7,3,3800,11400
53648,11385,2,1,1800,1800
53649,11385,8,3,1500,4500
53650,11386,4,2,900,1800
53651,11386,8,2,1500,3000
53652,11387,5,2,1600,3200
53653,11387,4,2,900,1800
53654,11387,8,1,1500,1500
53655,11388,7,3,3800,11400
53656,11388,1,1,1100,1100
53657,11389,6,2,750,1500
53658,11390,6,3,750,2250
53659,11390,2,2,1800,3600
53660,11390,4,2,900,1800
53661,11391,4,2,900,1800
53662,11391,6,2,750,1500
53663,11391,2,3,1800,5400
53664,11391,1,2,1100,2200
53665,11391,7,1,3800,3800
53666,11391,8,1,1500,1500
53667,11392,2,1,1800,1800
53668,11392,6,1,750,750
53669,11392,7,1,3800,3800
53670,11392,8,3,1500,4500
53671,11393,3,2,2200,4400
53672,11393,7,3,3800,11400
53673,11393,2,1,1800,1800
53674,11393,4,3,900,2700
53675,11394,6,1,750,750
53676,11395,7,3,3800,11400
53677,11395,5,1,1600,1600
53678,11395,2,2,1800,3600
53679,11395,8,1,1500,1500
53680,11396,5,3,1600,4800
53681,11396,3,1,2200,2200
53682,11396,8,2,1500,3000
53683,11396,6,1,750,750
53684,11396,1,2,1100,2200
53685,11396,7,2,3800,7600
53686,11397,4,2,900,1800
53687,11398,3,2,2200,4400
53688,11399,1,2,1100,2200
53689,11399,6,2,750,1500
53690,11400,2,1,1800,1800
53691,11400,4,1,900,900
53692,11400,6,1,750,750
53693,11400,3,2,2200,4400
53694,11400,7,3,3800,11400
53695,11400,5,2,1600,3200
53696,11400,8,3,1500,4500
53697,11401,5,3,1600,4800
53698,11401,6,1,750,750
53699,11401,2,2,1800,3600
53700,11402,7,1,3800,3800
53701,11402,3,3,2200,6600
53702,11402,4,3,900,2700
53703,11402,1,3,1100,3300
53704,11403,1,1,1100,1100
53705,11403,4,1,900,900
53706,11403,8,1,1500,1500
53707,11403,5,1,1600,1600
53708,11403,3,2,2200,4400
53709,11404,1,1,1100,1100
53710,11404,7,2,3800,7600
53711,11404,6,3,750,2250
53712,11405,4,3,900,2700
53713,11405,1,2,1100,2200
53714,11406,8,1,1500,1500
53715,11406,5,2,1600,3200
53716,11406,3,1,2200,2200
53717,11406,7,2,3800,7600
53718,11406,6,3,750,2250
53719,11407,4,1,900,900
53720,11407,7,3,3800,11400
53721,11407,6,1,750,750
53722,11408,5,1,1600,1600
53723,11408,2,1,1800,1800
53724,11409,5,2,1600,3200
53725,11410,4,2,900,1800
53726,11410,2,3,1800,5400
53727,11411,6,2,750,1500
53728,11411,5,1,1600,1600
53729,11412,2,1,1800,1800
53730,11413,6,1,750,750
53731,11413,7,1,3800,3800
53732,11414,8,1,1500,1500
53733,11414,2,2,1800,3600
53734,11414,5,2,1600,3200
53735,11414,1,2,1100,2200
53736,11414,3,2,2200,4400
53737,11415,1,1,1100,1100
53738,11415,3,1,2200,2200
53739,11415,2,2,1800,3600
53740,11416,6,1,750,750
53741,11416,1,3,1100,3300
53742,11417,5,1,1600,1600
53743,11417,2,1,1800,1800
53744,11417,7,2,3800,7600
53745,11418,6,3,750,2250
53746,11418,3,1,2200,2200
53747,11419,8,3,1500,4500
53748,11419,5,3,1600,4800
53749,11420,4,1,900,900
53750,11420,3,1,2200,2200
53751,11420,6,2,750,1500
53752,11420,7,1,3800,3800
53753,11420,5,1,1600,1600
53754,11421,7,1,3800,3800
53755,11422,3,2,2200,4400
53756,11422,2,1,1800,1800
53757,11422,6,2,750,1500
53758,11423,1,1,1100,1100
53759,11423,4,1,900,900
53760,11424,2,2,1800,3600
53761,11424,6,3,750,2250
53762,11425,2,3,1800,5400
53763,11425,5,2,1600,3200
53764,11425,8,3,1500,4500
53765,11425,6,2,750,1500
53766,11426,2,3,1800,5400
53767,11426,3,2,2200,4400
53768,11426,6,2,750,1500
53769,11426,1,1,1100,1100
53770,11426,4,1,900,900
53771,11427,4,1,900,900
53772,11427,3,1,2200,2200
53773,11427,6,2,750,1500
53774,11428,5,3,1600,4800
53775,11428,6,3,750,2250
53776,11428,2,1,1800,1800
53777,11429,5,2,1600,3200
53778,11430,1,2,1100,2200
53779,11430,8,2,1500,3000
53780,11431,3,1,2200,2200
53781,11431,6,1,750,750
53782,11431,4,2,900,1800
53783,11431,2,2,1800,3600
53784,11432,8,3,1500,4500
53785,11433,8,1,1500,1500
53786,11433,4,2,900,1800
53787,11434,1,3,1100,3300
53788,11434,6,2,750,1500
53789,11434,2,2,1800,3600
53790,11435,4,1,900,900
53791,11436,6,1,750,750
53792,11436,8,3,1500,4500
53793,11437,3,2,2200,4400
53794,11438,8,1,1500,1500
53795,11438,2,3,1800,5400
53796,11439,4,3,900,2700
53797,11439,3,3,2200,6600
53798,11440,8,3,1500,4500
53799,11440,2,1,1800,1800
53800,11440,3,1,2200,2200
53801,11440,1,2,1100,2200
53802,11440,7,2,3800,7600
53803,11441,7,3,3800,11400
53804,11441,3,2,2200,4400
53805,11441,6,1,750,750
53806,11442,2,2,1800,3600
53807,11442,5,3,1600,4800
53808,11442,8,1,1500,1500
53809,11443,6,3,750,2250
53810,11443,8,3,1500,4500
53811,11444,4,1,900,900
53812,11444,6,2,750,1500
53813,11444,2,1,1800,1800
53814,11445,6,1,750,750
53815,11445,7,1,3800,3800
53816,11446,3,1,2200,2200
53817,11446,8,2,1500,3000
53818,11446,7,2,3800,7600
53819,11447,2,1,1800,1800
53820,11447,8,1,1500,1500
53821,11448,8,1,1500,1500
53822,11448,5,3,1600,4800
53823,11449,3,3,2200,6600
53824,11450,1,2,1100,2200
53825,11451,7,2,3800,7600
53826,11451,3,1,2200,2200
53827,11452,7,1,3800,3800
53828,11452,6,1,750,750
53829,11453,3,3,2200,6600
53830,11453,8,1,1500,1500
53831,11454,6,2,750,1500
53832,11454,7,3,3800,11400
53833,11454,2,1,1800,1800
53834,11455,5,3,1600,4800
53835,11455,3,2,2200,4400
53836,11455,6,3,750,2250
53837,11456,2,1,1800,1800
53838,11457,3,2,2200,4400
53839,11457,7,3,3800,11400
53840,11457,6,2,750,1500
53841,11458,1,1,1100,1100
53842,11459,5,3,1600,4800
53843,11460,5,3,1600,4800
53844,11461,4,2,900,1800
53845,11461,3,1,2200,2200
53846,11461,1,3,1100,3300
53847,11462,6,1,750,750
53848,11463,6,1,750,750
53849,11464,7,1,3800,3800
53850,11464,3,1,2200,2200
53851,11465,7,3,3800,11400
53852,11465,3,3,2200,6600
53853,11466,2,1,1800,1800
53854,11466,7,3,3800,11400
53855,11466,4,1,900,900
53856,11466,3,1,2200,2200
53857,11467,8,1,1500,1500
53858,11467,2,3,1800,5400
53859,11467,1,3,1100,3300
53860,11467,4,1,900,900
53861,11467,7,3,3800,11400
53862,11468,4,1,900,900
53863,11468,7,2,3800,7600
53864,11468,1,1,1100,1100
53865,11469,5,1,1600,1600
53866,11469,6,3,750,2250
53867,11470,2,2,1800,3600
53868,11470,3,1,2200,2200
53869,11470,4,2,900,1800
53870,11471,5,3,1600,4800
53871,11471,7,3,3800,11400
53872,11471,2,1,1800,1800
53873,11471,8,2,1500,3000
53874,11472,8,1,1500,1500
53875,11472,1,3,1100,3300
53876,11473,5,1,1600,1600
53877,11473,3,2,2200,4400
53878,11473,7,1,3800,3800
53879,11474,5,1,1600,1600
53880,11474,6,2,750,1500
53881,11474,2,1,1800,1800
53882,11474,1,3,1100,3300
53883,11474,3,1,2200,2200
53884,11475,5,3,1600,4800
53885,11476,6,1,750,750
53886,11476,7,2,3800,7600
53887,11476,2,1,1800,1800
53888,11476,3,3,2200,6600
53889,11476,8,1,1500,1500
53890,11477,2,3,1800,5400
53891,11477,5,3,1600,4800
53892,11478,3,1,2200,2200
53893,11478,7,3,3800,11400
53894,11479,4,2,900,1800
53895,11479,2,1,1800,1800
53896,11479,8,1,1500,1500
53897,11480,7,3,3800,11400
53898,11481,7,1,3800,3800
53899,11481,2,2,1800,3600
53900,11481,8,1,1500,1500
53901,11482,5,2,1600,3200
53902,11483,8,2,1500,3000
53903,11483,1,2,1100,2200
53904,11483,6,2,750,1500
53905,11483,4,2,900,1800
53906,11483,3,1,2200,2200
53907,11483,2,1,1800,1800
53908,11483,5,3,1600,4800
53909,11484,6,3,750,2250
53910,11484,4,3,900,2700
53911,11484,2,3,1800,5400
53912,11484,5,3,1600,4800
53913,11485,6,3,750,2250
53914,11486,3,3,2200,6600
53915,11486,8,3,1500,4500
53916,11487,7,1,3800,3800
53917,11488,4,1,900,900
53918,11489,7,2,3800,7600
53919,11489,5,1,1600,1600
53920,11490,7,1,3800,3800
53921,11490,5,3,1600,4800
53922,11490,3,1,2200,2200
53923,11490,8,2,1500,3000
53924,11490,2,3,1800,5400
53925,11490,6,3,750,2250
53926,11491,2,2,1800,3600
53927,11492,2,3,1800,5400
53928,11492,1,2,1100,2200
53929,11492,8,1,1500,1500
53930,11492,7,2,3800,7600
53931,11493,8,1,1500,1500
53932,11493,3,2,2200,4400
53933,11493,4,3,900,2700
53934,11493,5,1,1600,1600
53935,11493,7,1,3800,3800
53936,11493,2,3,1800,5400
53937,11493,1,3,1100,3300
53938,11494,6,3,750,2250
53939,11494,1,3,1100,3300
53940,11494,8,3,1500,4500
53941,11495,2,3,1800,5400
53942,11495,8,2,1500,3000
53943,11495,7,3,3800,11400
53944,11496,7,1,3800,3800
53945,11496,4,3,900,2700
53946,11496,2,2,1800,3600
53947,11497,3,1,2200,2200
53948,11497,7,3,3800,11400
53949,11497,4,3,900,2700
53950,11497,1,2,1100,2200
53951,11497,6,2,750,1500
53952,11498,3,1,2200,2200
53953,11499,2,1,1800,1800
53954,11500,7,1,3800,3800
53955,11500,4,1,900,900
53956,11500,1,1,1100,1100
53957,11500,6,1,750,750
53958,11501,2,1,1800,1800
53959,11502,8,2,1500,3000
53960,11503,3,1,2200,2200
53961,11503,2,3,1800,5400
53962,11503,4,2,900,1800
53963,11503,8,3,1500,4500
53964,11503,6,1,750,750
53965,11503,7,2,3800,7600
53966,11504,8,3,1500,4500
53967,11505,5,1,1600,1600
53968,11505,8,3,1500,4500
53969,11505,1,1,1100,1100
53970,11506,4,1,900,900
53971,11506,1,3,1100,3300
53972,11507,4,2,900,1800
53973,11507,3,1,2200,2200
53974,11508,5,3,1600,4800
53975,11508,2,2,1800,3600
53976,11509,1,1,1100,1100
53977,11509,8,1,1500,1500
53978,11510,4,2,900,1800
53979,11511,8,1,1500,1500
53980,11511,6,2,750,1500
53981,11511,5,2,1600,3200
53982,11512,4,2,900,1800
53983,11512,6,3,750,2250
53984,11512,3,2,2200,4400
53985,11513,8,2,1500,3000
53986,11513,4,3,900,2700
53987,11513,3,2,2200,4400
53988,11513,7,3,3800,11400
53989,11514,3,2,2200,4400
53990,11514,8,3,1500,4500
53991,11515,3,1,2200,2200
53992,11515,6,3,750,2250
53993,11515,5,1,1600,1600
53994,11516,5,3,1600,4800
53995,11516,1,3,1100,3300
53996,11516,8,3,1500,4500
53997,11516,2,1,1800,1800
53998,11517,8,2,1500,3000
53999,11517,1,1,1100,1100
54000,11517,3,3,2200,6600
54001,11518,4,2,900,1800
54002,11519,5,3,1600,4800
54003,11519,1,2,1100,2200
54004,11519,8,1,1500,1500
54005,11519,3,1,2200,2200
54006,11520,6,2,750,1500
54007,11521,7,2,3800,7600
54008,11521,3,3,2200,6600
54009,11521,2,2,1800,3600
54010,11522,3,3,2200,6600
54011,11522,2,1,1800,1800
54012,11522,6,3,750,2250
54013,11522,4,3,900,2700
54014,11522,7,3,3800,11400
54015,11523,8,1,1500,1500
54016,11523,4,2,900,1800
54017,11523,2,2,1800,3600
54018,11523,7,3,3800,11400
54019,11524,4,3,900,2700
54020,11524,6,1,750,750
54021,11525,7,1,3800,3800
54022,11525,5,2,1600,3200
54023,11525,4,1,900,900
54024,11526,4,3,900,2700
54025,11526,6,1,750,750
54026,11526,1,2,1100,2200
54027,11527,2,3,1800,5400
54028,11528,7,1,3800,3800
54029,11529,8,1,1500,1500
54030,11529,5,2,1600,3200
54031,11529,1,1,1100,1100
54032,11529,2,1,1800,1800
54033,11529,6,3,750,2250
54034,11529,7,3,3800,11400
54035,11529,3,3,2200,6600
54036,11530,4,1,900,900
54037,11531,3,1,2200,2200
54038,11531,4,3,900,2700
54039,11531,1,3,1100,3300
54040,11531,7,2,3800,7600
54041,11532,7,3,3800,11400
54042,11533,3,2,2200,4400
54043,11533,6,3,750,2250
54044,11533,5,1,1600,1600
54045,11534,2,3,1800,5400
54046,11535,3,2,2200,4400
54047,11536,6,1,750,750
54048,11536,5,2,1600,3200
54049,11536,2,1,1800,1800
54050,11536,1,2,1100,2200
54051,11536,4,3,900,2700
54052,11536,3,2,2200,4400
54053,11536,7,3,3800,11400
54054,11536,8,2,1500,3000
54055,11537,1,2,1100,2200
54056,11537,5,1,1600,1600
54057,11537,8,1,1500,1500
54058,11537,3,1,2200,2200
54059,11537,7,2,3800,7600
54060,11537,6,3,750,2250
54061,11538,1,1,1100,1100
54062,11538,5,1,1600,1600
54063,11539,1,1,1100,1100
54064,11540,2,1,1800,1800
54065,11540,3,1,2200,2200
54066,11540,4,3,900,2700
54067,11541,7,3,3800,11400
54068,11541,6,1,750,750
54069,11542,1,2,1100,2200
54070,11543,4,2,900,1800
54071,11544,8,2,1500,3000
54072,11545,4,3,900,2700
54073,11545,3,1,2200,2200
54074,11545,6,2,750,1500
54075,11545,1,2,1100,2200
54076,11545,7,3,3800,11400
54077,11545,5,3,1600,4800
54078,11546,3,1,2200,2200
54079,11546,6,2,750,1500
54080,11547,3,1,2200,2200
54081,11547,2,2,1800,3600
54082,11547,6,2,750,1500
54083,11547,7,2,3800,7600
54084,11547,5,2,1600,3200
54085,11547,8,1,1500,1500
54086,11548,7,1,3800,3800
54087,11548,5,2,1600,3200
54088,11549,2,3,1800,5400
54089,11549,4,2,900,1800
54090,11549,1,1,1100,1100
54091,11550,6,2,750,1500
54092,11550,5,1,1600,1600
54093,11551,6,3,750,2250
54094,11551,1,2,1100,2200
54095,11551,5,1,1600,1600
54096,11552,3,1,2200,2200
54097,11553,8,1,1500,1500
54098,11554,2,2,1800,3600
54099,11554,4,2,900,1800
54100,11554,5,1,1600,1600
54101,11555,2,1,1800,1800
54102,11555,6,3,750,2250
54103,11556,1,1,1100,1100
54104,11557,4,3,900,2700
54105,11557,3,1,2200,2200
54106,11557,8,2,1500,3000
54107,11557,7,3,3800,11400
54108,11558,6,3,750,2250
54109,11558,2,3,1800,5400
54110,11558,1,1,1100,1100
54111,11558,4,2,900,1800
54112,11558,3,2,2200,4400
54113,11559,2,2,1800,3600
54114,11560,6,1,750,750
54115,11560,2,1,1800,1800
54116,11561,7,3,3800,11400
54117,11561,8,1,1500,1500
54118,11561,4,3,900,2700
54119,11561,3,3,2200,6600
54120,11561,2,3,1800,5400
54121,11562,8,1,1500,1500
54122,11562,5,1,1600,1600
54123,11562,1,3,1100,3300
54124,11562,2,2,1800,3600
54125,11563,3,2,2200,4400
54126,11563,7,1,3800,3800
54127,11563,6,3,750,2250
54128,11564,6,1,750,750
54129,11564,8,2,1500,3000
54130,11564,1,1,1100,1100
54131,11564,4,2,900,1800
54132,11564,7,3,3800,11400
54133,11565,4,2,900,1800
54134,11566,7,2,3800,7600
54135,11567,8,3,1500,4500
54136,11567,3,1,2200,2200
54137,11567,7,2,3800,7600
54138,11568,4,3,900,2700
54139,11568,7,1,3800,3800
54140,11568,5,2,1600,3200
54141,11569,3,1,2200,2200
54142,11569,6,3,750,2250
54143,11569,4,3,900,2700
54144,11569,7,1,3800,3800
54145,11569,1,2,1100,2200
54146,11570,5,3,1600,4800
54147,11571,8,1,1500,1500
54148,11571,5,1,1600,1600
54149,11571,3,3,2200,6600
54150,11572,8,3,1500,4500
54151,11572,7,2,3800,7600
54152,11573,8,2,1500,3000
54153,11573,2,3,1800,5400
54154,11573,5,1,1600,1600
54155,11573,7,2,3800,7600
54156,11573,1,2,1100,2200
54157,11574,6,2,750,1500
54158,11574,2,2,1800,3600
54159,11575,4,3,900,2700
54160,11576,8,1,1500,1500
54161,11577,8,1,1500,1500
54162,11578,5,1,1600,1600
54163,11579,3,3,2200,6600
54164,11579,2,3,1800,5400
54165,11579,7,2,3800,7600
54166,11579,8,2,1500,3000
54167,11580,3,2,2200,4400
54168,11580,8,3,1500,4500
54169,11581,1,3,1100,3300
54170,11582,4,3,900,2700
54171,11583,4,2,900,1800
54172,11583,2,1,1800,1800
54173,11583,5,1,1600,1600
54174,11584,6,2,750,1500
54175,11585,6,1,750,750
54176,11586,8,3,1500,4500
54177,11586,6,1,750,750
54178,11586,5,1,1600,1600
54179,11586,7,3,3800,11400
54180,11586,2,3,1800,5400
54181,11587,5,1,1600,1600
54182,11588,3,1,2200,2200
54183,11589,6,1,750,750
54184,11589,1,3,1100,3300
54185,11589,8,1,1500,1500
54186,11589,7,2,3800,7600
54187,11590,5,2,1600,3200
54188,11590,6,3,750,2250
54189,11590,2,2,1800,3600
54190,11591,5,2,1600,3200
54191,11592,8,3,1500,4500
54192,11592,4,1,900,900
54193,11592,1,2,1100,2200
54194,11592,7,3,3800,11400
54195,11593,3,2,2200,4400
54196,11594,2,2,1800,3600
54197,11594,5,2,1600,3200
54198,11595,4,2,900,1800
54199,11595,8,1,1500,1500
54200,11595,2,1,1800,1800
54201,11596,7,1,3800,3800
54202,11596,8,1,1500,1500
54203,11596,6,3,750,2250
54204,11597,7,2,3800,7600
54205,11597,6,1,750,750
54206,11597,5,2,1600,3200
54207,11597,2,3,1800,5400
54208,11597,3,3,2200,6600
54209,11597,1,3,1100,3300
54210,11597,4,3,900,2700
54211,11597,8,1,1500,1500
54212,11598,4,1,900,900
54213,11598,1,3,1100,3300
54214,11598,6,2,750,1500
54215,11598,2,2,1800,3600
54216,11599,3,3,2200,6600
54217,11599,1,1,1100,1100
54218,11600,7,2,3800,7600
54219,11601,2,3,1800,5400
54220,11601,4,1,900,900
54221,11602,8,3,1500,4500
54222,11603,8,2,1500,3000
54223,11603,1,3,1100,3300
54224,11604,3,2,2200,4400
54225,11604,1,3,1100,3300
54226,11604,6,2,750,1500
54227,11604,2,3,1800,5400
54228,11605,1,2,1100,2200
54229,11605,3,1,2200,2200
54230,11605,4,2,900,1800
54231,11605,7,3,3800,11400
54232,11606,8,3,1500,4500
54233,11606,7,1,3800,3800
54234,11606,6,1,750,750
54235,11606,2,1,1800,1800
54236,11607,8,3,1500,4500
54237,11607,2,3,1800,5400
54238,11607,3,1,2200,2200
54239,11608,1,1,1100,1100
54240,11608,8,3,1500,4500
54241,11609,1,3,1100,3300
54242,11609,7,1,3800,3800
54243,11609,8,3,1500,4500
54244,11609,4,3,900,2700
54245,11610,2,3,1800,5400
54246,11610,1,3,1100,3300
54247,11611,3,1,2200,2200
54248,11612,5,3,1600,4800
54249,11612,7,1,3800,3800
54250,11612,6,3,750,2250
54251,11613,7,3,3800,11400
54252,11613,3,2,2200,4400
54253,11613,1,3,1100,3300
54254,11613,2,1,1800,1800
54255,11614,1,3,1100,3300
54256,11614,8,1,1500,1500
54257,11614,2,2,1800,3600
54258,11614,6,1,750,750
54259,11614,3,3,2200,6600
54260,11614,4,3,900,2700
54261,11615,4,1,900,900
54262,11616,4,1,900,900
54263,11616,3,3,2200,6600
54264,11617,2,3,1800,5400
54265,11618,5,2,1600,3200
54266,11618,8,2,1500,3000
54267,11619,5,3,1600,4800
54268,11619,6,1,750,750
54269,11619,1,2,1100,2200
54270,11619,8,2,1500,3000
54271,11619,7,2,3800,7600
54272,11619,3,1,2200,2200
54273,11620,4,2,900,1800
54274,11620,2,1,1800,1800
54275,11621,8,1,1500,1500
54276,11621,5,3,1600,4800
54277,11621,6,1,750,750
54278,11621,2,2,1800,3600
54279,11621,7,1,3800,3800
54280,11622,2,1,1800,1800
54281,11622,7,1,3800,3800
54282,11622,6,2,750,1500
54283,11622,3,2,2200,4400
54284,11623,4,3,900,2700
54285,11623,5,3,1600,4800
54286,11624,2,1,1800,1800
54287,11624,7,1,3800,3800
54288,11624,4,2,900,1800
54289,11625,3,1,2200,2200
54290,11626,2,1,1800,1800
54291,11627,2,1,1800,1800
54292,11627,1,1,1100,1100
54293,11628,7,2,3800,7600
54294,11628,1,2,1100,2200
54295,11628,5,3,1600,4800
54296,11629,7,3,3800,11400
54297,11629,4,1,900,900
54298,11629,1,3,1100,3300
54299,11629,8,2,1500,3000
54300,11630,1,1,1100,1100
54301,11631,6,1,750,750
54302,11631,5,2,1600,3200
54303,11631,2,1,1800,1800
54304,11631,3,1,2200,2200
54305,11632,8,3,1500,4500
54306,11632,2,1,1800,1800
54307,11632,4,3,900,2700
54308,11633,4,1,900,900
54309,11634,4,2,900,1800
54310,11634,1,3,1100,3300
54311,11635,6,2,750,1500
54312,11635,4,2,900,1800
54313,11635,8,1,1500,1500
54314,11635,3,1,2200,2200
54315,11635,7,3,3800,11400
54316,11635,1,2,1100,2200
54317,11635,2,3,1800,5400
54318,11635,5,3,1600,4800
54319,11636,3,1,2200,2200
54320,11636,1,1,1100,1100
54321,11637,8,3,1500,4500
54322,11637,3,3,2200,6600
54323,11637,1,2,1100,2200
54324,11638,5,1,1600,1600
54325,11639,6,3,750,2250
54326,11639,8,3,1500,4500
54327,11640,5,3,1600,4800
54328,11641,4,1,900,900
54329,11641,1,1,1100,1100
54330,11641,7,2,3800,7600
54331,11641,3,2,2200,4400
54332,11641,2,1,1800,1800
54333,11641,6,2,750,1500
54334,11642,6,2,750,1500
54335,11643,1,1,1100,1100
54336,11644,8,3,1500,4500
54337,11644,7,2,3800,7600
54338,11644,2,3,1800,5400
54339,11645,8,3,1500,4500
54340,11645,6,2,750,1500
54341,11646,6,1,750,750
54342,11647,2,2,1800,3600
54343,11647,8,3,1500,4500
54344,11647,1,3,1100,3300
54345,11647,4,3,900,2700
54346,11647,7,2,3800,7600
54347,11647,3,3,2200,6600
54348,11647,5,3,1600,4800
54349,11647,6,3,750,2250
54350,11648,5,3,1600,4800
54351,11648,6,3,750,2250
54352,11648,4,3,900,2700
54353,11648,1,3,1100,3300
54354,11649,2,3,1800,5400
54355,11649,6,2,750,1500
54356,11650,3,2,2200,4400
54357,11650,4,2,900,1800
54358,11650,8,1,1500,1500
54359,11651,1,2,1100,2200
54360,11651,7,2,3800,7600
54361,11651,4,1,900,900
54362,11651,3,3,2200,6600
54363,11651,2,2,1800,3600
54364,11652,4,2,900,1800
54365,11652,8,2,1500,3000
54366,11652,1,3,1100,3300
54367,11652,2,3,1800,5400
54368,11653,2,3,1800,5400
54369,11653,6,2,750,1500
54370,11653,3,1,2200,2200
54371,11653,5,3,1600,4800
54372,11653,7,1,3800,3800
54373,11653,4,2,900,1800
54374,11654,5,3,1600,4800
54375,11654,8,2,1500,3000
54376,11655,2,2,1800,3600
54377,11655,7,2,3800,7600
54378,11655,5,2,1600,3200
54379,11655,3,2,2200,4400
54380,11656,3,3,2200,6600
54381,11656,2,2,1800,3600
54382,11657,7,2,3800,7600
54383,11657,2,2,1800,3600
54384,11657,8,3,1500,4500
54385,11658,1,2,1100,2200
54386,11658,5,3,1600,4800
54387,11658,6,1,750,750
54388,11659,6,2,750,1500
54389,11660,2,1,1800,1800
54390,11660,8,1,1500,1500
54391,11660,6,3,750,2250
54392,11660,3,1,2200,2200
54393,11661,4,2,900,1800
54394,11661,6,3,750,2250
54395,11661,1,2,1100,2200
54396,11662,8,3,1500,4500
54397,11662,4,1,900,900
54398,11662,7,1,3800,3800
54399,11662,1,2,1100,2200
54400,11662,6,2,750,1500
54401,11662,3,1,2200,2200
54402,11662,2,2,1800,3600
54403,11663,6,1,750,750
54404,11663,7,2,3800,7600
54405,11663,4,2,900,1800
54406,11664,8,1,1500,1500
54407,11665,6,2,750,1500
54408,11666,2,2,1800,3600
54409,11666,4,2,900,1800
54410,11667,8,3,1500,4500
54411,11667,3,3,2200,6600
54412,11668,4,3,900,2700
54413,11668,5,3,1600,4800
54414,11668,3,2,2200,4400
54415,11668,2,1,1800,1800
54416,11669,8,2,1500,3000
54417,11669,3,1,2200,2200
54418,11670,6,1,750,750
54419,11671,6,1,750,750
54420,11672,1,2,1100,2200
54421,11672,6,3,750,2250
54422,11672,2,1,1800,1800
54423,11673,7,2,3800,7600
54424,11673,2,1,1800,1800
54425,11673,4,3,900,2700
54426,11673,3,3,2200,6600
54427,11674,1,3,1100,3300
54428,11674,4,2,900,1800
54429,11674,7,2,3800,7600
54430,11675,6,1,750,750
54431,11676,6,1,750,750
54432,11676,3,3,2200,6600
54433,11676,7,1,3800,3800
54434,11676,5,3,1600,4800
54435,11677,8,1,1500,1500
54436,11678,6,1,750,750
54437,11678,4,2,900,1800
54438,11678,1,1,1100,1100
54439,11679,4,3,900,2700
54440,11679,5,1,1600,1600
54441,11679,1,2,1100,2200
54442,11679,8,3,1500,4500
54443,11680,5,3,1600,4800
54444,11680,6,1,750,750
54445,11681,6,1,750,750
54446,11681,5,1,1600,1600
54447,11682,1,2,1100,2200
54448,11683,8,2,1500,3000
54449,11683,3,2,2200,4400
54450,11684,2,1,1800,1800
54451,11685,5,1,1600,1600
54452,11686,7,1,3800,3800
54453,11687,6,2,750,1500
54454,11687,2,1,1800,1800
54455,11688,1,1,1100,1100
54456,11689,3,1,2200,2200
54457,11689,6,1,750,750
54458,11690,7,3,3800,11400
54459,11691,4,2,900,1800
54460,11691,1,2,1100,2200
54461,11692,5,1,1600,1600
54462,11693,3,1,2200,2200
54463,11693,8,1,1500,1500
54464,11693,5,2,1600,3200
54465,11694,2,2,1800,3600
54466,11694,1,2,1100,2200
54467,11694,7,3,3800,11400
54468,11695,8,1,1500,1500
54469,11695,6,1,750,750
54470,11695,1,3,1100,3300
54471,11695,7,1,3800,3800
54472,11696,1,1,1100,1100
54473,11697,6,1,750,750
54474,11698,3,3,2200,6600
54475,11699,2,3,1800,5400
54476,11700,5,1,1600,1600
54477,11700,8,1,1500,1500
54478,11700,4,1,900,900
54479,11700,6,2,750,1500
54480,11700,2,3,1800,5400
54481,11700,7,2,3800,7600
54482,11701,1,2,1100,2200
54483,11701,5,3,1600,4800
54484,11701,8,3,1500,4500
54485,11702,2,3,1800,5400
54486,11703,4,1,900,900
54487,11703,2,3,1800,5400
54488,11703,8,1,1500,1500
54489,11703,6,1,750,750
54490,11704,3,3,2200,6600
54491,11705,2,3,1800,5400
54492,11705,4,2,900,1800
54493,11706,8,1,1500,1500
54494,11707,2,2,1800,3600
54495,11707,3,2,2200,4400
54496,11707,5,3,1600,4800
54497,11707,8,1,1500,1500
54498,11708,6,2,750,1500
54499,11708,1,2,1100,2200
54500,11709,6,1,750,750
54501,11709,5,3,1600,4800
54502,11709,7,2,3800,7600
54503,11710,2,1,1800,1800
54504,11711,8,3,1500,4500
54505,11711,4,1,900,900
54506,11711,1,2,1100,2200
54507,11712,8,3,1500,4500
54508,11713,4,2,900,1800
54509,11713,7,3,3800,11400
54510,11713,1,2,1100,2200
54511,11714,2,3,1800,5400
54512,11715,8,3,1500,4500
54513,11715,5,3,1600,4800
54514,11716,1,1,1100,1100
54515,11716,7,1,3800,3800
54516,11716,5,3,1600,4800
54517,11716,4,3,900,2700
54518,11717,8,3,1500,4500
54519,11717,7,2,3800,7600
54520,11717,5,2,1600,3200
54521,11717,3,2,2200,4400
54522,11718,5,2,1600,3200
54523,11718,7,1,3800,3800
54524,11718,2,1,1800,1800
54525,11719,4,3,900,2700
54526,11720,1,3,1100,3300
54527,11720,2,3,1800,5400
54528,11720,6,3,750,2250
54529,11721,7,2,3800,7600
54530,11721,3,3,2200,6600
54531,11722,3,3,2200,6600
54532,11722,6,3,750,2250
54533,11722,2,2,1800,3600
54534,11722,1,2,1100,2200
54535,11723,2,1,1800,1800
54536,11724,5,2,1600,3200
54537,11724,2,3,1800,5400
54538,11724,7,2,3800,7600
54539,11725,4,1,900,900
54540,11725,7,1,3800,3800
54541,11726,7,3,3800,11400
54542,11727,3,3,2200,6600
54543,11727,4,2,900,1800
54544,11728,4,2,900,1800
54545,11728,1,1,1100,1100
54546,11728,8,2,1500,3000
54547,11729,5,1,1600,1600
54548,11730,4,3,900,2700
54549,11731,2,3,1800,5400
54550,11732,4,2,900,1800
54551,11732,1,2,1100,2200
54552,11733,5,1,1600,1600
54553,11733,8,3,1500,4500
54554,11734,1,3,1100,3300
54555,11734,2,1,1800,1800
54556,11735,7,2,3800,7600
54557,11735,8,2,1500,3000
54558,11736,6,3,750,2250
54559,11736,7,2,3800,7600
54560,11736,8,3,1500,4500
54561,11737,6,2,750,1500
54562,11737,4,2,900,1800
54563,11738,4,3,900,2700
54564,11738,2,2,1800,3600
54565,11738,7,3,3800,11400
54566,11738,1,1,1100,1100
54567,11738,8,2,1500,3000
54568,11739,7,3,3800,11400
54569,11739,2,2,1800,3600
54570,11740,6,3,750,2250
54571,11740,2,2,1800,3600
54572,11741,8,2,1500,3000
54573,11742,5,1,1600,1600
54574,11743,7,2,3800,7600
54575,11743,3,1,2200,2200
54576,11743,1,1,1100,1100
54577,11743,4,3,900,2700
54578,11744,5,3,1600,4800
54579,11744,4,3,900,2700
54580,11745,2,3,1800,5400
54581,11745,1,1,1100,1100
54582,11745,8,2,1500,3000
54583,11745,3,3,2200,6600
54584,11746,6,3,750,2250
54585,11746,4,2,900,1800
54586,11747,3,3,2200,6600
54587,11747,7,2,3800,7600
54588,11748,5,1,1600,1600
54589,11748,3,1,2200,2200
54590,11748,2,2,1800,3600
54591,11748,8,3,1500,4500
54592,11748,7,2,3800,7600
54593,11748,6,3,750,2250
54594,11748,1,3,1100,3300
54595,11749,8,2,1500,3000
54596,11749,2,2,1800,3600
54597,11749,6,3,750,2250
54598,11749,5,2,1600,3200
54599,11750,8,1,1500,1500
54600,11751,3,3,2200,6600
54601,11751,5,1,1600,1600
54602,11752,8,1,1500,1500
54603,11752,1,3,1100,3300
54604,11752,7,3,3800,11400
54605,11753,5,1,1600,1600
54606,11754,4,3,900,2700
54607,11754,1,3,1100,3300
54608,11754,5,1,1600,1600
54609,11755,2,3,1800,5400
54610,11755,5,3,1600,4800
54611,11755,8,3,1500,4500
54612,11756,1,2,1100,2200
54613,11757,6,1,750,750
54614,11757,8,1,1500,1500
54615,11757,5,1,1600,1600
54616,11757,7,3,3800,11400
54617,11757,4,1,900,900
54618,11758,5,1,1600,1600
54619,11758,4,3,900,2700
54620,11758,1,1,1100,1100
54621,11759,5,1,1600,1600
54622,11759,3,3,2200,6600
54623,11760,8,1,1500,1500
54624,11761,1,1,1100,1100
54625,11762,3,3,2200,6600
54626,11762,7,1,3800,3800
54627,11762,4,1,900,900
54628,11762,2,1,1800,1800
54629,11763,3,1,2200,2200
54630,11764,4,1,900,900
54631,11765,5,1,1600,1600
54632,11766,5,1,1600,1600
54633,11766,3,3,2200,6600
54634,11766,8,3,1500,4500
54635,11767,8,1,1500,1500
54636,11768,2,3,1800,5400
54637,11768,8,2,1500,3000
54638,11768,6,3,750,2250
54639,11768,7,2,3800,7600
54640,11769,3,2,2200,4400
54641,11769,2,3,1800,5400
54642,11769,1,1,1100,1100
54643,11770,8,3,1500,4500
54644,11770,4,1,900,900
54645,11770,1,1,1100,1100
54646,11771,7,3,3800,11400
54647,11771,1,3,1100,3300
54648,11771,2,3,1800,5400
54649,11771,4,1,900,900
54650,11772,7,2,3800,7600
54651,11772,2,1,1800,1800
54652,11772,3,2,2200,4400
54653,11772,1,3,1100,3300
54654,11772,8,3,1500,4500
54655,11773,6,2,750,1500
54656,11773,7,3,3800,11400
54657,11773,5,2,1600,3200
54658,11774,4,2,900,1800
54659,11774,6,1,750,750
54660,11775,5,2,1600,3200
54661,11776,7,2,3800,7600
54662,11776,5,2,1600,3200
54663,11777,3,3,2200,6600
54664,11777,1,3,1100,3300
54665,11777,8,2,1500,3000
54666,11778,6,2,750,1500
54667,11779,7,1,3800,3800
54668,11779,6,1,750,750
54669,11780,3,3,2200,6600
54670,11780,8,2,1500,3000
54671,11781,5,1,1600,1600
54672,11781,2,3,1800,5400
54673,11781,1,1,1100,1100
54674,11781,3,3,2200,6600
54675,11781,8,3,1500,4500
54676,11781,4,1,900,900
54677,11782,4,1,900,900
54678,11782,3,2,2200,4400
54679,11782,6,1,750,750
54680,11783,7,3,3800,11400
54681,11783,2,1,1800,1800
54682,11783,5,2,1600,3200
54683,11784,4,2,900,1800
54684,11784,7,2,3800,7600
54685,11784,2,3,1800,5400
54686,11785,2,3,1800,5400
54687,11786,2,2,1800,3600
54688,11787,8,1,1500,1500
54689,11788,8,3,1500,4500
54690,11789,2,2,1800,3600
54691,11789,7,2,3800,7600
54692,11790,6,3,750,2250
54693,11790,8,3,1500,4500
54694,11791,3,1,2200,2200
54695,11791,6,2,750,1500
54696,11792,1,3,1100,3300
54697,11792,4,2,900,1800
54698,11793,4,2,900,1800
54699,11793,3,2,2200,4400
54700,11794,2,2,1800,3600
54701,11795,6,3,750,2250
54702,11796,5,2,1600,3200
54703,11796,8,1,1500,1500
54704,11796,2,3,1800,5400
54705,11797,4,2,900,1800
54706,11798,7,3,3800,11400
54707,11798,6,2,750,1500
54708,11798,2,1,1800,1800
54709,11799,2,2,1800,3600
54710,11799,1,3,1100,3300
54711,11799,3,2,2200,4400
54712,11799,5,3,1600,4800
54713,11799,8,2,1500,3000
54714,11800,1,3,1100,3300
54715,11801,5,1,1600,1600
54716,11801,6,2,750,1500
54717,11802,8,2,1500,3000
54718,11803,4,2,900,1800
54719,11804,8,1,1500,1500
54720,11804,4,2,900,1800
54721,11804,2,2,1800,3600
54722,11805,4,2,900,1800
54723,11805,2,3,1800,5400
54724,11806,3,2,2200,4400
54725,11806,7,2,3800,7600
54726,11806,5,3,1600,4800
54727,11807,6,1,750,750
54728,11807,5,1,1600,1600
54729,11808,8,2,1500,3000
54730,11809,1,2,1100,2200
54731,11809,2,2,1800,3600
54732,11809,4,3,900,2700
54733,11809,6,1,750,750
54734,11809,5,1,1600,1600
54735,11809,8,2,1500,3000
54736,11810,6,1,750,750
54737,11810,1,1,1100,1100
54738,11811,3,1,2200,2200
54739,11811,8,1,1500,1500
54740,11811,2,1,1800,1800
54741,11812,8,2,1500,3000
54742,11812,2,1,1800,1800
54743,11813,3,3,2200,6600
54744,11813,2,2,1800,3600
54745,11813,5,3,1600,4800
54746,11814,3,2,2200,4400
54747,11815,7,1,3800,3800
54748,11816,8,2,1500,3000
54749,11816,2,2,1800,3600
54750,11816,1,2,1100,2200
54751,11816,3,2,2200,4400
54752,11817,1,1,1100,1100
54753,11818,4,3,900,2700
54754,11818,5,1,1600,1600
54755,11819,8,3,1500,4500
54756,11819,4,2,900,1800
54757,11819,3,2,2200,4400
54758,11819,2,1,1800,1800
54759,11819,1,3,1100,3300
54760,11820,3,1,2200,2200
54761,11820,7,2,3800,7600
54762,11821,5,3,1600,4800
54763,11822,8,3,1500,4500
54764,11823,2,1,1800,1800
54765,11823,6,3,750,2250
54766,11824,2,1,1800,1800
54767,11824,7,3,3800,11400
54768,11825,2,1,1800,1800
54769,11825,5,2,1600,3200
54770,11825,6,2,750,1500
54771,11826,7,2,3800,7600
54772,11827,5,3,1600,4800
54773,11828,2,2,1800,3600
54774,11828,1,1,1100,1100
54775,11828,5,2,1600,3200
54776,11828,4,2,900,1800
54777,11829,6,3,750,2250
54778,11830,2,2,1800,3600
54779,11831,7,1,3800,3800
54780,11831,6,1,750,750
54781,11831,3,2,2200,4400
54782,11831,5,3,1600,4800
54783,11832,6,2,750,1500
54784,11832,2,3,1800,5400
54785,11833,3,3,2200,6600
54786,11833,2,3,1800,5400
54787,11833,1,1,1100,1100
54788,11833,8,3,1500,4500
54789,11833,4,1,900,900
54790,11833,6,1,750,750
54791,11834,1,3,1100,3300
54792,11834,4,3,900,2700
54793,11834,2,2,1800,3600
54794,11835,8,3,1500,4500
54795,11835,5,3,1600,4800
54796,11836,7,2,3800,7600
54797,11837,7,2,3800,7600
54798,11837,3,1,2200,2200
54799,11838,6,2,750,1500
54800,11838,8,2,1500,3000
54801,11838,4,3,900,2700
54802,11838,2,3,1800,5400
54803,11838,7,2,3800,7600
54804,11838,5,2,1600,3200
54805,11838,1,2,1100,2200
54806,11838,3,1,2200,2200
54807,11839,8,3,1500,4500
54808,11839,3,1,2200,2200
54809,11840,2,2,1800,3600
54810,11841,5,2,1600,3200
54811,11842,8,3,1500,4500
54812,11843,1,2,1100,2200
54813,11843,4,3,900,2700
54814,11843,5,1,1600,1600
54815,11844,6,2,750,1500
54816,11844,3,2,2200,4400
54817,11845,8,3,1500,4500
54818,11845,4,3,900,2700
54819,11845,5,2,1600,3200
54820,11846,7,2,3800,7600
54821,11846,3,3,2200,6600
54822,11846,1,3,1100,3300
54823,11847,8,2,1500,3000
54824,11847,4,3,900,2700
54825,11847,6,2,750,1500
54826,11848,4,1,900,900
54827,11849,3,3,2200,6600
54828,11849,4,2,900,1800
54829,11849,5,3,1600,4800
54830,11849,1,3,1100,3300
54831,11849,2,2,1800,3600
54832,11849,7,1,3800,3800
54833,11849,8,3,1500,4500
54834,11849,6,2,750,1500
54835,11850,8,3,1500,4500
54836,11851,7,1,3800,3800
54837,11852,2,3,1800,5400
54838,11852,6,1,750,750
54839,11852,1,1,1100,1100
54840,11852,3,2,2200,4400
54841,11853,3,3,2200,6600
54842,11853,2,1,1800,1800
54843,11853,1,2,1100,2200
54844,11854,4,1,900,900
54845,11854,2,3,1800,5400
54846,11854,5,3,1600,4800
54847,11854,3,2,2200,4400
54848,11855,7,3,3800,11400
54849,11855,2,3,1800,5400
54850,11856,5,1,1600,1600
54851,11856,8,3,1500,4500
54852,11857,6,1,750,750
54853,11857,5,3,1600,4800
54854,11857,1,3,1100,3300
54855,11858,4,2,900,1800
54856,11858,5,2,1600,3200
54857,11858,6,1,750,750
54858,11858,8,1,1500,1500
54859,11859,3,1,2200,2200
54860,11860,2,2,1800,3600
54861,11860,3,1,2200,2200
54862,11860,4,2,900,1800
54863,11861,6,2,750,1500
54864,11862,6,1,750,750
54865,11863,8,3,1500,4500
54866,11863,6,1,750,750
54867,11864,6,2,750,1500
54868,11864,4,1,900,900
54869,11864,2,1,1800,1800
54870,11864,8,3,1500,4500
54871,11864,7,1,3800,3800
54872,11865,3,1,2200,2200
54873,11865,5,2,1600,3200
54874,11866,7,1,3800,3800
54875,11866,6,3,750,2250
54876,11866,2,3,1800,5400
54877,11867,5,1,1600,1600
54878,11867,4,2,900,1800
54879,11867,2,3,1800,5400
54880,11867,3,2,2200,4400
54881,11868,7,1,3800,3800
54882,11868,2,1,1800,1800
54883,11868,3,1,2200,2200
54884,11868,8,3,1500,4500
54885,11869,8,1,1500,1500
54886,11869,2,3,1800,5400
54887,11869,7,3,3800,11400
54888,11869,5,2,1600,3200
54889,11869,4,2,900,1800
54890,11869,1,3,1100,3300
54891,11869,3,2,2200,4400
54892,11870,8,3,1500,4500
54893,11870,6,1,750,750
54894,11870,7,3,3800,11400
54895,11871,2,1,1800,1800
54896,11871,7,1,3800,3800
54897,11872,2,1,1800,1800
54898,11872,3,3,2200,6600
54899,11872,5,2,1600,3200
54900,11873,6,3,750,2250
54901,11873,3,3,2200,6600
54902,11874,6,1,750,750
54903,11875,3,1,2200,2200
54904,11875,7,1,3800,3800
54905,11876,3,3,2200,6600
54906,11876,4,2,900,1800
54907,11877,8,2,1500,3000
54908,11877,6,3,750,2250
54909,11877,5,1,1600,1600
54910,11878,6,2,750,1500
54911,11879,5,3,1600,4800
54912,11879,4,3,900,2700
54913,11879,3,3,2200,6600
54914,11880,6,2,750,1500
54915,11880,2,3,1800,5400
54916,11881,6,3,750,2250
54917,11881,3,2,2200,4400
54918,11881,7,2,3800,7600
54919,11882,2,2,1800,3600
54920,11882,4,2,900,1800
54921,11882,8,1,1500,1500
54922,11882,3,2,2200,4400
54923,11882,6,2,750,1500
54924,11882,5,2,1600,3200
54925,11883,8,2,1500,3000
54926,11883,1,2,1100,2200
54927,11883,7,1,3800,3800
54928,11883,4,1,900,900
54929,11884,7,3,3800,11400
54930,11884,4,3,900,2700
54931,11884,1,3,1100,3300
54932,11885,8,3,1500,4500
54933,11886,5,2,1600,3200
54934,11886,1,2,1100,2200
54935,11887,3,2,2200,4400
54936,11887,8,1,1500,1500
54937,11887,1,2,1100,2200
54938,11888,7,2,3800,7600
54939,11889,4,1,900,900
54940,11889,2,3,1800,5400
54941,11890,8,2,1500,3000
54942,11890,1,2,1100,2200
54943,11891,7,2,3800,7600
54944,11891,8,2,1500,3000
54945,11891,3,2,2200,4400
54946,11891,1,3,1100,3300
54947,11891,4,3,900,2700
54948,11892,7,1,3800,3800
54949,11892,3,1,2200,2200
54950,11892,6,1,750,750
54951,11893,1,2,1100,2200
54952,11893,8,2,1500,3000
54953,11893,3,1,2200,2200
54954,11893,4,1,900,900
54955,11894,1,3,1100,3300
54956,11894,3,2,2200,4400
54957,11895,7,1,3800,3800
54958,11895,3,1,2200,2200
54959,11895,4,3,900,2700
54960,11896,8,2,1500,3000
54961,11896,4,3,900,2700
54962,11896,1,3,1100,3300
54963,11896,5,1,1600,1600
54964,11896,2,1,1800,1800
54965,11897,6,3,750,2250
54966,11897,2,1,1800,1800
54967,11897,3,2,2200,4400
54968,11898,7,3,3800,11400
54969,11898,5,1,1600,1600
54970,11898,3,1,2200,2200
54971,11899,5,3,1600,4800
54972,11899,8,1,1500,1500
54973,11900,5,2,1600,3200
54974,11900,1,3,1100,3300
54975,11900,2,2,1800,3600
54976,11900,7,3,3800,11400
54977,11901,5,2,1600,3200
54978,11901,7,2,3800,7600
54979,11901,2,2,1800,3600
54980,11902,6,1,750,750
54981,11902,7,3,3800,11400
54982,11903,2,3,1800,5400
54983,11904,3,2,2200,4400
54984,11904,4,2,900,1800
54985,11904,6,2,750,1500
54986,11904,7,2,3800,7600
54987,11905,6,1,750,750
54988,11906,8,1,1500,1500
54989,11907,5,3,1600,4800
54990,11907,2,3,1800,5400
54991,11907,1,2,1100,2200
54992,11908,6,1,750,750
54993,11908,8,3,1500,4500
54994,11909,6,2,750,1500
54995,11910,7,2,3800,7600
54996,11911,2,2,1800,3600
54997,11911,7,2,3800,7600
54998,11911,5,2,1600,3200
54999,11911,4,2,900,1800
55000,11911,1,2,1100,2200
55001,11912,5,2,1600,3200
55002,11912,7,2,3800,7600
55003,11913,4,3,900,2700
55004,11914,8,2,1500,3000
55005,11914,5,3,1600,4800
55006,11915,1,1,1100,1100
55007,11915,6,1,750,750
55008,11916,4,1,900,900
55009,11916,1,1,1100,1100
55010,11917,2,1,1800,1800
55011,11918,4,1,900,900
55012,11919,8,2,1500,3000
55013,11919,1,2,1100,2200
55014,11919,3,3,2200,6600
55015,11920,5,2,1600,3200
55016,11920,2,1,1800,1800
55017,11921,5,2,1600,3200
55018,11922,7,2,3800,7600
55019,11922,6,3,750,2250
55020,11923,2,3,1800,5400
55021,11923,8,2,1500,3000
55022,11923,1,1,1100,1100
55023,11924,8,3,1500,4500
55024,11924,7,2,3800,7600
55025,11924,3,2,2200,4400
55026,11924,1,3,1100,3300
55027,11924,4,2,900,1800
55028,11925,8,3,1500,4500
55029,11926,4,2,900,1800
55030,11926,7,3,3800,11400
55031,11926,3,1,2200,2200
55032,11926,6,2,750,1500
55033,11927,4,2,900,1800
55034,11927,1,3,1100,3300
55035,11928,3,3,2200,6600
55036,11928,5,1,1600,1600
55037,11928,7,2,3800,7600
55038,11929,7,2,3800,7600
55039,11929,3,2,2200,4400
55040,11929,6,3,750,2250
55041,11930,4,2,900,1800
55042,11930,3,1,2200,2200
55043,11931,3,1,2200,2200
55044,11931,7,1,3800,3800
55045,11931,1,2,1100,2200
55046,11932,8,1,1500,1500
55047,11933,8,3,1500,4500
55048,11934,8,1,1500,1500
55049,11935,1,3,1100,3300
55050,11935,8,1,1500,1500
55051,11936,7,1,3800,3800
55052,11936,1,3,1100,3300
55053,11936,3,1,2200,2200
55054,11937,2,3,1800,5400
55055,11937,1,2,1100,2200
55056,11938,8,1,1500,1500
55057,11938,2,1,1800,1800
55058,11938,6,1,750,750
55059,11939,4,2,900,1800
55060,11939,1,3,1100,3300
55061,11939,8,2,1500,3000
55062,11940,3,2,2200,4400
55063,11940,5,1,1600,1600
55064,11940,1,3,1100,3300
55065,11941,7,3,3800,11400
55066,11941,3,2,2200,4400
55067,11941,2,3,1800,5400
55068,11941,6,3,750,2250
55069,11942,1,2,1100,2200
55070,11942,2,1,1800,1800
55071,11943,2,2,1800,3600
55072,11943,1,1,1100,1100
55073,11943,3,2,2200,4400
55074,11944,6,3,750,2250
55075,11944,2,3,1800,5400
55076,11944,5,2,1600,3200
55077,11944,3,2,2200,4400
55078,11945,6,2,750,1500
55079,11946,5,3,1600,4800
55080,11946,3,1,2200,2200
55081,11947,6,3,750,2250
55082,11947,1,2,1100,2200
55083,11947,8,3,1500,4500
55084,11947,5,3,1600,4800
55085,11948,4,3,900,2700
55086,11949,3,1,2200,2200
55087,11950,6,1,750,750
55088,11950,3,3,2200,6600
55089,11951,7,1,3800,3800
55090,11951,8,1,1500,1500
55091,11951,5,2,1600,3200
55092,11951,2,2,1800,3600
55093,11952,7,1,3800,3800
55094,11953,2,3,1800,5400
55095,11954,1,3,1100,3300
55096,11954,2,1,1800,1800
55097,11955,3,1,2200,2200
55098,11955,4,3,900,2700
55099,11955,5,3,1600,4800
55100,11956,8,1,1500,1500
55101,11957,7,3,3800,11400
55102,11958,3,1,2200,2200
55103,11958,1,1,1100,1100
55104,11958,2,3,1800,5400
55105,11959,2,1,1800,1800
55106,11959,4,2,900,1800
55107,11959,1,3,1100,3300
55108,11960,5,3,1600,4800
55109,11960,8,1,1500,1500
55110,11960,4,3,900,2700
55111,11960,6,1,750,750
55112,11960,1,3,1100,3300
55113,11961,7,1,3800,3800
55114,11961,2,2,1800,3600
55115,11961,3,3,2200,6600
55116,11961,4,3,900,2700
55117,11962,3,2,2200,4400
55118,11963,1,2,1100,2200
55119,11964,5,3,1600,4800
55120,11964,1,1,1100,1100
55121,11964,2,2,1800,3600
55122,11964,3,3,2200,6600
55123,11964,4,2,900,1800
55124,11965,2,2,1800,3600
55125,11965,7,3,3800,11400
55126,11966,2,3,1800,5400
55127,11966,5,2,1600,3200
55128,11966,8,3,1500,4500
55129,11966,7,1,3800,3800
55130,11967,3,1,2200,2200
55131,11967,6,3,750,2250
55132,11967,4,2,900,1800
55133,11967,5,2,1600,3200
55134,11967,1,1,1100,1100
55135,11968,2,2,1800,3600
55136,11968,7,3,3800,11400
55137,11968,6,1,750,750
55138,11969,7,2,3800,7600
55139,11970,6,3,750,2250
55140,11970,3,1,2200,2200
55141,11970,7,2,3800,7600
55142,11971,5,2,1600,3200
55143,11971,6,2,750,1500
55144,11971,3,3,2200,6600
55145,11971,1,1,1100,1100
55146,11972,5,2,1600,3200
55147,11972,2,3,1800,5400
55148,11972,4,3,900,2700
55149,11972,3,2,2200,4400
55150,11973,4,1,900,900
55151,11973,6,3,750,2250
55152,11974,4,2,900,1800
55153,11975,2,1,1800,1800
55154,11975,1,2,1100,2200
55155,11975,5,2,1600,3200
55156,11975,6,1,750,750
55157,11976,2,3,1800,5400
55158,11976,6,1,750,750
55159,11977,4,3,900,2700
55160,11977,8,2,1500,3000
55161,11977,3,1,2200,2200
55162,11977,7,3,3800,11400
55163,11978,2,1,1800,1800
55164,11978,8,3,1500,4500
55165,11978,6,3,750,2250
55166,11978,1,2,1100,2200
55167,11978,3,1,2200,2200
55168,11979,6,2,750,1500
55169,11979,7,1,3800,3800
55170,11980,5,2,1600,3200
55171,11980,1,1,1100,1100
55172,11980,2,1,1800,1800
55173,11980,6,2,750,1500
55174,11981,7,3,3800,11400
55175,11982,6,3,750,2250
55176,11982,3,3,2200,6600
55177,11983,2,1,1800,1800
55178,11983,3,1,2200,2200
55179,11983,5,1,1600,1600
55180,11984,4,3,900,2700
55181,11984,6,3,750,2250
55182,11984,7,1,3800,3800
55183,11985,8,1,1500,1500
55184,11986,6,3,750,2250
55185,11986,2,1,1800,1800
55186,11987,3,3,2200,6600
55187,11987,1,1,1100,1100
55188,11987,4,3,900,2700
55189,11988,8,3,1500,4500
55190,11988,5,1,1600,1600
55191,11988,1,1,1100,1100
55192,11989,1,2,1100,2200
55193,11989,8,1,1500,1500
55194,11990,7,1,3800,3800
55195,11990,2,1,1800,1800
55196,11990,1,3,1100,3300
55197,11990,6,1,750,750
55198,11990,5,2,1600,3200
55199,11991,8,1,1500,1500
55200,11991,2,2,1800,3600
55201,11992,4,1,900,900
55202,11993,8,1,1500,1500
55203,11993,5,3,1600,4800
55204,11993,3,2,2200,4400
55205,11993,4,1,900,900
55206,11994,6,2,750,1500
55207,11994,2,1,1800,1800
55208,11994,8,3,1500,4500
55209,11995,5,3,1600,4800
55210,11995,3,2,2200,4400
55211,11996,4,1,900,900
55212,11996,1,1,1100,1100
55213,11996,5,3,1600,4800
55214,11997,5,3,1600,4800
55215,11997,7,3,3800,11400
55216,11998,3,1,2200,2200
55217,11998,4,3,900,2700
55218,11999,1,2,1100,2200
55219,12000,2,1,1800,1800
55220,12001,7,1,3800,3800
55221,12001,2,3,1800,5400
55222,12001,4,1,900,900
55223,12002,8,3,1500,4500
55224,12002,1,1,1100,1100
55225,12002,7,2,3800,7600
55226,12002,2,1,1800,1800
55227,12002,5,1,1600,1600
55228,12003,7,1,3800,3800
55229,12004,2,2,1800,3600
55230,12004,1,1,1100,1100
55231,12005,7,3,3800,11400
55232,12006,2,2,1800,3600
55233,12006,5,2,1600,3200
55234,12006,6,2,750,1500
55235,12006,8,1,1500,1500
55236,12007,7,2,3800,7600
55237,12007,2,3,1800,5400
55238,12007,3,1,2200,2200
55239,12007,5,1,1600,1600
55240,12007,4,1,900,900
55241,12008,2,3,1800,5400
55242,12008,7,2,3800,7600
55243,12008,4,3,900,2700
55244,12008,3,3,2200,6600
55245,12009,8,1,1500,1500
55246,12010,7,2,3800,7600
55247,12010,8,2,1500,3000
55248,12011,8,3,1500,4500
55249,12011,5,3,1600,4800
55250,12012,4,2,900,1800
55251,12012,6,2,750,1500
55252,12013,4,1,900,900
55253,12013,3,1,2200,2200
55254,12013,8,1,1500,1500
55255,12013,2,1,1800,1800
55256,12014,3,2,2200,4400
55257,12015,5,2,1600,3200
55258,12015,2,2,1800,3600
55259,12015,1,3,1100,3300
55260,12015,3,2,2200,4400
55261,12016,2,1,1800,1800
55262,12016,6,1,750,750
55263,12016,5,1,1600,1600
55264,12017,1,1,1100,1100
55265,12017,4,1,900,900
55266,12017,8,2,1500,3000
55267,12017,3,3,2200,6600
55268,12017,6,2,750,1500
55269,12018,7,1,3800,3800
55270,12019,5,2,1600,3200
55271,12019,6,1,750,750
55272,12019,3,3,2200,6600
55273,12020,1,1,1100,1100
55274,12021,6,2,750,1500
55275,12022,3,2,2200,4400
55276,12023,4,3,900,2700
55277,12023,6,2,750,1500
55278,12023,5,3,1600,4800
55279,12023,2,2,1800,3600
55280,12024,8,1,1500,1500
55281,12025,6,3,750,2250
55282,12026,3,1,2200,2200
55283,12027,4,3,900,2700
55284,12028,1,3,1100,3300
55285,12028,4,2,900,1800
55286,12029,7,2,3800,7600
55287,12030,1,3,1100,3300
55288,12031,2,2,1800,3600
55289,12031,6,1,750,750
55290,12032,8,2,1500,3000
55291,12033,4,1,900,900
55292,12033,2,1,1800,1800
55293,12033,8,3,1500,4500
55294,12033,3,3,2200,6600
55295,12033,6,3,750,2250
55296,12034,2,3,1800,5400
55297,12034,8,2,1500,3000
55298,12035,8,3,1500,4500
55299,12035,4,1,900,900
55300,12036,1,2,1100,2200
55301,12036,6,1,750,750
55302,12037,5,1,1600,1600
55303,12037,6,3,750,2250
55304,12038,5,3,1600,4800
55305,12039,7,2,3800,7600
55306,12039,3,3,2200,6600
55307,12040,8,2,1500,3000
55308,12040,7,2,3800,7600
55309,12040,6,2,750,1500
55310,12040,3,1,2200,2200
55311,12041,7,2,3800,7600
55312,12041,1,2,1100,2200
55313,12041,2,3,1800,5400
55314,12042,6,1,750,750
55315,12043,4,1,900,900
55316,12043,6,3,750,2250
55317,12043,1,1,1100,1100
55318,12043,3,1,2200,2200
55319,12043,5,2,1600,3200
55320,12043,7,1,3800,3800
55321,12043,8,1,1500,1500
55322,12044,5,1,1600,1600
55323,12044,3,2,2200,4400
55324,12044,8,3,1500,4500
55325,12044,7,3,3800,11400
55326,12044,4,1,900,900
55327,12045,5,1,1600,1600
55328,12045,1,3,1100,3300
55329,12045,6,2,750,1500
55330,12045,7,3,3800,11400
55331,12045,3,1,2200,2200
55332,12045,2,1,1800,1800
55333,12046,4,1,900,900
55334,12046,6,2,750,1500
55335,12046,7,1,3800,3800
55336,12046,8,2,1500,3000
55337,12047,2,3,1800,5400
55338,12048,7,3,3800,11400
55339,12049,4,1,900,900
55340,12049,6,2,750,1500
55341,12050,6,2,750,1500
55342,12050,7,3,3800,11400
55343,12050,2,3,1800,5400
55344,12050,5,1,1600,1600
55345,12050,1,3,1100,3300
55346,12050,4,3,900,2700
55347,12051,6,3,750,2250
55348,12052,1,1,1100,1100
55349,12053,6,3,750,2250
55350,12053,5,2,1600,3200
55351,12054,6,2,750,1500
55352,12055,8,1,1500,1500
55353,12056,4,2,900,1800
55354,12056,7,3,3800,11400
55355,12056,5,3,1600,4800
55356,12056,3,1,2200,2200
55357,12056,2,1,1800,1800
55358,12056,1,3,1100,3300
55359,12057,1,2,1100,2200
55360,12057,3,2,2200,4400
55361,12057,8,2,1500,3000
55362,12058,2,2,1800,3600
55363,12059,3,1,2200,2200
55364,12060,8,2,1500,3000
55365,12060,5,1,1600,1600
55366,12060,7,3,3800,11400
55367,12060,6,3,750,2250
55368,12060,1,3,1100,3300
55369,12060,2,1,1800,1800
55370,12060,4,1,900,900
55371,12060,3,2,2200,4400
55372,12061,5,1,1600,1600
55373,12062,4,1,900,900
55374,12062,6,1,750,750
55375,12062,2,1,1800,1800
55376,12062,7,3,3800,11400
55377,12062,1,3,1100,3300
55378,12063,5,1,1600,1600
55379,12063,8,3,1500,4500
55380,12064,1,1,1100,1100
55381,12064,8,3,1500,4500
55382,12064,2,1,1800,1800
55383,12064,4,1,900,900
55384,12064,3,1,2200,2200
55385,12065,5,2,1600,3200
55386,12065,2,3,1800,5400
55387,12066,5,1,1600,1600
55388,12066,3,1,2200,2200
55389,12066,2,1,1800,1800
55390,12066,8,2,1500,3000
55391,12067,1,2,1100,2200
55392,12067,8,1,1500,1500
55393,12068,2,3,1800,5400
55394,12069,1,2,1100,2200
55395,12069,6,3,750,2250
55396,12069,5,1,1600,1600
55397,12070,3,2,2200,4400
55398,12070,8,2,1500,3000
55399,12071,3,2,2200,4400
55400,12072,5,1,1600,1600
55401,12073,8,3,1500,4500
55402,12073,3,3,2200,6600
55403,12073,6,3,750,2250
55404,12073,2,2,1800,3600
55405,12073,5,3,1600,4800
55406,12073,7,1,3800,3800
55407,12073,1,2,1100,2200
55408,12073,4,3,900,2700
55409,12074,5,3,1600,4800
55410,12074,2,2,1800,3600
55411,12074,6,2,750,1500
55412,12074,7,2,3800,7600
55413,12075,2,2,1800,3600
55414,12075,6,2,750,1500
55415,12075,1,1,1100,1100
55416,12075,3,1,2200,2200
55417,12075,5,3,1600,4800
55418,12076,4,2,900,1800
55419,12076,3,2,2200,4400
55420,12077,2,2,1800,3600
55421,12077,5,3,1600,4800
55422,12078,1,2,1100,2200
55423,12078,6,3,750,2250
55424,12078,8,2,1500,3000
55425,12079,8,1,1500,1500
55426,12079,1,1,1100,1100
55427,12079,5,2,1600,3200
55428,12079,2,2,1800,3600
55429,12080,2,3,1800,5400
55430,12080,8,1,1500,1500
55431,12080,1,2,1100,2200
55432,12081,3,2,2200,4400
55433,12081,8,2,1500,3000
55434,12082,4,2,900,1800
55435,12082,2,3,1800,5400
55436,12082,1,1,1100,1100
55437,12082,8,1,1500,1500
55438,12083,8,2,1500,3000
55439,12083,1,3,1100,3300
55440,12083,5,1,1600,1600
55441,12084,4,1,900,900
55442,12084,1,1,1100,1100
55443,12085,6,1,750,750
55444,12086,6,1,750,750
55445,12086,7,3,3800,11400
55446,12086,4,1,900,900
55447,12087,2,1,1800,1800
55448,12088,6,3,750,2250
55449,12088,5,1,1600,1600
55450,12088,4,2,900,1800
55451,12089,7,2,3800,7600
55452,12089,2,3,1800,5400
55453,12090,5,3,1600,4800
55454,12090,2,3,1800,5400
55455,12091,4,2,900,1800
55456,12092,3,1,2200,2200
55457,12093,3,2,2200,4400
55458,12093,8,2,1500,3000
55459,12094,4,3,900,2700
55460,12095,7,3,3800,11400
55461,12095,5,3,1600,4800
55462,12096,4,1,900,900
55463,12097,2,3,1800,5400
55464,12098,6,3,750,2250
55465,12098,3,2,2200,4400
55466,12098,5,1,1600,1600
55467,12099,8,2,1500,3000
55468,12100,4,3,900,2700
55469,12100,1,3,1100,3300
55470,12100,5,1,1600,1600
55471,12101,8,3,1500,4500
55472,12101,4,1,900,900
55473,12102,2,3,1800,5400
55474,12103,2,2,1800,3600
55475,12103,7,3,3800,11400
55476,12104,5,2,1600,3200
55477,12105,6,1,750,750
55478,12105,8,3,1500,4500
55479,12105,4,2,900,1800
55480,12106,6,2,750,1500
55481,12106,2,3,1800,5400
55482,12107,1,1,1100,1100
55483,12107,7,1,3800,3800
55484,12108,8,2,1500,3000
55485,12108,4,2,900,1800
55486,12108,6,2,750,1500
55487,12109,2,2,1800,3600
55488,12109,5,2,1600,3200
55489,12109,1,3,1100,3300
55490,12109,7,1,3800,3800
55491,12109,8,2,1500,3000
55492,12109,6,1,750,750
55493,12109,3,3,2200,6600
55494,12110,8,2,1500,3000
55495,12110,2,2,1800,3600
55496,12110,1,2,1100,2200
55497,12111,8,3,1500,4500
55498,12111,6,2,750,1500
55499,12112,5,3,1600,4800
55500,12112,6,3,750,2250
55501,12112,8,2,1500,3000
55502,12113,6,3,750,2250
55503,12113,8,1,1500,1500
55504,12113,7,2,3800,7600
55505,12113,3,1,2200,2200
55506,12114,1,1,1100,1100
55507,12114,6,3,750,2250
55508,12114,3,3,2200,6600
55509,12115,5,3,1600,4800
55510,12115,3,1,2200,2200
55511,12115,6,2,750,1500
55512,12115,8,1,1500,1500
55513,12115,7,3,3800,11400
55514,12116,2,3,1800,5400
55515,12116,4,2,900,1800
55516,12116,3,2,2200,4400
55517,12117,3,1,2200,2200
55518,12117,5,1,1600,1600
55519,12118,6,1,750,750
55520,12119,3,3,2200,6600
55521,12120,6,1,750,750
55522,12121,6,3,750,2250
55523,12121,4,2,900,1800
55524,12122,4,3,900,2700
55525,12123,8,3,1500,4500
55526,12123,7,2,3800,7600
55527,12124,1,3,1100,3300
55528,12125,7,3,3800,11400
55529,12126,6,2,750,1500
55530,12126,2,2,1800,3600
55531,12126,8,1,1500,1500
55532,12126,3,2,2200,4400
55533,12126,5,3,1600,4800
55534,12126,4,3,900,2700
55535,12127,8,2,1500,3000
55536,12127,1,2,1100,2200
55537,12127,7,1,3800,3800
55538,12128,5,1,1600,1600
55539,12129,3,2,2200,4400
55540,12129,8,2,1500,3000
55541,12129,7,3,3800,11400
55542,12129,5,3,1600,4800
55543,12130,5,3,1600,4800
55544,12131,6,2,750,1500
55545,12131,5,3,1600,4800
55546,12132,8,2,1500,3000
55547,12132,2,3,1800,5400
55548,12133,7,1,3800,3800
55549,12133,4,3,900,2700
55550,12133,5,2,1600,3200
55551,12134,3,1,2200,2200
55552,12135,8,1,1500,1500
55553,12135,7,2,3800,7600
55554,12135,3,1,2200,2200
55555,12136,7,1,3800,3800
55556,12136,1,1,1100,1100
55557,12136,3,1,2200,2200
55558,12137,4,2,900,1800
55559,12137,8,2,1500,3000
55560,12138,1,1,1100,1100
55561,12138,8,3,1500,4500
55562,12139,8,2,1500,3000
55563,12139,3,1,2200,2200
55564,12139,6,3,750,2250
55565,12139,7,3,3800,11400
55566,12140,7,2,3800,7600
55567,12140,2,3,1800,5400
55568,12140,3,1,2200,2200
55569,12140,1,3,1100,3300
55570,12141,1,3,1100,3300
55571,12141,5,3,1600,4800
55572,12141,6,2,750,1500
55573,12141,2,2,1800,3600
55574,12142,7,2,3800,7600
55575,12142,4,3,900,2700
55576,12142,1,3,1100,3300
55577,12142,3,2,2200,4400
55578,12143,6,3,750,2250
55579,12144,6,3,750,2250
55580,12145,3,2,2200,4400
55581,12145,2,2,1800,3600
55582,12145,6,3,750,2250
55583,12146,7,1,3800,3800
55584,12146,1,1,1100,1100
55585,12147,4,2,900,1800
55586,12147,1,2,1100,2200
55587,12148,6,2,750,1500
55588,12148,5,1,1600,1600
55589,12148,1,3,1100,3300
55590,12148,8,2,1500,3000
55591,12149,7,1,3800,3800
55592,12150,1,2,1100,2200
55593,12150,4,1,900,900
55594,12151,3,1,2200,2200
55595,12151,5,1,1600,1600
55596,12151,7,1,3800,3800
55597,12152,7,1,3800,3800
55598,12153,5,3,1600,4800
55599,12153,2,2,1800,3600
55600,12154,1,1,1100,1100
55601,12154,5,2,1600,3200
55602,12155,5,1,1600,1600
55603,12156,8,1,1500,1500
55604,12156,4,2,900,1800
55605,12157,8,1,1500,1500
55606,12157,2,1,1800,1800
55607,12157,1,3,1100,3300
55608,12158,8,2,1500,3000
55609,12159,3,1,2200,2200
55610,12159,4,1,900,900
55611,12159,7,2,3800,7600
55612,12160,2,1,1800,1800
55613,12160,6,2,750,1500
55614,12160,4,3,900,2700
55615,12160,3,1,2200,2200
55616,12161,2,1,1800,1800
55617,12161,3,2,2200,4400
55618,12161,5,1,1600,1600
55619,12162,5,3,1600,4800
55620,12162,1,3,1100,3300
55621,12163,4,2,900,1800
55622,12163,5,1,1600,1600
55623,12164,1,1,1100,1100
55624,12164,5,1,1600,1600
55625,12165,8,1,1500,1500
55626,12165,3,3,2200,6600
55627,12166,5,2,1600,3200
55628,12166,1,3,1100,3300
55629,12166,7,1,3800,3800
55630,12166,3,1,2200,2200
55631,12167,6,1,750,750
55632,12167,7,3,3800,11400
55633,12168,5,3,1600,4800
55634,12168,2,3,1800,5400
55635,12168,8,3,1500,4500
55636,12169,2,3,1800,5400
55637,12169,6,3,750,2250
55638,12169,1,2,1100,2200
55639,12169,3,2,2200,4400
55640,12169,5,1,1600,1600
55641,12169,4,2,900,1800
55642,12170,1,1,1100,1100
55643,12170,2,2,1800,3600
55644,12170,6,3,750,2250
55645,12171,3,2,2200,4400
55646,12171,8,3,1500,4500
55647,12172,2,3,1800,5400
55648,12173,8,2,1500,3000
55649,12174,1,1,1100,1100
55650,12174,3,2,2200,4400
55651,12175,6,3,750,2250
55652,12175,8,3,1500,4500
55653,12175,2,2,1800,3600
55654,12175,1,3,1100,3300
55655,12176,4,3,900,2700
55656,12176,8,3,1500,4500
55657,12177,4,1,900,900
55658,12177,7,2,3800,7600
55659,12177,5,1,1600,1600
55660,12177,3,2,2200,4400
55661,12178,5,1,1600,1600
55662,12179,5,2,1600,3200
55663,12180,3,2,2200,4400
55664,12181,2,1,1800,1800
55665,12182,2,1,1800,1800
55666,12182,5,1,1600,1600
55667,12182,6,3,750,2250
55668,12183,6,1,750,750
55669,12183,8,1,1500,1500
55670,12183,3,3,2200,6600
55671,12183,4,3,900,2700
55672,12184,1,2,1100,2200
55673,12185,6,3,750,2250
55674,12185,1,1,1100,1100
55675,12186,2,1,1800,1800
55676,12186,3,3,2200,6600
55677,12187,3,3,2200,6600
55678,12187,5,3,1600,4800
55679,12187,8,1,1500,1500
55680,12187,7,1,3800,3800
55681,12188,2,3,1800,5400
55682,12189,2,2,1800,3600
55683,12189,6,3,750,2250
55684,12189,1,2,1100,2200
55685,12190,2,1,1800,1800
55686,12191,4,3,900,2700
55687,12191,1,3,1100,3300
55688,12191,6,2,750,1500
55689,12192,8,1,1500,1500
55690,12193,2,3,1800,5400
55691,12193,8,2,1500,3000
55692,12193,7,3,3800,11400
55693,12193,1,2,1100,2200
55694,12193,6,2,750,1500
55695,12194,2,2,1800,3600
55696,12195,1,3,1100,3300
55697,12195,7,2,3800,7600
55698,12195,6,3,750,2250
55699,12195,3,2,2200,4400
55700,12195,8,2,1500,3000
55701,12195,4,3,900,2700
55702,12195,2,3,1800,5400
55703,12195,5,3,1600,4800
55704,12196,2,3,1800,5400
55705,12196,7,2,3800,7600
55706,12197,8,1,1500,1500
55707,12198,4,3,900,2700
55708,12198,1,2,1100,2200
55709,12198,7,2,3800,7600
55710,12198,3,2,2200,4400
55711,12198,2,2,1800,3600
55712,12199,7,2,3800,7600
55713,12200,5,2,1600,3200
55714,12201,3,2,2200,4400
55715,12201,1,1,1100,1100
55716,12201,5,3,1600,4800
55717,12201,8,3,1500,4500
55718,12202,1,2,1100,2200
55719,12202,2,3,1800,5400
55720,12202,5,2,1600,3200
55721,12203,4,2,900,1800
55722,12204,5,1,1600,1600
55723,12205,2,1,1800,1800
55724,12205,4,3,900,2700
55725,12205,5,2,1600,3200
55726,12206,1,1,1100,1100
55727,12206,7,3,3800,11400
55728,12207,5,2,1600,3200
55729,12208,7,1,3800,3800
55730,12208,1,1,1100,1100
55731,12208,6,1,750,750
55732,12208,2,3,1800,5400
55733,12209,7,2,3800,7600
55734,12209,1,3,1100,3300
55735,12209,8,2,1500,3000
55736,12210,1,3,1100,3300
55737,12210,8,1,1500,1500
55738,12210,3,3,2200,6600
55739,12211,5,2,1600,3200
55740,12212,4,2,900,1800
55741,12212,6,3,750,2250
55742,12213,1,3,1100,3300
55743,12213,8,2,1500,3000
55744,12213,4,1,900,900
55745,12214,1,3,1100,3300
55746,12215,8,1,1500,1500
55747,12216,6,3,750,2250
55748,12216,5,1,1600,1600
55749,12217,5,1,1600,1600
55750,12217,6,2,750,1500
55751,12217,7,2,3800,7600
55752,12218,2,2,1800,3600
55753,12219,4,1,900,900
55754,12219,8,3,1500,4500
55755,12219,3,2,2200,4400
55756,12220,5,2,1600,3200
55757,12220,3,1,2200,2200
55758,12221,7,3,3800,11400
55759,12221,4,2,900,1800
55760,12222,4,3,900,2700
55761,12223,7,2,3800,7600
55762,12223,6,2,750,1500
55763,12223,3,2,2200,4400
55764,12223,2,2,1800,3600
55765,12224,3,3,2200,6600
55766,12225,3,1,2200,2200
55767,12225,2,2,1800,3600
55768,12226,7,2,3800,7600
55769,12227,8,1,1500,1500
55770,12228,1,1,1100,1100
55771,12228,4,1,900,900
55772,12229,5,2,1600,3200
55773,12229,7,2,3800,7600
55774,12230,7,3,3800,11400
55775,12230,1,3,1100,3300
55776,12230,6,1,750,750
55777,12230,3,3,2200,6600
55778,12231,5,2,1600,3200
55779,12231,4,3,900,2700
55780,12231,2,3,1800,5400
55781,12231,1,1,1100,1100
55782,12232,5,1,1600,1600
55783,12232,8,2,1500,3000
55784,12232,7,3,3800,11400
55785,12233,6,1,750,750
55786,12233,8,3,1500,4500
55787,12233,3,2,2200,4400
55788,12234,6,2,750,1500
55789,12234,5,3,1600,4800
55790,12235,8,2,1500,3000
55791,12235,6,3,750,2250
55792,12236,4,1,900,900
55793,12237,8,1,1500,1500
55794,12237,4,1,900,900
55795,12237,2,2,1800,3600
55796,12237,3,1,2200,2200
55797,12237,7,2,3800,7600
55798,12237,5,2,1600,3200
55799,12238,6,1,750,750
55800,12238,3,1,2200,2200
55801,12238,2,1,1800,1800
55802,12238,5,3,1600,4800
55803,12238,4,3,900,2700
55804,12238,7,2,3800,7600
55805,12238,8,3,1500,4500
55806,12239,8,1,1500,1500
55807,12239,6,1,750,750
55808,12240,5,3,1600,4800
55809,12240,8,1,1500,1500
55810,12241,7,2,3800,7600
55811,12241,2,3,1800,5400
55812,12242,7,2,3800,7600
55813,12242,8,3,1500,4500
55814,12242,1,3,1100,3300
55815,12242,3,1,2200,2200
55816,12243,2,2,1800,3600
55817,12244,4,3,900,2700
55818,12244,2,2,1800,3600
55819,12244,5,2,1600,3200
55820,12244,3,3,2200,6600
55821,12245,8,3,1500,4500
55822,12246,6,1,750,750
55823,12247,4,1,900,900
55824,12248,3,2,2200,4400
55825,12248,4,3,900,2700
55826,12248,1,2,1100,2200
55827,12249,2,3,1800,5400
55828,12249,4,2,900,1800
55829,12250,8,3,1500,4500
55830,12250,3,3,2200,6600
55831,12251,8,1,1500,1500
55832,12251,6,3,750,2250
55833,12251,5,2,1600,3200
55834,12252,4,3,900,2700
55835,12252,7,2,3800,7600
55836,12253,4,1,900,900
55837,12253,3,2,2200,4400
55838,12253,8,3,1500,4500
55839,12253,7,2,3800,7600
55840,12253,6,2,750,1500
55841,12254,8,3,1500,4500
55842,12255,7,2,3800,7600
55843,12255,8,3,1500,4500
55844,12255,3,2,2200,4400
55845,12256,3,1,2200,2200
55846,12256,1,3,1100,3300
55847,12256,4,3,900,2700
55848,12256,2,2,1800,3600
55849,12257,3,2,2200,4400
55850,12257,6,1,750,750
55851,12257,4,1,900,900
55852,12257,5,2,1600,3200
55853,12258,5,1,1600,1600
55854,12258,4,1,900,900
55855,12259,2,2,1800,3600
55856,12259,6,2,750,1500
55857,12259,5,1,1600,1600
55858,12260,7,3,3800,11400
55859,12260,3,1,2200,2200
55860,12260,1,1,1100,1100
55861,12260,6,3,750,2250
55862,12260,2,3,1800,5400
55863,12260,5,2,1600,3200
55864,12261,1,3,1100,3300
55865,12261,5,1,1600,1600
55866,12261,3,3,2200,6600
55867,12262,7,2,3800,7600
55868,12262,1,1,1100,1100
55869,12263,3,2,2200,4400
55870,12264,5,1,1600,1600
55871,12264,1,2,1100,2200
55872,12265,8,1,1500,1500
55873,12265,1,2,1100,2200
55874,12265,2,1,1800,1800
55875,12266,1,3,1100,3300
55876,12266,6,3,750,2250
55877,12266,4,2,900,1800
55878,12266,7,1,3800,3800
55879,12266,8,2,1500,3000
55880,12266,3,3,2200,6600
55881,12266,2,2,1800,3600
55882,12266,5,2,1600,3200
55883,12267,5,3,1600,4800
55884,12267,6,3,750,2250
55885,12268,3,2,2200,4400
55886,12268,5,3,1600,4800
55887,12268,6,1,750,750
55888,12269,2,2,1800,3600
55889,12270,3,2,2200,4400
55890,12270,6,2,750,1500
55891,12271,6,2,750,1500
55892,12272,3,3,2200,6600
55893,12272,1,3,1100,3300
55894,12272,6,3,750,2250
55895,12273,1,3,1100,3300
55896,12274,3,3,2200,6600
55897,12275,2,1,1800,1800
55898,12276,3,2,2200,4400
55899,12276,2,3,1800,5400
55900,12276,6,1,750,750
55901,12276,7,1,3800,3800
55902,12277,6,2,750,1500
55903,12277,2,1,1800,1800
55904,12277,4,3,900,2700
55905,12277,1,2,1100,2200
55906,12278,4,2,900,1800
55907,12278,7,3,3800,11400
55908,12278,6,1,750,750
55909,12278,5,3,1600,4800
55910,12278,8,2,1500,3000
55911,12279,8,3,1500,4500
55912,12279,3,2,2200,4400
55913,12279,4,2,900,1800
55914,12279,1,3,1100,3300
55915,12280,1,2,1100,2200
55916,12280,6,3,750,2250
55917,12280,2,2,1800,3600
55918,12280,3,3,2200,6600
55919,12281,3,1,2200,2200
55920,12282,6,2,750,1500
55921,12282,5,3,1600,4800
55922,12283,4,1,900,900
55923,12283,2,1,1800,1800
55924,12283,7,2,3800,7600
55925,12284,6,3,750,2250
55926,12285,7,2,3800,7600
55927,12285,5,3,1600,4800
55928,12285,2,3,1800,5400
55929,12285,1,1,1100,1100
55930,12286,3,2,2200,4400
55931,12286,5,2,1600,3200
55932,12286,7,3,3800,11400
55933,12287,8,1,1500,1500
55934,12287,7,3,3800,11400
55935,12287,5,3,1600,4800
55936,12287,3,3,2200,6600
55937,12288,7,1,3800,3800
55938,12288,4,1,900,900
55939,12288,1,3,1100,3300
55940,12289,8,2,1500,3000
55941,12289,6,1,750,750
55942,12289,3,3,2200,6600
55943,12289,2,1,1800,1800
55944,12289,5,2,1600,3200
55945,12289,4,3,900,2700
55946,12290,1,1,1100,1100
55947,12291,2,2,1800,3600
55948,12291,7,3,3800,11400
55949,12291,8,2,1500,3000
55950,12291,3,2,2200,4400
55951,12292,1,2,1100,2200
55952,12292,2,1,1800,1800
55953,12292,8,1,1500,1500
55954,12293,8,1,1500,1500
55955,12294,7,2,3800,7600
55956,12294,8,2,1500,3000
55957,12295,1,1,1100,1100
55958,12296,1,3,1100,3300
55959,12297,8,1,1500,1500
55960,12297,6,1,750,750
55961,12297,5,2,1600,3200
55962,12298,4,1,900,900
55963,12299,6,3,750,2250
55964,12300,7,3,3800,11400
55965,12300,6,1,750,750
55966,12301,3,2,2200,4400
55967,12301,7,1,3800,3800
55968,12301,6,2,750,1500
55969,12302,6,3,750,2250
55970,12302,5,2,1600,3200
55971,12303,5,1,1600,1600
55972,12303,6,1,750,750
55973,12303,1,1,1100,1100
55974,12303,2,3,1800,5400
55975,12304,6,3,750,2250
55976,12304,8,3,1500,4500
55977,12304,3,2,2200,4400
55978,12305,7,1,3800,3800
55979,12305,6,2,750,1500
55980,12305,4,1,900,900
55981,12306,7,2,3800,7600
55982,12306,8,3,1500,4500
55983,12306,3,2,2200,4400
55984,12306,6,2,750,1500
55985,12307,4,1,900,900
55986,12308,2,1,1800,1800
55987,12309,3,2,2200,4400
55988,12309,5,1,1600,1600
55989,12310,8,3,1500,4500
55990,12311,8,2,1500,3000
55991,12312,3,1,2200,2200
55992,12313,2,1,1800,1800
55993,12313,4,2,900,1800
55994,12313,6,1,750,750
55995,12313,1,1,1100,1100
55996,12313,8,3,1500,4500
55997,12313,3,1,2200,2200
55998,12313,7,1,3800,3800
55999,12314,4,1,900,900
56000,12315,6,2,750,1500
56001,12315,2,2,1800,3600
56002,12315,4,1,900,900
56003,12315,5,3,1600,4800
56004,12316,8,3,1500,4500
56005,12317,6,1,750,750
56006,12317,1,2,1100,2200
56007,12317,3,3,2200,6600
56008,12318,8,2,1500,3000
56009,12318,7,2,3800,7600
56010,12319,4,2,900,1800
56011,12320,8,2,1500,3000
56012,12320,1,1,1100,1100
56013,12321,5,1,1600,1600
56014,12321,4,1,900,900
56015,12322,7,3,3800,11400
56016,12322,1,1,1100,1100
56017,12322,6,1,750,750
56018,12322,8,3,1500,4500
56019,12323,2,1,1800,1800
56020,12324,7,3,3800,11400
56021,12325,7,2,3800,7600
56022,12325,5,1,1600,1600
56023,12325,2,1,1800,1800
56024,12325,3,1,2200,2200
56025,12326,5,2,1600,3200
56026,12326,3,2,2200,4400
56027,12327,6,3,750,2250
56028,12327,8,1,1500,1500
56029,12327,2,1,1800,1800
56030,12328,4,2,900,1800
56031,12329,5,2,1600,3200
56032,12329,7,1,3800,3800
56033,12329,4,2,900,1800
56034,12330,5,1,1600,1600
56035,12330,1,3,1100,3300
56036,12330,8,3,1500,4500
56037,12330,4,2,900,1800
56038,12330,3,1,2200,2200
56039,12331,8,3,1500,4500
56040,12332,3,2,2200,4400
56041,12332,5,3,1600,4800
56042,12332,6,3,750,2250
56043,12333,6,3,750,2250
56044,12333,4,2,900,1800
56045,12334,6,2,750,1500
56046,12335,6,2,750,1500
56047,12335,4,1,900,900
56048,12335,3,3,2200,6600
56049,12335,8,3,1500,4500
56050,12336,3,2,2200,4400
56051,12336,7,3,3800,11400
56052,12337,1,1,1100,1100
56053,12337,2,2,1800,3600
56054,12338,8,3,1500,4500
56055,12339,2,1,1800,1800
56056,12339,5,1,1600,1600
56057,12340,5,3,1600,4800
56058,12340,7,1,3800,3800
56059,12341,8,3,1500,4500
56060,12341,6,2,750,1500
56061,12342,1,3,1100,3300
56062,12342,7,1,3800,3800
56063,12342,2,2,1800,3600
56064,12342,6,1,750,750
56065,12343,1,2,1100,2200
56066,12343,5,2,1600,3200
56067,12343,4,1,900,900
56068,12344,3,2,2200,4400
56069,12345,1,2,1100,2200
56070,12346,7,3,3800,11400
56071,12346,4,1,900,900
56072,12347,6,1,750,750
56073,12348,5,3,1600,4800
56074,12349,4,3,900,2700
56075,12349,8,2,1500,3000
56076,12350,5,1,1600,1600
56077,12350,6,2,750,1500
56078,12350,1,3,1100,3300
56079,12351,6,2,750,1500
56080,12352,3,3,2200,6600
56081,12353,8,2,1500,3000
56082,12353,4,1,900,900
56083,12353,7,1,3800,3800
56084,12353,2,1,1800,1800
56085,12354,8,1,1500,1500
56086,12354,3,1,2200,2200
56087,12354,1,1,1100,1100
56088,12354,6,2,750,1500
56089,12354,7,2,3800,7600
56090,12355,2,1,1800,1800
56091,12355,8,3,1500,4500
56092,12356,7,2,3800,7600
56093,12356,2,3,1800,5400
56094,12356,3,1,2200,2200
56095,12357,1,1,1100,1100
56096,12358,3,1,2200,2200
56097,12359,1,1,1100,1100
56098,12360,3,2,2200,4400
56099,12361,4,2,900,1800
56100,12362,1,1,1100,1100
56101,12363,2,2,1800,3600
56102,12364,1,2,1100,2200
56103,12364,5,2,1600,3200
56104,12364,3,3,2200,6600
56105,12365,8,2,1500,3000
56106,12366,5,3,1600,4800
56107,12366,7,2,3800,7600
56108,12367,1,3,1100,3300
56109,12367,5,2,1600,3200
56110,12368,7,3,3800,11400
56111,12368,3,2,2200,4400
56112,12368,8,1,1500,1500
56113,12368,6,2,750,1500
56114,12369,8,1,1500,1500
56115,12369,4,3,900,2700
56116,12369,2,2,1800,3600
56117,12369,6,3,750,2250
56118,12369,7,3,3800,11400
56119,12370,8,3,1500,4500
56120,12370,2,1,1800,1800
56121,12370,1,3,1100,3300
56122,12371,3,3,2200,6600
56123,12371,7,1,3800,3800
56124,12371,1,2,1100,2200
56125,12371,8,2,1500,3000
56126,12372,6,3,750,2250
56127,12372,8,2,1500,3000
56128,12373,6,3,750,2250
56129,12373,3,2,2200,4400
56130,12374,5,2,1600,3200
56131,12374,7,2,3800,7600
56132,12375,2,1,1800,1800
56133,12375,7,3,3800,11400
56134,12375,4,2,900,1800
56135,12375,1,3,1100,3300
56136,12376,1,2,1100,2200
56137,12376,8,2,1500,3000
56138,12376,4,1,900,900
56139,12376,5,2,1600,3200
56140,12377,1,2,1100,2200
56141,12377,7,3,3800,11400
56142,12377,8,1,1500,1500
56143,12377,3,3,2200,6600
56144,12377,4,3,900,2700
56145,12377,2,2,1800,3600
56146,12377,5,3,1600,4800
56147,12377,6,1,750,750
56148,12378,1,2,1100,2200
56149,12378,8,3,1500,4500
56150,12379,6,2,750,1500
56151,12380,7,2,3800,7600
56152,12381,6,3,750,2250
56153,12381,1,1,1100,1100
56154,12382,6,1,750,750
56155,12383,1,1,1100,1100
56156,12383,8,2,1500,3000
56157,12383,6,1,750,750
56158,12383,2,2,1800,3600
56159,12384,5,1,1600,1600
56160,12384,6,2,750,1500
56161,12384,2,1,1800,1800
56162,12384,1,1,1100,1100
56163,12385,8,3,1500,4500
56164,12385,5,3,1600,4800
56165,12386,3,2,2200,4400
56166,12386,7,3,3800,11400
56167,12387,8,1,1500,1500
56168,12388,8,2,1500,3000
56169,12388,2,2,1800,3600
56170,12388,6,3,750,2250
56171,12388,7,3,3800,11400
56172,12389,8,2,1500,3000
56173,12389,5,2,1600,3200
56174,12389,4,3,900,2700
56175,12389,2,3,1800,5400
56176,12390,2,3,1800,5400
56177,12390,5,3,1600,4800
56178,12390,3,3,2200,6600
56179,12390,1,1,1100,1100
56180,12390,4,3,900,2700
56181,12391,2,1,1800,1800
56182,12392,4,3,900,2700
56183,12392,2,1,1800,1800
56184,12393,1,2,1100,2200
56185,12393,4,1,900,900
56186,12393,3,2,2200,4400
56187,12394,1,3,1100,3300
56188,12394,4,1,900,900
56189,12394,8,1,1500,1500
56190,12394,6,2,750,1500
56191,12394,7,1,3800,3800
56192,12394,3,3,2200,6600
56193,12395,2,1,1800,1800
56194,12396,8,1,1500,1500
56195,12397,6,1,750,750
56196,12398,3,2,2200,4400
56197,12398,5,3,1600,4800
56198,12398,2,2,1800,3600
56199,12398,7,1,3800,3800
56200,12399,5,3,1600,4800
56201,12400,5,1,1600,1600
56202,12400,7,1,3800,3800
56203,12400,8,1,1500,1500
56204,12401,3,2,2200,4400
56205,12402,2,1,1800,1800
56206,12402,6,1,750,750
56207,12403,4,3,900,2700
56208,12404,8,2,1500,3000
56209,12405,5,3,1600,4800
56210,12406,2,3,1800,5400
56211,12406,7,1,3800,3800
56212,12407,3,1,2200,2200
56213,12407,6,3,750,2250
56214,12408,3,1,2200,2200
56215,12408,4,1,900,900
56216,12408,1,2,1100,2200
56217,12408,6,1,750,750
56218,12409,6,1,750,750
56219,12409,7,2,3800,7600
56220,12410,6,3,750,2250
56221,12410,7,3,3800,11400
56222,12410,1,1,1100,1100
56223,12410,2,1,1800,1800
56224,12411,6,3,750,2250
56225,12411,5,3,1600,4800
56226,12411,7,2,3800,7600
56227,12411,1,2,1100,2200
56228,12412,1,3,1100,3300
56229,12412,7,3,3800,11400
56230,12413,8,2,1500,3000
56231,12413,4,1,900,900
56232,12413,7,1,3800,3800
56233,12413,5,3,1600,4800
56234,12414,6,1,750,750
56235,12414,1,2,1100,2200
56236,12415,5,1,1600,1600
56237,12415,4,3,900,2700
56238,12416,4,1,900,900
56239,12416,5,1,1600,1600
56240,12417,6,2,750,1500
56241,12417,3,1,2200,2200
56242,12417,4,3,900,2700
56243,12417,7,1,3800,3800
56244,12418,3,1,2200,2200
56245,12418,8,1,1500,1500
56246,12419,7,1,3800,3800
56247,12419,2,1,1800,1800
56248,12419,8,2,1500,3000
56249,12419,1,2,1100,2200
56250,12420,4,1,900,900
56251,12420,1,1,1100,1100
56252,12420,8,2,1500,3000
56253,12421,7,1,3800,3800
56254,12421,2,3,1800,5400
56255,12421,5,3,1600,4800
56256,12422,6,1,750,750
56257,12422,4,2,900,1800
56258,12423,2,2,1800,3600
56259,12423,8,2,1500,3000
56260,12423,1,2,1100,2200
56261,12423,7,2,3800,7600
56262,12424,8,1,1500,1500
56263,12424,3,1,2200,2200
56264,12424,6,1,750,750
56265,12424,5,1,1600,1600
56266,12425,5,1,1600,1600
56267,12425,2,2,1800,3600
56268,12425,1,1,1100,1100
56269,12426,5,2,1600,3200
56270,12427,2,2,1800,3600
56271,12427,6,3,750,2250
56272,12428,3,3,2200,6600
56273,12428,4,3,900,2700
56274,12429,2,3,1800,5400
56275,12430,8,2,1500,3000
56276,12431,2,3,1800,5400
56277,12431,1,2,1100,2200
56278,12431,5,3,1600,4800
56279,12431,7,1,3800,3800
56280,12431,8,1,1500,1500
56281,12432,3,3,2200,6600
56282,12432,1,3,1100,3300
56283,12432,7,1,3800,3800
56284,12432,8,1,1500,1500
56285,12432,5,3,1600,4800
56286,12432,4,2,900,1800
56287,12433,5,1,1600,1600
56288,12434,4,2,900,1800
56289,12435,7,1,3800,3800
56290,12435,6,1,750,750
56291,12435,8,3,1500,4500
56292,12435,2,1,1800,1800
56293,12436,8,3,1500,4500
56294,12437,6,3,750,2250
56295,12438,4,2,900,1800
56296,12438,5,2,1600,3200
56297,12438,3,1,2200,2200
56298,12439,8,1,1500,1500
56299,12439,5,2,1600,3200
56300,12439,7,3,3800,11400
56301,12439,2,2,1800,3600
56302,12440,6,1,750,750
56303,12440,1,1,1100,1100
56304,12441,2,2,1800,3600
56305,12442,2,1,1800,1800
56306,12442,7,2,3800,7600
56307,12443,4,3,900,2700
56308,12443,1,3,1100,3300
56309,12443,6,3,750,2250
56310,12444,7,3,3800,11400
56311,12445,8,2,1500,3000
56312,12446,6,1,750,750
56313,12446,8,1,1500,1500
56314,12446,7,2,3800,7600
56315,12447,5,2,1600,3200
56316,12447,4,1,900,900
56317,12447,3,3,2200,6600
56318,12447,2,3,1800,5400
56319,12448,7,2,3800,7600
56320,12449,1,2,1100,2200
56321,12449,5,3,1600,4800
56322,12449,6,2,750,1500
56323,12449,7,3,3800,11400
56324,12449,8,2,1500,3000
56325,12449,4,1,900,900
56326,12450,3,1,2200,2200
56327,12450,1,3,1100,3300
56328,12450,7,3,3800,11400
56329,12451,6,3,750,2250
56330,12452,6,1,750,750
56331,12452,1,3,1100,3300
56332,12452,8,1,1500,1500
56333,12452,4,1,900,900
56334,12452,3,2,2200,4400
56335,12453,5,3,1600,4800
56336,12454,7,2,3800,7600
56337,12454,6,1,750,750
56338,12454,2,2,1800,3600
56339,12455,7,3,3800,11400
56340,12455,1,2,1100,2200
56341,12455,8,2,1500,3000
56342,12455,5,1,1600,1600
56343,12456,4,3,900,2700
56344,12457,1,3,1100,3300
56345,12458,7,2,3800,7600
56346,12459,5,3,1600,4800
56347,12459,8,1,1500,1500
56348,12460,6,2,750,1500
56349,12461,2,3,1800,5400
56350,12461,5,2,1600,3200
56351,12461,7,1,3800,3800
56352,12461,1,2,1100,2200
56353,12462,1,1,1100,1100
56354,12462,8,2,1500,3000
56355,12463,3,1,2200,2200
56356,12464,8,1,1500,1500
56357,12464,3,1,2200,2200
56358,12465,8,3,1500,4500
56359,12466,2,2,1800,3600
56360,12466,3,2,2200,4400
56361,12466,7,1,3800,3800
56362,12467,8,1,1500,1500
56363,12467,1,3,1100,3300
56364,12467,3,3,2200,6600
56365,12468,1,1,1100,1100
56366,12468,4,1,900,900
56367,12469,5,1,1600,1600
56368,12470,3,3,2200,6600
56369,12470,2,1,1800,1800
56370,12471,5,1,1600,1600
56371,12471,2,2,1800,3600
56372,12471,6,3,750,2250
56373,12471,7,1,3800,3800
56374,12472,8,2,1500,3000
56375,12472,1,2,1100,2200
56376,12473,2,2,1800,3600
56377,12473,6,2,750,1500
56378,12474,2,3,1800,5400
56379,12474,3,2,2200,4400
56380,12475,5,1,1600,1600
56381,12476,2,3,1800,5400
56382,12477,1,1,1100,1100
56383,12477,7,1,3800,3800
56384,12477,6,2,750,1500
56385,12478,8,3,1500,4500
56386,12479,6,2,750,1500
56387,12480,5,1,1600,1600
56388,12480,1,3,1100,3300
56389,12480,2,1,1800,1800
56390,12481,7,3,3800,11400
56391,12481,4,2,900,1800
56392,12482,7,2,3800,7600
56393,12483,5,2,1600,3200
56394,12483,2,2,1800,3600
56395,12483,3,1,2200,2200
56396,12484,6,3,750,2250
56397,12484,2,1,1800,1800
56398,12484,7,3,3800,11400
56399,12484,4,3,900,2700
56400,12485,3,1,2200,2200
56401,12485,8,1,1500,1500
56402,12485,6,3,750,2250
56403,12486,1,2,1100,2200
56404,12486,2,2,1800,3600
56405,12487,7,3,3800,11400
56406,12487,3,1,2200,2200
56407,12488,2,2,1800,3600
56408,12488,7,3,3800,11400
56409,12488,6,3,750,2250
56410,12489,6,1,750,750
56411,12489,7,1,3800,3800
56412,12489,3,2,2200,4400
56413,12490,7,2,3800,7600
56414,12490,6,1,750,750
56415,12491,6,3,750,2250
56416,12491,1,2,1100,2200
56417,12492,2,1,1800,1800
56418,12493,1,1,1100,1100
56419,12493,5,1,1600,1600
56420,12493,7,2,3800,7600
56421,12493,4,2,900,1800
56422,12494,5,3,1600,4800
56423,12494,4,1,900,900
56424,12495,1,2,1100,2200
56425,12495,3,3,2200,6600
56426,12496,3,3,2200,6600
56427,12497,6,3,750,2250
56428,12497,1,1,1100,1100
56429,12498,7,1,3800,3800
56430,12499,7,2,3800,7600
56431,12499,5,1,1600,1600
56432,12500,3,2,2200,4400
56433,12500,8,2,1500,3000
56434,12500,4,2,900,1800
56435,12501,7,2,3800,7600
56436,12501,2,1,1800,1800
56437,12502,4,1,900,900
56438,12502,3,2,2200,4400
56439,12502,5,1,1600,1600
56440,12503,7,1,3800,3800
56441,12503,4,1,900,900
56442,12503,3,3,2200,6600
56443,12504,8,1,1500,1500
56444,12504,2,2,1800,3600
56445,12505,2,1,1800,1800
56446,12506,6,3,750,2250
56447,12506,1,2,1100,2200
56448,12506,3,1,2200,2200
56449,12506,4,3,900,2700
56450,12507,5,1,1600,1600
56451,12507,2,3,1800,5400
56452,12507,4,3,900,2700
56453,12508,3,1,2200,2200
56454,12508,7,1,3800,3800
56455,12509,6,2,750,1500
56456,12509,4,1,900,900
56457,12510,6,1,750,750
56458,12510,5,3,1600,4800
56459,12510,2,3,1800,5400
56460,12510,8,2,1500,3000
56461,12510,1,2,1100,2200
56462,12511,7,1,3800,3800
56463,12512,7,2,3800,7600
56464,12513,2,1,1800,1800
56465,12513,8,3,1500,4500
56466,12514,2,2,1800,3600
56467,12515,7,3,3800,11400
56468,12515,2,1,1800,1800
56469,12516,6,1,750,750
56470,12517,5,2,1600,3200
56471,12517,4,1,900,900
56472,12517,7,2,3800,7600
56473,12517,3,1,2200,2200
56474,12517,2,3,1800,5400
56475,12518,7,1,3800,3800
56476,12518,3,1,2200,2200
56477,12519,6,1,750,750
56478,12520,5,2,1600,3200
56479,12520,8,3,1500,4500
56480,12520,1,2,1100,2200
56481,12521,4,2,900,1800
56482,12521,3,2,2200,4400
56483,12522,3,3,2200,6600
56484,12522,6,1,750,750
56485,12523,1,1,1100,1100
56486,12523,6,3,750,2250
56487,12523,8,2,1500,3000
56488,12523,7,3,3800,11400
56489,12523,3,3,2200,6600
56490,12523,2,3,1800,5400
56491,12523,5,3,1600,4800
56492,12524,4,3,900,2700
56493,12524,1,2,1100,2200
56494,12524,2,1,1800,1800
56495,12524,6,3,750,2250
56496,12525,2,2,1800,3600
56497,12525,1,2,1100,2200
56498,12525,7,1,3800,3800
56499,12526,6,3,750,2250
56500,12526,8,2,1500,3000
56501,12527,8,1,1500,1500
56502,12527,6,1,750,750
56503,12527,7,1,3800,3800
56504,12527,1,1,1100,1100
56505,12528,1,3,1100,3300
56506,12528,2,2,1800,3600
56507,12529,8,2,1500,3000
56508,12529,2,2,1800,3600
56509,12529,3,2,2200,4400
56510,12530,4,1,900,900
56511,12530,7,2,3800,7600
56512,12531,8,1,1500,1500
56513,12531,6,1,750,750
56514,12531,1,2,1100,2200
56515,12531,7,2,3800,7600
56516,12532,4,3,900,2700
56517,12533,8,3,1500,4500
56518,12533,1,2,1100,2200
56519,12534,8,2,1500,3000
56520,12534,5,3,1600,4800
56521,12534,4,2,900,1800
56522,12534,1,3,1100,3300
56523,12534,3,1,2200,2200
56524,12535,4,1,900,900
56525,12535,6,1,750,750
56526,12535,1,3,1100,3300
56527,12535,8,3,1500,4500
56528,12535,2,1,1800,1800
56529,12535,5,1,1600,1600
56530,12535,3,3,2200,6600
56531,12535,7,3,3800,11400
56532,12536,4,1,900,900
56533,12536,3,2,2200,4400
56534,12536,5,1,1600,1600
56535,12537,5,3,1600,4800
56536,12538,1,2,1100,2200
56537,12538,2,1,1800,1800
56538,12538,5,1,1600,1600
56539,12538,6,1,750,750
56540,12538,8,3,1500,4500
56541,12538,7,2,3800,7600
56542,12539,5,1,1600,1600
56543,12539,2,3,1800,5400
56544,12539,3,2,2200,4400
56545,12539,4,1,900,900
56546,12539,1,1,1100,1100
56547,12539,8,2,1500,3000
56548,12540,7,3,3800,11400
56549,12540,6,1,750,750
56550,12540,2,2,1800,3600
56551,12540,8,2,1500,3000
56552,12540,1,3,1100,3300
56553,12540,3,3,2200,6600
56554,12541,4,2,900,1800
56555,12541,3,2,2200,4400
56556,12541,7,3,3800,11400
56557,12542,6,1,750,750
56558,12542,5,2,1600,3200
56559,12542,8,2,1500,3000
56560,12543,5,1,1600,1600
56561,12543,3,2,2200,4400
56562,12544,5,3,1600,4800
56563,12545,8,3,1500,4500
56564,12545,5,3,1600,4800
56565,12546,3,3,2200,6600
56566,12546,2,1,1800,1800
56567,12546,6,3,750,2250
56568,12547,1,3,1100,3300
56569,12547,4,3,900,2700
56570,12547,2,1,1800,1800
56571,12547,8,2,1500,3000
56572,12547,6,3,750,2250
56573,12548,5,2,1600,3200
56574,12548,3,3,2200,6600
56575,12548,6,1,750,750
56576,12548,1,1,1100,1100
56577,12548,8,2,1500,3000
56578,12548,2,2,1800,3600
56579,12549,6,1,750,750
56580,12549,4,1,900,900
56581,12549,1,2,1100,2200
56582,12550,3,3,2200,6600
56583,12551,3,3,2200,6600
56584,12551,4,3,900,2700
56585,12551,8,3,1500,4500
56586,12552,6,1,750,750
56587,12552,7,3,3800,11400
56588,12553,6,2,750,1500
56589,12553,7,2,3800,7600
56590,12554,6,2,750,1500
56591,12554,2,2,1800,3600
56592,12555,4,1,900,900
56593,12555,1,2,1100,2200
56594,12555,5,3,1600,4800
56595,12555,8,2,1500,3000
56596,12556,7,2,3800,7600
56597,12557,6,2,750,1500
56598,12557,5,3,1600,4800
56599,12557,7,1,3800,3800
56600,12557,8,3,1500,4500
56601,12557,1,3,1100,3300
56602,12558,6,1,750,750
56603,12558,1,2,1100,2200
56604,12559,1,2,1100,2200
56605,12559,6,3,750,2250
56606,12560,5,3,1600,4800
56607,12560,8,2,1500,3000
56608,12560,2,1,1800,1800
56609,12560,7,2,3800,7600
56610,12560,6,2,750,1500
56611,12561,2,3,1800,5400
56612,12562,4,2,900,1800
56613,12562,7,2,3800,7600
56614,12563,1,3,1100,3300
56615,12564,2,1,1800,1800
56616,12564,7,3,3800,11400
56617,12564,4,2,900,1800
56618,12564,8,2,1500,3000
56619,12565,5,2,1600,3200
56620,12565,2,2,1800,3600
56621,12565,3,1,2200,2200
56622,12566,6,1,750,750
56623,12566,4,3,900,2700
56624,12566,5,1,1600,1600
56625,12566,3,1,2200,2200
56626,12567,3,1,2200,2200
56627,12568,7,2,3800,7600
56628,12568,8,2,1500,3000
56629,12569,2,1,1800,1800
56630,12570,1,2,1100,2200
56631,12570,6,2,750,1500
56632,12570,3,2,2200,4400
56633,12571,6,2,750,1500
56634,12571,7,2,3800,7600
56635,12572,8,3,1500,4500
56636,12572,3,3,2200,6600
56637,12573,1,3,1100,3300
56638,12573,2,2,1800,3600
56639,12574,3,1,2200,2200
56640,12574,5,3,1600,4800
56641,12575,1,3,1100,3300
56642,12575,8,2,1500,3000
56643,12576,8,3,1500,4500
56644,12576,3,2,2200,4400
56645,12577,4,3,900,2700
56646,12578,4,2,900,1800
56647,12578,7,1,3800,3800
56648,12578,8,3,1500,4500
56649,12578,6,3,750,2250
56650,12579,4,1,900,900
56651,12579,5,1,1600,1600
56652,12579,1,1,1100,1100
56653,12580,2,3,1800,5400
56654,12581,3,1,2200,2200
56655,12581,1,1,1100,1100
56656,12582,2,1,1800,1800
56657,12582,4,3,900,2700
56658,12582,7,2,3800,7600
56659,12582,6,2,750,1500
56660,12583,6,2,750,1500
56661,12584,7,3,3800,11400
56662,12584,1,1,1100,1100
56663,12584,2,1,1800,1800
56664,12584,3,3,2200,6600
56665,12585,5,3,1600,4800
56666,12586,8,1,1500,1500
56667,12586,3,1,2200,2200
56668,12587,1,2,1100,2200
56669,12588,1,2,1100,2200
56670,12588,7,2,3800,7600
56671,12588,6,3,750,2250
56672,12589,5,1,1600,1600
56673,12590,1,3,1100,3300
56674,12591,1,2,1100,2200
56675,12592,8,1,1500,1500
56676,12593,4,3,900,2700
56677,12593,8,1,1500,1500
56678,12593,5,3,1600,4800
56679,12594,4,1,900,900
56680,12594,7,2,3800,7600
56681,12595,2,3,1800,5400
56682,12595,7,3,3800,11400
56683,12595,5,3,1600,4800
56684,12596,8,3,1500,4500
56685,12597,8,3,1500,4500
56686,12598,1,1,1100,1100
56687,12599,5,2,1600,3200
56688,12599,8,1,1500,1500
56689,12599,6,1,750,750
56690,12600,7,1,3800,3800
56691,12600,2,1,1800,1800
56692,12600,8,1,1500,1500
56693,12600,4,2,900,1800
56694,12601,4,1,900,900
56695,12601,2,1,1800,1800
56696,12602,6,2,750,1500
56697,12602,3,1,2200,2200
56698,12603,6,1,750,750
56699,12604,2,1,1800,1800
56700,12605,4,1,900,900
56701,12606,3,3,2200,6600
56702,12607,5,1,1600,1600
56703,12607,7,1,3800,3800
56704,12607,3,1,2200,2200
56705,12607,1,3,1100,3300
56706,12607,2,1,1800,1800
56707,12607,4,1,900,900
56708,12608,6,1,750,750
56709,12608,1,2,1100,2200
56710,12608,4,2,900,1800
56711,12608,8,3,1500,4500
56712,12608,2,3,1800,5400
56713,12608,3,1,2200,2200
56714,12608,5,3,1600,4800
56715,12609,1,1,1100,1100
56716,12609,4,2,900,1800
56717,12609,7,1,3800,3800
56718,12610,1,3,1100,3300
56719,12610,5,2,1600,3200
56720,12610,7,3,3800,11400
56721,12611,7,1,3800,3800
56722,12611,3,1,2200,2200
56723,12612,6,1,750,750
56724,12613,4,3,900,2700
56725,12614,1,2,1100,2200
56726,12614,4,2,900,1800
56727,12615,4,1,900,900
56728,12615,5,1,1600,1600
56729,12616,1,2,1100,2200
56730,12616,7,1,3800,3800
56731,12617,1,2,1100,2200
56732,12617,8,1,1500,1500
56733,12618,1,1,1100,1100
56734,12618,4,3,900,2700
56735,12618,3,2,2200,4400
56736,12619,6,1,750,750
56737,12619,7,1,3800,3800
56738,12619,1,3,1100,3300
56739,12619,4,3,900,2700
56740,12619,5,1,1600,1600
56741,12619,8,3,1500,4500
56742,12619,3,2,2200,4400
56743,12620,2,3,1800,5400
56744,12621,8,2,1500,3000
56745,12621,3,2,2200,4400
56746,12621,6,2,750,1500
56747,12622,2,1,1800,1800
56748,12623,2,3,1800,5400
56749,12623,3,2,2200,4400
56750,12624,7,3,3800,11400
56751,12624,4,1,900,900
56752,12624,5,1,1600,1600
56753,12625,8,2,1500,3000
56754,12625,7,2,3800,7600
56755,12625,3,2,2200,4400
56756,12626,5,2,1600,3200
56757,12626,4,2,900,1800
56758,12626,2,2,1800,3600
56759,12626,7,1,3800,3800
56760,12627,6,3,750,2250
56761,12628,7,1,3800,3800
56762,12628,2,1,1800,1800
56763,12629,2,1,1800,1800
56764,12629,4,1,900,900
56765,12629,8,2,1500,3000
56766,12629,3,3,2200,6600
56767,12629,7,3,3800,11400
56768,12629,1,3,1100,3300
56769,12630,5,3,1600,4800
56770,12630,2,1,1800,1800
56771,12631,8,2,1500,3000
56772,12631,3,3,2200,6600
56773,12631,1,2,1100,2200
56774,12631,7,3,3800,11400
56775,12632,3,1,2200,2200
56776,12633,8,2,1500,3000
56777,12634,6,1,750,750
56778,12634,1,3,1100,3300
56779,12634,2,2,1800,3600
56780,12635,5,1,1600,1600
56781,12635,7,1,3800,3800
56782,12636,3,2,2200,4400
56783,12637,5,1,1600,1600
56784,12637,1,2,1100,2200
56785,12637,2,2,1800,3600
56786,12637,7,2,3800,7600
56787,12637,4,2,900,1800
56788,12638,4,2,900,1800
56789,12639,3,2,2200,4400
56790,12639,5,1,1600,1600
56791,12640,5,1,1600,1600
56792,12640,6,1,750,750
56793,12640,2,2,1800,3600
56794,12640,3,2,2200,4400
56795,12641,7,1,3800,3800
56796,12642,7,1,3800,3800
56797,12642,8,2,1500,3000
56798,12642,2,2,1800,3600
56799,12642,5,2,1600,3200
56800,12643,4,1,900,900
56801,12644,7,1,3800,3800
56802,12644,1,2,1100,2200
56803,12644,8,1,1500,1500
56804,12645,1,2,1100,2200
56805,12645,7,2,3800,7600
56806,12646,6,3,750,2250
56807,12646,5,3,1600,4800
56808,12647,4,1,900,900
56809,12647,3,2,2200,4400
56810,12647,8,2,1500,3000
56811,12647,2,2,1800,3600
56812,12647,7,3,3800,11400
56813,12648,7,1,3800,3800
56814,12649,3,2,2200,4400
56815,12649,1,2,1100,2200
56816,12650,5,1,1600,1600
56817,12650,6,2,750,1500
56818,12650,3,3,2200,6600
56819,12651,1,2,1100,2200
56820,12651,7,3,3800,11400
56821,12652,5,2,1600,3200
56822,12652,3,2,2200,4400
56823,12652,1,1,1100,1100
56824,12653,8,3,1500,4500
56825,12653,3,2,2200,4400
56826,12653,1,1,1100,1100
56827,12653,5,3,1600,4800
56828,12654,3,2,2200,4400
56829,12654,8,1,1500,1500
56830,12655,7,3,3800,11400
56831,12656,3,3,2200,6600
56832,12656,2,3,1800,5400
56833,12656,8,3,1500,4500
56834,12657,2,2,1800,3600
56835,12657,7,1,3800,3800
56836,12657,4,3,900,2700
56837,12657,8,1,1500,1500
56838,12658,5,1,1600,1600
56839,12658,6,3,750,2250
56840,12659,1,1,1100,1100
56841,12659,4,2,900,1800
56842,12660,7,1,3800,3800
56843,12660,4,2,900,1800
56844,12660,1,3,1100,3300
56845,12660,3,1,2200,2200
56846,12660,2,3,1800,5400
56847,12660,8,3,1500,4500
56848,12660,6,2,750,1500
56849,12660,5,1,1600,1600
56850,12661,4,2,900,1800
56851,12661,3,1,2200,2200
56852,12662,8,3,1500,4500
56853,12663,6,3,750,2250
56854,12663,8,3,1500,4500
56855,12663,3,2,2200,4400
56856,12663,1,3,1100,3300
56857,12664,8,3,1500,4500
56858,12665,5,1,1600,1600
56859,12665,8,1,1500,1500
56860,12665,6,2,750,1500
56861,12665,4,3,900,2700
56862,12665,1,1,1100,1100
56863,12665,7,1,3800,3800
56864,12666,8,1,1500,1500
56865,12666,5,1,1600,1600
56866,12666,4,1,900,900
56867,12667,4,2,900,1800
56868,12667,6,2,750,1500
56869,12668,2,3,1800,5400
56870,12669,3,1,2200,2200
56871,12670,2,1,1800,1800
56872,12670,8,3,1500,4500
56873,12670,3,1,2200,2200
56874,12671,8,1,1500,1500
56875,12671,1,3,1100,3300
56876,12671,5,3,1600,4800
56877,12671,4,1,900,900
56878,12671,6,3,750,2250
56879,12672,1,2,1100,2200
56880,12672,2,1,1800,1800
56881,12672,5,1,1600,1600
56882,12672,4,2,900,1800
56883,12672,3,3,2200,6600
56884,12673,7,3,3800,11400
56885,12674,1,1,1100,1100
56886,12674,6,1,750,750
56887,12675,8,1,1500,1500
56888,12675,6,1,750,750
56889,12675,4,1,900,900
56890,12676,4,2,900,1800
56891,12676,7,2,3800,7600
56892,12677,8,1,1500,1500
56893,12677,7,1,3800,3800
56894,12677,2,3,1800,5400
56895,12678,4,2,900,1800
56896,12678,8,2,1500,3000
56897,12678,5,2,1600,3200
56898,12678,3,3,2200,6600
56899,12678,2,2,1800,3600
56900,12678,1,1,1100,1100
56901,12679,8,3,1500,4500
56902,12680,1,3,1100,3300
56903,12680,4,2,900,1800
56904,12680,8,3,1500,4500
56905,12680,2,1,1800,1800
56906,12681,8,3,1500,4500
56907,12681,1,2,1100,2200
56908,12682,5,2,1600,3200
56909,12683,2,3,1800,5400
56910,12683,1,2,1100,2200
56911,12683,5,1,1600,1600
56912,12684,8,3,1500,4500
56913,12684,1,2,1100,2200
56914,12684,4,1,900,900
56915,12685,6,1,750,750
56916,12685,4,3,900,2700
56917,12685,2,1,1800,1800
56918,12686,8,2,1500,3000
56919,12686,6,3,750,2250
56920,12686,3,1,2200,2200
56921,12686,7,1,3800,3800
56922,12687,1,2,1100,2200
56923,12687,4,3,900,2700
56924,12688,8,2,1500,3000
56925,12689,4,2,900,1800
56926,12689,3,1,2200,2200
56927,12690,3,1,2200,2200
56928,12690,1,2,1100,2200
56929,12690,2,3,1800,5400
56930,12691,6,1,750,750
56931,12692,4,2,900,1800
56932,12692,5,1,1600,1600
56933,12692,3,2,2200,4400
56934,12692,8,1,1500,1500
56935,12693,6,2,750,1500
56936,12693,7,2,3800,7600
56937,12694,3,1,2200,2200
56938,12694,7,2,3800,7600
56939,12694,4,1,900,900
56940,12694,1,2,1100,2200
56941,12694,5,1,1600,1600
56942,12695,7,3,3800,11400
56943,12695,8,1,1500,1500
56944,12696,6,2,750,1500
56945,12697,3,1,2200,2200
56946,12698,6,1,750,750
56947,12698,5,2,1600,3200
56948,12698,2,1,1800,1800
56949,12698,8,1,1500,1500
56950,12698,4,2,900,1800
56951,12699,2,3,1800,5400
56952,12700,3,1,2200,2200
56953,12700,4,2,900,1800
56954,12700,5,1,1600,1600
56955,12701,4,1,900,900
56956,12701,6,1,750,750
56957,12701,8,1,1500,1500
56958,12702,2,3,1800,5400
56959,12703,2,2,1800,3600
56960,12703,6,3,750,2250
56961,12703,3,2,2200,4400
56962,12703,5,3,1600,4800
56963,12704,4,3,900,2700
56964,12704,3,2,2200,4400
56965,12705,4,2,900,1800
56966,12706,8,1,1500,1500
56967,12706,3,3,2200,6600
56968,12707,5,3,1600,4800
56969,12708,2,2,1800,3600
56970,12709,4,1,900,900
56971,12709,1,2,1100,2200
56972,12709,2,1,1800,1800
56973,12710,3,2,2200,4400
56974,12710,5,3,1600,4800
56975,12711,2,3,1800,5400
56976,12711,8,2,1500,3000
56977,12711,3,3,2200,6600
56978,12711,5,1,1600,1600
56979,12712,8,3,1500,4500
56980,12712,7,2,3800,7600
56981,12713,6,2,750,1500
56982,12713,4,1,900,900
56983,12713,8,2,1500,3000
56984,12714,8,2,1500,3000
56985,12714,6,3,750,2250
56986,12714,5,2,1600,3200
56987,12714,1,1,1100,1100
56988,12715,8,3,1500,4500
56989,12715,1,3,1100,3300
56990,12715,2,2,1800,3600
56991,12716,4,1,900,900
56992,12717,2,2,1800,3600
56993,12718,3,3,2200,6600
56994,12718,1,1,1100,1100
56995,12718,4,3,900,2700
56996,12718,7,2,3800,7600
56997,12718,2,2,1800,3600
56998,12719,3,1,2200,2200
56999,12719,8,2,1500,3000
57000,12720,1,1,1100,1100
57001,12720,4,1,900,900
57002,12721,1,1,1100,1100
57003,12722,3,2,2200,4400
57004,12722,8,2,1500,3000
57005,12723,6,3,750,2250
57006,12723,2,3,1800,5400
57007,12723,3,1,2200,2200
57008,12723,7,3,3800,11400
57009,12723,8,2,1500,3000
57010,12724,8,3,1500,4500
57011,12725,8,1,1500,1500
57012,12725,6,1,750,750
57013,12726,3,1,2200,2200
57014,12726,6,2,750,1500
57015,12727,2,3,1800,5400
57016,12727,8,2,1500,3000
57017,12728,8,1,1500,1500
57018,12728,7,2,3800,7600
57019,12728,1,1,1100,1100
57020,12728,5,2,1600,3200
57021,12728,2,3,1800,5400
57022,12728,4,2,900,1800
57023,12729,6,3,750,2250
57024,12730,2,1,1800,1800
57025,12730,7,1,3800,3800
57026,12730,1,2,1100,2200
57027,12731,7,3,3800,11400
57028,12731,5,3,1600,4800
57029,12731,1,2,1100,2200
57030,12731,3,2,2200,4400
57031,12731,8,3,1500,4500
57032,12732,7,2,3800,7600
57033,12732,2,2,1800,3600
57034,12732,8,3,1500,4500
57035,12733,4,2,900,1800
57036,12733,7,1,3800,3800
57037,12734,7,3,3800,11400
57038,12734,4,3,900,2700
57039,12734,1,2,1100,2200
57040,12734,5,3,1600,4800
57041,12735,2,3,1800,5400
57042,12735,3,2,2200,4400
57043,12735,6,2,750,1500
57044,12735,1,1,1100,1100
57045,12736,2,3,1800,5400
57046,12736,1,1,1100,1100
57047,12737,7,1,3800,3800
57048,12738,8,2,1500,3000
57049,12738,2,2,1800,3600
57050,12738,1,1,1100,1100
57051,12739,3,1,2200,2200
57052,12739,1,3,1100,3300
57053,12739,5,2,1600,3200
57054,12740,4,1,900,900
57055,12741,3,3,2200,6600
57056,12742,2,1,1800,1800
57057,12742,4,1,900,900
57058,12742,3,3,2200,6600
57059,12742,1,3,1100,3300
57060,12742,6,2,750,1500
57061,12742,5,2,1600,3200
57062,12743,7,2,3800,7600
57063,12743,2,2,1800,3600
57064,12743,5,1,1600,1600
57065,12744,7,2,3800,7600
57066,12744,5,3,1600,4800
57067,12744,3,3,2200,6600
57068,12745,4,2,900,1800
57069,12745,6,3,750,2250
57070,12745,8,2,1500,3000
57071,12746,1,3,1100,3300
57072,12746,3,3,2200,6600
57073,12746,5,3,1600,4800
57074,12747,5,1,1600,1600
57075,12747,1,3,1100,3300
57076,12747,4,1,900,900
57077,12748,6,2,750,1500
57078,12749,5,3,1600,4800
57079,12749,1,1,1100,1100
57080,12749,7,2,3800,7600
57081,12749,6,3,750,2250
57082,12749,3,3,2200,6600
57083,12749,4,3,900,2700
57084,12750,5,1,1600,1600
57085,12751,7,2,3800,7600
57086,12752,2,3,1800,5400
57087,12752,1,3,1100,3300
57088,12753,3,3,2200,6600
57089,12753,6,2,750,1500
57090,12753,7,2,3800,7600
57091,12753,4,1,900,900
57092,12754,4,2,900,1800
57093,12754,3,1,2200,2200
57094,12754,5,1,1600,1600
57095,12754,7,3,3800,11400
57096,12754,2,1,1800,1800
57097,12755,6,1,750,750
57098,12756,4,3,900,2700
57099,12756,2,2,1800,3600
57100,12756,5,2,1600,3200
57101,12756,8,2,1500,3000
57102,12757,1,3,1100,3300
57103,12757,8,1,1500,1500
57104,12757,6,1,750,750
57105,12757,7,2,3800,7600
57106,12758,5,1,1600,1600
57107,12759,5,3,1600,4800
57108,12759,4,1,900,900
57109,12759,1,1,1100,1100
57110,12760,6,3,750,2250
57111,12761,1,3,1100,3300
57112,12762,8,2,1500,3000
57113,12762,1,2,1100,2200
57114,12762,3,1,2200,2200
57115,12762,2,2,1800,3600
57116,12763,6,3,750,2250
57117,12764,5,1,1600,1600
57118,12764,4,1,900,900
57119,12765,1,1,1100,1100
57120,12765,5,2,1600,3200
57121,12765,4,3,900,2700
57122,12765,6,2,750,1500
57123,12765,3,3,2200,6600
57124,12765,7,3,3800,11400
57125,12766,7,3,3800,11400
57126,12766,8,2,1500,3000
57127,12766,3,2,2200,4400
57128,12767,4,2,900,1800
57129,12768,1,2,1100,2200
57130,12769,7,3,3800,11400
57131,12770,2,3,1800,5400
57132,12771,2,3,1800,5400
57133,12771,1,1,1100,1100
57134,12771,3,1,2200,2200
57135,12772,7,1,3800,3800
57136,12773,4,3,900,2700
57137,12773,6,2,750,1500
57138,12773,7,1,3800,3800
57139,12773,1,1,1100,1100
57140,12774,5,2,1600,3200
57141,12775,6,1,750,750
57142,12775,2,2,1800,3600
57143,12775,1,3,1100,3300
57144,12776,1,1,1100,1100
57145,12776,8,1,1500,1500
57146,12776,7,2,3800,7600
57147,12777,1,2,1100,2200
57148,12778,5,3,1600,4800
57149,12778,4,2,900,1800
57150,12779,5,3,1600,4800
57151,12779,4,2,900,1800
57152,12780,2,3,1800,5400
57153,12781,2,3,1800,5400
57154,12782,2,3,1800,5400
57155,12782,5,3,1600,4800
57156,12782,7,1,3800,3800
57157,12782,4,2,900,1800
57158,12782,6,1,750,750
57159,12783,8,2,1500,3000
57160,12783,4,3,900,2700
57161,12783,3,3,2200,6600
57162,12784,7,3,3800,11400
57163,12784,3,2,2200,4400
57164,12784,5,2,1600,3200
57165,12785,2,2,1800,3600
57166,12785,7,3,3800,11400
57167,12786,6,3,750,2250
57168,12787,8,2,1500,3000
57169,12788,6,2,750,1500
57170,12788,4,2,900,1800
57171,12788,8,1,1500,1500
57172,12788,3,3,2200,6600
57173,12789,5,2,1600,3200
57174,12789,4,1,900,900
57175,12789,7,1,3800,3800
57176,12789,2,2,1800,3600
57177,12789,6,2,750,1500
57178,12789,3,1,2200,2200
57179,12790,7,2,3800,7600
57180,12790,6,1,750,750
57181,12791,5,3,1600,4800
57182,12792,3,1,2200,2200
57183,12792,8,1,1500,1500
57184,12793,2,3,1800,5400
57185,12793,1,2,1100,2200
57186,12793,6,1,750,750
57187,12793,7,2,3800,7600
57188,12793,4,2,900,1800
57189,12794,1,2,1100,2200
57190,12794,3,2,2200,4400
57191,12794,7,1,3800,3800
57192,12795,5,2,1600,3200
57193,12795,1,1,1100,1100
57194,12796,8,3,1500,4500
57195,12797,2,1,1800,1800
57196,12798,2,2,1800,3600
57197,12799,7,1,3800,3800
57198,12800,7,3,3800,11400
57199,12800,3,3,2200,6600
57200,12801,6,1,750,750
57201,12801,3,2,2200,4400
57202,12801,2,1,1800,1800
57203,12801,4,2,900,1800
57204,12801,7,3,3800,11400
57205,12801,8,1,1500,1500
57206,12802,5,1,1600,1600
57207,12802,8,2,1500,3000
57208,12803,4,3,900,2700
57209,12803,2,1,1800,1800
57210,12803,7,3,3800,11400
57211,12804,5,3,1600,4800
57212,12804,6,3,750,2250
57213,12804,2,2,1800,3600
57214,12805,6,3,750,2250
57215,12806,6,1,750,750
57216,12806,7,1,3800,3800
57217,12807,4,2,900,1800
57218,12807,1,2,1100,2200
57219,12807,3,2,2200,4400
57220,12808,8,2,1500,3000
57221,12808,5,2,1600,3200
57222,12809,5,2,1600,3200
57223,12809,1,1,1100,1100
57224,12809,2,1,1800,1800
57225,12809,6,2,750,1500
57226,12810,6,2,750,1500
57227,12810,3,2,2200,4400
57228,12810,4,2,900,1800
57229,12810,1,3,1100,3300
57230,12810,7,1,3800,3800
57231,12810,8,2,1500,3000
57232,12811,4,3,900,2700
57233,12811,7,2,3800,7600
57234,12811,6,2,750,1500
57235,12811,3,3,2200,6600
57236,12811,1,2,1100,2200
57237,12812,6,2,750,1500
57238,12813,3,2,2200,4400
57239,12814,6,3,750,2250
57240,12814,1,2,1100,2200
57241,12814,7,3,3800,11400
57242,12815,3,3,2200,6600
57243,12816,3,3,2200,6600
57244,12816,7,1,3800,3800
57245,12816,1,3,1100,3300
57246,12816,5,1,1600,1600
57247,12817,5,3,1600,4800
57248,12818,6,3,750,2250
57249,12818,7,1,3800,3800
57250,12818,4,1,900,900
57251,12818,8,2,1500,3000
57252,12818,5,2,1600,3200
57253,12819,4,3,900,2700
57254,12819,6,1,750,750
57255,12820,4,1,900,900
57256,12820,7,3,3800,11400
57257,12820,8,2,1500,3000
57258,12820,3,1,2200,2200
57259,12820,1,1,1100,1100
57260,12820,2,2,1800,3600
57261,12820,6,3,750,2250
57262,12820,5,2,1600,3200
57263,12821,4,3,900,2700
57264,12821,8,2,1500,3000
57265,12821,5,1,1600,1600
57266,12822,8,2,1500,3000
57267,12822,3,2,2200,4400
57268,12822,1,3,1100,3300
57269,12823,4,3,900,2700
57270,12823,8,2,1500,3000
57271,12824,4,2,900,1800
57272,12825,2,1,1800,1800
57273,12825,7,1,3800,3800
57274,12825,6,1,750,750
57275,12825,8,2,1500,3000
57276,12826,1,1,1100,1100
57277,12826,4,1,900,900
57278,12827,1,3,1100,3300
57279,12827,5,3,1600,4800
57280,12827,2,1,1800,1800
57281,12828,4,3,900,2700
57282,12829,5,2,1600,3200
57283,12829,8,2,1500,3000
57284,12830,5,3,1600,4800
57285,12830,2,1,1800,1800
57286,12831,7,2,3800,7600
57287,12831,3,1,2200,2200
57288,12831,6,1,750,750
57289,12832,4,3,900,2700
57290,12832,2,2,1800,3600
57291,12832,8,1,1500,1500
57292,12833,4,1,900,900
57293,12833,7,3,3800,11400
57294,12834,3,2,2200,4400
57295,12834,6,1,750,750
57296,12834,5,2,1600,3200
57297,12835,2,1,1800,1800
57298,12835,7,1,3800,3800
57299,12836,5,1,1600,1600
57300,12837,6,3,750,2250
57301,12837,5,2,1600,3200
57302,12838,2,2,1800,3600
57303,12838,8,3,1500,4500
57304,12838,3,2,2200,4400
57305,12839,6,1,750,750
57306,12840,6,3,750,2250
57307,12841,7,1,3800,3800
57308,12841,4,3,900,2700
57309,12842,7,2,3800,7600
57310,12842,6,3,750,2250
57311,12843,1,2,1100,2200
57312,12843,2,1,1800,1800
57313,12843,7,3,3800,11400
57314,12843,3,2,2200,4400
57315,12844,1,3,1100,3300
57316,12845,6,2,750,1500
57317,12845,4,2,900,1800
57318,12846,5,3,1600,4800
57319,12846,8,1,1500,1500
57320,12846,2,3,1800,5400
57321,12847,1,2,1100,2200
57322,12847,2,3,1800,5400
57323,12847,7,2,3800,7600
57324,12847,5,1,1600,1600
57325,12847,3,1,2200,2200
57326,12847,6,3,750,2250
57327,12847,4,2,900,1800
57328,12848,5,1,1600,1600
57329,12848,6,3,750,2250
57330,12849,1,2,1100,2200
57331,12850,7,2,3800,7600
57332,12850,8,2,1500,3000
57333,12851,8,1,1500,1500
57334,12851,4,3,900,2700
57335,12851,1,3,1100,3300
57336,12851,3,1,2200,2200
57337,12851,6,1,750,750
57338,12851,5,2,1600,3200
57339,12852,4,2,900,1800
57340,12853,6,1,750,750
57341,12854,6,3,750,2250
57342,12854,2,1,1800,1800
57343,12854,8,3,1500,4500
57344,12855,8,1,1500,1500
57345,12856,8,3,1500,4500
57346,12856,6,3,750,2250
57347,12856,1,3,1100,3300
57348,12856,7,3,3800,11400
57349,12857,2,2,1800,3600
57350,12858,4,2,900,1800
57351,12859,8,1,1500,1500
57352,12860,8,1,1500,1500
57353,12860,4,3,900,2700
57354,12860,5,3,1600,4800
57355,12861,7,3,3800,11400
57356,12861,6,2,750,1500
57357,12862,8,3,1500,4500
57358,12862,4,2,900,1800
57359,12863,2,3,1800,5400
57360,12863,8,3,1500,4500
57361,12863,7,1,3800,3800
57362,12864,1,2,1100,2200
57363,12864,3,1,2200,2200
57364,12864,7,2,3800,7600
57365,12865,6,3,750,2250
57366,12865,8,3,1500,4500
57367,12865,7,1,3800,3800
57368,12865,2,1,1800,1800
57369,12865,5,2,1600,3200
57370,12865,1,3,1100,3300
57371,12865,3,1,2200,2200
57372,12865,4,3,900,2700
57373,12866,5,3,1600,4800
57374,12867,8,1,1500,1500
57375,12868,1,1,1100,1100
57376,12869,8,2,1500,3000
57377,12870,6,3,750,2250
57378,12870,8,2,1500,3000
57379,12871,5,1,1600,1600
57380,12871,2,2,1800,3600
57381,12872,6,1,750,750
57382,12872,5,3,1600,4800
57383,12873,1,2,1100,2200
57384,12874,6,1,750,750
57385,12875,3,2,2200,4400
57386,12875,1,3,1100,3300
57387,12875,7,3,3800,11400
57388,12876,4,3,900,2700
57389,12876,8,3,1500,4500
57390,12876,7,2,3800,7600
57391,12877,1,2,1100,2200
57392,12877,2,1,1800,1800
57393,12877,7,3,3800,11400
57394,12878,3,1,2200,2200
57395,12879,1,2,1100,2200
57396,12879,3,1,2200,2200
57397,12879,2,3,1800,5400
57398,12879,4,1,900,900
57399,12880,3,2,2200,4400
57400,12880,2,1,1800,1800
57401,12880,7,1,3800,3800
57402,12881,7,1,3800,3800
57403,12881,1,2,1100,2200
57404,12881,6,2,750,1500
57405,12882,2,3,1800,5400
57406,12883,1,3,1100,3300
57407,12883,7,1,3800,3800
57408,12884,3,1,2200,2200
57409,12884,4,3,900,2700
57410,12885,1,3,1100,3300
57411,12885,5,3,1600,4800
57412,12885,4,2,900,1800
57413,12886,1,2,1100,2200
57414,12886,4,2,900,1800
57415,12886,5,1,1600,1600
57416,12887,8,3,1500,4500
57417,12887,3,2,2200,4400
57418,12887,4,2,900,1800
57419,12888,8,3,1500,4500
57420,12888,3,2,2200,4400
57421,12888,7,3,3800,11400
57422,12888,1,3,1100,3300
57423,12888,6,1,750,750
57424,12889,8,3,1500,4500
57425,12890,2,2,1800,3600
57426,12890,3,3,2200,6600
57427,12891,1,3,1100,3300
57428,12891,6,2,750,1500
57429,12891,2,1,1800,1800
57430,12891,4,3,900,2700
57431,12891,8,2,1500,3000
57432,12891,7,1,3800,3800
57433,12892,3,3,2200,6600
57434,12892,4,1,900,900
57435,12892,2,3,1800,5400
57436,12892,8,1,1500,1500
57437,12893,6,3,750,2250
57438,12894,3,1,2200,2200
57439,12894,1,3,1100,3300
57440,12895,4,1,900,900
57441,12895,7,1,3800,3800
57442,12895,5,3,1600,4800
57443,12896,8,1,1500,1500
57444,12896,2,2,1800,3600
57445,12897,5,1,1600,1600
57446,12898,5,2,1600,3200
57447,12898,8,3,1500,4500
57448,12898,4,2,900,1800
57449,12898,2,3,1800,5400
57450,12899,7,3,3800,11400
57451,12899,1,3,1100,3300
57452,12899,2,1,1800,1800
57453,12899,6,3,750,2250
57454,12900,7,2,3800,7600
57455,12901,5,2,1600,3200
57456,12901,7,1,3800,3800
57457,12901,2,1,1800,1800
57458,12901,1,1,1100,1100
57459,12901,8,2,1500,3000
57460,12902,3,3,2200,6600
57461,12903,7,1,3800,3800
57462,12903,5,1,1600,1600
57463,12903,4,3,900,2700
57464,12904,4,1,900,900
57465,12905,8,2,1500,3000
57466,12905,1,2,1100,2200
57467,12905,6,2,750,1500
57468,12906,7,3,3800,11400
57469,12907,1,1,1100,1100
57470,12907,8,1,1500,1500
57471,12908,1,2,1100,2200
57472,12909,2,3,1800,5400
57473,12910,8,1,1500,1500
57474,12910,5,1,1600,1600
57475,12911,8,1,1500,1500
57476,12911,6,2,750,1500
57477,12911,7,1,3800,3800
57478,12912,6,2,750,1500
57479,12912,4,1,900,900
57480,12912,3,1,2200,2200
57481,12912,2,2,1800,3600
57482,12912,5,2,1600,3200
57483,12912,1,2,1100,2200
57484,12913,8,2,1500,3000
57485,12913,3,2,2200,4400
57486,12913,5,2,1600,3200
57487,12913,1,3,1100,3300
57488,12913,6,3,750,2250
57489,12914,3,2,2200,4400
57490,12914,5,1,1600,1600
57491,12915,1,3,1100,3300
57492,12915,5,3,1600,4800
57493,12915,3,3,2200,6600
57494,12915,8,1,1500,1500
57495,12916,6,2,750,1500
57496,12916,8,3,1500,4500
57497,12917,3,3,2200,6600
57498,12917,1,2,1100,2200
57499,12918,1,3,1100,3300
57500,12918,3,1,2200,2200
57501,12918,5,2,1600,3200
57502,12919,8,1,1500,1500
57503,12919,5,2,1600,3200
57504,12919,7,1,3800,3800
57505,12920,8,1,1500,1500
57506,12921,3,1,2200,2200
57507,12921,1,2,1100,2200
57508,12922,8,1,1500,1500
57509,12922,7,3,3800,11400
57510,12923,1,1,1100,1100
57511,12923,8,2,1500,3000
57512,12924,8,3,1500,4500
57513,12924,6,1,750,750
57514,12924,5,2,1600,3200
57515,12925,2,3,1800,5400
57516,12926,2,3,1800,5400
57517,12927,4,3,900,2700
57518,12927,3,3,2200,6600
57519,12927,5,3,1600,4800
57520,12927,6,3,750,2250
57521,12927,8,2,1500,3000
57522,12928,5,2,1600,3200
57523,12929,7,3,3800,11400
57524,12929,1,3,1100,3300
57525,12929,4,2,900,1800
57526,12930,6,3,750,2250
57527,12931,5,2,1600,3200
57528,12931,1,1,1100,1100
57529,12931,7,3,3800,11400
57530,12931,3,2,2200,4400
57531,12931,4,1,900,900
57532,12931,2,1,1800,1800
57533,12932,6,3,750,2250
57534,12932,2,3,1800,5400
57535,12932,1,1,1100,1100
57536,12933,2,3,1800,5400
57537,12933,3,3,2200,6600
57538,12933,8,1,1500,1500
57539,12933,5,3,1600,4800
57540,12934,4,1,900,900
57541,12934,7,3,3800,11400
57542,12934,3,3,2200,6600
57543,12934,5,1,1600,1600
57544,12935,1,3,1100,3300
57545,12935,5,1,1600,1600
57546,12935,7,3,3800,11400
57547,12936,5,2,1600,3200
57548,12936,6,3,750,2250
57549,12937,4,3,900,2700
57550,12937,8,1,1500,1500
57551,12938,3,2,2200,4400
57552,12938,5,2,1600,3200
57553,12938,8,3,1500,4500
57554,12939,7,2,3800,7600
57555,12939,1,2,1100,2200
57556,12940,7,1,3800,3800
57557,12940,4,2,900,1800
57558,12940,3,1,2200,2200
57559,12940,2,2,1800,3600
57560,12941,3,3,2200,6600
57561,12941,5,1,1600,1600
57562,12942,4,3,900,2700
57563,12943,2,1,1800,1800
57564,12944,8,2,1500,3000
57565,12945,8,1,1500,1500
57566,12945,4,3,900,2700
57567,12946,1,3,1100,3300
57568,12946,8,2,1500,3000
57569,12946,4,2,900,1800
57570,12946,3,1,2200,2200
57571,12947,3,1,2200,2200
57572,12948,3,3,2200,6600
57573,12949,1,3,1100,3300
57574,12950,4,1,900,900
57575,12951,4,2,900,1800
57576,12952,5,2,1600,3200
57577,12952,8,1,1500,1500
57578,12952,3,2,2200,4400
57579,12953,4,2,900,1800
57580,12953,1,2,1100,2200
57581,12953,5,3,1600,4800
57582,12953,6,1,750,750
57583,12954,5,3,1600,4800
57584,12955,8,3,1500,4500
57585,12956,7,2,3800,7600
57586,12956,3,1,2200,2200
57587,12957,8,2,1500,3000
57588,12957,7,3,3800,11400
57589,12957,5,3,1600,4800
57590,12957,4,3,900,2700
57591,12958,3,2,2200,4400
57592,12959,7,1,3800,3800
57593,12959,5,2,1600,3200
57594,12959,1,3,1100,3300
57595,12960,4,1,900,900
57596,12960,2,1,1800,1800
57597,12961,1,2,1100,2200
57598,12962,1,3,1100,3300
57599,12962,4,2,900,1800
57600,12962,7,1,3800,3800
57601,12963,6,3,750,2250
57602,12963,7,3,3800,11400
57603,12964,2,1,1800,1800
57604,12964,1,3,1100,3300
57605,12964,4,2,900,1800
57606,12964,5,1,1600,1600
57607,12964,3,3,2200,6600
57608,12965,4,2,900,1800
57609,12965,1,2,1100,2200
57610,12965,5,1,1600,1600
57611,12965,2,3,1800,5400
57612,12966,2,2,1800,3600
57613,12966,7,2,3800,7600
57614,12966,6,1,750,750
57615,12967,7,1,3800,3800
57616,12968,3,1,2200,2200
57617,12968,5,2,1600,3200
57618,12968,4,3,900,2700
57619,12969,7,3,3800,11400
57620,12970,5,2,1600,3200
57621,12970,7,2,3800,7600
57622,12971,8,2,1500,3000
57623,12971,3,1,2200,2200
57624,12972,1,1,1100,1100
57625,12972,7,2,3800,7600
57626,12972,3,2,2200,4400
57627,12972,8,2,1500,3000
57628,12973,1,3,1100,3300
57629,12974,2,2,1800,3600
57630,12974,3,3,2200,6600
57631,12974,1,3,1100,3300
57632,12975,4,3,900,2700
57633,12976,3,1,2200,2200
57634,12977,1,1,1100,1100
57635,12978,8,1,1500,1500
57636,12979,6,3,750,2250
57637,12980,8,2,1500,3000
57638,12980,4,1,900,900
57639,12980,7,1,3800,3800
57640,12981,5,2,1600,3200
57641,12981,8,2,1500,3000
57642,12981,2,1,1800,1800
57643,12982,3,1,2200,2200
57644,12983,8,1,1500,1500
57645,12983,2,1,1800,1800
57646,12983,5,2,1600,3200
57647,12983,7,1,3800,3800
57648,12984,1,2,1100,2200
57649,12985,8,2,1500,3000
57650,12986,5,2,1600,3200
57651,12986,8,3,1500,4500
57652,12986,7,3,3800,11400
57653,12987,1,3,1100,3300
57654,12987,7,2,3800,7600
57655,12987,2,3,1800,5400
57656,12988,5,3,1600,4800
57657,12988,2,3,1800,5400
57658,12988,6,1,750,750
57659,12989,4,1,900,900
57660,12989,7,1,3800,3800
57661,12989,8,1,1500,1500
57662,12989,5,1,1600,1600
57663,12989,3,3,2200,6600
57664,12989,2,3,1800,5400
57665,12990,3,3,2200,6600
57666,12990,6,2,750,1500
57667,12990,7,2,3800,7600
57668,12990,5,1,1600,1600
57669,12990,8,1,1500,1500
57670,12990,1,1,1100,1100
57671,12991,3,1,2200,2200
57672,12992,5,1,1600,1600
57673,12992,1,2,1100,2200
57674,12992,6,3,750,2250
57675,12992,4,2,900,1800
57676,12992,2,1,1800,1800
57677,12993,6,1,750,750
57678,12994,2,3,1800,5400
57679,12994,7,3,3800,11400
57680,12995,8,3,1500,4500
57681,12995,2,3,1800,5400
57682,12995,3,1,2200,2200
57683,12995,6,1,750,750
57684,12996,3,2,2200,4400
57685,12996,4,2,900,1800
57686,12996,1,2,1100,2200
57687,12996,7,1,3800,3800
57688,12996,6,3,750,2250
57689,12997,1,1,1100,1100
57690,12997,5,2,1600,3200
57691,12997,3,2,2200,4400
57692,12997,2,1,1800,1800
57693,12998,5,3,1600,4800
57694,12999,1,3,1100,3300
57695,12999,4,1,900,900
57696,12999,8,2,1500,3000
57697,12999,7,3,3800,11400
57698,13000,5,3,1600,3200
57699,13001,3,2,2200,4400
57700,13001,5,2,1600,3200
57701,13001,2,1,1800,1800
57702,13001,4,1,900,900
57703,13002,5,3,1600,3200
57704,13003,2,2,1800,3600
57705,13004,8,1,1500,1500
57706,13005,5,3,1600,3200
57707,13006,5,3,1600,3200
57708,13007,5,3,1600,3200
57709,13008,7,2,3800,7600
57710,13008,4,1,900,900
57711,13008,5,2,1600,3200
57712,13008,1,2,1100,2200
57713,13008,2,3,1800,5400
57714,13008,3,3,2200,6600
57715,13009,5,3,1600,3200
57716,13010,7,1,3800,3800
57717,13010,2,2,1800,3600
57718,13010,8,2,1500,3000
57719,13011,2,3,1800,5400
57720,13011,3,1,2200,2200
57721,13011,8,2,1500,3000
57722,13012,5,3,1600,3200
57723,13013,3,1,2200,2200
57724,13013,4,3,900,2700
57725,13014,5,3,1600,3200
57726,13015,6,1,750,750
57727,13016,5,3,1600,3200
57728,13017,2,3,1800,5400
57729,13018,5,2,1600,3200
57730,13018,8,3,1500,4500
57731,13018,4,1,900,900
57732,13019,6,3,750,2250
57733,13019,5,3,1600,4800
57734,13020,5,3,1600,3200
57735,13021,6,2,750,1500
57736,13021,4,2,900,1800
57737,13021,3,2,2200,4400
57738,13021,7,3,3800,11400
57739,13022,5,3,1600,3200
57740,13023,3,3,2200,6600
57741,13023,2,2,1800,3600
57742,13023,7,2,3800,7600
57743,13023,5,1,1600,1600
57744,13024,7,1,3800,3800
57745,13024,4,3,900,2700
57746,13024,3,3,2200,6600
57747,13025,4,3,900,2700
57748,13025,1,2,1100,2200
57749,13026,3,3,2200,6600
57750,13026,1,2,1100,2200
57751,13026,7,3,3800,11400
57752,13026,6,1,750,750
57753,13027,6,3,750,2250
57754,13028,5,3,1600,3200
57755,13029,5,3,1600,3200
57756,13030,7,3,3800,11400
57757,13030,4,2,900,1800
57758,13031,7,1,3800,3800
57759,13031,2,3,1800,5400
57760,13032,5,3,1600,3200
57761,13033,2,3,1800,5400
57762,13034,1,1,1100,1100
57763,13034,4,1,900,900
57764,13034,7,2,3800,7600
57765,13035,8,3,1500,4500
57766,13035,6,2,750,1500
57767,13035,7,2,3800,7600
57768,13035,2,1,1800,1800
57769,13035,3,3,2200,6600
57770,13035,4,3,900,2700
57771,13036,3,2,2200,4400
57772,13036,6,1,750,750
57773,13037,5,3,1600,3200
57774,13038,5,3,1600,3200
57775,13039,3,2,2200,4400
57776,13039,6,2,750,1500
57777,13040,5,3,1600,3200
57778,13041,7,1,3800,3800
57779,13042,5,2,1600,3200
57780,13042,1,2,1100,2200
57781,13042,2,1,1800,1800
57782,13042,7,2,3800,7600
57783,13043,5,1,1600,1600
57784,13043,6,3,750,2250
57785,13043,7,3,3800,11400
57786,13043,4,1,900,900
57787,13043,1,1,1100,1100
57788,13043,2,2,1800,3600
57789,13044,5,3,1600,3200
57790,13045,5,3,1600,3200
57791,13046,1,3,1100,3300
57792,13047,7,2,3800,7600
57793,13047,1,2,1100,2200
57794,13047,4,2,900,1800
57795,13047,6,1,750,750
57796,13047,5,1,1600,1600
57797,13047,2,2,1800,3600
57798,13047,8,3,1500,4500
57799,13048,8,3,1500,4500
57800,13048,4,2,900,1800
57801,13048,3,1,2200,2200
57802,13049,5,3,1600,3200
57803,13050,5,3,1600,3200
57804,13051,4,3,900,2700
57805,13051,6,3,750,2250
57806,13052,1,1,1100,1100
57807,13053,4,1,900,900
57808,13054,5,1,1600,1600
57809,13054,3,1,2200,2200
57810,13054,4,3,900,2700
57811,13055,4,3,900,2700
57812,13056,2,1,1800,1800
57813,13056,1,2,1100,2200
57814,13057,8,3,1500,4500
57815,13057,1,1,1100,1100
57816,13058,5,3,1600,3200
57817,13059,5,3,1600,3200
57818,13060,7,2,3800,7600
57819,13060,2,3,1800,5400
57820,13060,5,1,1600,1600
57821,13060,6,2,750,1500
57822,13060,8,3,1500,4500
57823,13061,8,2,1500,3000
57824,13062,7,1,3800,3800
57825,13062,5,1,1600,1600
57826,13062,3,2,2200,4400
57827,13062,6,3,750,2250
57828,13062,4,1,900,900
57829,13063,6,2,750,1500
57830,13063,5,3,1600,4800
57831,13064,1,1,1100,1100
57832,13065,3,1,2200,2200
57833,13065,8,1,1500,1500
57834,13065,1,3,1100,3300
57835,13065,7,1,3800,3800
57836,13066,1,3,1100,3300
57837,13067,1,3,1100,3300
57838,13067,4,3,900,2700
57839,13068,4,2,900,1800
57840,13068,5,1,1600,1600
57841,13068,8,3,1500,4500
57842,13069,5,3,1600,3200
57843,13070,5,3,1600,3200
57844,13071,2,1,1800,1800
57845,13072,3,3,2200,6600
57846,13072,6,2,750,1500
57847,13072,5,2,1600,3200
57848,13072,7,3,3800,11400
57849,13073,5,3,1600,3200
57850,13074,5,3,1600,3200
57851,13075,4,3,900,2700
57852,13075,8,1,1500,1500
57853,13076,5,3,1600,3200
57854,13077,8,2,1500,3000
57855,13078,5,3,1600,3200
57856,13079,8,3,1500,4500
57857,13079,1,1,1100,1100
57858,13079,7,3,3800,11400
57859,13080,3,1,2200,2200
57860,13080,7,3,3800,11400
57861,13081,2,3,1800,5400
57862,13081,5,1,1600,1600
57863,13081,8,2,1500,3000
57864,13082,5,3,1600,3200
57865,13083,5,3,1600,3200
57866,13084,5,3,1600,3200
57867,13085,5,3,1600,3200
57868,13086,5,3,1600,3200
57869,13087,8,1,1500,1500
57870,13087,4,3,900,2700
57871,13087,2,1,1800,1800
57872,13088,5,3,1600,4800
57873,13089,2,2,1800,3600
57874,13089,8,3,1500,4500
57875,13089,7,2,3800,7600
57876,13090,2,1,1800,1800
57877,13091,4,2,900,1800
57878,13091,5,3,1600,4800
57879,13091,1,3,1100,3300
57880,13091,2,1,1800,1800
57881,13092,7,2,3800,7600
57882,13092,6,3,750,2250
57883,13093,8,2,1500,3000
57884,13093,3,3,2200,6600
57885,13093,7,1,3800,3800
57886,13093,1,3,1100,3300
57887,13094,5,3,1600,3200
57888,13095,8,2,1500,3000
57889,13095,2,3,1800,5400
57890,13096,5,3,1600,3200
57891,13097,4,3,900,2700
57892,13098,6,1,750,750
57893,13098,3,2,2200,4400
57894,13099,2,2,1800,3600
57895,13099,1,2,1100,2200
57896,13100,4,1,900,900
57897,13100,3,3,2200,6600
57898,13100,5,3,1600,4800
57899,13101,5,1,1600,1600
57900,13101,6,1,750,750
57901,13102,2,3,1800,5400
57902,13102,5,1,1600,1600
57903,13102,6,1,750,750
57904,13102,8,3,1500,4500
57905,13103,5,1,1600,1600
57906,13104,5,3,1600,3200
57907,13105,5,3,1600,3200
57908,13106,1,3,1100,3300
57909,13106,5,2,1600,3200
57910,13107,3,3,2200,6600
57911,13108,8,2,1500,3000
57912,13109,8,2,1500,3000
57913,13109,6,3,750,2250
57914,13109,2,1,1800,1800
57915,13110,5,3,1600,3200
57916,13111,5,3,1600,3200
57917,13112,5,3,1600,3200
57918,13113,3,3,2200,6600
57919,13113,6,2,750,1500
57920,13114,5,3,1600,3200
57921,13115,5,1,1600,1600
57922,13116,4,3,900,2700
57923,13117,7,2,3800,7600
57924,13117,8,2,1500,3000
57925,13118,4,1,900,900
57926,13118,2,2,1800,3600
57927,13118,6,2,750,1500
57928,13118,1,3,1100,3300
57929,13118,7,2,3800,7600
57930,13118,3,2,2200,4400
57931,13118,8,2,1500,3000
57932,13118,5,3,1600,4800
57933,13119,5,1,1600,1600
57934,13120,5,3,1600,3200
57935,13121,5,3,1600,3200
57936,13122,8,3,1500,4500
57937,13123,1,1,1100,1100
57938,13124,2,3,1800,5400
57939,13124,5,2,1600,3200
57940,13125,4,1,900,900
57941,13125,6,1,750,750
57942,13126,5,3,1600,3200
57943,13127,6,1,750,750
57944,13127,2,2,1800,3600
57945,13128,3,2,2200,4400
57946,13128,6,3,750,2250
57947,13128,4,2,900,1800
57948,13129,7,1,3800,3800
57949,13129,2,1,1800,1800
57950,13129,4,1,900,900
57951,13129,3,2,2200,4400
57952,13129,8,2,1500,3000
57953,13130,4,3,900,2700
57954,13130,2,1,1800,1800
57955,13130,3,2,2200,4400
57956,13130,1,1,1100,1100
57957,13130,6,1,750,750
57958,13130,7,2,3800,7600
57959,13130,5,3,1600,4800
57960,13131,5,3,1600,3200
57961,13132,5,3,1600,3200
57962,13133,5,3,1600,3200
57963,13134,5,2,1600,3200
57964,13134,3,2,2200,4400
57965,13134,4,2,900,1800
57966,13135,6,2,750,1500
57967,13136,6,3,750,2250
57968,13137,1,2,1100,2200
57969,13137,7,2,3800,7600
57970,13137,5,3,1600,4800
57971,13137,3,1,2200,2200
57972,13138,5,3,1600,3200
57973,13139,5,3,1600,3200
57974,13140,3,3,2200,6600
57975,13140,7,2,3800,7600
57976,13140,1,1,1100,1100
57977,13141,2,2,1800,3600
57978,13142,6,2,750,1500
57979,13142,3,2,2200,4400
57980,13143,4,1,900,900
57981,13143,2,1,1800,1800
57982,13143,1,3,1100,3300
57983,13143,8,1,1500,1500
57984,13143,7,1,3800,3800
57985,13143,5,3,1600,4800
57986,13143,6,2,750,1500
57987,13143,3,1,2200,2200
57988,13144,5,2,1600,3200
57989,13144,2,2,1800,3600
57990,13144,8,1,1500,1500
57991,13145,5,3,1600,3200
57992,13146,3,3,2200,6600
57993,13146,2,1,1800,1800
57994,13147,5,3,1600,3200
57995,13148,5,3,1600,3200
57996,13149,2,3,1800,5400
57997,13149,6,3,750,2250
57998,13149,5,2,1600,3200
57999,13150,7,2,3800,7600
58000,13150,6,2,750,1500
58001,13150,2,2,1800,3600
58002,13150,3,2,2200,4400
58003,13151,5,3,1600,3200
58004,13152,6,1,750,750
58005,13152,5,3,1600,4800
58006,13153,3,3,2200,6600
58007,13153,5,2,1600,3200
58008,13153,2,2,1800,3600
58009,13153,7,3,3800,11400
58010,13154,8,1,1500,1500
58011,13154,4,3,900,2700
58012,13155,8,2,1500,3000
58013,13156,8,2,1500,3000
58014,13157,3,2,2200,4400
58015,13157,7,2,3800,7600
58016,13158,2,2,1800,3600
58017,13159,4,3,900,2700
58018,13159,3,2,2200,4400
58019,13160,3,2,2200,4400
58020,13160,2,1,1800,1800
58021,13161,3,2,2200,4400
58022,13162,3,2,2200,4400
58023,13162,2,1,1800,1800
58024,13163,6,2,750,1500
58025,13163,3,2,2200,4400
58026,13163,2,3,1800,5400
58027,13164,3,2,2200,4400
58028,13165,3,1,2200,2200
58029,13165,6,2,750,1500
58030,13166,3,3,2200,6600
58031,13166,2,3,1800,5400
58032,13167,5,3,1600,3200
58033,13168,5,3,1600,3200
58034,13169,8,2,1500,3000
58035,13169,2,3,1800,5400
58036,13169,4,1,900,900
58037,13169,5,2,1600,3200
58038,13170,3,2,2200,4400
58039,13170,1,1,1100,1100
58040,13171,6,2,750,1500
58041,13171,8,2,1500,3000
58042,13171,5,1,1600,1600
58043,13172,5,3,1600,3200
58044,13173,6,2,750,1500
58045,13173,4,2,900,1800
58046,13173,8,1,1500,1500
58047,13173,5,1,1600,1600
58048,13173,2,2,1800,3600
58049,13173,7,3,3800,11400
58050,13173,1,1,1100,1100
58051,13174,5,3,1600,3200
58052,13175,1,1,1100,1100
58053,13175,7,1,3800,3800
58054,13176,1,1,1100,1100
58055,13176,2,3,1800,5400
58056,13177,6,1,750,750
58057,13177,8,3,1500,4500
58058,13178,5,3,1600,4800
58059,13178,8,2,1500,3000
58060,13179,3,2,2200,4400
58061,13179,5,1,1600,1600
58062,13180,2,2,1800,3600
58063,13180,8,3,1500,4500
58064,13180,6,2,750,1500
58065,13180,1,2,1100,2200
58066,13180,5,1,1600,1600
58067,13181,5,2,1600,3200
58068,13181,8,1,1500,1500
58069,13181,6,3,750,2250
58070,13182,3,1,2200,2200
58071,13183,2,2,1800,3600
58072,13184,8,2,1500,3000
58073,13184,7,3,3800,11400
58074,13184,5,3,1600,4800
58075,13184,3,3,2200,6600
58076,13185,5,3,1600,3200
58077,13186,5,3,1600,3200
58078,13187,7,3,3800,11400
58079,13187,1,1,1100,1100
58080,13188,2,1,1800,1800
58081,13188,4,3,900,2700
58082,13189,5,2,1600,3200
58083,13189,8,2,1500,3000
58084,13190,5,3,1600,3200
58085,13191,6,3,750,2250
58086,13192,2,2,1800,3600
58087,13192,1,3,1100,3300
58088,13192,7,3,3800,11400
58089,13193,7,1,3800,3800
58090,13193,6,1,750,750
58091,13193,5,3,1600,4800
58092,13193,1,2,1100,2200
58093,13194,2,3,1800,5400
58094,13194,8,1,1500,1500
58095,13194,6,3,750,2250
58096,13195,5,3,1600,3200
58097,13196,5,3,1600,3200
58098,13197,8,3,1500,4500
58099,13197,3,1,2200,2200
58100,13197,7,1,3800,3800
58101,13198,1,2,1100,2200
58102,13198,3,1,2200,2200
58103,13198,5,2,1600,3200
58104,13198,8,2,1500,3000
58105,13199,5,3,1600,3200
58106,13200,7,2,3800,7600
58107,13200,2,2,1800,3600
58108,13201,6,3,750,2250
58109,13201,1,1,1100,1100
58110,13201,5,1,1600,1600
58111,13201,2,3,1800,5400
58112,13202,5,3,1600,3200
58113,13203,5,3,1600,3200
58114,13204,7,1,3800,3800
58115,13204,6,3,750,2250
58116,13204,8,2,1500,3000
58117,13205,5,3,1600,3200
58118,13206,5,3,1600,3200
58119,13207,5,3,1600,3200
58120,13208,5,3,1600,3200
58121,13209,5,3,1600,3200
58122,13210,5,3,1600,3200
58123,13211,1,1,1100,1100
58124,13211,5,1,1600,1600
58125,13212,2,2,1800,3600
58126,13212,5,3,1600,4800
58127,13212,6,3,750,2250
58128,13213,5,3,1600,3200
58129,13214,6,2,750,1500
58130,13215,4,1,900,900
58131,13215,6,2,750,1500
58132,13216,5,3,1600,3200
58133,13217,5,3,1600,3200
58134,13218,2,1,1800,1800
58135,13219,5,3,1600,3200
58136,13220,5,3,1600,3200
58137,13221,5,3,1600,3200
58138,13222,7,3,3800,11400
58139,13222,8,1,1500,1500
58140,13223,5,2,1600,3200
58141,13223,7,2,3800,7600
58142,13223,3,2,2200,4400
58143,13223,8,2,1500,3000
58144,13224,6,1,750,750
58145,13224,2,1,1800,1800
58146,13224,5,1,1600,1600
58147,13224,3,3,2200,6600
58148,13224,4,3,900,2700
58149,13225,5,3,1600,3200
58150,13226,6,1,750,750
58151,13227,5,3,1600,3200
58152,13228,5,1,1600,1600
58153,13228,3,1,2200,2200
58154,13228,2,3,1800,5400
58155,13228,6,3,750,2250
58156,13229,6,2,750,1500
58157,13229,1,2,1100,2200
58158,13230,5,3,1600,3200
58159,13231,3,2,2200,4400
58160,13232,8,1,1500,1500
58161,13232,5,3,1600,4800
58162,13233,4,1,900,900
58163,13233,1,3,1100,3300
58164,13233,5,1,1600,1600
58165,13233,3,3,2200,6600
58166,13234,1,2,1100,2200
58167,13235,7,3,3800,11400
58168,13235,2,3,1800,5400
58169,13235,4,2,900,1800
58170,13235,1,2,1100,2200
58171,13235,8,1,1500,1500
58172,13236,8,3,1500,4500
58173,13237,1,2,1100,2200
58174,13238,4,2,900,1800
58175,13238,8,3,1500,4500
58176,13239,7,3,3800,11400
58177,13239,8,1,1500,1500
58178,13240,8,1,1500,1500
58179,13240,4,2,900,1800
58180,13240,7,3,3800,11400
58181,13240,2,3,1800,5400
58182,13241,5,3,1600,3200
58183,13242,1,3,1100,3300
58184,13242,5,3,1600,4800
58185,13242,3,2,2200,4400
58186,13242,4,3,900,2700
58187,13242,6,3,750,2250
58188,13242,2,1,1800,1800
58189,13243,2,3,1800,5400
58190,13243,3,1,2200,2200
58191,13244,5,3,1600,3200
58192,13245,5,3,1600,3200
58193,13246,5,3,1600,3200
58194,13247,4,1,900,900
58195,13247,2,3,1800,5400
58196,13247,6,2,750,1500
58197,13248,5,3,1600,3200
58198,13249,5,3,1600,3200
58199,13250,5,3,1600,3200
58200,13251,2,2,1800,3600
58201,13251,1,2,1100,2200
58202,13251,3,2,2200,4400
58203,13251,8,2,1500,3000
58204,13252,3,3,2200,6600
58205,13252,2,2,1800,3600
58206,13253,5,3,1600,3200
58207,13254,2,3,1800,5400
58208,13254,4,3,900,2700
58209,13254,3,3,2200,6600
58210,13254,5,3,1600,4800
58211,13255,8,3,1500,4500
58212,13255,3,3,2200,6600
58213,13255,7,3,3800,11400
58214,13255,2,1,1800,1800
58215,13255,5,3,1600,4800
58216,13256,3,3,2200,6600
58217,13256,1,2,1100,2200
58218,13256,4,2,900,1800
58219,13256,5,3,1600,4800
58220,13257,3,2,2200,4400
58221,13257,5,2,1600,3200
58222,13257,2,2,1800,3600
58223,13258,5,3,1600,3200
58224,13259,2,3,1800,5400
58225,13260,5,2,1600,3200
58226,13261,5,3,1600,3200
58227,13262,5,2,1600,3200
58228,13262,4,2,900,1800
58229,13262,3,2,2200,4400
58230,13262,7,1,3800,3800
58231,13262,2,3,1800,5400
58232,13262,8,3,1500,4500
58233,13262,6,3,750,2250
58234,13263,3,2,2200,4400
58235,13263,4,3,900,2700
58236,13264,1,3,1100,3300
58237,13264,3,1,2200,2200
58238,13264,7,3,3800,11400
58239,13264,5,2,1600,3200
58240,13264,8,3,1500,4500
58241,13265,5,3,1600,3200
58242,13266,5,3,1600,3200
58243,13267,3,3,2200,6600
58244,13267,4,3,900,2700
58245,13267,7,3,3800,11400
58246,13267,5,1,1600,1600
58247,13268,8,2,1500,3000
58248,13268,6,1,750,750
58249,13268,3,1,2200,2200
58250,13268,5,2,1600,3200
58251,13269,4,3,900,2700
58252,13269,3,1,2200,2200
58253,13269,7,2,3800,7600
58254,13270,5,3,1600,3200
58255,13271,7,2,3800,7600
58256,13272,5,3,1600,3200
58257,13273,2,2,1800,3600
58258,13274,2,2,1800,3600
58259,13274,5,3,1600,4800
58260,13275,4,2,900,1800
58261,13275,3,2,2200,4400
58262,13276,5,3,1600,3200
58263,13277,7,1,3800,3800
58264,13277,4,1,900,900
58265,13277,8,2,1500,3000
58266,13277,3,2,2200,4400
58267,13277,6,3,750,2250
58268,13278,4,3,900,2700
58269,13278,8,2,1500,3000
58270,13279,5,1,1600,1600
58271,13279,3,2,2200,4400
58272,13280,8,1,1500,1500
58273,13280,6,1,750,750
58274,13280,1,3,1100,3300
58275,13280,3,3,2200,6600
58276,13281,6,3,750,2250
58277,13281,5,2,1600,3200
58278,13282,8,1,1500,1500
58279,13282,1,3,1100,3300
58280,13283,5,3,1600,3200
58281,13284,5,3,1600,3200
58282,13285,7,3,3800,11400
58283,13285,8,3,1500,4500
58284,13286,6,1,750,750
58285,13286,5,2,1600,3200
58286,13287,5,3,1600,3200
58287,13288,5,3,1600,3200
58288,13289,2,3,1800,5400
58289,13289,3,3,2200,6600
58290,13289,5,1,1600,1600
58291,13289,8,1,1500,1500
58292,13290,8,3,1500,4500
58293,13291,6,1,750,750
58294,13291,5,2,1600,3200
58295,13291,8,1,1500,1500
58296,13291,3,1,2200,2200
58297,13291,2,2,1800,3600
58298,13291,1,1,1100,1100
58299,13291,4,3,900,2700
58300,13292,7,2,3800,7600
58301,13293,3,2,2200,4400
58302,13293,8,1,1500,1500
58303,13293,4,3,900,2700
58304,13294,1,2,1100,2200
58305,13294,7,2,3800,7600
58306,13295,1,1,1100,1100
58307,13295,4,2,900,1800
58308,13295,8,2,1500,3000
58309,13296,2,3,1800,5400
58310,13296,5,1,1600,1600
58311,13296,6,3,750,2250
58312,13296,3,3,2200,6600
58313,13296,1,3,1100,3300
58314,13296,4,3,900,2700
58315,13297,5,2,1600,3200
58316,13297,1,3,1100,3300
58317,13297,6,3,750,2250
58318,13297,2,3,1800,5400
58319,13297,3,3,2200,6600
58320,13298,6,2,750,1500
58321,13298,1,2,1100,2200
58322,13299,2,3,1800,5400
58323,13299,7,1,3800,3800
58324,13299,1,3,1100,3300
58325,13299,4,3,900,2700
58326,13300,4,2,900,1800
58327,13301,6,1,750,750
58328,13302,5,3,1600,4800
58329,13302,4,2,900,1800
58330,13302,3,3,2200,6600
58331,13302,1,3,1100,3300
58332,13303,7,2,3800,7600
58333,13303,3,2,2200,4400
58334,13303,1,1,1100,1100
58335,13304,5,1,1600,1600
58336,13305,5,3,1600,3200
58337,13306,6,2,750,1500
58338,13306,3,1,2200,2200
58339,13306,4,3,900,2700
58340,13307,4,1,900,900
58341,13307,3,2,2200,4400
58342,13307,2,2,1800,3600
58343,13308,1,1,1100,1100
58344,13308,5,2,1600,3200
58345,13308,2,2,1800,3600
58346,13308,4,1,900,900
58347,13309,7,3,3800,11400
58348,13309,1,3,1100,3300
58349,13309,4,3,900,2700
58350,13309,5,2,1600,3200
58351,13310,5,3,1600,3200
58352,13311,5,3,1600,3200
58353,13312,4,2,900,1800
58354,13312,6,1,750,750
58355,13312,5,1,1600,1600
58356,13313,1,2,1100,2200
58357,13313,3,2,2200,4400
58358,13314,5,3,1600,3200
58359,13315,6,3,750,2250
58360,13316,3,3,2200,6600
58361,13317,7,2,3800,7600
58362,13318,8,2,1500,3000
58363,13319,5,3,1600,3200
58364,13320,5,3,1600,3200
58365,13321,3,1,2200,2200
58366,13322,4,3,900,2700
58367,13322,6,3,750,2250
58368,13322,5,3,1600,4800
58369,13323,5,1,1600,1600
58370,13323,3,1,2200,2200
58371,13323,1,1,1100,1100
58372,13323,8,1,1500,1500
58373,13323,4,3,900,2700
58374,13323,2,1,1800,1800
58375,13324,5,3,1600,3200
58376,13325,5,3,1600,3200
58377,13326,5,3,1600,3200
58378,13327,5,3,1600,3200
58379,13328,4,3,900,2700
58380,13329,5,3,1600,3200
58381,13330,5,3,1600,3200
58382,13331,8,1,1500,1500
58383,13331,2,1,1800,1800
58384,13331,3,2,2200,4400
58385,13332,7,2,3800,7600
58386,13332,2,2,1800,3600
58387,13332,5,3,1600,4800
58388,13333,7,2,3800,7600
58389,13333,2,2,1800,3600
58390,13333,8,2,1500,3000
58391,13333,6,2,750,1500
58392,13334,5,3,1600,3200
58393,13335,5,2,1600,3200
58394,13336,5,3,1600,3200
58395,13337,5,3,1600,3200
58396,13338,2,1,1800,1800
58397,13339,8,3,1500,4500
58398,13339,6,2,750,1500
58399,13339,3,2,2200,4400
58400,13340,5,3,1600,3200
58401,13341,2,1,1800,1800
58402,13342,5,3,1600,3200
58403,13343,5,3,1600,4800
58404,13343,1,2,1100,2200
58405,13344,5,3,1600,3200
58406,13345,5,3,1600,4800
58407,13345,4,1,900,900
58408,13346,7,2,3800,7600
58409,13347,6,1,750,750
58410,13347,5,2,1600,3200
58411,13347,4,3,900,2700
58412,13347,1,1,1100,1100
58413,13348,8,1,1500,1500
58414,13348,3,3,2200,6600
58415,13348,7,2,3800,7600
58416,13348,2,2,1800,3600
58417,13349,5,3,1600,3200
58418,13350,4,3,900,2700
58419,13350,8,2,1500,3000
58420,13350,5,2,1600,3200
58421,13350,6,1,750,750
58422,13350,2,1,1800,1800
58423,13350,7,1,3800,3800
58424,13350,3,2,2200,4400
58425,13351,5,3,1600,3200
58426,13352,5,3,1600,3200
58427,13353,5,3,1600,3200
58428,13354,5,3,1600,3200
58429,13355,1,2,1100,2200
58430,13356,5,2,1600,3200
58431,13357,5,3,1600,3200
58432,13358,2,2,1800,3600
58433,13359,5,3,1600,3200
58434,13360,5,3,1600,3200
58435,13361,5,3,1600,3200
58436,13362,1,2,1100,2200
58437,13362,5,1,1600,1600
58438,13362,4,1,900,900
58439,13363,5,3,1600,3200
58440,13364,6,2,750,1500
58441,13364,5,2,1600,3200
58442,13365,5,3,1600,3200
58443,13366,1,3,1100,3300
58444,13366,3,1,2200,2200
58445,13366,4,2,900,1800
58446,13366,6,2,750,1500
58447,13367,8,1,1500,1500
58448,13367,2,2,1800,3600
58449,13367,6,3,750,2250
58450,13367,1,1,1100,1100
58451,13367,3,1,2200,2200
58452,13368,3,1,2200,2200
58453,13369,3,2,2200,4400
58454,13369,5,3,1600,4800
58455,13369,7,3,3800,11400
58456,13369,6,2,750,1500
58457,13370,5,1,1600,1600
58458,13370,1,3,1100,3300
58459,13371,5,3,1600,3200
58460,13372,3,2,2200,4400
58461,13372,1,2,1100,2200
58462,13372,2,3,1800,5400
58463,13372,5,2,1600,3200
58464,13373,3,1,2200,2200
58465,13373,5,3,1600,4800
58466,13373,8,1,1500,1500
58467,13374,6,1,750,750
58468,13375,5,2,1600,3200
58469,13376,5,3,1600,3200
58470,13377,1,2,1100,2200
58471,13378,5,3,1600,3200
58472,13379,5,3,1600,3200
58473,13380,5,3,1600,3200
58474,13381,7,2,3800,7600
58475,13382,5,3,1600,3200
58476,13383,1,1,1100,1100
58477,13383,8,2,1500,3000
58478,13384,5,1,1600,1600
58479,13384,1,1,1100,1100
58480,13385,6,3,750,2250
58481,13386,1,2,1100,2200
58482,13386,8,3,1500,4500
58483,13386,2,2,1800,3600
58484,13386,7,3,3800,11400
58485,13387,3,2,2200,4400
58486,13387,4,3,900,2700
58487,13388,5,3,1600,3200
58488,13389,4,2,900,1800
58489,13389,8,3,1500,4500
58490,13390,7,1,3800,3800
58491,13390,2,2,1800,3600
58492,13390,4,1,900,900
58493,13390,8,3,1500,4500
58494,13390,3,3,2200,6600
58495,13391,5,3,1600,4800
58496,13392,6,1,750,750
58497,13392,2,2,1800,3600
58498,13393,2,2,1800,3600
58499,13394,5,3,1600,4800
58500,13395,5,3,1600,3200
58501,13396,5,3,1600,3200
58502,13397,1,1,1100,1100
58503,13397,7,2,3800,7600
58504,13398,5,1,1600,1600
58505,13399,1,2,1100,2200
58506,13399,5,1,1600,1600
58507,13399,6,1,750,750
58508,13399,3,3,2200,6600
58509,13400,4,1,900,900
58510,13401,4,1,900,900
58511,13402,5,3,1600,3200
58512,13403,6,1,750,750
58513,13403,8,3,1500,4500
58514,13403,2,3,1800,5400
58515,13403,1,1,1100,1100
58516,13404,5,3,1600,3200
58517,13405,6,1,750,750
58518,13405,8,3,1500,4500
58519,13406,2,1,1800,1800
58520,13406,3,2,2200,4400
58521,13406,1,2,1100,2200
58522,13407,3,2,2200,4400
58523,13407,8,1,1500,1500
58524,13408,3,1,2200,2200
58525,13409,1,2,1100,2200
58526,13410,6,1,750,750
58527,13410,3,3,2200,6600
58528,13410,2,3,1800,5400
58529,13410,8,3,1500,4500
58530,13410,5,1,1600,1600
58531,13410,7,3,3800,11400
58532,13411,5,3,1600,3200
58533,13412,5,3,1600,3200
58534,13413,5,3,1600,3200
58535,13414,7,2,3800,7600
58536,13414,5,3,1600,4800
58537,13415,6,2,750,1500
58538,13415,2,2,1800,3600
58539,13415,1,1,1100,1100
58540,13416,2,3,1800,5400
58541,13417,7,1,3800,3800
58542,13418,8,3,1500,4500
58543,13418,4,2,900,1800
58544,13419,8,2,1500,3000
58545,13419,2,2,1800,3600
58546,13419,7,1,3800,3800
58547,13419,6,3,750,2250
58548,13419,5,1,1600,1600
58549,13420,5,3,1600,3200
58550,13421,5,3,1600,3200
58551,13422,8,3,1500,4500
58552,13423,8,2,1500,3000
58553,13423,7,1,3800,3800
58554,13424,5,3,1600,3200
58555,13425,2,3,1800,5400
58556,13425,6,1,750,750
58557,13425,7,1,3800,3800
58558,13426,5,3,1600,3200
58559,13427,3,1,2200,2200
58560,13427,2,1,1800,1800
58561,13428,5,3,1600,3200
58562,13429,6,3,750,2250
58563,13429,2,1,1800,1800
58564,13429,1,3,1100,3300
58565,13429,5,3,1600,4800
58566,13429,7,2,3800,7600
58567,13430,5,3,1600,3200
58568,13431,5,3,1600,3200
58569,13432,5,3,1600,3200
58570,13433,4,2,900,1800
58571,13433,7,2,3800,7600
58572,13433,5,2,1600,3200
58573,13433,6,3,750,2250
58574,13434,8,3,1500,4500
58575,13434,4,1,900,900
58576,13434,5,2,1600,3200
58577,13435,6,3,750,2250
58578,13436,6,2,750,1500
58579,13436,7,3,3800,11400
58580,13437,4,2,900,1800
58581,13437,1,3,1100,3300
58582,13438,7,1,3800,3800
58583,13438,3,2,2200,4400
58584,13438,5,3,1600,4800
58585,13439,5,3,1600,3200
58586,13440,7,3,3800,11400
58587,13440,2,3,1800,5400
58588,13441,4,1,900,900
58589,13442,2,1,1800,1800
58590,13442,7,1,3800,3800
58591,13443,5,3,1600,3200
58592,13444,3,2,2200,4400
58593,13444,4,2,900,1800
58594,13444,2,3,1800,5400
58595,13445,1,1,1100,1100
58596,13446,5,3,1600,3200
58597,13447,4,1,900,900
58598,13447,3,2,2200,4400
58599,13447,8,1,1500,1500
58600,13448,7,3,3800,11400
58601,13449,5,3,1600,3200
58602,13450,4,1,900,900
58603,13451,6,2,750,1500
58604,13452,6,1,750,750
58605,13452,8,3,1500,4500
58606,13452,3,1,2200,2200
58607,13452,7,1,3800,3800
58608,13453,4,1,900,900
58609,13453,7,1,3800,3800
58610,13453,8,3,1500,4500
58611,13454,5,3,1600,3200
58612,13455,8,3,1500,4500
58613,13455,7,3,3800,11400
58614,13455,1,2,1100,2200
58615,13455,2,3,1800,5400
58616,13455,3,1,2200,2200
58617,13456,4,3,900,2700
58618,13457,7,1,3800,3800
58619,13457,2,3,1800,5400
58620,13458,5,3,1600,3200
58621,13459,5,2,1600,3200
58622,13460,1,2,1100,2200
58623,13460,5,2,1600,3200
58624,13460,3,2,2200,4400
58625,13460,6,3,750,2250
58626,13460,7,1,3800,3800
58627,13460,4,2,900,1800
58628,13461,7,3,3800,11400
58629,13461,5,1,1600,1600
58630,13461,1,3,1100,3300
58631,13462,4,1,900,900
58632,13462,3,2,2200,4400
58633,13462,8,1,1500,1500
58634,13463,5,3,1600,3200
58635,13464,5,3,1600,3200
58636,13465,5,3,1600,4800
58637,13466,6,3,750,2250
58638,13467,1,1,1100,1100
58639,13468,5,3,1600,3200
58640,13469,4,2,900,1800
58641,13469,3,2,2200,4400
58642,13469,5,1,1600,1600
58643,13470,5,3,1600,3200
58644,13471,5,3,1600,3200
58645,13472,5,3,1600,3200
58646,13473,1,3,1100,3300
58647,13473,2,1,1800,1800
58648,13474,5,3,1600,3200
58649,13475,5,3,1600,3200
58650,13476,3,1,2200,2200
58651,13476,5,3,1600,4800
58652,13476,4,1,900,900
58653,13477,6,3,750,2250
58654,13478,3,1,2200,2200
58655,13478,5,1,1600,1600
58656,13478,8,1,1500,1500
58657,13479,6,1,750,750
58658,13479,8,1,1500,1500
58659,13480,5,3,1600,3200
58660,13481,5,1,1600,1600
58661,13481,3,3,2200,6600
58662,13482,1,1,1100,1100
58663,13482,5,2,1600,3200
58664,13482,8,1,1500,1500
58665,13483,1,3,1100,3300
58666,13484,5,3,1600,4800
58667,13484,3,3,2200,6600
58668,13484,6,2,750,1500
58669,13485,7,1,3800,3800
58670,13485,4,2,900,1800
58671,13485,2,1,1800,1800
58672,13486,5,3,1600,3200
58673,13487,5,3,1600,3200
58674,13488,2,3,1800,5400
58675,13489,1,2,1100,2200
58676,13489,3,3,2200,6600
58677,13489,2,3,1800,5400
58678,13489,7,3,3800,11400
58679,13490,5,3,1600,3200
58680,13491,8,3,1500,4500
58681,13492,5,3,1600,3200
58682,13493,5,3,1600,4800
58683,13493,1,1,1100,1100
58684,13493,2,3,1800,5400
58685,13493,8,1,1500,1500
58686,13493,3,2,2200,4400
58687,13493,6,3,750,2250
58688,13493,4,2,900,1800
58689,13493,7,1,3800,3800
58690,13494,8,3,1500,4500
58691,13494,4,3,900,2700
58692,13494,1,1,1100,1100
58693,13495,5,3,1600,3200
58694,13496,1,2,1100,2200
58695,13496,5,2,1600,3200
58696,13496,3,1,2200,2200
58697,13497,5,3,1600,3200
58698,13498,4,3,900,2700
58699,13499,5,3,1600,3200
58700,13500,5,3,1600,3200
58701,13501,3,3,2200,6600
58702,13501,6,1,750,750
58703,13501,2,1,1800,1800
58704,13501,7,3,3800,11400
58705,13501,4,2,900,1800
58706,13502,5,3,1600,3200
58707,13503,5,3,1600,3200
58708,13504,8,2,1500,3000
58709,13504,1,2,1100,2200
58710,13504,5,3,1600,4800
58711,13505,7,2,3800,7600
58712,13505,1,2,1100,2200
58713,13505,6,3,750,2250
58714,13505,8,2,1500,3000
58715,13505,3,1,2200,2200
58716,13506,5,3,1600,3200
58717,13507,5,3,1600,3200
58718,13508,5,3,1600,3200
58719,13509,6,1,750,750
58720,13509,4,1,900,900
58721,13509,3,1,2200,2200
58722,13509,2,2,1800,3600
58723,13509,5,3,1600,4800
58724,13509,1,3,1100,3300
58725,13510,5,3,1600,3200
58726,13511,1,2,1100,2200
58727,13512,7,3,3800,11400
58728,13512,2,1,1800,1800
58729,13512,5,3,1600,4800
58730,13512,3,3,2200,6600
58731,13513,2,2,1800,3600
58732,13513,3,3,2200,6600
58733,13513,1,3,1100,3300
58734,13514,2,1,1800,1800
58735,13515,3,1,2200,2200
58736,13515,7,2,3800,7600
58737,13515,6,1,750,750
58738,13516,5,3,1600,3200
58739,13517,5,3,1600,3200
58740,13518,5,3,1600,3200
58741,13519,5,3,1600,3200
58742,13520,5,3,1600,3200
58743,13521,4,1,900,900
58744,13522,7,1,3800,3800
58745,13522,4,3,900,2700
58746,13522,1,1,1100,1100
58747,13523,5,3,1600,3200
58748,13524,5,3,1600,3200
58749,13525,7,2,3800,7600
58750,13525,6,1,750,750
58751,13525,1,1,1100,1100
58752,13525,4,3,900,2700
58753,13525,5,3,1600,4800
58754,13525,8,3,1500,4500
58755,13526,4,3,900,2700
58756,13526,5,1,1600,1600
58757,13526,2,2,1800,3600
58758,13526,7,3,3800,11400
58759,13526,6,1,750,750
58760,13526,8,2,1500,3000
58761,13526,1,2,1100,2200
58762,13526,3,1,2200,2200
58763,13527,5,3,1600,3200
58764,13528,5,2,1600,3200
58765,13528,8,2,1500,3000
58766,13528,1,1,1100,1100
58767,13528,4,1,900,900
58768,13528,6,1,750,750
58769,13529,6,3,750,2250
58770,13530,7,1,3800,3800
58771,13530,2,1,1800,1800
58772,13530,6,2,750,1500
58773,13531,5,3,1600,3200
58774,13532,6,2,750,1500
58775,13533,5,2,1600,3200
58776,13533,1,2,1100,2200
58777,13533,8,2,1500,3000
58778,13534,1,3,1100,3300
58779,13534,7,3,3800,11400
58780,13535,3,3,2200,6600
58781,13536,5,3,1600,3200
58782,13537,5,3,1600,3200
58783,13538,7,1,3800,3800
58784,13538,5,3,1600,4800
58785,13539,5,3,1600,3200
58786,13540,1,1,1100,1100
58787,13540,4,3,900,2700
58788,13540,2,1,1800,1800
58789,13541,4,3,900,2700
58790,13542,5,3,1600,3200
58791,13543,5,3,1600,3200
58792,13544,8,2,1500,3000
58793,13544,4,1,900,900
58794,13544,1,2,1100,2200
58795,13544,5,2,1600,3200
58796,13544,3,3,2200,6600
58797,13544,2,3,1800,5400
58798,13545,6,2,750,1500
58799,13545,3,3,2200,6600
58800,13545,8,3,1500,4500
58801,13546,4,2,900,1800
58802,13546,5,1,1600,1600
58803,13546,3,1,2200,2200
58804,13547,6,3,750,2250
58805,13547,1,1,1100,1100
58806,13548,5,2,1600,3200
58807,13548,7,1,3800,3800
58808,13549,1,2,1100,2200
58809,13550,3,3,2200,6600
58810,13550,1,3,1100,3300
58811,13550,5,2,1600,3200
58812,13550,4,3,900,2700
58813,13551,5,1,1600,1600
58814,13552,5,3,1600,3200
58815,13553,5,3,1600,3200
58816,13554,4,2,900,1800
58817,13554,3,3,2200,6600
58818,13554,8,1,1500,1500
58819,13554,7,1,3800,3800
58820,13555,5,3,1600,3200
58821,13556,4,2,900,1800
58822,13556,6,3,750,2250
58823,13556,5,2,1600,3200
58824,13556,7,2,3800,7600
58825,13557,5,3,1600,3200
58826,13558,3,1,2200,2200
58827,13558,2,2,1800,3600
58828,13558,8,1,1500,1500
58829,13558,4,2,900,1800
58830,13558,5,3,1600,4800
58831,13559,3,3,2200,6600
58832,13559,5,1,1600,1600
58833,13559,7,1,3800,3800
58834,13560,8,2,1500,3000
58835,13560,1,1,1100,1100
58836,13561,3,2,2200,4400
58837,13562,1,3,1100,3300
58838,13562,2,1,1800,1800
58839,13562,6,2,750,1500
58840,13563,1,1,1100,1100
58841,13563,8,2,1500,3000
58842,13563,6,3,750,2250
58843,13563,2,1,1800,1800
58844,13564,5,3,1600,3200
58845,13565,2,1,1800,1800
58846,13565,3,3,2200,6600
58847,13565,8,3,1500,4500
58848,13565,5,3,1600,4800
58849,13566,5,2,1600,3200
58850,13566,2,1,1800,1800
58851,13566,1,3,1100,3300
58852,13566,8,2,1500,3000
58853,13567,1,2,1100,2200
58854,13568,5,3,1600,3200
58855,13569,1,3,1100,3300
58856,13569,8,1,1500,1500
58857,13570,5,3,1600,3200
58858,13571,5,3,1600,3200
58859,13572,5,2,1600,3200
58860,13572,8,2,1500,3000
58861,13573,2,2,1800,3600
58862,13573,5,3,1600,4800
58863,13573,6,1,750,750
58864,13573,7,1,3800,3800
58865,13573,3,2,2200,4400
58866,13573,1,1,1100,1100
58867,13574,6,2,750,1500
58868,13574,4,1,900,900
58869,13574,3,1,2200,2200
58870,13574,8,1,1500,1500
58871,13575,6,3,750,2250
58872,13576,8,1,1500,1500
58873,13576,3,2,2200,4400
58874,13576,5,3,1600,4800
58875,13577,1,3,1100,3300
58876,13577,3,3,2200,6600
58877,13578,5,3,1600,3200
58878,13579,8,1,1500,1500
58879,13579,1,1,1100,1100
58880,13580,5,3,1600,3200
58881,13581,4,3,900,2700
58882,13581,3,3,2200,6600
58883,13581,1,3,1100,3300
58884,13581,6,3,750,2250
58885,13581,5,1,1600,1600
58886,13582,5,3,1600,3200
58887,13583,8,2,1500,3000
58888,13583,5,1,1600,1600
58889,13583,6,1,750,750
58890,13584,5,3,1600,3200
58891,13585,5,3,1600,3200
58892,13586,5,2,1600,3200
58893,13586,1,3,1100,3300
58894,13587,5,3,1600,3200
58895,13588,6,2,750,1500
58896,13588,5,3,1600,4800
58897,13589,5,3,1600,3200
58898,13590,5,3,1600,3200
58899,13591,5,3,1600,3200
58900,13592,5,3,1600,3200
58901,13593,3,3,2200,6600
58902,13593,7,2,3800,7600
58903,13593,4,1,900,900
58904,13593,2,3,1800,5400
58905,13594,7,3,3800,11400
58906,13595,4,3,900,2700
58907,13596,6,1,750,750
58908,13596,2,2,1800,3600
58909,13596,5,1,1600,1600
58910,13596,7,1,3800,3800
58911,13597,6,3,750,2250
58912,13597,1,1,1100,1100
58913,13597,2,1,1800,1800
58914,13598,3,1,2200,2200
58915,13598,8,1,1500,1500
58916,13599,8,3,1500,4500
58917,13600,8,3,1500,4500
58918,13601,6,3,750,2250
58919,13601,7,3,3800,11400
58920,13601,4,3,900,2700
58921,13602,5,3,1600,3200
58922,13603,1,1,1100,1100
58923,13603,4,1,900,900
58924,13603,8,2,1500,3000
58925,13603,7,2,3800,7600
58926,13603,6,2,750,1500
58927,13604,6,3,750,2250
58928,13605,5,3,1600,3200
58929,13606,7,1,3800,3800
58930,13606,3,2,2200,4400
58931,13606,5,2,1600,3200
58932,13606,2,3,1800,5400
58933,13607,5,3,1600,3200
58934,13608,1,3,1100,3300
58935,13608,7,1,3800,3800
58936,13609,3,2,2200,4400
58937,13610,1,3,1100,3300
58938,13610,3,1,2200,2200
58939,13610,8,3,1500,4500
58940,13610,7,1,3800,3800
58941,13611,3,2,2200,4400
58942,13612,5,3,1600,3200
58943,13613,7,1,3800,3800
58944,13614,8,2,1500,3000
58945,13614,4,3,900,2700
58946,13614,6,2,750,1500
58947,13615,7,2,3800,7600
58948,13615,1,2,1100,2200
58949,13616,4,3,900,2700
58950,13616,2,3,1800,5400
58951,13616,8,2,1500,3000
58952,13616,5,2,1600,3200
58953,13616,6,1,750,750
58954,13617,7,1,3800,3800
58955,13617,4,1,900,900
58956,13617,1,3,1100,3300
58957,13618,5,3,1600,3200
58958,13619,5,3,1600,3200
58959,13620,1,2,1100,2200
58960,13620,8,2,1500,3000
58961,13621,6,1,750,750
58962,13621,4,1,900,900
58963,13621,2,1,1800,1800
58964,13622,3,1,2200,2200
58965,13623,2,2,1800,3600
58966,13624,1,1,1100,1100
58967,13624,6,2,750,1500
58968,13625,5,1,1600,1600
58969,13625,8,3,1500,4500
58970,13626,1,1,1100,1100
58971,13626,3,3,2200,6600
58972,13627,2,1,1800,1800
58973,13627,8,3,1500,4500
58974,13627,3,1,2200,2200
58975,13627,6,2,750,1500
58976,13627,7,2,3800,7600
58977,13628,3,2,2200,4400
58978,13628,4,2,900,1800
58979,13628,5,3,1600,4800
58980,13629,3,2,2200,4400
58981,13629,4,1,900,900
58982,13629,1,1,1100,1100
58983,13630,5,3,1600,3200
58984,13631,2,1,1800,1800
58985,13631,5,1,1600,1600
58986,13631,6,2,750,1500
58987,13632,5,3,1600,3200
58988,13633,2,3,1800,5400
58989,13633,8,1,1500,1500
58990,13633,6,1,750,750
58991,13633,3,1,2200,2200
58992,13633,7,3,3800,11400
58993,13634,5,3,1600,3200
58994,13635,5,3,1600,3200
58995,13636,8,2,1500,3000
58996,13637,6,3,750,2250
58997,13637,7,2,3800,7600
58998,13638,2,3,1800,5400
58999,13639,2,1,1800,1800
59000,13639,7,2,3800,7600
59001,13640,5,3,1600,4800
59002,13640,2,2,1800,3600
59003,13640,1,2,1100,2200
59004,13641,5,3,1600,3200
59005,13642,5,3,1600,3200
59006,13643,3,3,2200,6600
59007,13643,4,3,900,2700
59008,13643,8,3,1500,4500
59009,13644,1,1,1100,1100
59010,13644,2,1,1800,1800
59011,13645,8,2,1500,3000
59012,13645,4,2,900,1800
59013,13646,7,1,3800,3800
59014,13646,4,1,900,900
59015,13646,5,1,1600,1600
59016,13646,2,3,1800,5400
59017,13646,6,2,750,1500
59018,13646,1,2,1100,2200
59019,13647,5,3,1600,3200
59020,13648,5,3,1600,3200
59021,13649,5,3,1600,3200
59022,13650,7,2,3800,7600
59023,13650,2,2,1800,3600
59024,13651,8,1,1500,1500
59025,13652,6,3,750,2250
59026,13652,5,1,1600,1600
59027,13652,7,3,3800,11400
59028,13652,8,2,1500,3000
59029,13652,2,3,1800,5400
59030,13652,1,1,1100,1100
59031,13653,3,1,2200,2200
59032,13654,3,3,2200,6600
59033,13655,1,2,1100,2200
59034,13656,1,2,1100,2200
59035,13656,8,1,1500,1500
59036,13656,3,2,2200,4400
59037,13656,2,3,1800,5400
59038,13657,6,3,750,2250
59039,13658,2,1,1800,1800
59040,13659,2,2,1800,3600
59041,13660,5,1,1600,1600
59042,13660,3,2,2200,4400
59043,13660,2,1,1800,1800
59044,13660,7,1,3800,3800
59045,13660,6,1,750,750
59046,13660,4,1,900,900
59047,13661,3,2,2200,4400
59048,13661,4,3,900,2700
59049,13661,7,3,3800,11400
59050,13662,5,3,1600,3200
59051,13663,5,3,1600,3200
59052,13664,2,1,1800,1800
59053,13664,6,3,750,2250
59054,13665,5,3,1600,3200
59055,13666,5,3,1600,3200
59056,13667,5,3,1600,4800
59057,13667,6,2,750,1500
59058,13668,1,3,1100,3300
59059,13669,7,2,3800,7600
59060,13669,2,2,1800,3600
59061,13669,6,3,750,2250
59062,13669,4,2,900,1800
59063,13669,5,1,1600,1600
59064,13669,8,2,1500,3000
59065,13669,3,1,2200,2200
59066,13669,1,2,1100,2200
59067,13670,5,3,1600,3200
59068,13671,2,2,1800,3600
59069,13671,4,1,900,900
59070,13672,2,3,1800,5400
59071,13672,4,1,900,900
59072,13672,3,2,2200,4400
59073,13673,5,3,1600,3200
59074,13674,5,3,1600,3200
59075,13675,1,2,1100,2200
59076,13676,8,3,1500,4500
59077,13676,2,2,1800,3600
59078,13676,7,2,3800,7600
59079,13677,5,3,1600,3200
59080,13678,5,3,1600,3200
59081,13679,7,2,3800,7600
59082,13679,1,3,1100,3300
59083,13680,3,2,2200,4400
59084,13680,5,1,1600,1600
59085,13680,1,1,1100,1100
59086,13681,4,2,900,1800
59087,13681,2,1,1800,1800
59088,13681,6,2,750,1500
59089,13681,8,3,1500,4500
59090,13681,1,2,1100,2200
59091,13681,7,3,3800,11400
59092,13682,5,3,1600,3200
59093,13683,4,1,900,900
59094,13683,2,1,1800,1800
59095,13684,5,3,1600,3200
59096,13685,5,3,1600,3200
59097,13686,5,3,1600,3200
59098,13687,6,3,750,2250
59099,13688,7,3,3800,11400
59100,13688,2,1,1800,1800
59101,13688,5,2,1600,3200
59102,13688,8,3,1500,4500
59103,13688,4,1,900,900
59104,13688,6,3,750,2250
59105,13689,5,3,1600,3200
59106,13690,1,1,1100,1100
59107,13690,7,3,3800,11400
59108,13691,1,1,1100,1100
59109,13691,5,3,1600,4800
59110,13692,5,3,1600,3200
59111,13693,2,2,1800,3600
59112,13694,1,1,1100,1100
59113,13694,7,1,3800,3800
59114,13694,4,2,900,1800
59115,13695,5,3,1600,4800
59116,13695,4,3,900,2700
59117,13695,6,3,750,2250
59118,13695,3,2,2200,4400
59119,13695,7,2,3800,7600
59120,13695,1,1,1100,1100
59121,13696,3,3,2200,6600
59122,13696,2,3,1800,5400
59123,13696,7,2,3800,7600
59124,13696,1,1,1100,1100
59125,13697,5,3,1600,3200
59126,13698,4,2,900,1800
59127,13698,5,1,1600,1600
59128,13698,7,2,3800,7600
59129,13699,2,1,1800,1800
59130,13699,3,1,2200,2200
59131,13699,4,2,900,1800
59132,13699,6,2,750,1500
59133,13699,5,3,1600,4800
59134,13700,5,3,1600,3200
59135,13701,5,3,1600,3200
59136,13702,7,1,3800,3800
59137,13703,6,2,750,1500
59138,13704,1,2,1100,2200
59139,13704,7,1,3800,3800
59140,13704,5,3,1600,4800
59141,13704,3,1,2200,2200
59142,13705,3,3,2200,6600
59143,13706,5,1,1600,1600
59144,13707,2,2,1800,3600
59145,13707,5,1,1600,1600
59146,13707,4,1,900,900
59147,13708,1,1,1100,1100
59148,13709,5,3,1600,3200
59149,13710,5,3,1600,3200
59150,13711,5,3,1600,3200
59151,13712,1,2,1100,2200
59152,13712,8,3,1500,4500
59153,13713,2,2,1800,3600
59154,13714,2,3,1800,5400
59155,13715,2,1,1800,1800
59156,13716,4,1,900,900
59157,13716,7,3,3800,11400
59158,13716,6,3,750,2250
59159,13717,5,3,1600,3200
59160,13718,7,3,3800,11400
59161,13718,4,3,900,2700
59162,13718,3,2,2200,4400
59163,13718,2,3,1800,5400
59164,13718,5,2,1600,3200
59165,13718,8,1,1500,1500
59166,13718,1,1,1100,1100
59167,13719,5,3,1600,3200
59168,13720,4,3,900,2700
59169,13720,8,2,1500,3000
59170,13721,5,3,1600,3200
59171,13722,2,1,1800,1800
59172,13722,5,1,1600,1600
59173,13722,4,2,900,1800
59174,13723,1,1,1100,1100
59175,13723,8,3,1500,4500
59176,13724,5,3,1600,3200
59177,13725,3,1,2200,2200
59178,13725,4,2,900,1800
59179,13725,2,1,1800,1800
59180,13726,8,1,1500,1500
59181,13727,1,2,1100,2200
59182,13728,5,3,1600,3200
59183,13729,3,2,2200,4400
59184,13730,1,2,1100,2200
59185,13730,6,3,750,2250
59186,13731,7,1,3800,3800
59187,13731,5,3,1600,4800
59188,13731,6,2,750,1500
59189,13732,3,2,2200,4400
59190,13732,4,3,900,2700
59191,13733,5,2,1600,3200
59192,13733,8,1,1500,1500
59193,13733,1,1,1100,1100
59194,13734,6,3,750,2250
59195,13734,2,1,1800,1800
59196,13734,1,2,1100,2200
59197,13734,3,3,2200,6600
59198,13734,4,1,900,900
59199,13735,4,2,900,1800
59200,13735,7,3,3800,11400
59201,13735,6,3,750,2250
59202,13735,8,3,1500,4500
59203,13735,3,1,2200,2200
59204,13736,5,1,1600,1600
59205,13736,4,3,900,2700
59206,13737,2,2,1800,3600
59207,13737,8,3,1500,4500
59208,13737,7,3,3800,11400
59209,13737,3,3,2200,6600
59210,13738,3,2,2200,4400
59211,13738,2,1,1800,1800
59212,13738,5,1,1600,1600
59213,13738,1,3,1100,3300
59214,13738,4,3,900,2700
59215,13739,5,3,1600,3200
59216,13740,2,2,1800,3600
59217,13741,8,2,1500,3000
59218,13741,2,3,1800,5400
59219,13741,7,2,3800,7600
59220,13741,4,1,900,900
59221,13742,5,3,1600,3200
59222,13743,5,3,1600,3200
59223,13744,3,2,2200,4400
59224,13745,5,3,1600,3200
59225,13746,3,2,2200,4400
59226,13746,7,1,3800,3800
59227,13747,5,3,1600,3200
59228,13748,5,3,1600,3200
59229,13749,1,2,1100,2200
59230,13750,5,3,1600,3200
59231,13751,5,3,1600,3200
59232,13752,5,1,1600,1600
59233,13753,8,3,1500,4500
59234,13753,5,1,1600,1600
59235,13753,2,3,1800,5400
59236,13754,4,3,900,2700
59237,13754,8,1,1500,1500
59238,13755,5,3,1600,3200
59239,13756,5,2,1600,3200
59240,13756,7,1,3800,3800
59241,13756,2,1,1800,1800
59242,13756,8,3,1500,4500
59243,13756,6,1,750,750
59244,13757,5,3,1600,3200
59245,13758,8,3,1500,4500
59246,13758,7,1,3800,3800
59247,13758,5,1,1600,1600
59248,13758,3,3,2200,6600
59249,13758,4,1,900,900
59250,13759,6,2,750,1500
59251,13759,3,1,2200,2200
59252,13759,4,3,900,2700
59253,13759,2,3,1800,5400
59254,13759,7,3,3800,11400
59255,13760,8,3,1500,4500
59256,13760,5,2,1600,3200
59257,13760,2,2,1800,3600
59258,13760,4,1,900,900
59259,13760,7,1,3800,3800
59260,13760,3,1,2200,2200
59261,13761,5,3,1600,3200
59262,13762,5,3,1600,3200
59263,13763,5,3,1600,3200
59264,13764,2,1,1800,1800
59265,13764,1,2,1100,2200
59266,13765,2,3,1800,5400
59267,13765,3,2,2200,4400
59268,13766,7,1,3800,3800
59269,13767,5,3,1600,3200
59270,13768,5,3,1600,3200
59271,13769,2,2,1800,3600
59272,13769,4,2,900,1800
59273,13769,1,2,1100,2200
59274,13769,3,3,2200,6600
59275,13769,5,3,1600,4800
59276,13769,8,3,1500,4500
59277,13770,5,3,1600,3200
59278,13771,5,3,1600,3200
59279,13772,5,3,1600,3200
59280,13773,2,2,1800,3600
59281,13774,5,3,1600,3200
59282,13775,5,1,1600,1600
59283,13776,8,1,1500,1500
59284,13776,7,3,3800,11400
59285,13776,6,1,750,750
59286,13777,5,1,1600,1600
59287,13778,1,1,1100,1100
59288,13778,5,3,1600,4800
59289,13778,8,3,1500,4500
59290,13779,4,1,900,900
59291,13779,2,1,1800,1800
59292,13779,3,3,2200,6600
59293,13779,7,3,3800,11400
59294,13780,6,2,750,1500
59295,13781,5,1,1600,1600
59296,13781,2,1,1800,1800
59297,13781,1,1,1100,1100
59298,13782,3,3,2200,6600
59299,13782,5,3,1600,4800
59300,13782,6,1,750,750
59301,13783,8,1,1500,1500
59302,13783,5,3,1600,4800
59303,13784,5,3,1600,3200
59304,13785,3,1,2200,2200
59305,13785,2,1,1800,1800
59306,13785,1,3,1100,3300
59307,13786,3,3,2200,6600
59308,13787,5,3,1600,3200
59309,13788,5,3,1600,3200
59310,13789,3,1,2200,2200
59311,13789,8,1,1500,1500
59312,13789,7,2,3800,7600
59313,13789,5,2,1600,3200
59314,13789,2,2,1800,3600
59315,13790,7,2,3800,7600
59316,13791,5,3,1600,3200
59317,13792,5,3,1600,3200
59318,13793,5,3,1600,3200
59319,13794,5,3,1600,3200
59320,13795,7,3,3800,11400
59321,13796,1,3,1100,3300
59322,13796,7,2,3800,7600
59323,13797,1,1,1100,1100
59324,13798,5,3,1600,3200
59325,13799,2,3,1800,5400
59326,13800,5,3,1600,3200
59327,13801,5,3,1600,3200
59328,13802,4,1,900,900
59329,13802,3,2,2200,4400
59330,13803,2,1,1800,1800
59331,13803,3,2,2200,4400
59332,13803,8,1,1500,1500
59333,13804,8,1,1500,1500
59334,13804,5,2,1600,3200
59335,13805,7,3,3800,11400
59336,13805,6,3,750,2250
59337,13805,2,3,1800,5400
59338,13806,5,3,1600,3200
59339,13807,1,2,1100,2200
59340,13807,4,1,900,900
59341,13807,7,1,3800,3800
59342,13807,3,3,2200,6600
59343,13808,8,2,1500,3000
59344,13808,1,3,1100,3300
59345,13809,2,3,1800,5400
59346,13809,6,2,750,1500
59347,13809,1,3,1100,3300
59348,13810,2,2,1800,3600
59349,13811,7,2,3800,7600
59350,13811,3,3,2200,6600
59351,13811,5,1,1600,1600
59352,13811,4,1,900,900
59353,13811,8,2,1500,3000
59354,13812,4,3,900,2700
59355,13813,5,3,1600,3200
59356,13814,7,1,3800,3800
59357,13814,4,3,900,2700
59358,13815,5,3,1600,3200
59359,13816,3,2,2200,4400
59360,13817,4,1,900,900
59361,13818,5,3,1600,4800
59362,13818,3,2,2200,4400
59363,13819,1,2,1100,2200
59364,13819,4,1,900,900
59365,13820,4,3,900,2700
59366,13820,1,3,1100,3300
59367,13820,8,3,1500,4500
59368,13820,5,3,1600,4800
59369,13820,2,1,1800,1800
59370,13820,7,3,3800,11400
59371,13821,8,2,1500,3000
59372,13821,1,3,1100,3300
59373,13821,4,2,900,1800
59374,13821,5,3,1600,4800
59375,13822,2,2,1800,3600
59376,13822,3,2,2200,4400
59377,13823,1,2,1100,2200
59378,13824,4,1,900,900
59379,13825,5,3,1600,3200
59380,13826,1,1,1100,1100
59381,13826,4,2,900,1800
59382,13827,1,3,1100,3300
59383,13827,3,2,2200,4400
59384,13827,8,2,1500,3000
59385,13828,3,2,2200,4400
59386,13828,5,2,1600,3200
59387,13828,4,3,900,2700
59388,13828,2,3,1800,5400
59389,13829,7,2,3800,7600
59390,13829,5,2,1600,3200
59391,13830,5,3,1600,3200
59392,13831,5,3,1600,3200
59393,13832,8,1,1500,1500
59394,13832,5,1,1600,1600
59395,13832,7,1,3800,3800
59396,13832,2,1,1800,1800
59397,13833,6,2,750,1500
59398,13833,2,3,1800,5400
59399,13834,5,3,1600,4800
59400,13835,2,3,1800,5400
59401,13835,6,1,750,750
59402,13835,4,1,900,900
59403,13835,8,3,1500,4500
59404,13835,7,3,3800,11400
59405,13836,5,3,1600,3200
59406,13837,8,1,1500,1500
59407,13837,4,2,900,1800
59408,13838,5,3,1600,3200
59409,13839,5,1,1600,1600
59410,13839,6,2,750,1500
59411,13840,5,3,1600,3200
59412,13841,5,3,1600,3200
59413,13842,5,3,1600,3200
59414,13843,5,1,1600,1600
59415,13843,7,3,3800,11400
59416,13843,6,3,750,2250
59417,13843,4,1,900,900
59418,13844,5,3,1600,3200
59419,13845,6,1,750,750
59420,13845,2,2,1800,3600
59421,13846,5,3,1600,3200
59422,13847,5,3,1600,3200
59423,13848,5,3,1600,3200
59424,13849,5,3,1600,3200
59425,13850,2,2,1800,3600
59426,13850,7,2,3800,7600
59427,13850,1,1,1100,1100
59428,13850,4,1,900,900
59429,13851,2,3,1800,5400
59430,13851,6,2,750,1500
59431,13852,3,1,2200,2200
59432,13853,5,3,1600,3200
59433,13854,2,2,1800,3600
59434,13854,6,3,750,2250
59435,13854,4,2,900,1800
59436,13854,8,2,1500,3000
59437,13854,3,1,2200,2200
59438,13855,5,3,1600,3200
59439,13856,5,3,1600,3200
59440,13857,5,2,1600,3200
59441,13857,8,3,1500,4500
59442,13857,3,2,2200,4400
59443,13857,1,3,1100,3300
59444,13858,8,3,1500,4500
59445,13858,6,2,750,1500
59446,13859,6,1,750,750
59447,13860,5,3,1600,3200
59448,13861,5,3,1600,3200
59449,13862,2,1,1800,1800
59450,13862,1,2,1100,2200
59451,13862,7,2,3800,7600
59452,13862,5,1,1600,1600
59453,13862,3,2,2200,4400
59454,13862,8,2,1500,3000
59455,13862,6,2,750,1500
59456,13862,4,3,900,2700
59457,13863,4,2,900,1800
59458,13864,5,3,1600,3200
59459,13865,5,3,1600,3200
59460,13866,5,3,1600,3200
59461,13867,5,2,1600,3200
59462,13867,2,1,1800,1800
59463,13867,8,2,1500,3000
59464,13867,1,1,1100,1100
59465,13868,3,1,2200,2200
59466,13869,4,2,900,1800
59467,13869,3,2,2200,4400
59468,13870,2,3,1800,5400
59469,13870,5,2,1600,3200
59470,13870,3,3,2200,6600
59471,13871,7,1,3800,3800
59472,13871,3,2,2200,4400
59473,13871,1,1,1100,1100
59474,13872,5,3,1600,3200
59475,13873,2,3,1800,5400
59476,13873,1,2,1100,2200
59477,13873,3,3,2200,6600
59478,13873,7,2,3800,7600
59479,13874,2,2,1800,3600
59480,13874,5,1,1600,1600
59481,13874,3,2,2200,4400
59482,13874,8,1,1500,1500
59483,13875,5,3,1600,3200
59484,13876,6,1,750,750
59485,13876,5,1,1600,1600
59486,13877,6,2,750,1500
59487,13877,5,2,1600,3200
59488,13877,1,3,1100,3300
59489,13877,8,2,1500,3000
59490,13877,4,2,900,1800
59491,13878,4,2,900,1800
59492,13878,7,2,3800,7600
59493,13878,8,3,1500,4500
59494,13878,1,2,1100,2200
59495,13879,6,3,750,2250
59496,13879,3,3,2200,6600
59497,13880,5,3,1600,3200
59498,13881,1,2,1100,2200
59499,13881,4,1,900,900
59500,13881,5,1,1600,1600
59501,13881,2,3,1800,5400
59502,13881,6,3,750,2250
59503,13882,2,3,1800,5400
59504,13882,3,1,2200,2200
59505,13882,1,3,1100,3300
59506,13882,7,3,3800,11400
59507,13882,8,3,1500,4500
59508,13883,4,2,900,1800
59509,13883,5,3,1600,4800
59510,13883,6,3,750,2250
59511,13883,3,1,2200,2200
59512,13884,7,2,3800,7600
59513,13884,3,3,2200,6600
59514,13884,8,1,1500,1500
59515,13885,5,3,1600,3200
59516,13886,5,3,1600,3200
59517,13887,5,3,1600,3200
59518,13888,5,3,1600,3200
59519,13889,8,3,1500,4500
59520,13889,2,1,1800,1800
59521,13889,7,3,3800,11400
59522,13890,5,3,1600,3200
59523,13891,2,2,1800,3600
59524,13891,1,3,1100,3300
59525,13892,7,1,3800,3800
59526,13893,6,2,750,1500
59527,13893,4,3,900,2700
59528,13893,3,1,2200,2200
59529,13894,5,1,1600,1600
59530,13894,1,3,1100,3300
59531,13895,5,2,1600,3200
59532,13895,8,3,1500,4500
59533,13895,4,2,900,1800
59534,13895,3,2,2200,4400
59535,13895,1,3,1100,3300
59536,13896,5,1,1600,1600
59537,13897,4,3,900,2700
59538,13897,2,1,1800,1800
59539,13897,6,3,750,2250
59540,13897,3,1,2200,2200
59541,13897,8,2,1500,3000
59542,13898,8,1,1500,1500
59543,13898,1,1,1100,1100
59544,13899,1,2,1100,2200
59545,13899,2,3,1800,5400
59546,13900,3,2,2200,4400
59547,13900,2,3,1800,5400
59548,13901,8,3,1500,4500
59549,13901,6,3,750,2250
59550,13901,5,1,1600,1600
59551,13902,5,3,1600,3200
59552,13903,3,1,2200,2200
59553,13903,7,2,3800,7600
59554,13904,1,1,1100,1100
59555,13905,5,3,1600,3200
59556,13906,6,2,750,1500
59557,13906,8,3,1500,4500
59558,13906,3,3,2200,6600
59559,13906,1,1,1100,1100
59560,13906,7,2,3800,7600
59561,13906,4,1,900,900
59562,13907,5,1,1600,1600
59563,13908,8,2,1500,3000
59564,13908,6,3,750,2250
59565,13908,4,3,900,2700
59566,13909,8,2,1500,3000
59567,13909,7,1,3800,3800
59568,13909,3,2,2200,4400
59569,13909,4,1,900,900
59570,13909,2,3,1800,5400
59571,13909,5,3,1600,4800
59572,13910,4,2,900,1800
59573,13911,7,3,3800,11400
59574,13911,3,3,2200,6600
59575,13911,1,1,1100,1100
59576,13912,5,3,1600,3200
59577,13913,5,3,1600,3200
59578,13914,4,1,900,900
59579,13914,5,2,1600,3200
59580,13914,6,2,750,1500
59581,13915,6,1,750,750
59582,13915,1,2,1100,2200
59583,13915,2,3,1800,5400
59584,13916,5,3,1600,3200
59585,13917,3,3,2200,6600
59586,13918,8,2,1500,3000
59587,13918,5,2,1600,3200
59588,13918,4,3,900,2700
59589,13919,5,2,1600,3200
59590,13919,3,3,2200,6600
59591,13920,5,1,1600,1600
59592,13920,1,2,1100,2200
59593,13921,5,3,1600,3200
59594,13922,5,3,1600,3200
59595,13923,4,2,900,1800
59596,13923,1,3,1100,3300
59597,13924,1,3,1100,3300
59598,13924,5,2,1600,3200
59599,13924,8,3,1500,4500
59600,13925,3,2,2200,4400
59601,13925,8,1,1500,1500
59602,13925,1,1,1100,1100
59603,13925,7,3,3800,11400
59604,13925,5,2,1600,3200
59605,13925,4,3,900,2700
59606,13925,2,3,1800,5400
59607,13926,6,2,750,1500
59608,13926,4,3,900,2700
59609,13927,1,3,1100,3300
59610,13928,5,3,1600,3200
59611,13929,6,1,750,750
59612,13929,1,3,1100,3300
59613,13929,4,2,900,1800
59614,13930,2,1,1800,1800
59615,13930,6,2,750,1500
59616,13931,8,2,1500,3000
59617,13931,7,3,3800,11400
59618,13931,4,2,900,1800
59619,13932,4,3,900,2700
59620,13932,6,3,750,2250
59621,13933,5,3,1600,3200
59622,13934,4,2,900,1800
59623,13934,1,2,1100,2200
59624,13934,5,1,1600,1600
59625,13935,5,3,1600,3200
59626,13936,5,3,1600,3200
59627,13937,2,1,1800,1800
59628,13937,7,3,3800,11400
59629,13938,5,3,1600,3200
59630,13939,4,3,900,2700
59631,13939,6,2,750,1500
59632,13940,5,3,1600,3200
59633,13941,5,2,1600,3200
59634,13941,6,3,750,2250
59635,13942,1,1,1100,1100
59636,13942,7,3,3800,11400
59637,13943,5,3,1600,3200
59638,13944,6,1,750,750
59639,13944,3,1,2200,2200
59640,13944,2,1,1800,1800
59641,13945,4,2,900,1800
59642,13945,8,1,1500,1500
59643,13946,5,3,1600,3200
59644,13947,5,3,1600,3200
59645,13948,5,3,1600,3200
59646,13949,5,3,1600,3200
59647,13950,3,1,2200,2200
59648,13951,6,1,750,750
59649,13951,4,2,900,1800
59650,13951,2,2,1800,3600
59651,13951,3,3,2200,6600
59652,13951,8,1,1500,1500
59653,13952,5,3,1600,3200
59654,13953,6,2,750,1500
59655,13953,2,2,1800,3600
59656,13953,5,3,1600,4800
59657,13953,8,2,1500,3000
59658,13953,1,3,1100,3300
59659,13953,4,3,900,2700
59660,13954,5,3,1600,3200
59661,13955,5,3,1600,3200
59662,13956,5,3,1600,3200
59663,13957,7,1,3800,3800
59664,13957,8,3,1500,4500
59665,13957,6,2,750,1500
59666,13957,2,1,1800,1800
59667,13957,3,2,2200,4400
59668,13957,5,3,1600,4800
59669,13958,7,1,3800,3800
59670,13959,5,3,1600,3200
59671,13960,5,1,1600,1600
59672,13960,1,3,1100,3300
59673,13960,4,3,900,2700
59674,13960,2,3,1800,5400
59675,13960,8,3,1500,4500
59676,13960,6,3,750,2250
59677,13961,5,3,1600,4800
59678,13961,2,3,1800,5400
59679,13961,7,3,3800,11400
59680,13962,5,3,1600,3200
59681,13963,6,3,750,2250
59682,13963,3,3,2200,6600
59683,13963,2,3,1800,5400
59684,13963,4,1,900,900
59685,13964,5,3,1600,3200
59686,13965,5,2,1600,3200
59687,13965,7,1,3800,3800
59688,13966,4,2,900,1800
59689,13966,1,1,1100,1100
59690,13966,6,3,750,2250
59691,13966,3,2,2200,4400
59692,13967,5,2,1600,3200
59693,13967,6,3,750,2250
59694,13968,4,2,900,1800
59695,13968,7,2,3800,7600
59696,13968,2,1,1800,1800
59697,13969,1,3,1100,3300
59698,13969,5,1,1600,1600
59699,13969,7,2,3800,7600
59700,13970,8,1,1500,1500
59701,13970,6,3,750,2250
59702,13971,2,1,1800,1800
59703,13971,4,1,900,900
59704,13971,7,2,3800,7600
59705,13972,4,1,900,900
59706,13972,8,1,1500,1500
59707,13973,5,3,1600,4800
59708,13974,2,3,1800,5400
59709,13975,8,2,1500,3000
59710,13975,4,2,900,1800
59711,13976,5,3,1600,3200
59712,13977,1,2,1100,2200
59713,13977,5,1,1600,1600
59714,13977,2,2,1800,3600
59715,13977,7,1,3800,3800
59716,13978,1,3,1100,3300
59717,13979,6,3,750,2250
59718,13979,8,2,1500,3000
59719,13979,4,3,900,2700
59720,13980,7,1,3800,3800
59721,13980,2,1,1800,1800
59722,13980,3,1,2200,2200
59723,13980,6,2,750,1500
59724,13981,5,3,1600,3200
59725,13982,5,3,1600,3200
59726,13983,5,2,1600,3200
59727,13983,1,2,1100,2200
59728,13983,4,3,900,2700
59729,13983,2,2,1800,3600
59730,13984,5,1,1600,1600
59731,13985,5,3,1600,3200
59732,13986,5,3,1600,3200
59733,13987,4,3,900,2700
59734,13988,5,3,1600,3200
59735,13989,2,1,1800,1800
59736,13990,4,2,900,1800
59737,13990,6,2,750,1500
59738,13990,5,3,1600,4800
59739,13991,5,3,1600,3200
59740,13992,8,1,1500,1500
59741,13993,5,1,1600,1600
59742,13994,5,3,1600,3200
59743,13995,4,1,900,900
59744,13995,8,2,1500,3000
59745,13995,1,2,1100,2200
59746,13995,3,3,2200,6600
59747,13996,5,3,1600,3200
59748,13997,4,2,900,1800
59749,13998,5,3,1600,4800
59750,13998,1,2,1100,2200
59751,13998,8,2,1500,3000
59752,13998,7,3,3800,11400
59753,13998,2,3,1800,5400
59754,13998,4,3,900,2700
59755,13999,3,2,2200,4400
59756,13999,6,2,750,1500
59757,13999,8,3,1500,4500
59758,13999,4,2,900,1800
59759,13999,7,2,3800,7600
59760,13999,5,3,1600,4800
59761,14000,5,3,1600,3200
59762,14001,5,1,1600,1600
59763,14001,1,3,1100,3300
59764,14001,8,1,1500,1500
59765,14001,2,3,1800,5400
59766,14002,8,2,1500,3000
59767,14002,7,2,3800,7600
59768,14003,6,1,750,750
59769,14003,1,1,1100,1100
59770,14003,2,1,1800,1800
59771,14004,7,1,3800,3800
59772,14004,6,2,750,1500
59773,14005,7,1,3800,3800
59774,14006,5,3,1600,4800
59775,14007,2,1,1800,1800
59776,14007,8,2,1500,3000
59777,14007,6,2,750,1500
59778,14007,1,1,1100,1100
59779,14008,5,3,1600,3200
59780,14009,5,3,1600,3200
59781,14010,5,3,1600,3200
59782,14011,5,3,1600,4800
59783,14011,1,2,1100,2200
59784,14011,4,3,900,2700
59785,14012,5,3,1600,3200
59786,14013,6,3,750,2250
59787,14013,1,3,1100,3300
59788,14013,7,3,3800,11400
59789,14013,3,2,2200,4400
59790,14013,4,1,900,900
59791,14013,2,3,1800,5400
59792,14013,5,2,1600,3200
59793,14013,8,2,1500,3000
59794,14014,1,1,1100,1100
59795,14014,5,2,1600,3200
59796,14014,6,1,750,750
59797,14014,4,2,900,1800
59798,14015,8,2,1500,3000
59799,14015,2,2,1800,3600
59800,14016,2,3,1800,5400
59801,14017,2,2,1800,3600
59802,14017,3,2,2200,4400
59803,14017,6,2,750,1500
59804,14017,1,3,1100,3300
59805,14018,8,2,1500,3000
59806,14018,7,2,3800,7600
59807,14018,4,1,900,900
59808,14018,5,2,1600,3200
59809,14019,2,1,1800,1800
59810,14019,1,3,1100,3300
59811,14019,5,2,1600,3200
59812,14020,2,2,1800,3600
59813,14020,8,2,1500,3000
59814,14020,6,2,750,1500
59815,14020,1,1,1100,1100
59816,14021,5,3,1600,3200
59817,14022,5,3,1600,3200
59818,14023,6,2,750,1500
59819,14024,6,1,750,750
59820,14024,3,1,2200,2200
59821,14025,5,3,1600,3200
59822,14026,2,3,1800,5400
59823,14026,4,3,900,2700
59824,14026,1,3,1100,3300
59825,14027,5,3,1600,3200
59826,14028,1,3,1100,3300
59827,14028,7,2,3800,7600
59828,14029,5,3,1600,3200
59829,14030,2,2,1800,3600
59830,14031,5,3,1600,3200
59831,14032,5,3,1600,3200
59832,14033,5,3,1600,3200
59833,14034,5,1,1600,1600
59834,14035,8,2,1500,3000
59835,14035,7,1,3800,3800
59836,14035,3,3,2200,6600
59837,14036,5,3,1600,3200
59838,14037,8,2,1500,3000
59839,14037,7,1,3800,3800
59840,14038,2,3,1800,5400
59841,14039,4,3,900,2700
59842,14039,8,2,1500,3000
59843,14040,6,3,750,2250
59844,14041,6,3,750,2250
59845,14042,5,3,1600,3200
59846,14043,6,1,750,750
59847,14043,7,1,3800,3800
59848,14044,5,3,1600,3200
59849,14045,4,3,900,2700
59850,14045,7,1,3800,3800
59851,14046,2,1,1800,1800
59852,14046,3,1,2200,2200
59853,14046,7,3,3800,11400
59854,14046,8,2,1500,3000
59855,14047,6,3,750,2250
59856,14047,3,1,2200,2200
59857,14047,5,1,1600,1600
59858,14047,1,3,1100,3300
59859,14047,7,3,3800,11400
59860,14048,1,2,1100,2200
59861,14048,7,3,3800,11400
59862,14049,8,3,1500,4500
59863,14049,1,2,1100,2200
59864,14049,5,1,1600,1600
59865,14050,5,2,1600,3200
59866,14051,5,3,1600,3200
59867,14052,6,2,750,1500
59868,14053,6,3,750,2250
59869,14053,7,1,3800,3800
59870,14053,1,1,1100,1100
59871,14054,8,1,1500,1500
59872,14054,4,1,900,900
59873,14054,6,3,750,2250
59874,14054,5,1,1600,1600
59875,14054,2,2,1800,3600
59876,14054,3,2,2200,4400
59877,14054,7,1,3800,3800
59878,14054,1,3,1100,3300
59879,14055,5,3,1600,3200
59880,14056,7,1,3800,3800
59881,14056,3,3,2200,6600
59882,14056,2,2,1800,3600
59883,14057,1,3,1100,3300
59884,14058,8,2,1500,3000
59885,14058,1,1,1100,1100
59886,14058,6,3,750,2250
59887,14059,3,3,2200,6600
59888,14059,2,3,1800,5400
59889,14060,3,3,2200,6600
59890,14061,5,2,1600,3200
59891,14061,1,2,1100,2200
59892,14061,8,1,1500,1500
59893,14062,8,3,1500,4500
59894,14062,4,3,900,2700
59895,14062,3,1,2200,2200
59896,14062,5,2,1600,3200
59897,14062,7,2,3800,7600
59898,14063,3,1,2200,2200
59899,14063,8,3,1500,4500
59900,14063,4,1,900,900
59901,14064,7,2,3800,7600
59902,14064,5,1,1600,1600
59903,14064,6,2,750,1500
59904,14064,8,3,1500,4500
59905,14064,3,1,2200,2200
59906,14064,2,2,1800,3600
59907,14064,4,3,900,2700
59908,14064,1,1,1100,1100
59909,14065,8,3,1500,4500
59910,14065,5,1,1600,1600
59911,14065,2,3,1800,5400
59912,14066,5,3,1600,3200
59913,14067,5,2,1600,3200
59914,14067,4,3,900,2700
59915,14067,2,3,1800,5400
59916,14067,3,2,2200,4400
59917,14067,6,1,750,750
59918,14067,1,1,1100,1100
59919,14068,5,3,1600,3200
59920,14069,8,3,1500,4500
59921,14069,2,1,1800,1800
59922,14069,7,1,3800,3800
59923,14070,7,1,3800,3800
59924,14070,4,2,900,1800
59925,14071,6,1,750,750
59926,14072,8,3,1500,4500
59927,14072,4,3,900,2700
59928,14072,7,2,3800,7600
59929,14072,1,1,1100,1100
59930,14072,3,2,2200,4400
59931,14072,2,3,1800,5400
59932,14072,5,3,1600,4800
59933,14072,6,3,750,2250
59934,14073,8,1,1500,1500
59935,14073,7,1,3800,3800
59936,14073,2,3,1800,5400
59937,14073,4,3,900,2700
59938,14073,5,3,1600,4800
59939,14074,2,2,1800,3600
59940,14075,5,3,1600,3200
59941,14076,5,1,1600,1600
59942,14076,6,1,750,750
59943,14076,3,1,2200,2200
59944,14077,1,2,1100,2200
59945,14077,3,1,2200,2200
59946,14078,2,3,1800,5400
59947,14079,2,3,1800,5400
59948,14079,3,1,2200,2200
59949,14079,8,1,1500,1500
59950,14079,7,1,3800,3800
59951,14080,7,1,3800,3800
59952,14080,5,3,1600,4800
59953,14080,6,3,750,2250
59954,14081,7,1,3800,3800
59955,14081,5,1,1600,1600
59956,14082,3,1,2200,2200
59957,14083,7,1,3800,3800
59958,14083,3,2,2200,4400
59959,14083,6,1,750,750
59960,14084,5,3,1600,3200
59961,14085,4,3,900,2700
59962,14085,7,3,3800,11400
59963,14085,1,3,1100,3300
59964,14086,5,3,1600,3200
59965,14087,2,3,1800,5400
59966,14087,7,1,3800,3800
59967,14088,5,3,1600,4800
59968,14088,2,3,1800,5400
59969,14088,7,3,3800,11400
59970,14088,8,1,1500,1500
59971,14088,1,3,1100,3300
59972,14089,5,1,1600,1600
59973,14090,5,3,1600,3200
59974,14091,1,2,1100,2200
59975,14091,6,3,750,2250
59976,14092,5,3,1600,3200
59977,14093,2,3,1800,5400
59978,14093,4,3,900,2700
59979,14093,3,3,2200,6600
59980,14094,3,1,2200,2200
59981,14094,2,1,1800,1800
59982,14094,5,2,1600,3200
59983,14094,6,2,750,1500
59984,14094,1,2,1100,2200
59985,14095,1,3,1100,3300
59986,14096,8,3,1500,4500
59987,14096,7,2,3800,7600
59988,14096,5,2,1600,3200
59989,14097,7,2,3800,7600
59990,14097,5,3,1600,4800
59991,14098,5,3,1600,3200
59992,14099,4,3,900,2700
59993,14099,3,3,2200,6600
59994,14099,2,3,1800,5400
59995,14099,1,1,1100,1100
59996,14099,8,2,1500,3000
59997,14100,3,2,2200,4400
59998,14100,5,1,1600,1600
59999,14101,6,3,750,2250
60000,14101,5,1,1600,1600
60001,14101,8,2,1500,3000
60002,14102,5,3,1600,3200
60003,14103,5,3,1600,3200
60004,14104,7,2,3800,7600
60005,14104,6,3,750,2250
60006,14104,5,2,1600,3200
60007,14105,1,2,1100,2200
60008,14105,4,3,900,2700
60009,14105,3,1,2200,2200
60010,14105,6,2,750,1500
60011,14105,2,2,1800,3600
60012,14106,1,3,1100,3300
60013,14106,3,1,2200,2200
60014,14107,2,1,1800,1800
60015,14107,7,2,3800,7600
60016,14107,6,3,750,2250
60017,14107,1,3,1100,3300
60018,14107,5,1,1600,1600
60019,14108,5,3,1600,3200
60020,14109,3,1,2200,2200
60021,14110,1,3,1100,3300
60022,14110,4,3,900,2700
60023,14110,5,2,1600,3200
60024,14110,2,3,1800,5400
60025,14110,7,2,3800,7600
60026,14110,6,3,750,2250
60027,14111,7,2,3800,7600
60028,14112,5,3,1600,3200
60029,14113,5,3,1600,3200
60030,14114,5,3,1600,3200
60031,14115,1,2,1100,2200
60032,14116,5,3,1600,4800
60033,14116,6,2,750,1500
60034,14117,6,2,750,1500
60035,14117,3,3,2200,6600
60036,14118,4,3,900,2700
60037,14119,7,2,3800,7600
60038,14119,2,1,1800,1800
60039,14120,7,3,3800,11400
60040,14121,5,3,1600,4800
60041,14121,8,2,1500,3000
60042,14122,4,3,900,2700
60043,14122,5,2,1600,3200
60044,14122,1,1,1100,1100
60045,14123,3,2,2200,4400
60046,14124,5,3,1600,3200
60047,14125,5,3,1600,3200
60048,14126,2,3,1800,5400
60049,14127,5,3,1600,3200
60050,14128,6,3,750,2250
60051,14128,1,3,1100,3300
60052,14128,8,2,1500,3000
60053,14129,5,3,1600,3200
60054,14130,5,3,1600,3200
60055,14131,4,2,900,1800
60056,14131,3,1,2200,2200
60057,14131,5,1,1600,1600
60058,14132,5,1,1600,1600
60059,14132,1,3,1100,3300
60060,14133,6,2,750,1500
60061,14133,3,2,2200,4400
60062,14134,5,1,1600,1600
60063,14135,5,3,1600,3200
60064,14136,8,2,1500,3000
60065,14136,2,3,1800,5400
60066,14137,2,3,1800,5400
60067,14137,4,3,900,2700
60068,14137,1,1,1100,1100
60069,14137,8,2,1500,3000
60070,14138,2,1,1800,1800
60071,14139,5,2,1600,3200
60072,14139,3,1,2200,2200
60073,14139,7,3,3800,11400
60074,14139,8,1,1500,1500
60075,14140,3,1,2200,2200
60076,14140,7,3,3800,11400
60077,14140,6,1,750,750
60078,14140,1,3,1100,3300
60079,14141,4,2,900,1800
60080,14141,1,3,1100,3300
60081,14142,5,3,1600,3200
60082,14143,6,1,750,750
60083,14144,7,1,3800,3800
60084,14144,5,3,1600,4800
60085,14144,3,2,2200,4400
60086,14145,3,2,2200,4400
60087,14145,6,2,750,1500
60088,14146,3,1,2200,2200
60089,14147,8,1,1500,1500
60090,14148,5,3,1600,3200
60091,14149,5,3,1600,3200
60092,14150,6,3,750,2250
60093,14150,1,3,1100,3300
60094,14151,6,3,750,2250
60095,14151,3,1,2200,2200
60096,14151,7,3,3800,11400
60097,14152,5,3,1600,3200
60098,14153,6,1,750,750
60099,14153,3,3,2200,6600
60100,14153,5,3,1600,4800
60101,14154,2,2,1800,3600
60102,14155,2,2,1800,3600
60103,14155,7,3,3800,11400
60104,14155,3,3,2200,6600
60105,14156,5,2,1600,3200
60106,14156,1,1,1100,1100
60107,14157,5,1,1600,1600
60108,14157,2,3,1800,5400
60109,14157,7,2,3800,7600
60110,14157,3,3,2200,6600
60111,14157,4,2,900,1800
60112,14158,5,1,1600,1600
60113,14158,2,1,1800,1800
60114,14158,7,3,3800,11400
60115,14159,2,2,1800,3600
60116,14159,5,1,1600,1600
60117,14160,2,1,1800,1800
60118,14160,4,1,900,900
60119,14161,1,2,1100,2200
60120,14161,6,1,750,750
60121,14161,8,1,1500,1500
60122,14162,3,3,2200,6600
60123,14162,6,3,750,2250
60124,14162,8,3,1500,4500
60125,14163,5,3,1600,3200
60126,14164,1,3,1100,3300
60127,14164,8,3,1500,4500
60128,14165,2,1,1800,1800
60129,14165,1,1,1100,1100
60130,14166,5,3,1600,3200
60131,14167,8,2,1500,3000
60132,14167,4,3,900,2700
60133,14167,7,2,3800,7600
60134,14168,1,2,1100,2200
60135,14168,2,3,1800,5400
60136,14168,6,1,750,750
60137,14168,3,3,2200,6600
60138,14168,4,1,900,900
60139,14168,5,2,1600,3200
60140,14168,8,1,1500,1500
60141,14169,7,3,3800,11400
60142,14169,2,1,1800,1800
60143,14169,4,1,900,900
60144,14170,8,1,1500,1500
60145,14170,4,2,900,1800
60146,14171,3,3,2200,6600
60147,14172,7,3,3800,11400
60148,14173,5,3,1600,3200
60149,14174,5,3,1600,3200
60150,14175,7,3,3800,11400
60151,14176,4,3,900,2700
60152,14176,6,1,750,750
60153,14177,5,3,1600,3200
60154,14178,5,1,1600,1600
60155,14178,6,1,750,750
60156,14179,5,3,1600,3200
60157,14180,5,3,1600,3200
60158,14181,6,1,750,750
60159,14181,2,2,1800,3600
60160,14182,4,2,900,1800
60161,14183,3,1,2200,2200
60162,14183,8,3,1500,4500
60163,14183,4,1,900,900
60164,14184,7,1,3800,3800
60165,14185,2,1,1800,1800
60166,14185,1,3,1100,3300
60167,14185,8,3,1500,4500
60168,14185,4,1,900,900
60169,14185,6,3,750,2250
60170,14185,3,1,2200,2200
60171,14186,5,3,1600,3200
60172,14187,5,3,1600,3200
60173,14188,5,3,1600,3200
60174,14189,6,1,750,750
60175,14189,1,2,1100,2200
60176,14190,5,3,1600,3200
60177,14191,5,3,1600,3200
60178,14192,5,3,1600,3200
60179,14193,4,1,900,900
60180,14194,2,1,1800,1800
60181,14194,5,2,1600,3200
60182,14194,7,3,3800,11400
60183,14195,4,3,900,2700
60184,14195,6,3,750,2250
60185,14196,5,3,1600,4800
60186,14196,1,1,1100,1100
60187,14197,7,2,3800,7600
60188,14198,5,3,1600,3200
60189,14199,5,1,1600,1600
60190,14199,8,2,1500,3000
60191,14199,7,1,3800,3800
60192,14199,3,2,2200,4400
60193,14199,2,2,1800,3600
60194,14200,5,1,1600,1600
60195,14200,4,3,900,2700
60196,14200,8,2,1500,3000
60197,14200,6,3,750,2250
60198,14200,7,2,3800,7600
60199,14201,1,1,1100,1100
60200,14201,2,1,1800,1800
60201,14202,8,2,1500,3000
60202,14202,6,1,750,750
60203,14202,7,2,3800,7600
60204,14202,1,1,1100,1100
60205,14203,5,3,1600,3200
60206,14204,5,3,1600,4800
60207,14204,2,2,1800,3600
60208,14204,6,1,750,750
60209,14205,3,1,2200,2200
60210,14205,1,1,1100,1100
60211,14205,6,1,750,750
60212,14205,5,3,1600,4800
60213,14206,7,2,3800,7600
60214,14206,2,2,1800,3600
60215,14206,3,2,2200,4400
60216,14206,8,3,1500,4500
60217,14207,1,2,1100,2200
60218,14208,5,3,1600,3200
60219,14209,2,2,1800,3600
60220,14209,8,1,1500,1500
60221,14209,6,3,750,2250
60222,14210,3,3,2200,6600
60223,14211,8,2,1500,3000
60224,14212,5,1,1600,1600
60225,14212,2,2,1800,3600
60226,14213,1,2,1100,2200
60227,14213,4,1,900,900
60228,14214,5,3,1600,3200
60229,14215,8,2,1500,3000
60230,14215,4,2,900,1800
60231,14216,6,3,750,2250
60232,14216,7,1,3800,3800
60233,14217,5,3,1600,3200
60234,14218,5,3,1600,3200
60235,14219,5,3,1600,3200
60236,14220,4,1,900,900
60237,14220,8,1,1500,1500
60238,14220,1,3,1100,3300
60239,14221,5,3,1600,3200
60240,14222,5,3,1600,3200
60241,14223,2,1,1800,1800
60242,14223,5,1,1600,1600
60243,14223,8,1,1500,1500
60244,14223,1,1,1100,1100
60245,14223,4,2,900,1800
60246,14224,3,1,2200,2200
60247,14225,3,2,2200,4400
60248,14225,7,2,3800,7600
60249,14226,3,1,2200,2200
60250,14227,7,3,3800,11400
60251,14228,5,3,1600,3200
60252,14229,6,3,750,2250
60253,14229,1,3,1100,3300
60254,14229,4,3,900,2700
60255,14229,2,2,1800,3600
60256,14229,3,3,2200,6600
60257,14229,8,3,1500,4500
60258,14230,2,3,1800,5400
60259,14230,3,3,2200,6600
60260,14231,7,1,3800,3800
60261,14231,4,3,900,2700
60262,14231,1,3,1100,3300
60263,14231,2,2,1800,3600
60264,14231,8,1,1500,1500
60265,14232,6,3,750,2250
60266,14232,7,1,3800,3800
60267,14232,1,3,1100,3300
60268,14233,3,3,2200,6600
60269,14233,7,2,3800,7600
60270,14233,6,1,750,750
60271,14233,1,3,1100,3300
60272,14234,6,1,750,750
60273,14235,2,2,1800,3600
60274,14236,5,3,1600,3200
60275,14237,5,3,1600,3200
60276,14238,7,2,3800,7600
60277,14238,8,2,1500,3000
60278,14238,6,3,750,2250
60279,14238,5,3,1600,4800
60280,14239,7,1,3800,3800
60281,14239,6,3,750,2250
60282,14239,3,2,2200,4400
60283,14239,2,2,1800,3600
60284,14240,7,2,3800,7600
60285,14241,5,1,1600,1600
60286,14241,1,2,1100,2200
60287,14241,4,2,900,1800
60288,14241,2,2,1800,3600
60289,14242,4,3,900,2700
60290,14243,5,2,1600,3200
60291,14243,3,2,2200,4400
60292,14243,1,3,1100,3300
60293,14244,3,2,2200,4400
60294,14245,5,3,1600,3200
60295,14246,2,1,1800,1800
60296,14247,6,2,750,1500
60297,14247,8,2,1500,3000
60298,14247,2,1,1800,1800
60299,14248,6,2,750,1500
60300,14248,4,2,900,1800
60301,14249,6,1,750,750
60302,14249,1,3,1100,3300
60303,14250,8,1,1500,1500
60304,14250,1,2,1100,2200
60305,14251,5,3,1600,3200
60306,14252,4,3,900,2700
60307,14252,1,2,1100,2200
60308,14253,1,2,1100,2200
60309,14253,4,2,900,1800
60310,14254,4,3,900,2700
60311,14254,5,2,1600,3200
60312,14255,5,1,1600,1600
60313,14256,5,3,1600,3200
60314,14257,5,3,1600,3200
60315,14258,5,3,1600,3200
60316,14259,1,2,1100,2200
60317,14259,7,2,3800,7600
60318,14260,5,3,1600,3200
60319,14261,5,1,1600,1600
60320,14261,8,1,1500,1500
60321,14262,4,3,900,2700
60322,14262,7,3,3800,11400
60323,14262,5,1,1600,1600
60324,14262,1,3,1100,3300
60325,14262,8,1,1500,1500
60326,14263,2,1,1800,1800
60327,14263,8,1,1500,1500
60328,14263,7,1,3800,3800
60329,14263,6,3,750,2250
60330,14263,5,2,1600,3200
60331,14264,5,2,1600,3200
60332,14265,5,3,1600,3200
60333,14266,5,3,1600,3200
60334,14267,1,1,1100,1100
60335,14267,6,2,750,1500
60336,14268,8,1,1500,1500
60337,14268,5,3,1600,4800
60338,14268,1,3,1100,3300
60339,14268,7,2,3800,7600
60340,14268,3,2,2200,4400
60341,14269,5,3,1600,3200
60342,14270,5,3,1600,3200
60343,14271,7,3,3800,11400
60344,14271,1,1,1100,1100
60345,14272,5,3,1600,3200
60346,14273,5,3,1600,3200
60347,14274,5,3,1600,3200
60348,14275,1,2,1100,2200
60349,14276,3,2,2200,4400
60350,14276,4,3,900,2700
60351,14276,8,3,1500,4500
60352,14277,6,1,750,750
60353,14277,7,2,3800,7600
60354,14278,6,1,750,750
60355,14278,2,3,1800,5400
60356,14278,7,3,3800,11400
60357,14278,5,3,1600,4800
60358,14279,7,1,3800,3800
60359,14279,2,2,1800,3600
60360,14279,6,1,750,750
60361,14279,1,3,1100,3300
60362,14280,3,1,2200,2200
60363,14281,3,3,2200,6600
60364,14281,7,3,3800,11400
60365,14282,3,2,2200,4400
60366,14283,5,3,1600,3200
60367,14284,5,3,1600,3200
60368,14285,1,3,1100,3300
60369,14285,5,2,1600,3200
60370,14286,1,2,1100,2200
60371,14286,7,3,3800,11400
60372,14286,6,1,750,750
60373,14287,5,1,1600,1600
60374,14288,3,2,2200,4400
60375,14288,7,1,3800,3800
60376,14289,1,1,1100,1100
60377,14290,5,3,1600,4800
60378,14290,3,3,2200,6600
60379,14290,2,2,1800,3600
60380,14291,4,2,900,1800
60381,14291,5,1,1600,1600
60382,14292,5,3,1600,3200
60383,14293,6,3,750,2250
60384,14294,5,3,1600,3200
60385,14295,5,3,1600,3200
60386,14296,5,3,1600,3200
60387,14297,4,3,900,2700
60388,14297,1,3,1100,3300
60389,14298,1,1,1100,1100
60390,14298,4,2,900,1800
60391,14298,6,2,750,1500
60392,14299,5,3,1600,3200
60393,14300,7,1,3800,3800
60394,14300,2,3,1800,5400
60395,14301,6,1,750,750
60396,14301,3,1,2200,2200
60397,14301,2,3,1800,5400
60398,14302,4,2,900,1800
60399,14302,8,3,1500,4500
60400,14302,5,3,1600,4800
60401,14302,7,1,3800,3800
60402,14302,1,3,1100,3300
60403,14303,7,3,3800,11400
60404,14303,8,3,1500,4500
60405,14303,2,1,1800,1800
60406,14303,6,3,750,2250
60407,14303,5,2,1600,3200
60408,14304,5,3,1600,3200
60409,14305,6,2,750,1500
60410,14305,4,3,900,2700
60411,14306,6,3,750,2250
60412,14306,2,1,1800,1800
60413,14306,4,2,900,1800
60414,14306,3,3,2200,6600
60415,14306,5,3,1600,4800
60416,14306,8,3,1500,4500
60417,14306,7,2,3800,7600
60418,14307,8,1,1500,1500
60419,14307,2,3,1800,5400
60420,14307,6,2,750,1500
60421,14308,5,3,1600,3200
60422,14309,4,3,900,2700
60423,14309,6,2,750,1500
60424,14309,5,3,1600,4800
60425,14310,5,3,1600,3200
60426,14311,1,3,1100,3300
60427,14312,5,3,1600,3200
60428,14313,6,1,750,750
60429,14313,4,1,900,900
60430,14314,2,3,1800,5400
60431,14314,7,3,3800,11400
60432,14314,5,2,1600,3200
60433,14314,8,2,1500,3000
60434,14315,7,2,3800,7600
60435,14315,1,1,1100,1100
60436,14315,4,3,900,2700
60437,14316,4,2,900,1800
60438,14317,5,3,1600,3200
60439,14318,5,2,1600,3200
60440,14319,5,3,1600,3200
60441,14320,6,1,750,750
60442,14320,2,3,1800,5400
60443,14320,5,2,1600,3200
60444,14321,5,2,1600,3200
60445,14321,4,3,900,2700
60446,14322,4,1,900,900
60447,14322,3,3,2200,6600
60448,14323,8,3,1500,4500
60449,14323,3,3,2200,6600
60450,14324,1,3,1100,3300
60451,14325,2,1,1800,1800
60452,14325,5,2,1600,3200
60453,14326,7,2,3800,7600
60454,14326,3,1,2200,2200
60455,14326,5,3,1600,4800
60456,14327,5,3,1600,3200
60457,14328,5,3,1600,3200
60458,14329,7,3,3800,11400
60459,14329,5,2,1600,3200
60460,14329,2,1,1800,1800
60461,14330,7,3,3800,11400
60462,14330,1,1,1100,1100
60463,14330,3,1,2200,2200
60464,14331,1,2,1100,2200
60465,14331,3,1,2200,2200
60466,14331,8,3,1500,4500
60467,14332,3,3,2200,6600
60468,14332,8,2,1500,3000
60469,14332,2,2,1800,3600
60470,14333,5,3,1600,3200
60471,14334,4,1,900,900
60472,14334,1,2,1100,2200
60473,14335,5,3,1600,3200
60474,14336,5,1,1600,1600
60475,14337,8,2,1500,3000
60476,14338,5,1,1600,1600
60477,14338,4,3,900,2700
60478,14339,5,2,1600,3200
60479,14339,2,3,1800,5400
60480,14339,4,1,900,900
60481,14339,7,1,3800,3800
60482,14340,5,3,1600,3200
60483,14341,5,1,1600,1600
60484,14342,3,1,2200,2200
60485,14343,1,1,1100,1100
60486,14343,6,1,750,750
60487,14344,2,3,1800,5400
60488,14344,7,1,3800,3800
60489,14344,8,1,1500,1500
60490,14344,4,1,900,900
60491,14344,1,2,1100,2200
60492,14345,6,1,750,750
60493,14346,5,3,1600,3200
60494,14347,5,3,1600,3200
60495,14348,4,1,900,900
60496,14348,1,2,1100,2200
60497,14349,7,2,3800,7600
60498,14349,6,1,750,750
60499,14349,3,2,2200,4400
60500,14349,2,1,1800,1800
60501,14350,5,3,1600,3200
60502,14351,5,3,1600,3200
60503,14352,8,3,1500,4500
60504,14352,6,1,750,750
60505,14352,1,1,1100,1100
60506,14353,2,1,1800,1800
60507,14353,1,3,1100,3300
60508,14353,4,2,900,1800
60509,14353,8,2,1500,3000
60510,14353,7,1,3800,3800
60511,14353,5,1,1600,1600
60512,14354,5,1,1600,1600
60513,14354,8,2,1500,3000
60514,14354,1,2,1100,2200
60515,14354,7,1,3800,3800
60516,14355,5,3,1600,3200
60517,14356,1,3,1100,3300
60518,14356,2,2,1800,3600
60519,14356,7,1,3800,3800
60520,14356,8,2,1500,3000
60521,14357,3,1,2200,2200
60522,14358,7,2,3800,7600
60523,14359,6,1,750,750
60524,14360,1,1,1100,1100
60525,14361,5,3,1600,3200
60526,14362,4,3,900,2700
60527,14363,5,3,1600,3200
60528,14364,4,2,900,1800
60529,14365,2,3,1800,5400
60530,14366,2,3,1800,5400
60531,14366,3,3,2200,6600
60532,14367,5,3,1600,3200
60533,14368,3,1,2200,2200
60534,14368,2,1,1800,1800
60535,14368,5,1,1600,1600
60536,14369,5,1,1600,1600
60537,14369,7,1,3800,3800
60538,14370,5,3,1600,3200
60539,14371,5,3,1600,3200
60540,14372,3,2,2200,4400
60541,14373,4,1,900,900
60542,14373,7,1,3800,3800
60543,14373,2,2,1800,3600
60544,14374,4,3,900,2700
60545,14374,3,1,2200,2200
60546,14374,7,3,3800,11400
60547,14375,5,2,1600,3200
60548,14376,7,2,3800,7600
60549,14376,3,3,2200,6600
60550,14376,1,2,1100,2200
60551,14376,4,1,900,900
60552,14377,7,2,3800,7600
60553,14378,4,2,900,1800
60554,14379,2,2,1800,3600
60555,14380,5,3,1600,3200
60556,14381,2,1,1800,1800
60557,14382,5,3,1600,3200
60558,14383,5,3,1600,4800
60559,14384,5,3,1600,3200
60560,14385,5,3,1600,3200
60561,14386,6,2,750,1500
60562,14387,4,3,900,2700
60563,14387,7,1,3800,3800
60564,14388,5,3,1600,3200
60565,14389,8,3,1500,4500
60566,14389,4,1,900,900
60567,14389,2,1,1800,1800
60568,14390,5,3,1600,3200
60569,14391,5,3,1600,3200
60570,14392,1,1,1100,1100
60571,14392,6,3,750,2250
60572,14393,4,2,900,1800
60573,14393,8,2,1500,3000
60574,14393,5,2,1600,3200
60575,14393,6,1,750,750
60576,14394,5,2,1600,3200
60577,14395,2,2,1800,3600
60578,14395,4,2,900,1800
60579,14395,3,3,2200,6600
60580,14396,4,1,900,900
60581,14397,1,3,1100,3300
60582,14397,7,1,3800,3800
60583,14397,6,3,750,2250
60584,14398,3,2,2200,4400
60585,14398,7,1,3800,3800
60586,14398,6,2,750,1500
60587,14399,4,3,900,2700
60588,14400,7,2,3800,7600
60589,14400,1,1,1100,1100
60590,14400,2,1,1800,1800
60591,14400,3,1,2200,2200
60592,14401,3,2,2200,4400
60593,14401,7,1,3800,3800
60594,14401,5,1,1600,1600
60595,14402,2,3,1800,5400
60596,14403,5,3,1600,3200
60597,14404,4,1,900,900
60598,14404,1,3,1100,3300
60599,14405,5,3,1600,3200
60600,14406,5,3,1600,3200
60601,14407,4,2,900,1800
60602,14407,3,1,2200,2200
60603,14407,5,2,1600,3200
60604,14408,4,3,900,2700
60605,14409,7,2,3800,7600
60606,14409,5,2,1600,3200
60607,14410,5,3,1600,3200
60608,14411,2,1,1800,1800
60609,14412,1,2,1100,2200
60610,14413,5,3,1600,3200
60611,14414,8,3,1500,4500
60612,14414,5,2,1600,3200
60613,14414,2,1,1800,1800
60614,14414,6,3,750,2250
60615,14414,7,1,3800,3800
60616,14415,4,1,900,900
60617,14416,4,2,900,1800
60618,14416,7,2,3800,7600
60619,14417,5,3,1600,3200
60620,14418,5,3,1600,3200
60621,14419,4,1,900,900
60622,14419,7,1,3800,3800
60623,14420,7,1,3800,3800
60624,14421,8,1,1500,1500
60625,14421,5,1,1600,1600
60626,14421,4,2,900,1800
60627,14421,7,3,3800,11400
60628,14421,1,1,1100,1100
60629,14422,5,3,1600,3200
60630,14423,1,2,1100,2200
60631,14423,8,3,1500,4500
60632,14423,7,2,3800,7600
60633,14424,3,1,2200,2200
60634,14425,1,1,1100,1100
60635,14425,8,3,1500,4500
60636,14425,7,2,3800,7600
60637,14426,5,3,1600,3200
60638,14427,5,1,1600,1600
60639,14428,7,2,3800,7600
60640,14429,4,3,900,2700
60641,14429,7,2,3800,7600
60642,14429,8,3,1500,4500
60643,14430,5,3,1600,3200
60644,14431,3,2,2200,4400
60645,14431,8,3,1500,4500
60646,14431,6,1,750,750
60647,14432,8,3,1500,4500
60648,14433,6,2,750,1500
60649,14433,5,1,1600,1600
60650,14433,8,3,1500,4500
60651,14433,3,1,2200,2200
60652,14434,5,3,1600,3200
60653,14435,6,3,750,2250
60654,14435,1,3,1100,3300
60655,14436,2,3,1800,5400
60656,14437,5,1,1600,1600
60657,14438,4,2,900,1800
60658,14438,3,3,2200,6600
60659,14439,5,3,1600,3200
60660,14440,7,1,3800,3800
60661,14441,2,2,1800,3600
60662,14442,1,3,1100,3300
60663,14442,2,3,1800,5400
60664,14442,7,2,3800,7600
60665,14443,7,3,3800,11400
60666,14443,3,2,2200,4400
60667,14443,8,3,1500,4500
60668,14443,5,1,1600,1600
60669,14444,6,3,750,2250
60670,14444,5,3,1600,4800
60671,14445,5,3,1600,3200
60672,14446,5,3,1600,3200
60673,14447,5,3,1600,3200
60674,14448,4,2,900,1800
60675,14449,1,3,1100,3300
60676,14449,4,1,900,900
60677,14449,2,2,1800,3600
60678,14449,5,1,1600,1600
60679,14450,8,1,1500,1500
60680,14451,8,1,1500,1500
60681,14452,5,3,1600,3200
60682,14453,5,3,1600,3200
60683,14454,2,1,1800,1800
60684,14454,1,2,1100,2200
60685,14455,1,1,1100,1100
60686,14455,8,1,1500,1500
60687,14456,5,3,1600,3200
60688,14457,5,1,1600,1600
60689,14458,5,1,1600,1600
60690,14458,7,3,3800,11400
60691,14459,5,2,1600,3200
60692,14460,8,2,1500,3000
60693,14461,5,1,1600,1600
60694,14462,1,1,1100,1100
60695,14463,2,2,1800,3600
60696,14463,4,3,900,2700
60697,14463,3,1,2200,2200
60698,14463,1,2,1100,2200
60699,14463,7,1,3800,3800
60700,14463,8,2,1500,3000
60701,14463,6,2,750,1500
60702,14464,8,3,1500,4500
60703,14465,2,1,1800,1800
60704,14465,5,1,1600,1600
60705,14465,7,1,3800,3800
60706,14465,6,1,750,750
60707,14465,3,1,2200,2200
60708,14465,4,1,900,900
60709,14465,8,3,1500,4500
60710,14466,1,3,1100,3300
60711,14467,2,2,1800,3600
60712,14468,5,3,1600,3200
60713,14469,8,3,1500,4500
60714,14469,2,2,1800,3600
60715,14469,5,2,1600,3200
60716,14469,4,3,900,2700
60717,14469,7,1,3800,3800
60718,14470,4,2,900,1800
60719,14470,5,3,1600,4800
60720,14470,1,2,1100,2200
60721,14471,5,3,1600,3200
60722,14472,6,1,750,750
60723,14472,3,3,2200,6600
60724,14473,6,2,750,1500
60725,14473,7,1,3800,3800
60726,14474,3,2,2200,4400
60727,14474,1,1,1100,1100
60728,14474,2,3,1800,5400
60729,14474,8,2,1500,3000
60730,14475,5,3,1600,3200
60731,14476,6,1,750,750
60732,14476,8,2,1500,3000
60733,14476,2,1,1800,1800
60734,14476,5,1,1600,1600
60735,14476,1,2,1100,2200
60736,14477,6,2,750,1500
60737,14478,5,2,1600,3200
60738,14478,7,1,3800,3800
60739,14478,3,3,2200,6600
60740,14479,5,3,1600,3200
60741,14480,5,3,1600,3200
60742,14481,5,3,1600,3200
60743,14482,5,3,1600,3200
60744,14483,5,3,1600,3200
60745,14484,3,3,2200,6600
60746,14484,4,2,900,1800
60747,14485,5,2,1600,3200
60748,14485,3,2,2200,4400
60749,14485,2,1,1800,1800
60750,14486,5,3,1600,3200
60751,14487,5,3,1600,3200
60752,14488,7,3,3800,11400
60753,14488,1,3,1100,3300
60754,14489,5,3,1600,3200
60755,14490,5,3,1600,3200
60756,14491,7,2,3800,7600
60757,14491,4,1,900,900
60758,14491,8,2,1500,3000
60759,14491,3,2,2200,4400
60760,14491,5,2,1600,3200
60761,14492,4,3,900,2700
60762,14492,2,1,1800,1800
60763,14492,1,3,1100,3300
60764,14492,8,2,1500,3000
60765,14493,5,3,1600,3200
60766,14494,1,2,1100,2200
60767,14494,2,3,1800,5400
60768,14494,8,2,1500,3000
60769,14495,5,3,1600,3200
60770,14496,5,3,1600,3200
60771,14497,6,2,750,1500
60772,14498,4,2,900,1800
60773,14499,5,3,1600,3200
60774,14500,6,2,750,1500
60775,14501,2,1,1800,1800
60776,14501,1,1,1100,1100
60777,14501,8,3,1500,4500
60778,14502,5,3,1600,3200
60779,14503,7,2,3800,7600
60780,14503,4,1,900,900
60781,14504,5,3,1600,3200
60782,14505,5,3,1600,3200
60783,14506,5,2,1600,3200
60784,14507,5,3,1600,4800
60785,14507,3,1,2200,2200
60786,14508,5,3,1600,3200
60787,14509,5,3,1600,3200
60788,14510,7,2,3800,7600
60789,14510,6,2,750,1500
60790,14510,8,2,1500,3000
60791,14510,5,3,1600,4800
60792,14511,6,3,750,2250
60793,14511,1,1,1100,1100
60794,14511,2,3,1800,5400
60795,14512,5,3,1600,3200
60796,14513,4,2,900,1800
60797,14513,6,2,750,1500
60798,14514,5,3,1600,3200
60799,14515,3,2,2200,4400
60800,14515,1,3,1100,3300
60801,14515,2,1,1800,1800
60802,14515,7,2,3800,7600
60803,14515,4,1,900,900
60804,14516,7,3,3800,11400
60805,14516,2,3,1800,5400
60806,14516,3,1,2200,2200
60807,14516,6,1,750,750
60808,14517,7,1,3800,3800
60809,14517,5,2,1600,3200
60810,14518,8,1,1500,1500
60811,14519,5,1,1600,1600
60812,14520,8,3,1500,4500
60813,14520,5,3,1600,4800
60814,14521,7,2,3800,7600
60815,14521,2,3,1800,5400
60816,14521,3,3,2200,6600
60817,14521,6,2,750,1500
60818,14521,5,3,1600,4800
60819,14521,8,1,1500,1500
60820,14521,1,1,1100,1100
60821,14522,5,1,1600,1600
60822,14522,2,3,1800,5400
60823,14523,1,2,1100,2200
60824,14523,7,3,3800,11400
60825,14523,4,1,900,900
60826,14524,6,1,750,750
60827,14524,3,1,2200,2200
60828,14525,3,2,2200,4400
60829,14525,5,1,1600,1600
60830,14525,6,3,750,2250
60831,14525,4,1,900,900
60832,14525,7,2,3800,7600
60833,14525,2,2,1800,3600
60834,14526,6,3,750,2250
60835,14526,8,2,1500,3000
60836,14527,4,3,900,2700
60837,14528,1,1,1100,1100
60838,14528,7,2,3800,7600
60839,14529,6,1,750,750
60840,14529,2,1,1800,1800
60841,14529,3,1,2200,2200
60842,14530,7,1,3800,3800
60843,14530,3,3,2200,6600
60844,14530,6,2,750,1500
60845,14531,8,1,1500,1500
60846,14532,2,2,1800,3600
60847,14532,3,3,2200,6600
60848,14532,5,2,1600,3200
60849,14532,6,3,750,2250
60850,14533,6,1,750,750
60851,14533,8,1,1500,1500
60852,14533,3,2,2200,4400
60853,14534,4,3,900,2700
60854,14534,7,3,3800,11400
60855,14535,3,3,2200,6600
60856,14535,4,3,900,2700
60857,14536,3,1,2200,2200
60858,14536,8,2,1500,3000
60859,14536,7,3,3800,11400
60860,14536,1,3,1100,3300
60861,14536,6,2,750,1500
60862,14536,4,1,900,900
60863,14537,7,1,3800,3800
60864,14537,4,2,900,1800
60865,14537,2,3,1800,5400
60866,14538,8,1,1500,1500
60867,14538,3,3,2200,6600
60868,14539,8,3,1500,4500
60869,14540,5,3,1600,4800
60870,14540,3,3,2200,6600
60871,14541,3,3,2200,6600
60872,14541,8,1,1500,1500
60873,14541,4,3,900,2700
60874,14541,6,1,750,750
60875,14541,1,2,1100,2200
60876,14541,2,1,1800,1800
60877,14541,5,1,1600,1600
60878,14542,8,1,1500,1500
60879,14542,1,2,1100,2200
60880,14542,5,3,1600,4800
60881,14542,3,1,2200,2200
60882,14542,2,3,1800,5400
60883,14542,4,1,900,900
60884,14543,8,2,1500,3000
60885,14543,2,1,1800,1800
60886,14544,7,1,3800,3800
60887,14544,1,2,1100,2200
60888,14544,5,2,1600,3200
60889,14544,4,1,900,900
60890,14544,3,3,2200,6600
60891,14544,6,1,750,750
60892,14544,2,2,1800,3600
60893,14545,1,1,1100,1100
60894,14545,5,1,1600,1600
60895,14546,6,2,750,1500
60896,14546,8,1,1500,1500
60897,14546,3,1,2200,2200
60898,14547,8,2,1500,3000
60899,14547,6,2,750,1500
60900,14547,1,1,1100,1100
60901,14547,5,2,1600,3200
60902,14547,2,1,1800,1800
60903,14548,5,1,1600,1600
60904,14549,8,2,1500,3000
60905,14549,7,1,3800,3800
60906,14550,4,3,900,2700
60907,14550,3,1,2200,2200
60908,14551,5,1,1600,1600
60909,14551,2,2,1800,3600
60910,14551,6,3,750,2250
60911,14552,8,2,1500,3000
60912,14552,2,1,1800,1800
60913,14553,7,3,3800,11400
60914,14554,8,2,1500,3000
60915,14554,5,1,1600,1600
60916,14555,5,2,1600,3200
60917,14555,1,1,1100,1100
60918,14555,2,2,1800,3600
60919,14555,4,1,900,900
60920,14556,3,2,2200,4400
60921,14557,6,3,750,2250
60922,14557,2,3,1800,5400
60923,14557,5,3,1600,4800
60924,14557,8,2,1500,3000
60925,14557,1,2,1100,2200
60926,14558,2,2,1800,3600
60927,14558,4,3,900,2700
60928,14558,7,3,3800,11400
60929,14558,8,2,1500,3000
60930,14558,3,1,2200,2200
60931,14558,5,1,1600,1600
60932,14559,6,3,750,2250
60933,14559,8,1,1500,1500
60934,14560,2,2,1800,3600
60935,14560,6,3,750,2250
60936,14561,2,3,1800,5400
60937,14561,3,1,2200,2200
60938,14561,6,3,750,2250
60939,14562,1,2,1100,2200
60940,14562,3,1,2200,2200
60941,14562,7,1,3800,3800
60942,14562,4,2,900,1800
60943,14563,8,3,1500,4500
60944,14563,5,1,1600,1600
60945,14563,7,1,3800,3800
60946,14563,3,1,2200,2200
60947,14564,7,3,3800,11400
60948,14565,5,3,1600,4800
60949,14565,4,1,900,900
60950,14565,6,1,750,750
60951,14566,4,3,900,2700
60952,14566,6,3,750,2250
60953,14567,2,1,1800,1800
60954,14567,5,3,1600,4800
60955,14568,8,1,1500,1500
60956,14568,5,2,1600,3200
60957,14569,2,3,1800,5400
60958,14569,6,1,750,750
60959,14569,3,1,2200,2200
60960,14569,1,3,1100,3300
60961,14569,7,2,3800,7600
60962,14570,2,2,1800,3600
60963,14570,3,1,2200,2200
60964,14570,1,2,1100,2200
60965,14571,3,3,2200,6600
60966,14572,1,1,1100,1100
60967,14573,7,1,3800,3800
60968,14573,2,2,1800,3600
60969,14573,1,1,1100,1100
60970,14573,8,1,1500,1500
60971,14574,1,2,1100,2200
60972,14575,7,2,3800,7600
60973,14575,3,3,2200,6600
60974,14575,5,3,1600,4800
60975,14575,6,3,750,2250
60976,14575,4,2,900,1800
60977,14575,8,1,1500,1500
60978,14575,1,1,1100,1100
60979,14576,2,2,1800,3600
60980,14576,8,3,1500,4500
60981,14577,1,2,1100,2200
60982,14577,3,3,2200,6600
60983,14577,2,2,1800,3600
60984,14578,7,3,3800,11400
60985,14579,3,1,2200,2200
60986,14579,1,2,1100,2200
60987,14579,8,3,1500,4500
60988,14579,5,3,1600,4800
60989,14580,2,2,1800,3600
60990,14581,1,1,1100,1100
60991,14582,4,1,900,900
60992,14582,2,2,1800,3600
60993,14582,7,1,3800,3800
60994,14583,7,1,3800,3800
60995,14583,2,1,1800,1800
60996,14583,5,2,1600,3200
60997,14584,2,2,1800,3600
60998,14585,7,3,3800,11400
60999,14585,3,1,2200,2200
61000,14585,8,1,1500,1500
61001,14585,5,3,1600,4800
61002,14586,3,3,2200,6600
61003,14586,5,1,1600,1600
61004,14586,8,3,1500,4500
61005,14586,7,3,3800,11400
61006,14586,6,1,750,750
61007,14587,3,3,2200,6600
61008,14587,8,1,1500,1500
61009,14587,4,1,900,900
61010,14587,2,1,1800,1800
61011,14587,6,3,750,2250
61012,14587,7,1,3800,3800
61013,14588,6,3,750,2250
61014,14589,4,3,900,2700
61015,14589,8,2,1500,3000
61016,14589,5,2,1600,3200
61017,14589,6,3,750,2250
61018,14589,7,1,3800,3800
61019,14590,4,3,900,2700
61020,14591,3,1,2200,2200
61021,14592,4,1,900,900
61022,14592,3,2,2200,4400
61023,14592,8,1,1500,1500
61024,14593,5,3,1600,4800
61025,14593,2,3,1800,5400
61026,14593,4,1,900,900
61027,14594,8,2,1500,3000
61028,14595,5,2,1600,3200
61029,14595,7,2,3800,7600
61030,14596,8,1,1500,1500
61031,14597,1,2,1100,2200
61032,14598,2,1,1800,1800
61033,14598,6,1,750,750
61034,14598,7,2,3800,7600
61035,14599,7,1,3800,3800
61036,14599,2,3,1800,5400
61037,14599,3,3,2200,6600
61038,14599,4,3,900,2700
61039,14599,6,3,750,2250
61040,14600,7,2,3800,7600
61041,14600,6,2,750,1500
61042,14600,1,2,1100,2200
61043,14600,3,3,2200,6600
61044,14600,5,1,1600,1600
61045,14601,4,1,900,900
61046,14601,5,2,1600,3200
61047,14602,8,3,1500,4500
61048,14602,5,3,1600,4800
61049,14602,2,3,1800,5400
61050,14602,6,3,750,2250
61051,14603,5,1,1600,1600
61052,14603,1,3,1100,3300
61053,14603,6,2,750,1500
61054,14603,3,1,2200,2200
61055,14604,1,3,1100,3300
61056,14605,8,3,1500,4500
61057,14605,5,1,1600,1600
61058,14605,4,1,900,900
61059,14605,2,2,1800,3600
61060,14606,4,1,900,900
61061,14607,3,3,2200,6600
61062,14607,8,1,1500,1500
61063,14607,6,3,750,2250
61064,14608,7,2,3800,7600
61065,14608,5,3,1600,4800
61066,14608,1,1,1100,1100
61067,14609,4,2,900,1800
61068,14609,1,1,1100,1100
61069,14610,6,2,750,1500
61070,14610,8,3,1500,4500
61071,14610,7,3,3800,11400
61072,14611,5,3,1600,4800
61073,14611,8,2,1500,3000
61074,14611,1,3,1100,3300
61075,14612,5,2,1600,3200
61076,14612,1,3,1100,3300
61077,14612,3,2,2200,4400
61078,14612,6,1,750,750
61079,14612,4,1,900,900
61080,14612,8,2,1500,3000
61081,14612,2,2,1800,3600
61082,14613,1,1,1100,1100
61083,14613,4,2,900,1800
61084,14613,7,1,3800,3800
61085,14614,1,3,1100,3300
61086,14614,2,2,1800,3600
61087,14614,6,1,750,750
61088,14614,8,1,1500,1500
61089,14615,2,2,1800,3600
61090,14616,5,3,1600,4800
61091,14616,1,2,1100,2200
61092,14616,3,1,2200,2200
61093,14616,6,3,750,2250
61094,14616,8,1,1500,1500
61095,14617,4,2,900,1800
61096,14618,6,2,750,1500
61097,14618,8,1,1500,1500
61098,14619,6,3,750,2250
61099,14620,7,1,3800,3800
61100,14620,5,3,1600,4800
61101,14620,6,3,750,2250
61102,14620,2,3,1800,5400
61103,14620,1,3,1100,3300
61104,14621,2,1,1800,1800
61105,14621,3,2,2200,4400
61106,14621,4,3,900,2700
61107,14621,7,3,3800,11400
61108,14622,5,1,1600,1600
61109,14622,8,1,1500,1500
61110,14622,6,2,750,1500
61111,14622,7,3,3800,11400
61112,14623,1,3,1100,3300
61113,14624,1,2,1100,2200
61114,14624,3,3,2200,6600
61115,14625,8,3,1500,4500
61116,14625,1,2,1100,2200
61117,14625,2,1,1800,1800
61118,14626,5,3,1600,4800
61119,14626,1,3,1100,3300
61120,14627,5,3,1600,4800
61121,14627,3,2,2200,4400
61122,14628,2,3,1800,5400
61123,14629,5,1,1600,1600
61124,14629,7,2,3800,7600
61125,14629,1,3,1100,3300
61126,14630,1,1,1100,1100
61127,14631,7,2,3800,7600
61128,14632,2,2,1800,3600
61129,14632,3,1,2200,2200
61130,14632,5,3,1600,4800
61131,14632,4,3,900,2700
61132,14633,3,3,2200,6600
61133,14633,4,1,900,900
61134,14633,5,3,1600,4800
61135,14633,8,3,1500,4500
61136,14633,2,1,1800,1800
61137,14634,5,3,1600,4800
61138,14634,7,2,3800,7600
61139,14635,4,1,900,900
61140,14635,3,3,2200,6600
61141,14636,1,3,1100,3300
61142,14637,5,1,1600,1600
61143,14637,3,1,2200,2200
61144,14638,2,3,1800,5400
61145,14638,6,2,750,1500
61146,14639,1,1,1100,1100
61147,14639,4,2,900,1800
61148,14639,5,3,1600,4800
61149,14640,6,1,750,750
61150,14641,4,1,900,900
61151,14642,3,2,2200,4400
61152,14642,7,3,3800,11400
61153,14642,1,2,1100,2200
61154,14642,6,1,750,750
61155,14642,5,1,1600,1600
61156,14643,4,2,900,1800
61157,14643,6,1,750,750
61158,14644,5,1,1600,1600
61159,14644,1,1,1100,1100
61160,14644,6,3,750,2250
61161,14644,8,2,1500,3000
61162,14644,4,3,900,2700
61163,14645,2,2,1800,3600
61164,14645,5,1,1600,1600
61165,14645,3,3,2200,6600
61166,14645,4,3,900,2700
61167,14646,1,3,1100,3300
61168,14647,5,1,1600,1600
61169,14647,2,2,1800,3600
61170,14648,7,2,3800,7600
61171,14648,5,3,1600,4800
61172,14648,8,3,1500,4500
61173,14649,6,3,750,2250
61174,14649,8,1,1500,1500
61175,14650,7,2,3800,7600
61176,14650,8,2,1500,3000
61177,14650,4,1,900,900
61178,14650,5,2,1600,3200
61179,14651,5,2,1600,3200
61180,14651,8,3,1500,4500
61181,14652,4,1,900,900
61182,14653,5,3,1600,4800
61183,14654,3,1,2200,2200
61184,14654,2,3,1800,5400
61185,14654,7,2,3800,7600
61186,14654,5,2,1600,3200
61187,14655,8,2,1500,3000
61188,14655,7,3,3800,11400
61189,14656,1,2,1100,2200
61190,14656,8,1,1500,1500
61191,14656,7,3,3800,11400
61192,14657,7,2,3800,7600
61193,14657,3,1,2200,2200
61194,14658,1,2,1100,2200
61195,14659,6,3,750,2250
61196,14659,3,1,2200,2200
61197,14659,8,3,1500,4500
61198,14660,2,1,1800,1800
61199,14661,8,3,1500,4500
61200,14661,2,3,1800,5400
61201,14661,5,2,1600,3200
61202,14661,1,2,1100,2200
61203,14662,4,3,900,2700
61204,14662,5,2,1600,3200
61205,14663,3,1,2200,2200
61206,14664,6,2,750,1500
61207,14664,1,3,1100,3300
61208,14664,5,3,1600,4800
61209,14664,8,1,1500,1500
61210,14665,6,2,750,1500
61211,14665,2,1,1800,1800
61212,14665,1,3,1100,3300
61213,14666,4,3,900,2700
61214,14666,2,1,1800,1800
61215,14667,6,3,750,2250
61216,14667,3,1,2200,2200
61217,14668,7,1,3800,3800
61218,14668,6,3,750,2250
61219,14669,7,1,3800,3800
61220,14670,1,3,1100,3300
61221,14670,3,2,2200,4400
61222,14671,2,3,1800,5400
61223,14671,4,2,900,1800
61224,14671,8,1,1500,1500
61225,14672,4,1,900,900
61226,14672,3,1,2200,2200
61227,14672,2,2,1800,3600
61228,14673,5,2,1600,3200
61229,14674,7,2,3800,7600
61230,14674,8,2,1500,3000
61231,14674,4,3,900,2700
61232,14674,3,1,2200,2200
61233,14674,5,1,1600,1600
61234,14675,1,1,1100,1100
61235,14675,2,3,1800,5400
61236,14675,4,3,900,2700
61237,14676,8,3,1500,4500
61238,14676,2,2,1800,3600
61239,14677,7,2,3800,7600
61240,14678,4,3,900,2700
61241,14678,7,1,3800,3800
61242,14678,3,3,2200,6600
61243,14678,5,3,1600,4800
61244,14679,3,2,2200,4400
61245,14679,4,3,900,2700
61246,14680,6,1,750,750
61247,14680,7,3,3800,11400
61248,14680,5,1,1600,1600
61249,14681,1,2,1100,2200
61250,14682,7,2,3800,7600
61251,14682,6,3,750,2250
61252,14682,3,3,2200,6600
61253,14683,3,2,2200,4400
61254,14683,4,3,900,2700
61255,14683,1,2,1100,2200
61256,14684,5,2,1600,3200
61257,14684,2,3,1800,5400
61258,14684,1,2,1100,2200
61259,14684,8,1,1500,1500
61260,14685,4,1,900,900
61261,14686,1,3,1100,3300
61262,14686,4,3,900,2700
61263,14686,7,2,3800,7600
61264,14686,2,1,1800,1800
61265,14687,3,2,2200,4400
61266,14688,6,1,750,750
61267,14688,7,3,3800,11400
61268,14688,8,2,1500,3000
61269,14688,1,3,1100,3300
61270,14688,3,3,2200,6600
61271,14688,2,3,1800,5400
61272,14689,5,1,1600,1600
61273,14690,5,2,1600,3200
61274,14690,7,3,3800,11400
61275,14690,1,2,1100,2200
61276,14690,8,3,1500,4500
61277,14691,6,2,750,1500
61278,14691,8,3,1500,4500
61279,14691,7,1,3800,3800
61280,14692,5,1,1600,1600
61281,14692,4,3,900,2700
61282,14693,4,3,900,2700
61283,14693,7,1,3800,3800
61284,14693,2,3,1800,5400
61285,14694,1,3,1100,3300
61286,14694,4,3,900,2700
61287,14694,6,1,750,750
61288,14695,4,3,900,2700
61289,14695,3,3,2200,6600
61290,14696,4,2,900,1800
61291,14697,8,1,1500,1500
61292,14698,5,3,1600,4800
61293,14698,4,3,900,2700
61294,14698,6,1,750,750
61295,14699,5,3,1600,4800
61296,14699,4,1,900,900
61297,14700,2,2,1800,3600
61298,14700,3,2,2200,4400
61299,14701,3,1,2200,2200
61300,14702,3,1,2200,2200
61301,14702,7,2,3800,7600
61302,14702,5,2,1600,3200
61303,14702,4,2,900,1800
61304,14702,6,1,750,750
61305,14703,4,3,900,2700
61306,14703,7,2,3800,7600
61307,14703,2,3,1800,5400
61308,14704,2,1,1800,1800
61309,14704,7,2,3800,7600
61310,14704,8,1,1500,1500
61311,14704,5,2,1600,3200
61312,14705,3,2,2200,4400
61313,14705,4,2,900,1800
61314,14706,7,2,3800,7600
61315,14706,4,3,900,2700
61316,14706,6,1,750,750
61317,14707,3,2,2200,4400
61318,14707,4,3,900,2700
61319,14707,2,1,1800,1800
61320,14707,1,1,1100,1100
61321,14708,7,2,3800,7600
61322,14709,1,1,1100,1100
61323,14710,7,2,3800,7600
61324,14711,1,3,1100,3300
61325,14711,7,3,3800,11400
61326,14711,6,2,750,1500
61327,14712,2,1,1800,1800
61328,14713,3,3,2200,6600
61329,14713,6,2,750,1500
61330,14713,2,3,1800,5400
61331,14713,4,2,900,1800
61332,14714,5,3,1600,4800
61333,14715,3,1,2200,2200
61334,14716,4,2,900,1800
61335,14716,7,1,3800,3800
61336,14717,3,1,2200,2200
61337,14718,1,1,1100,1100
61338,14718,2,2,1800,3600
61339,14718,3,3,2200,6600
61340,14719,3,1,2200,2200
61341,14719,8,1,1500,1500
61342,14719,5,3,1600,4800
61343,14719,6,2,750,1500
61344,14720,5,3,1600,4800
61345,14720,7,1,3800,3800
61346,14721,5,1,1600,1600
61347,14721,7,2,3800,7600
61348,14722,6,3,750,2250
61349,14723,2,3,1800,5400
61350,14724,6,2,750,1500
61351,14724,8,3,1500,4500
61352,14724,1,1,1100,1100
61353,14724,5,2,1600,3200
61354,14725,2,3,1800,5400
61355,14726,6,1,750,750
61356,14726,7,3,3800,11400
61357,14726,1,1,1100,1100
61358,14727,7,2,3800,7600
61359,14727,6,3,750,2250
61360,14727,2,2,1800,3600
61361,14728,4,1,900,900
61362,14728,5,3,1600,4800
61363,14728,1,2,1100,2200
61364,14729,7,3,3800,11400
61365,14730,8,3,1500,4500
61366,14731,8,2,1500,3000
61367,14731,6,3,750,2250
61368,14731,4,3,900,2700
61369,14731,3,2,2200,4400
61370,14731,5,3,1600,4800
61371,14732,8,2,1500,3000
61372,14732,3,2,2200,4400
61373,14733,4,1,900,900
61374,14733,2,1,1800,1800
61375,14733,5,3,1600,4800
61376,14733,8,2,1500,3000
61377,14734,4,3,900,2700
61378,14734,6,3,750,2250
61379,14734,1,3,1100,3300
61380,14734,8,3,1500,4500
61381,14734,3,2,2200,4400
61382,14735,7,2,3800,7600
61383,14735,2,3,1800,5400
61384,14736,8,1,1500,1500
61385,14736,4,3,900,2700
61386,14736,2,2,1800,3600
61387,14737,7,3,3800,11400
61388,14737,2,3,1800,5400
61389,14738,1,3,1100,3300
61390,14738,3,1,2200,2200
61391,14738,8,1,1500,1500
61392,14739,1,2,1100,2200
61393,14740,7,1,3800,3800
61394,14741,4,1,900,900
61395,14741,2,2,1800,3600
61396,14741,5,2,1600,3200
61397,14742,8,3,1500,4500
61398,14743,1,1,1100,1100
61399,14744,5,1,1600,1600
61400,14745,5,1,1600,1600
61401,14745,4,3,900,2700
61402,14745,3,2,2200,4400
61403,14746,2,3,1800,5400
61404,14746,6,3,750,2250
61405,14747,4,2,900,1800
61406,14747,1,3,1100,3300
61407,14747,7,1,3800,3800
61408,14748,3,3,2200,6600
61409,14749,4,1,900,900
61410,14750,7,2,3800,7600
61411,14751,4,3,900,2700
61412,14752,6,3,750,2250
61413,14752,3,1,2200,2200
61414,14752,5,3,1600,4800
61415,14752,7,1,3800,3800
61416,14752,1,2,1100,2200
61417,14753,2,3,1800,5400
61418,14754,1,1,1100,1100
61419,14755,2,1,1800,1800
61420,14756,1,1,1100,1100
61421,14756,5,3,1600,4800
61422,14756,3,2,2200,4400
61423,14756,4,2,900,1800
61424,14756,8,1,1500,1500
61425,14756,2,2,1800,3600
61426,14756,6,1,750,750
61427,14756,7,1,3800,3800
61428,14757,6,1,750,750
61429,14757,8,2,1500,3000
61430,14757,2,2,1800,3600
61431,14758,8,1,1500,1500
61432,14758,4,2,900,1800
61433,14759,7,1,3800,3800
61434,14759,3,1,2200,2200
61435,14760,1,3,1100,3300
61436,14760,5,3,1600,4800
61437,14761,7,1,3800,3800
61438,14762,6,2,750,1500
61439,14763,3,1,2200,2200
61440,14763,2,2,1800,3600
61441,14764,7,1,3800,3800
61442,14764,6,1,750,750
61443,14764,3,3,2200,6600
61444,14765,5,3,1600,4800
61445,14766,6,3,750,2250
61446,14767,4,2,900,1800
61447,14767,7,1,3800,3800
61448,14767,6,2,750,1500
61449,14768,6,2,750,1500
61450,14768,2,3,1800,5400
61451,14768,3,1,2200,2200
61452,14769,4,3,900,2700
61453,14769,6,3,750,2250
61454,14770,8,2,1500,3000
61455,14771,3,2,2200,4400
61456,14771,2,3,1800,5400
61457,14772,4,1,900,900
61458,14772,1,3,1100,3300
61459,14772,6,3,750,2250
61460,14773,5,2,1600,3200
61461,14773,6,3,750,2250
61462,14773,1,2,1100,2200
61463,14774,8,1,1500,1500
61464,14774,3,1,2200,2200
61465,14775,6,3,750,2250
61466,14776,4,1,900,900
61467,14776,5,3,1600,4800
61468,14777,7,3,3800,11400
61469,14778,2,3,1800,5400
61470,14778,5,1,1600,1600
61471,14778,8,2,1500,3000
61472,14778,6,1,750,750
61473,14778,7,2,3800,7600
61474,14779,3,1,2200,2200
61475,14780,8,1,1500,1500
61476,14780,3,3,2200,6600
61477,14781,8,2,1500,3000
61478,14781,2,1,1800,1800
61479,14781,1,3,1100,3300
61480,14781,5,2,1600,3200
61481,14781,4,3,900,2700
61482,14781,7,2,3800,7600
61483,14781,3,1,2200,2200
61484,14782,8,3,1500,4500
61485,14782,7,3,3800,11400
61486,14782,1,2,1100,2200
61487,14782,4,2,900,1800
61488,14783,5,3,1600,4800
61489,14783,6,3,750,2250
61490,14784,5,3,1600,4800
61491,14785,8,2,1500,3000
61492,14785,4,2,900,1800
61493,14786,7,2,3800,7600
61494,14786,4,3,900,2700
61495,14786,5,3,1600,4800
61496,14787,4,1,900,900
61497,14787,6,2,750,1500
61498,14788,3,1,2200,2200
61499,14788,2,3,1800,5400
61500,14788,4,1,900,900
61501,14789,1,2,1100,2200
61502,14789,8,1,1500,1500
61503,14789,5,2,1600,3200
61504,14789,6,2,750,1500
61505,14790,5,2,1600,3200
61506,14790,1,3,1100,3300
61507,14790,6,3,750,2250
61508,14790,7,1,3800,3800
61509,14790,3,2,2200,4400
61510,14791,8,1,1500,1500
61511,14791,7,2,3800,7600
61512,14791,2,1,1800,1800
61513,14792,8,2,1500,3000
61514,14792,4,3,900,2700
61515,14792,1,3,1100,3300
61516,14792,5,1,1600,1600
61517,14792,6,1,750,750
61518,14793,1,2,1100,2200
61519,14793,8,1,1500,1500
61520,14793,7,2,3800,7600
61521,14793,6,1,750,750
61522,14794,1,1,1100,1100
61523,14794,2,2,1800,3600
61524,14795,4,2,900,1800
61525,14796,7,3,3800,11400
61526,14796,8,3,1500,4500
61527,14796,1,2,1100,2200
61528,14797,3,3,2200,6600
61529,14797,4,1,900,900
61530,14797,5,3,1600,4800
61531,14798,6,2,750,1500
61532,14798,7,1,3800,3800
61533,14798,2,3,1800,5400
61534,14799,4,1,900,900
61535,14800,2,1,1800,1800
61536,14800,1,1,1100,1100
61537,14801,7,2,3800,7600
61538,14802,4,1,900,900
61539,14802,5,3,1600,4800
61540,14803,6,3,750,2250
61541,14804,5,3,1600,4800
61542,14804,6,1,750,750
61543,14804,2,1,1800,1800
61544,14805,2,1,1800,1800
61545,14805,7,3,3800,11400
61546,14806,6,3,750,2250
61547,14806,1,3,1100,3300
61548,14806,5,1,1600,1600
61549,14807,7,1,3800,3800
61550,14807,5,3,1600,4800
61551,14807,2,3,1800,5400
61552,14807,3,1,2200,2200
61553,14807,4,2,900,1800
61554,14808,5,2,1600,3200
61555,14808,6,3,750,2250
61556,14808,8,2,1500,3000
61557,14808,3,3,2200,6600
61558,14809,2,3,1800,5400
61559,14809,8,1,1500,1500
61560,14809,4,2,900,1800
61561,14810,5,3,1600,4800
61562,14810,1,1,1100,1100
61563,14810,3,2,2200,4400
61564,14810,6,3,750,2250
61565,14810,7,1,3800,3800
61566,14811,7,2,3800,7600
61567,14812,2,1,1800,1800
61568,14812,7,2,3800,7600
61569,14812,6,2,750,1500
61570,14812,1,3,1100,3300
61571,14813,2,2,1800,3600
61572,14814,8,1,1500,1500
61573,14814,3,1,2200,2200
61574,14814,6,3,750,2250
61575,14814,1,2,1100,2200
61576,14814,7,2,3800,7600
61577,14815,5,1,1600,1600
61578,14816,8,3,1500,4500
61579,14816,4,3,900,2700
61580,14817,8,2,1500,3000
61581,14818,1,1,1100,1100
61582,14819,4,1,900,900
61583,14819,5,1,1600,1600
61584,14819,2,2,1800,3600
61585,14819,3,3,2200,6600
61586,14820,5,3,1600,4800
61587,14820,7,3,3800,11400
61588,14821,1,1,1100,1100
61589,14822,4,2,900,1800
61590,14822,2,2,1800,3600
61591,14822,8,2,1500,3000
61592,14823,6,2,750,1500
61593,14824,2,1,1800,1800
61594,14824,7,3,3800,11400
61595,14824,3,1,2200,2200
61596,14825,3,2,2200,4400
61597,14825,2,1,1800,1800
61598,14826,2,2,1800,3600
61599,14826,4,2,900,1800
61600,14827,1,2,1100,2200
61601,14827,8,1,1500,1500
61602,14827,5,3,1600,4800
61603,14828,4,2,900,1800
61604,14828,3,3,2200,6600
61605,14829,5,2,1600,3200
61606,14829,6,1,750,750
61607,14830,2,3,1800,5400
61608,14830,5,1,1600,1600
61609,14830,6,2,750,1500
61610,14830,3,2,2200,4400
61611,14830,8,1,1500,1500
61612,14831,6,3,750,2250
61613,14831,5,1,1600,1600
61614,14831,7,2,3800,7600
61615,14832,4,1,900,900
61616,14832,8,1,1500,1500
61617,14832,1,2,1100,2200
61618,14833,3,2,2200,4400
61619,14833,6,3,750,2250
61620,14833,4,1,900,900
61621,14834,7,3,3800,11400
61622,14835,5,2,1600,3200
61623,14835,2,3,1800,5400
61624,14836,8,3,1500,4500
61625,14836,4,2,900,1800
61626,14836,2,3,1800,5400
61627,14837,7,1,3800,3800
61628,14837,5,3,1600,4800
61629,14837,2,3,1800,5400
61630,14837,3,2,2200,4400
61631,14837,8,1,1500,1500
61632,14838,4,1,900,900
61633,14838,3,3,2200,6600
61634,14838,8,3,1500,4500
61635,14838,2,2,1800,3600
61636,14838,7,2,3800,7600
61637,14839,7,1,3800,3800
61638,14839,1,1,1100,1100
61639,14839,3,3,2200,6600
61640,14839,5,3,1600,4800
61641,14839,4,1,900,900
61642,14840,2,2,1800,3600
61643,14840,5,3,1600,4800
61644,14840,6,1,750,750
61645,14840,7,3,3800,11400
61646,14840,8,1,1500,1500
61647,14840,1,3,1100,3300
61648,14841,7,1,3800,3800
61649,14842,7,1,3800,3800
61650,14842,1,2,1100,2200
61651,14843,4,1,900,900
61652,14844,8,1,1500,1500
61653,14844,4,3,900,2700
61654,14844,1,3,1100,3300
61655,14845,3,2,2200,4400
61656,14845,6,2,750,1500
61657,14846,8,2,1500,3000
61658,14846,5,2,1600,3200
61659,14846,4,3,900,2700
61660,14846,7,2,3800,7600
61661,14847,8,1,1500,1500
61662,14847,7,1,3800,3800
61663,14847,5,1,1600,1600
61664,14848,3,2,2200,4400
61665,14848,2,3,1800,5400
61666,14848,4,2,900,1800
61667,14848,6,1,750,750
61668,14848,8,1,1500,1500
61669,14848,5,2,1600,3200
61670,14849,7,2,3800,7600
61671,14850,6,1,750,750
61672,14850,5,1,1600,1600
61673,14851,2,2,1800,3600
61674,14852,8,1,1500,1500
61675,14852,2,3,1800,5400
61676,14852,1,1,1100,1100
61677,14853,3,1,2200,2200
61678,14854,6,1,750,750
61679,14854,5,1,1600,1600
61680,14854,2,2,1800,3600
61681,14854,8,3,1500,4500
61682,14855,2,3,1800,5400
61683,14855,6,2,750,1500
61684,14855,4,3,900,2700
61685,14856,3,2,2200,4400
61686,14856,2,1,1800,1800
61687,14857,6,2,750,1500
61688,14857,2,3,1800,5400
61689,14857,4,1,900,900
61690,14858,2,3,1800,5400
61691,14858,4,3,900,2700
61692,14858,3,3,2200,6600
61693,14859,3,2,2200,4400
61694,14860,4,2,900,1800
61695,14860,3,3,2200,6600
61696,14860,6,3,750,2250
61697,14861,3,3,2200,6600
61698,14861,5,3,1600,4800
61699,14862,5,3,1600,4800
61700,14863,4,1,900,900
61701,14863,3,3,2200,6600
61702,14863,1,3,1100,3300
61703,14864,2,2,1800,3600
61704,14864,5,1,1600,1600
61705,14864,4,1,900,900
61706,14864,3,3,2200,6600
61707,14865,4,2,900,1800
61708,14865,2,1,1800,1800
61709,14865,1,1,1100,1100
61710,14865,5,1,1600,1600
61711,14865,8,3,1500,4500
61712,14865,6,1,750,750
61713,14866,5,2,1600,3200
61714,14866,4,1,900,900
61715,14867,2,1,1800,1800
61716,14867,5,3,1600,4800
61717,14868,3,3,2200,6600
61718,14868,2,2,1800,3600
61719,14868,7,2,3800,7600
61720,14869,5,2,1600,3200
61721,14869,2,3,1800,5400
61722,14869,7,3,3800,11400
61723,14869,8,3,1500,4500
61724,14870,7,2,3800,7600
61725,14870,3,3,2200,6600
61726,14871,2,3,1800,5400
61727,14871,4,1,900,900
61728,14871,3,3,2200,6600
61729,14871,1,2,1100,2200
61730,14872,4,3,900,2700
61731,14872,8,1,1500,1500
61732,14872,7,1,3800,3800
61733,14873,4,1,900,900
61734,14873,5,2,1600,3200
61735,14873,3,1,2200,2200
61736,14874,4,3,900,2700
61737,14874,1,2,1100,2200
61738,14874,6,3,750,2250
61739,14875,6,3,750,2250
61740,14875,2,3,1800,5400
61741,14876,3,1,2200,2200
61742,14876,6,2,750,1500
61743,14876,8,3,1500,4500
61744,14876,1,3,1100,3300
61745,14876,2,3,1800,5400
61746,14877,7,3,3800,11400
61747,14878,6,2,750,1500
61748,14878,3,1,2200,2200
61749,14878,8,3,1500,4500
61750,14879,8,1,1500,1500
61751,14879,6,1,750,750
61752,14879,4,1,900,900
61753,14879,5,2,1600,3200
61754,14879,3,2,2200,4400
61755,14879,7,3,3800,11400
61756,14879,1,1,1100,1100
61757,14880,3,2,2200,4400
61758,14880,7,3,3800,11400
61759,14880,8,3,1500,4500
61760,14880,5,3,1600,4800
61761,14881,4,2,900,1800
61762,14882,7,1,3800,3800
61763,14882,5,1,1600,1600
61764,14883,8,1,1500,1500
61765,14884,6,2,750,1500
61766,14884,2,1,1800,1800
61767,14884,7,2,3800,7600
61768,14884,1,2,1100,2200
61769,14884,4,2,900,1800
61770,14884,5,1,1600,1600
61771,14885,8,1,1500,1500
61772,14885,3,1,2200,2200
61773,14886,7,1,3800,3800
61774,14886,1,3,1100,3300
61775,14886,3,2,2200,4400
61776,14887,3,3,2200,6600
61777,14887,1,2,1100,2200
61778,14888,6,2,750,1500
61779,14888,8,1,1500,1500
61780,14888,3,3,2200,6600
61781,14889,4,2,900,1800
61782,14890,8,3,1500,4500
61783,14891,2,2,1800,3600
61784,14891,4,3,900,2700
61785,14891,1,1,1100,1100
61786,14891,7,3,3800,11400
61787,14892,3,1,2200,2200
61788,14893,5,2,1600,3200
61789,14893,7,2,3800,7600
61790,14894,5,2,1600,3200
61791,14894,2,2,1800,3600
61792,14895,4,2,900,1800
61793,14896,2,1,1800,1800
61794,14896,5,1,1600,1600
61795,14896,6,1,750,750
61796,14896,4,2,900,1800
61797,14897,5,1,1600,1600
61798,14898,2,1,1800,1800
61799,14898,3,3,2200,6600
61800,14898,4,1,900,900
61801,14899,4,1,900,900
61802,14899,3,3,2200,6600
61803,14899,2,2,1800,3600
61804,14900,2,1,1800,1800
61805,14900,8,3,1500,4500
61806,14900,5,2,1600,3200
61807,14901,7,1,3800,3800
61808,14902,8,2,1500,3000
61809,14902,7,2,3800,7600
61810,14902,6,2,750,1500
61811,14903,8,1,1500,1500
61812,14904,4,2,900,1800
61813,14904,5,3,1600,4800
61814,14905,8,1,1500,1500
61815,14905,7,2,3800,7600
61816,14905,4,1,900,900
61817,14906,4,3,900,2700
61818,14906,8,2,1500,3000
61819,14907,1,2,1100,2200
61820,14908,3,2,2200,4400
61821,14909,4,1,900,900
61822,14909,2,2,1800,3600
61823,14909,7,3,3800,11400
61824,14909,5,2,1600,3200
61825,14909,1,1,1100,1100
61826,14910,6,2,750,1500
61827,14910,2,2,1800,3600
61828,14910,7,2,3800,7600
61829,14911,1,1,1100,1100
61830,14911,4,3,900,2700
61831,14912,6,2,750,1500
61832,14912,7,3,3800,11400
61833,14912,4,1,900,900
61834,14913,8,1,1500,1500
61835,14913,6,3,750,2250
61836,14913,1,3,1100,3300
61837,14913,3,1,2200,2200
61838,14914,4,1,900,900
61839,14914,7,3,3800,11400
61840,14914,5,2,1600,3200
61841,14914,8,3,1500,4500
61842,14914,6,1,750,750
61843,14914,2,1,1800,1800
61844,14914,1,3,1100,3300
61845,14915,5,3,1600,4800
61846,14916,7,1,3800,3800
61847,14917,2,3,1800,5400
61848,14917,4,3,900,2700
61849,14918,8,3,1500,4500
61850,14918,4,2,900,1800
61851,14918,6,2,750,1500
61852,14918,7,3,3800,11400
61853,14919,7,3,3800,11400
61854,14919,2,3,1800,5400
61855,14919,6,3,750,2250
61856,14920,3,3,2200,6600
61857,14921,3,3,2200,6600
61858,14921,2,1,1800,1800
61859,14921,1,3,1100,3300
61860,14922,3,3,2200,6600
61861,14923,4,1,900,900
61862,14924,7,3,3800,11400
61863,14924,6,1,750,750
61864,14925,3,2,2200,4400
61865,14925,6,2,750,1500
61866,14926,1,3,1100,3300
61867,14927,6,2,750,1500
61868,14927,8,1,1500,1500
61869,14927,5,1,1600,1600
61870,14927,2,2,1800,3600
61871,14928,4,2,900,1800
61872,14928,3,3,2200,6600
61873,14928,2,1,1800,1800
61874,14929,8,1,1500,1500
61875,14930,6,2,750,1500
61876,14931,7,2,3800,7600
61877,14931,6,3,750,2250
61878,14931,2,2,1800,3600
61879,14932,4,2,900,1800
61880,14933,2,2,1800,3600
61881,14933,7,2,3800,7600
61882,14934,1,1,1100,1100
61883,14935,6,1,750,750
61884,14935,3,3,2200,6600
61885,14935,2,1,1800,1800
61886,14935,1,1,1100,1100
61887,14936,8,2,1500,3000
61888,14936,1,3,1100,3300
61889,14937,7,1,3800,3800
61890,14937,2,3,1800,5400
61891,14937,4,3,900,2700
61892,14937,8,1,1500,1500
61893,14938,5,1,1600,1600
61894,14938,7,2,3800,7600
61895,14938,1,2,1100,2200
61896,14938,2,3,1800,5400
61897,14939,3,1,2200,2200
61898,14939,7,2,3800,7600
61899,14939,2,3,1800,5400
61900,14940,4,1,900,900
61901,14940,2,1,1800,1800
61902,14940,5,3,1600,4800
61903,14941,3,3,2200,6600
61904,14942,8,1,1500,1500
61905,14942,3,2,2200,4400
61906,14942,1,1,1100,1100
61907,14943,8,2,1500,3000
61908,14943,2,3,1800,5400
61909,14944,3,1,2200,2200
61910,14944,2,2,1800,3600
61911,14945,1,1,1100,1100
61912,14945,5,3,1600,4800
61913,14945,3,2,2200,4400
61914,14946,2,3,1800,5400
61915,14946,7,1,3800,3800
61916,14947,4,2,900,1800
61917,14947,5,1,1600,1600
61918,14947,2,1,1800,1800
61919,14948,2,2,1800,3600
61920,14948,3,1,2200,2200
61921,14949,1,3,1100,3300
61922,14949,6,2,750,1500
61923,14949,7,3,3800,11400
61924,14950,2,2,1800,3600
61925,14950,4,1,900,900
61926,14950,6,3,750,2250
61927,14951,1,1,1100,1100
61928,14952,4,3,900,2700
61929,14952,5,3,1600,4800
61930,14952,6,2,750,1500
61931,14953,3,2,2200,4400
61932,14953,1,1,1100,1100
61933,14953,6,2,750,1500
61934,14953,7,2,3800,7600
61935,14953,5,2,1600,3200
61936,14953,8,3,1500,4500
61937,14953,4,3,900,2700
61938,14954,5,3,1600,4800
61939,14955,3,2,2200,4400
61940,14956,8,3,1500,4500
61941,14956,4,2,900,1800
61942,14957,2,1,1800,1800
61943,14957,8,3,1500,4500
61944,14958,8,1,1500,1500
61945,14958,3,2,2200,4400
61946,14958,5,1,1600,1600
61947,14959,6,2,750,1500
61948,14959,4,2,900,1800
61949,14959,3,1,2200,2200
61950,14959,8,1,1500,1500
61951,14960,2,1,1800,1800
61952,14960,8,3,1500,4500
61953,14960,1,2,1100,2200
61954,14961,7,1,3800,3800
61955,14961,4,1,900,900
61956,14961,3,1,2200,2200
61957,14961,8,3,1500,4500
61958,14961,6,3,750,2250
61959,14962,1,1,1100,1100
61960,14962,5,2,1600,3200
61961,14963,4,2,900,1800
61962,14963,8,2,1500,3000
61963,14963,1,2,1100,2200
61964,14964,2,2,1800,3600
61965,14964,8,2,1500,3000
61966,14964,1,2,1100,2200
61967,14965,6,3,750,2250
61968,14965,3,1,2200,2200
61969,14966,7,2,3800,7600
61970,14966,8,1,1500,1500
61971,14966,1,1,1100,1100
61972,14966,5,2,1600,3200
61973,14966,4,2,900,1800
61974,14967,5,2,1600,3200
61975,14968,1,3,1100,3300
61976,14968,3,2,2200,4400
61977,14968,6,3,750,2250
61978,14969,6,1,750,750
61979,14969,8,1,1500,1500
61980,14969,1,1,1100,1100
61981,14969,5,2,1600,3200
61982,14970,4,3,900,2700
61983,14971,6,2,750,1500
61984,14972,5,2,1600,3200
61985,14972,2,3,1800,5400
61986,14972,8,3,1500,4500
61987,14972,1,2,1100,2200
61988,14973,6,1,750,750
61989,14974,8,1,1500,1500
61990,14975,8,2,1500,3000
61991,14976,8,2,1500,3000
61992,14976,3,3,2200,6600
61993,14977,7,1,3800,3800
61994,14978,4,2,900,1800
61995,14979,5,2,1600,3200
61996,14980,5,1,1600,1600
61997,14980,7,3,3800,11400
61998,14980,2,2,1800,3600
61999,14980,1,1,1100,1100
62000,14980,3,3,2200,6600
62001,14980,6,3,750,2250
62002,14981,7,1,3800,3800
62003,14981,2,1,1800,1800
62004,14981,8,3,1500,4500
62005,14982,2,2,1800,3600
62006,14982,8,1,1500,1500
62007,14982,4,2,900,1800
62008,14982,5,2,1600,3200
62009,14982,3,2,2200,4400
62010,14983,8,1,1500,1500
62011,14983,5,2,1600,3200
62012,14984,3,3,2200,6600
62013,14984,6,2,750,1500
62014,14985,4,1,900,900
62015,14985,5,2,1600,3200
62016,14985,8,2,1500,3000
62017,14985,1,1,1100,1100
62018,14986,2,2,1800,3600
62019,14986,4,2,900,1800
62020,14987,2,2,1800,3600
62021,14988,2,1,1800,1800
62022,14989,6,3,750,2250
62023,14990,3,2,2200,4400
62024,14990,6,2,750,1500
62025,14990,2,2,1800,3600
62026,14991,7,1,3800,3800
62027,14991,2,2,1800,3600
62028,14992,6,2,750,1500
62029,14992,7,1,3800,3800
62030,14992,8,3,1500,4500
62031,14992,5,1,1600,1600
62032,14993,8,3,1500,4500
62033,14994,8,1,1500,1500
62034,14995,7,3,3800,11400
62035,14995,8,3,1500,4500
62036,14995,6,3,750,2250
62037,14996,6,1,750,750
62038,14996,1,2,1100,2200
62039,14996,4,2,900,1800
62040,14996,2,2,1800,3600
62041,14996,8,2,1500,3000
62042,14997,3,3,2200,6600
62043,14997,2,3,1800,5400
62044,14997,6,1,750,750
62045,14997,1,3,1100,3300
62046,14997,4,3,900,2700
62047,14998,6,2,750,1500
62048,14998,4,3,900,2700
62049,14999,5,3,1600,4800
62050,14999,4,2,900,1800
62051,14999,8,2,1500,3000
62052,14999,3,1,2200,2200
62053,15000,5,3,1600,4800
62054,15000,4,1,900,900
62055,15001,2,2,1800,3600
62056,15001,1,2,1100,2200
62057,15001,3,2,2200,4400
62058,15001,4,2,900,1800
62059,15002,4,3,900,2700
62060,15003,8,2,1500,3000
62061,15004,5,2,1600,3200
62062,15005,1,2,1100,2200
62063,15005,8,2,1500,3000
62064,15005,6,1,750,750
62065,15006,8,1,1500,1500
62066,15006,2,3,1800,5400
62067,15006,3,3,2200,6600
62068,15006,4,3,900,2700
62069,15007,4,2,900,1800
62070,15007,1,1,1100,1100
62071,15008,2,3,1800,5400
62072,15008,3,3,2200,6600
62073,15008,8,3,1500,4500
62074,15009,6,1,750,750
62075,15010,4,3,900,2700
62076,15010,5,3,1600,4800
62077,15011,7,1,3800,3800
62078,15011,5,3,1600,4800
62079,15012,1,3,1100,3300
62080,15012,2,3,1800,5400
62081,15012,7,2,3800,7600
62082,15012,3,3,2200,6600
62083,15013,1,1,1100,1100
62084,15014,4,1,900,900
62085,15014,5,1,1600,1600
62086,15014,7,3,3800,11400
62087,15014,8,2,1500,3000
62088,15014,6,3,750,2250
62089,15015,1,1,1100,1100
62090,15015,6,3,750,2250
62091,15016,1,1,1100,1100
62092,15016,6,2,750,1500
62093,15016,2,3,1800,5400
62094,15017,5,1,1600,1600
62095,15018,7,1,3800,3800
62096,15018,2,1,1800,1800
62097,15019,8,3,1500,4500
62098,15020,7,3,3800,11400
62099,15021,3,3,2200,6600
62100,15021,5,3,1600,4800
62101,15021,4,3,900,2700
62102,15022,3,3,2200,6600
62103,15022,4,1,900,900
62104,15022,2,3,1800,5400
62105,15022,8,3,1500,4500
62106,15023,1,3,1100,3300
62107,15023,7,3,3800,11400
62108,15023,4,2,900,1800
62109,15023,5,2,1600,3200
62110,15023,3,1,2200,2200
62111,15023,6,2,750,1500
62112,15023,2,3,1800,5400
62113,15024,1,2,1100,2200
62114,15025,6,2,750,1500
62115,15026,1,3,1100,3300
62116,15026,2,1,1800,1800
62117,15026,7,3,3800,11400
62118,15027,6,2,750,1500
62119,15027,3,1,2200,2200
62120,15027,4,2,900,1800
62121,15027,5,2,1600,3200
62122,15027,7,1,3800,3800
62123,15027,2,1,1800,1800
62124,15027,8,2,1500,3000
62125,15028,7,2,3800,7600
62126,15028,5,2,1600,3200
62127,15028,6,2,750,1500
62128,15028,8,1,1500,1500
62129,15028,2,2,1800,3600
62130,15028,1,1,1100,1100
62131,15029,7,2,3800,7600
62132,15029,3,2,2200,4400
62133,15029,5,1,1600,1600
62134,15030,6,3,750,2250
62135,15030,2,2,1800,3600
62136,15030,1,2,1100,2200
62137,15031,4,3,900,2700
62138,15031,7,1,3800,3800
62139,15031,8,3,1500,4500
62140,15031,3,1,2200,2200
62141,15031,6,1,750,750
62142,15032,4,1,900,900
62143,15032,3,1,2200,2200
62144,15032,6,3,750,2250
62145,15032,2,2,1800,3600
62146,15033,5,1,1600,1600
62147,15033,7,3,3800,11400
62148,15033,4,3,900,2700
62149,15033,1,1,1100,1100
62150,15033,8,3,1500,4500
62151,15033,3,2,2200,4400
62152,15034,5,1,1600,1600
62153,15034,1,1,1100,1100
62154,15034,2,1,1800,1800
62155,15034,8,1,1500,1500
62156,15035,8,3,1500,4500
62157,15035,6,3,750,2250
62158,15036,4,3,900,2700
62159,15037,3,2,2200,4400
62160,15038,5,3,1600,4800
62161,15038,1,2,1100,2200
62162,15039,5,1,1600,1600
62163,15039,6,1,750,750
62164,15040,5,1,1600,1600
62165,15041,2,1,1800,1800
62166,15041,8,2,1500,3000
62167,15042,3,2,2200,4400
62168,15043,8,2,1500,3000
62169,15043,1,2,1100,2200
62170,15043,3,2,2200,4400
62171,15044,3,3,2200,6600
62172,15045,7,3,3800,11400
62173,15045,1,3,1100,3300
62174,15045,5,1,1600,1600
62175,15046,5,3,1600,4800
62176,15047,2,1,1800,1800
62177,15047,1,3,1100,3300
62178,15048,7,3,3800,11400
62179,15049,7,2,3800,7600
62180,15049,1,1,1100,1100
62181,15050,4,2,900,1800
62182,15050,6,1,750,750
62183,15050,5,1,1600,1600
62184,15051,1,2,1100,2200
62185,15051,8,2,1500,3000
62186,15052,5,1,1600,1600
62187,15052,3,1,2200,2200
62188,15052,8,2,1500,3000
62189,15052,6,1,750,750
62190,15053,7,3,3800,11400
62191,15054,3,2,2200,4400
62192,15054,2,3,1800,5400
62193,15055,8,3,1500,4500
62194,15056,1,3,1100,3300
62195,15057,1,3,1100,3300
62196,15057,6,1,750,750
62197,15057,3,2,2200,4400
62198,15058,2,1,1800,1800
62199,15058,4,3,900,2700
62200,15058,6,1,750,750
62201,15058,1,1,1100,1100
62202,15059,3,2,2200,4400
62203,15059,2,3,1800,5400
62204,15059,6,1,750,750
62205,15060,3,3,2200,6600
62206,15061,1,1,1100,1100
62207,15061,2,3,1800,5400
62208,15061,5,1,1600,1600
62209,15061,8,2,1500,3000
62210,15062,6,1,750,750
62211,15063,3,2,2200,4400
62212,15063,1,3,1100,3300
62213,15063,8,2,1500,3000
62214,15064,4,1,900,900
62215,15064,7,1,3800,3800
62216,15064,2,1,1800,1800
62217,15065,2,3,1800,5400
62218,15065,1,1,1100,1100
62219,15065,3,3,2200,6600
62220,15065,6,2,750,1500
62221,15066,3,1,2200,2200
62222,15067,8,3,1500,4500
62223,15068,8,2,1500,3000
62224,15068,6,2,750,1500
62225,15069,3,1,2200,2200
62226,15069,5,3,1600,4800
62227,15069,8,3,1500,4500
62228,15069,2,2,1800,3600
62229,15069,4,2,900,1800
62230,15070,5,1,1600,1600
62231,15070,7,2,3800,7600
62232,15071,6,2,750,1500
62233,15071,7,1,3800,3800
62234,15071,4,2,900,1800
62235,15072,7,2,3800,7600
62236,15072,6,3,750,2250
62237,15072,2,1,1800,1800
62238,15072,3,2,2200,4400
62239,15073,6,1,750,750
62240,15073,2,3,1800,5400
62241,15073,7,2,3800,7600
62242,15073,4,2,900,1800
62243,15073,8,1,1500,1500
62244,15074,6,2,750,1500
62245,15074,8,3,1500,4500
62246,15075,2,1,1800,1800
62247,15075,5,3,1600,4800
62248,15076,1,1,1100,1100
62249,15076,5,2,1600,3200
62250,15076,2,3,1800,5400
62251,15077,8,1,1500,1500
62252,15077,3,1,2200,2200
62253,15078,8,1,1500,1500
62254,15079,7,1,3800,3800
62255,15079,4,1,900,900
62256,15079,2,1,1800,1800
62257,15080,8,1,1500,1500
62258,15080,5,1,1600,1600
62259,15080,4,1,900,900
62260,15081,6,3,750,2250
62261,15081,5,3,1600,4800
62262,15082,8,2,1500,3000
62263,15082,6,1,750,750
62264,15082,3,3,2200,6600
62265,15083,5,3,1600,4800
62266,15083,1,3,1100,3300
62267,15084,8,3,1500,4500
62268,15084,3,2,2200,4400
62269,15085,1,3,1100,3300
62270,15086,1,3,1100,3300
62271,15087,8,1,1500,1500
62272,15087,4,1,900,900
62273,15087,1,2,1100,2200
62274,15087,7,1,3800,3800
62275,15087,2,2,1800,3600
62276,15088,7,1,3800,3800
62277,15088,1,1,1100,1100
62278,15088,8,2,1500,3000
62279,15088,2,1,1800,1800
62280,15089,5,2,1600,3200
62281,15090,4,2,900,1800
62282,15091,1,2,1100,2200
62283,15091,4,2,900,1800
62284,15091,5,2,1600,3200
62285,15092,1,3,1100,3300
62286,15092,2,3,1800,5400
62287,15092,4,2,900,1800
62288,15092,6,2,750,1500
62289,15093,8,3,1500,4500
62290,15093,7,2,3800,7600
62291,15094,3,3,2200,6600
62292,15094,2,3,1800,5400
62293,15094,1,1,1100,1100
62294,15094,4,1,900,900
62295,15095,3,1,2200,2200
62296,15095,4,2,900,1800
62297,15095,2,3,1800,5400
62298,15096,3,3,2200,6600
62299,15097,5,2,1600,3200
62300,15097,6,2,750,1500
62301,15098,1,3,1100,3300
62302,15098,7,2,3800,7600
62303,15098,6,1,750,750
62304,15098,2,3,1800,5400
62305,15098,4,3,900,2700
62306,15099,2,3,1800,5400
62307,15099,6,3,750,2250
62308,15099,1,2,1100,2200
62309,15099,5,1,1600,1600
62310,15099,8,2,1500,3000
62311,15100,6,1,750,750
62312,15100,2,1,1800,1800
62313,15100,7,1,3800,3800
62314,15101,8,3,1500,4500
62315,15101,1,1,1100,1100
62316,15101,7,2,3800,7600
62317,15101,6,1,750,750
62318,15101,2,1,1800,1800
62319,15102,7,1,3800,3800
62320,15103,8,3,1500,4500
62321,15104,2,2,1800,3600
62322,15104,6,1,750,750
62323,15104,8,1,1500,1500
62324,15105,3,2,2200,4400
62325,15105,2,3,1800,5400
62326,15106,7,3,3800,11400
62327,15107,7,3,3800,11400
62328,15107,3,3,2200,6600
62329,15107,2,1,1800,1800
62330,15108,3,2,2200,4400
62331,15108,8,1,1500,1500
62332,15108,6,1,750,750
62333,15108,4,2,900,1800
62334,15109,2,1,1800,1800
62335,15109,8,3,1500,4500
62336,15110,4,3,900,2700
62337,15110,6,1,750,750
62338,15111,6,2,750,1500
62339,15112,5,3,1600,4800
62340,15112,1,1,1100,1100
62341,15112,7,3,3800,11400
62342,15112,8,2,1500,3000
62343,15113,3,2,2200,4400
62344,15113,2,3,1800,5400
62345,15114,3,3,2200,6600
62346,15114,5,3,1600,4800
62347,15115,2,2,1800,3600
62348,15115,3,3,2200,6600
62349,15116,5,1,1600,1600
62350,15117,5,1,1600,1600
62351,15118,8,3,1500,4500
62352,15118,1,3,1100,3300
62353,15118,4,1,900,900
62354,15118,2,2,1800,3600
62355,15119,6,1,750,750
62356,15120,1,3,1100,3300
62357,15120,5,1,1600,1600
62358,15121,2,1,1800,1800
62359,15121,5,1,1600,1600
62360,15121,6,1,750,750
62361,15121,8,2,1500,3000
62362,15122,5,1,1600,1600
62363,15123,8,3,1500,4500
62364,15123,4,3,900,2700
62365,15124,5,1,1600,1600
62366,15124,4,2,900,1800
62367,15125,6,1,750,750
62368,15126,2,1,1800,1800
62369,15127,8,2,1500,3000
62370,15127,3,2,2200,4400
62371,15127,7,2,3800,7600
62372,15127,1,2,1100,2200
62373,15128,3,3,2200,6600
62374,15129,6,3,750,2250
62375,15130,3,2,2200,4400
62376,15130,4,2,900,1800
62377,15130,7,2,3800,7600
62378,15130,2,3,1800,5400
62379,15130,5,2,1600,3200
62380,15131,7,3,3800,11400
62381,15132,3,2,2200,4400
62382,15133,6,2,750,1500
62383,15133,1,1,1100,1100
62384,15134,6,3,750,2250
62385,15134,3,2,2200,4400
62386,15134,8,3,1500,4500
62387,15134,1,2,1100,2200
62388,15134,4,3,900,2700
62389,15135,8,3,1500,4500
62390,15135,3,3,2200,6600
62391,15135,6,3,750,2250
62392,15136,4,3,900,2700
62393,15136,2,3,1800,5400
62394,15137,1,3,1100,3300
62395,15137,2,1,1800,1800
62396,15138,2,3,1800,5400
62397,15138,8,1,1500,1500
62398,15139,2,3,1800,5400
62399,15140,4,1,900,900
62400,15140,1,3,1100,3300
62401,15140,7,1,3800,3800
62402,15140,3,3,2200,6600
62403,15141,8,1,1500,1500
62404,15141,3,3,2200,6600
62405,15141,1,3,1100,3300
62406,15142,8,3,1500,4500
62407,15143,4,1,900,900
62408,15143,3,1,2200,2200
62409,15144,4,2,900,1800
62410,15144,7,2,3800,7600
62411,15144,2,2,1800,3600
62412,15145,5,1,1600,1600
62413,15145,4,2,900,1800
62414,15146,2,2,1800,3600
62415,15146,5,3,1600,4800
62416,15146,1,2,1100,2200
62417,15147,2,3,1800,5400
62418,15148,5,1,1600,1600
62419,15148,1,3,1100,3300
62420,15148,3,3,2200,6600
62421,15149,2,1,1800,1800
62422,15149,5,2,1600,3200
62423,15149,7,1,3800,3800
62424,15149,1,2,1100,2200
62425,15149,8,2,1500,3000
62426,15149,4,3,900,2700
62427,15150,5,3,1600,4800
62428,15150,3,2,2200,4400
62429,15151,4,2,900,1800
62430,15151,5,3,1600,4800
62431,15151,3,2,2200,4400
62432,15151,7,2,3800,7600
62433,15151,2,2,1800,3600
62434,15152,3,2,2200,4400
62435,15152,6,2,750,1500
62436,15152,4,2,900,1800
62437,15152,7,2,3800,7600
62438,15152,1,2,1100,2200
62439,15153,7,3,3800,11400
62440,15153,3,3,2200,6600
62441,15153,8,3,1500,4500
62442,15154,1,1,1100,1100
62443,15154,5,2,1600,3200
62444,15154,8,3,1500,4500
62445,15155,3,3,2200,6600
62446,15156,1,2,1100,2200
62447,15156,5,1,1600,1600
62448,15157,5,3,1600,4800
62449,15158,2,2,1800,3600
62450,15158,1,2,1100,2200
62451,15158,4,2,900,1800
62452,15159,5,2,1600,3200
62453,15160,5,3,1600,4800
62454,15160,4,3,900,2700
62455,15161,8,2,1500,3000
62456,15161,2,1,1800,1800
62457,15161,7,1,3800,3800
62458,15161,5,2,1600,3200
62459,15162,3,2,2200,4400
62460,15162,4,2,900,1800
62461,15163,6,3,750,2250
62462,15163,4,1,900,900
62463,15163,8,1,1500,1500
62464,15163,2,1,1800,1800
62465,15163,7,2,3800,7600
62466,15163,1,2,1100,2200
62467,15164,5,3,1600,4800
62468,15164,1,3,1100,3300
62469,15165,2,1,1800,1800
62470,15165,7,3,3800,11400
62471,15166,6,2,750,1500
62472,15166,2,3,1800,5400
62473,15166,1,3,1100,3300
62474,15167,2,1,1800,1800
62475,15167,7,1,3800,3800
62476,15167,5,2,1600,3200
62477,15168,6,1,750,750
62478,15169,7,1,3800,3800
62479,15169,4,3,900,2700
62480,15170,6,2,750,1500
62481,15170,1,2,1100,2200
62482,15170,7,2,3800,7600
62483,15170,5,2,1600,3200
62484,15171,8,3,1500,4500
62485,15171,4,2,900,1800
62486,15171,1,2,1100,2200
62487,15172,4,3,900,2700
62488,15172,2,3,1800,5400
62489,15172,6,3,750,2250
62490,15172,8,3,1500,4500
62491,15172,5,1,1600,1600
62492,15172,7,2,3800,7600
62493,15172,1,1,1100,1100
62494,15173,5,3,1600,4800
62495,15174,3,1,2200,2200
62496,15175,4,2,900,1800
62497,15175,7,3,3800,11400
62498,15176,2,1,1800,1800
62499,15176,5,1,1600,1600
62500,15176,3,1,2200,2200
62501,15177,1,1,1100,1100
62502,15177,7,2,3800,7600
62503,15178,8,3,1500,4500
62504,15178,7,1,3800,3800
62505,15178,5,2,1600,3200
62506,15179,6,1,750,750
62507,15180,1,3,1100,3300
62508,15180,4,3,900,2700
62509,15180,5,3,1600,4800
62510,15180,2,2,1800,3600
62511,15181,8,2,1500,3000
62512,15182,6,2,750,1500
62513,15182,5,1,1600,1600
62514,15182,7,3,3800,11400
62515,15182,3,1,2200,2200
62516,15183,8,3,1500,4500
62517,15183,4,2,900,1800
62518,15183,6,2,750,1500
62519,15183,3,1,2200,2200
62520,15183,7,3,3800,11400
62521,15184,6,1,750,750
62522,15184,5,2,1600,3200
62523,15184,7,3,3800,11400
62524,15184,8,1,1500,1500
62525,15185,1,1,1100,1100
62526,15186,8,1,1500,1500
62527,15186,1,1,1100,1100
62528,15187,6,3,750,2250
62529,15187,1,1,1100,1100
62530,15187,8,1,1500,1500
62531,15188,7,1,3800,3800
62532,15188,2,1,1800,1800
62533,15188,5,1,1600,1600
62534,15188,1,3,1100,3300
62535,15188,8,3,1500,4500
62536,15189,3,1,2200,2200
62537,15189,1,1,1100,1100
62538,15189,4,1,900,900
62539,15190,2,1,1800,1800
62540,15191,6,2,750,1500
62541,15191,5,2,1600,3200
62542,15192,4,2,900,1800
62543,15192,1,2,1100,2200
62544,15192,8,2,1500,3000
62545,15193,7,2,3800,7600
62546,15194,2,3,1800,5400
62547,15194,3,2,2200,4400
62548,15194,5,1,1600,1600
62549,15194,6,3,750,2250
62550,15195,6,3,750,2250
62551,15196,3,3,2200,6600
62552,15196,4,2,900,1800
62553,15197,5,3,1600,4800
62554,15197,7,2,3800,7600
62555,15198,5,2,1600,3200
62556,15198,7,3,3800,11400
62557,15198,8,1,1500,1500
62558,15198,6,3,750,2250
62559,15198,2,2,1800,3600
62560,15199,2,1,1800,1800
62561,15199,7,1,3800,3800
62562,15200,4,2,900,1800
62563,15200,2,2,1800,3600
62564,15200,6,2,750,1500
62565,15200,5,1,1600,1600
62566,15201,6,2,750,1500
62567,15201,7,1,3800,3800
62568,15201,8,3,1500,4500
62569,15202,4,1,900,900
62570,15202,6,1,750,750
62571,15202,1,2,1100,2200
62572,15202,7,1,3800,3800
62573,15203,7,3,3800,11400
62574,15203,8,2,1500,3000
62575,15203,6,1,750,750
62576,15203,5,2,1600,3200
62577,15203,3,2,2200,4400
62578,15204,2,3,1800,5400
62579,15204,7,1,3800,3800
62580,15204,5,1,1600,1600
62581,15205,8,3,1500,4500
62582,15205,4,2,900,1800
62583,15206,6,2,750,1500
62584,15207,4,3,900,2700
62585,15207,8,3,1500,4500
62586,15207,7,2,3800,7600
62587,15207,5,3,1600,4800
62588,15207,2,1,1800,1800
62589,15207,6,2,750,1500
62590,15207,1,1,1100,1100
62591,15208,1,2,1100,2200
62592,15208,5,1,1600,1600
62593,15208,6,3,750,2250
62594,15208,4,3,900,2700
62595,15209,1,3,1100,3300
62596,15209,4,2,900,1800
62597,15209,5,1,1600,1600
62598,15209,3,1,2200,2200
62599,15209,7,1,3800,3800
62600,15210,2,3,1800,5400
62601,15210,5,3,1600,4800
62602,15211,8,3,1500,4500
62603,15212,4,1,900,900
62604,15212,5,1,1600,1600
62605,15212,7,1,3800,3800
62606,15212,8,3,1500,4500
62607,15213,6,1,750,750
62608,15214,6,2,750,1500
62609,15214,7,3,3800,11400
62610,15215,2,3,1800,5400
62611,15216,5,1,1600,1600
62612,15217,2,1,1800,1800
62613,15217,1,3,1100,3300
62614,15218,8,1,1500,1500
62615,15218,2,2,1800,3600
62616,15218,4,2,900,1800
62617,15218,7,3,3800,11400
62618,15218,1,3,1100,3300
62619,15219,7,2,3800,7600
62620,15219,1,3,1100,3300
62621,15220,8,3,1500,4500
62622,15221,6,3,750,2250
62623,15221,3,3,2200,6600
62624,15221,7,3,3800,11400
62625,15221,1,3,1100,3300
62626,15221,4,2,900,1800
62627,15222,4,1,900,900
62628,15223,2,2,1800,3600
62629,15223,8,2,1500,3000
62630,15224,6,1,750,750
62631,15224,1,1,1100,1100
62632,15224,3,3,2200,6600
62633,15225,5,2,1600,3200
62634,15225,1,2,1100,2200
62635,15225,4,1,900,900
62636,15225,2,1,1800,1800
62637,15226,2,1,1800,1800
62638,15227,4,2,900,1800
62639,15227,6,1,750,750
62640,15227,2,3,1800,5400
62641,15228,3,3,2200,6600
62642,15229,6,2,750,1500
62643,15229,4,1,900,900
62644,15229,2,1,1800,1800
62645,15230,5,2,1600,3200
62646,15230,3,1,2200,2200
62647,15231,8,1,1500,1500
62648,15232,5,2,1600,3200
62649,15232,7,3,3800,11400
62650,15232,6,2,750,1500
62651,15232,1,2,1100,2200
62652,15233,8,1,1500,1500
62653,15233,4,2,900,1800
62654,15234,1,3,1100,3300
62655,15234,6,3,750,2250
62656,15234,7,3,3800,11400
62657,15234,5,3,1600,4800
62658,15234,3,2,2200,4400
62659,15234,8,3,1500,4500
62660,15235,1,3,1100,3300
62661,15235,4,1,900,900
62662,15235,3,3,2200,6600
62663,15236,4,1,900,900
62664,15237,6,3,750,2250
62665,15237,7,1,3800,3800
62666,15238,2,3,1800,5400
62667,15238,3,2,2200,4400
62668,15238,1,1,1100,1100
62669,15238,5,2,1600,3200
62670,15238,7,2,3800,7600
62671,15238,8,3,1500,4500
62672,15239,4,1,900,900
62673,15239,2,2,1800,3600
62674,15239,6,1,750,750
62675,15239,5,2,1600,3200
62676,15240,3,2,2200,4400
62677,15241,5,3,1600,4800
62678,15241,7,1,3800,3800
62679,15241,6,2,750,1500
62680,15242,6,3,750,2250
62681,15242,8,2,1500,3000
62682,15243,6,3,750,2250
62683,15243,8,1,1500,1500
62684,15244,4,3,900,2700
62685,15245,5,1,1600,1600
62686,15246,1,3,1100,3300
62687,15246,6,3,750,2250
62688,15246,7,3,3800,11400
62689,15246,8,2,1500,3000
62690,15247,3,3,2200,6600
62691,15247,4,2,900,1800
62692,15247,6,2,750,1500
62693,15247,8,2,1500,3000
62694,15247,7,1,3800,3800
62695,15248,5,2,1600,3200
62696,15249,8,2,1500,3000
62697,15249,2,1,1800,1800
62698,15250,2,2,1800,3600
62699,15250,6,2,750,1500
62700,15251,2,3,1800,5400
62701,15252,4,1,900,900
62702,15252,1,3,1100,3300
62703,15252,8,3,1500,4500
62704,15252,2,2,1800,3600
62705,15252,5,1,1600,1600
62706,15253,8,2,1500,3000
62707,15253,7,1,3800,3800
62708,15253,5,3,1600,4800
62709,15253,6,3,750,2250
62710,15254,2,2,1800,3600
62711,15255,6,2,750,1500
62712,15255,8,1,1500,1500
62713,15256,4,3,900,2700
62714,15256,5,1,1600,1600
62715,15257,5,1,1600,1600
62716,15257,4,3,900,2700
62717,15257,8,2,1500,3000
62718,15258,7,2,3800,7600
62719,15258,3,2,2200,4400
62720,15258,6,1,750,750
62721,15259,8,2,1500,3000
62722,15260,5,3,1600,4800
62723,15260,7,1,3800,3800
62724,15260,6,3,750,2250
62725,15260,3,2,2200,4400
62726,15261,3,1,2200,2200
62727,15261,6,2,750,1500
62728,15261,7,2,3800,7600
62729,15262,7,2,3800,7600
62730,15262,6,1,750,750
62731,15262,3,3,2200,6600
62732,15263,3,1,2200,2200
62733,15263,6,1,750,750
62734,15264,3,2,2200,4400
62735,15264,1,3,1100,3300
62736,15264,8,3,1500,4500
62737,15265,3,3,2200,6600
62738,15266,4,1,900,900
62739,15267,8,1,1500,1500
62740,15267,5,2,1600,3200
62741,15267,2,2,1800,3600
62742,15267,4,1,900,900
62743,15267,1,3,1100,3300
62744,15267,6,3,750,2250
62745,15267,3,2,2200,4400
62746,15268,5,1,1600,1600
62747,15268,6,3,750,2250
62748,15269,6,3,750,2250
62749,15270,6,1,750,750
62750,15270,8,2,1500,3000
62751,15270,1,3,1100,3300
62752,15270,3,1,2200,2200
62753,15271,6,3,750,2250
62754,15271,2,1,1800,1800
62755,15272,7,2,3800,7600
62756,15272,1,2,1100,2200
62757,15273,7,3,3800,11400
62758,15273,4,2,900,1800
62759,15273,2,3,1800,5400
62760,15274,3,3,2200,6600
62761,15274,4,1,900,900
62762,15274,6,3,750,2250
62763,15274,2,2,1800,3600
62764,15274,8,2,1500,3000
62765,15275,4,3,900,2700
62766,15275,1,3,1100,3300
62767,15275,7,2,3800,7600
62768,15275,5,2,1600,3200
62769,15276,1,1,1100,1100
62770,15276,3,3,2200,6600
62771,15277,4,2,900,1800
62772,15277,8,2,1500,3000
62773,15278,2,2,1800,3600
62774,15279,7,3,3800,11400
62775,15279,5,2,1600,3200
62776,15280,6,3,750,2250
62777,15281,8,1,1500,1500
62778,15281,4,3,900,2700
62779,15281,6,2,750,1500
62780,15282,3,2,2200,4400
62781,15282,1,3,1100,3300
62782,15282,7,1,3800,3800
62783,15282,2,2,1800,3600
62784,15282,5,3,1600,4800
62785,15283,2,3,1800,5400
62786,15283,6,2,750,1500
62787,15284,7,1,3800,3800
62788,15284,4,1,900,900
62789,15284,5,2,1600,3200
62790,15285,5,3,1600,4800
62791,15285,2,2,1800,3600
62792,15286,5,3,1600,4800
62793,15287,7,3,3800,11400
62794,15287,3,1,2200,2200
62795,15287,4,3,900,2700
62796,15287,2,2,1800,3600
62797,15288,4,3,900,2700
62798,15288,3,3,2200,6600
62799,15288,8,1,1500,1500
62800,15289,8,2,1500,3000
62801,15290,5,3,1600,4800
62802,15291,5,2,1600,3200
62803,15292,7,2,3800,7600
62804,15293,7,3,3800,11400
62805,15293,1,3,1100,3300
62806,15293,8,2,1500,3000
62807,15293,6,3,750,2250
62808,15293,3,1,2200,2200
62809,15294,5,2,1600,3200
62810,15294,7,3,3800,11400
62811,15295,7,1,3800,3800
62812,15295,6,2,750,1500
62813,15295,1,2,1100,2200
62814,15296,3,2,2200,4400
62815,15296,7,3,3800,11400
62816,15297,4,1,900,900
62817,15297,2,2,1800,3600
62818,15297,7,3,3800,11400
62819,15297,3,2,2200,4400
62820,15298,3,1,2200,2200
62821,15298,6,3,750,2250
62822,15298,5,2,1600,3200
62823,15298,7,1,3800,3800
62824,15298,8,3,1500,4500
62825,15299,2,1,1800,1800
62826,15300,1,3,1100,3300
62827,15300,3,1,2200,2200
62828,15301,7,3,3800,11400
62829,15301,5,1,1600,1600
62830,15302,2,1,1800,1800
62831,15302,6,3,750,2250
62832,15302,7,3,3800,11400
62833,15302,5,3,1600,4800
62834,15303,1,2,1100,2200
62835,15304,2,3,1800,5400
62836,15304,1,1,1100,1100
62837,15304,4,3,900,2700
62838,15304,7,3,3800,11400
62839,15305,1,1,1100,1100
62840,15306,8,2,1500,3000
62841,15306,7,2,3800,7600
62842,15306,2,3,1800,5400
62843,15307,4,2,900,1800
62844,15307,1,2,1100,2200
62845,15308,3,1,2200,2200
62846,15308,5,3,1600,4800
62847,15309,5,1,1600,1600
62848,15310,1,1,1100,1100
62849,15311,7,1,3800,3800
62850,15311,2,1,1800,1800
62851,15311,6,3,750,2250
62852,15311,5,3,1600,4800
62853,15311,4,1,900,900
62854,15312,3,3,2200,6600
62855,15313,2,1,1800,1800
62856,15313,1,1,1100,1100
62857,15313,5,2,1600,3200
62858,15313,4,2,900,1800
62859,15314,7,3,3800,11400
62860,15314,2,1,1800,1800
62861,15314,8,3,1500,4500
62862,15314,4,3,900,2700
62863,15315,2,2,1800,3600
62864,15315,1,2,1100,2200
62865,15316,6,2,750,1500
62866,15317,5,2,1600,3200
62867,15318,7,1,3800,3800
62868,15318,8,2,1500,3000
62869,15318,1,3,1100,3300
62870,15318,2,2,1800,3600
62871,15319,5,1,1600,1600
62872,15320,2,1,1800,1800
62873,15320,1,2,1100,2200
62874,15320,7,2,3800,7600
62875,15321,2,1,1800,1800
62876,15321,8,1,1500,1500
62877,15321,5,1,1600,1600
62878,15321,7,3,3800,11400
62879,15322,6,2,750,1500
62880,15322,8,3,1500,4500
62881,15323,8,2,1500,3000
62882,15323,6,1,750,750
62883,15324,8,1,1500,1500
62884,15324,7,1,3800,3800
62885,15325,7,1,3800,3800
62886,15325,8,2,1500,3000
62887,15326,3,2,2200,4400
62888,15326,2,3,1800,5400
62889,15327,5,2,1600,3200
62890,15328,6,3,750,2250
62891,15328,3,1,2200,2200
62892,15329,4,2,900,1800
62893,15329,2,3,1800,5400
62894,15330,8,2,1500,3000
62895,15330,3,1,2200,2200
62896,15330,2,2,1800,3600
62897,15330,7,3,3800,11400
62898,15330,5,3,1600,4800
62899,15330,4,1,900,900
62900,15331,5,1,1600,1600
62901,15331,1,3,1100,3300
62902,15331,8,1,1500,1500
62903,15332,1,3,1100,3300
62904,15332,7,2,3800,7600
62905,15332,3,1,2200,2200
62906,15332,2,2,1800,3600
62907,15333,8,3,1500,4500
62908,15333,5,2,1600,3200
62909,15333,6,3,750,2250
62910,15334,3,1,2200,2200
62911,15334,2,2,1800,3600
62912,15334,5,3,1600,4800
62913,15334,4,2,900,1800
62914,15334,7,1,3800,3800
62915,15334,6,3,750,2250
62916,15334,8,2,1500,3000
62917,15334,1,1,1100,1100
62918,15335,7,3,3800,11400
62919,15336,4,1,900,900
62920,15336,5,3,1600,4800
62921,15337,4,1,900,900
62922,15337,7,2,3800,7600
62923,15338,7,2,3800,7600
62924,15338,2,3,1800,5400
62925,15339,3,3,2200,6600
62926,15339,1,2,1100,2200
62927,15339,8,2,1500,3000
62928,15340,1,2,1100,2200
62929,15341,4,2,900,1800
62930,15341,5,2,1600,3200
62931,15341,8,1,1500,1500
62932,15342,5,2,1600,3200
62933,15342,2,3,1800,5400
62934,15342,3,1,2200,2200
62935,15342,8,2,1500,3000
62936,15343,5,3,1600,4800
62937,15344,6,2,750,1500
62938,15344,7,1,3800,3800
62939,15345,6,2,750,1500
62940,15346,5,2,1600,3200
62941,15346,6,2,750,1500
62942,15346,2,1,1800,1800
62943,15346,1,1,1100,1100
62944,15347,8,3,1500,4500
62945,15347,2,3,1800,5400
62946,15348,1,2,1100,2200
62947,15348,5,2,1600,3200
62948,15348,2,3,1800,5400
62949,15349,5,2,1600,3200
62950,15349,1,2,1100,2200
62951,15349,4,1,900,900
62952,15350,5,3,1600,4800
62953,15350,8,3,1500,4500
62954,15350,3,1,2200,2200
62955,15351,7,3,3800,11400
62956,15351,3,3,2200,6600
62957,15351,2,3,1800,5400
62958,15351,6,3,750,2250
62959,15352,4,3,900,2700
62960,15352,2,2,1800,3600
62961,15352,5,3,1600,4800
62962,15353,1,1,1100,1100
62963,15353,6,1,750,750
62964,15354,5,2,1600,3200
62965,15355,3,2,2200,4400
62966,15355,4,2,900,1800
62967,15355,2,1,1800,1800
62968,15356,3,2,2200,4400
62969,15357,8,3,1500,4500
62970,15357,1,2,1100,2200
62971,15357,4,3,900,2700
62972,15357,6,3,750,2250
62973,15357,7,3,3800,11400
62974,15358,6,1,750,750
62975,15358,7,3,3800,11400
62976,15358,8,3,1500,4500
62977,15358,3,3,2200,6600
62978,15358,1,2,1100,2200
62979,15358,2,3,1800,5400
62980,15359,1,1,1100,1100
62981,15359,4,1,900,900
62982,15359,5,3,1600,4800
62983,15360,7,1,3800,3800
62984,15360,4,1,900,900
62985,15360,2,3,1800,5400
62986,15360,6,3,750,2250
62987,15361,4,2,900,1800
62988,15362,6,1,750,750
62989,15362,7,2,3800,7600
62990,15362,1,3,1100,3300
62991,15363,6,3,750,2250
62992,15364,5,1,1600,1600
62993,15365,3,1,2200,2200
62994,15365,5,1,1600,1600
62995,15366,6,2,750,1500
62996,15366,5,1,1600,1600
62997,15367,6,2,750,1500
62998,15367,1,1,1100,1100
62999,15367,7,3,3800,11400
63000,15367,2,1,1800,1800
63001,15367,8,1,1500,1500
63002,15367,3,2,2200,4400
63003,15368,2,1,1800,1800
63004,15368,1,2,1100,2200
63005,15369,4,3,900,2700
63006,15370,3,1,2200,2200
63007,15371,4,3,900,2700
63008,15372,6,3,750,2250
63009,15373,5,2,1600,3200
63010,15373,8,1,1500,1500
63011,15373,3,2,2200,4400
63012,15373,6,3,750,2250
63013,15373,7,2,3800,7600
63014,15374,7,3,3800,11400
63015,15374,1,3,1100,3300
63016,15374,5,1,1600,1600
63017,15374,6,3,750,2250
63018,15374,2,2,1800,3600
63019,15374,4,1,900,900
63020,15374,3,1,2200,2200
63021,15375,4,1,900,900
63022,15375,6,1,750,750
63023,15375,8,1,1500,1500
63024,15376,7,1,3800,3800
63025,15377,1,3,1100,3300
63026,15377,6,2,750,1500
63027,15377,5,2,1600,3200
63028,15378,5,2,1600,3200
63029,15378,7,2,3800,7600
63030,15378,3,2,2200,4400
63031,15378,2,2,1800,3600
63032,15379,4,3,900,2700
63033,15379,7,2,3800,7600
63034,15379,6,3,750,2250
63035,15379,2,1,1800,1800
63036,15379,8,2,1500,3000
63037,15379,5,2,1600,3200
63038,15379,1,1,1100,1100
63039,15380,3,3,2200,6600
63040,15380,4,3,900,2700
63041,15380,5,2,1600,3200
63042,15381,7,3,3800,11400
63043,15381,3,3,2200,6600
63044,15381,2,2,1800,3600
63045,15381,6,2,750,1500
63046,15381,4,1,900,900
63047,15382,7,1,3800,3800
63048,15382,8,3,1500,4500
63049,15382,6,3,750,2250
63050,15382,2,2,1800,3600
63051,15383,8,3,1500,4500
63052,15383,4,2,900,1800
63053,15383,5,2,1600,3200
63054,15384,4,1,900,900
63055,15385,4,3,900,2700
63056,15386,7,2,3800,7600
63057,15386,6,2,750,1500
63058,15386,5,2,1600,3200
63059,15386,3,2,2200,4400
63060,15386,1,2,1100,2200
63061,15387,4,1,900,900
63062,15387,6,2,750,1500
63063,15387,8,2,1500,3000
63064,15387,1,3,1100,3300
63065,15388,8,3,1500,4500
63066,15389,4,1,900,900
63067,15390,2,3,1800,5400
63068,15391,3,2,2200,4400
63069,15391,2,3,1800,5400
63070,15391,4,1,900,900
63071,15392,5,3,1600,4800
63072,15392,6,2,750,1500
63073,15393,7,2,3800,7600
63074,15393,2,3,1800,5400
63075,15393,3,1,2200,2200
63076,15393,1,2,1100,2200
63077,15394,8,2,1500,3000
63078,15394,4,2,900,1800
63079,15394,5,3,1600,4800
63080,15394,7,1,3800,3800
63081,15394,6,2,750,1500
63082,15395,3,3,2200,6600
63083,15395,7,2,3800,7600
63084,15396,3,2,2200,4400
63085,15397,4,1,900,900
63086,15398,6,3,750,2250
63087,15398,8,2,1500,3000
63088,15399,3,3,2200,6600
63089,15399,7,2,3800,7600
63090,15399,1,1,1100,1100
63091,15399,8,3,1500,4500
63092,15399,2,3,1800,5400
63093,15400,7,1,3800,3800
63094,15400,5,2,1600,3200
63095,15400,3,2,2200,4400
63096,15400,2,1,1800,1800
63097,15400,1,3,1100,3300
63098,15401,8,1,1500,1500
63099,15401,2,1,1800,1800
63100,15401,6,1,750,750
63101,15401,1,2,1100,2200
63102,15401,7,3,3800,11400
63103,15401,5,3,1600,4800
63104,15402,2,2,1800,3600
63105,15403,3,3,2200,6600
63106,15404,5,1,1600,1600
63107,15405,7,2,3800,7600
63108,15406,2,3,1800,5400
63109,15406,6,3,750,2250
63110,15406,1,1,1100,1100
63111,15406,8,1,1500,1500
63112,15407,4,1,900,900
63113,15407,6,1,750,750
63114,15407,2,2,1800,3600
63115,15408,5,3,1600,4800
63116,15409,4,2,900,1800
63117,15410,5,3,1600,4800
63118,15410,2,1,1800,1800
63119,15410,3,3,2200,6600
63120,15410,1,1,1100,1100
63121,15411,4,3,900,2700
63122,15411,5,1,1600,1600
63123,15412,3,2,2200,4400
63124,15413,8,2,1500,3000
63125,15414,6,1,750,750
63126,15414,7,1,3800,3800
63127,15414,4,2,900,1800
63128,15414,1,2,1100,2200
63129,15414,5,3,1600,4800
63130,15414,8,2,1500,3000
63131,15415,4,1,900,900
63132,15415,7,1,3800,3800
63133,15415,2,3,1800,5400
63134,15416,7,2,3800,7600
63135,15416,3,3,2200,6600
63136,15417,8,3,1500,4500
63137,15417,7,1,3800,3800
63138,15418,8,3,1500,4500
63139,15419,3,3,2200,6600
63140,15419,7,1,3800,3800
63141,15419,8,2,1500,3000
63142,15419,4,3,900,2700
63143,15420,7,3,3800,11400
63144,15421,1,1,1100,1100
63145,15421,2,1,1800,1800
63146,15422,5,2,1600,3200
63147,15422,8,1,1500,1500
63148,15423,3,2,2200,4400
63149,15423,7,3,3800,11400
63150,15424,4,2,900,1800
63151,15425,8,1,1500,1500
63152,15425,4,2,900,1800
63153,15426,3,1,2200,2200
63154,15427,4,3,900,2700
63155,15427,1,3,1100,3300
63156,15427,3,1,2200,2200
63157,15427,2,2,1800,3600
63158,15428,7,1,3800,3800
63159,15429,4,1,900,900
63160,15429,2,1,1800,1800
63161,15430,4,1,900,900
63162,15431,4,3,900,2700
63163,15431,6,1,750,750
63164,15432,5,3,1600,4800
63165,15432,7,1,3800,3800
63166,15432,1,3,1100,3300
63167,15433,7,3,3800,11400
63168,15433,5,1,1600,1600
63169,15434,5,2,1600,3200
63170,15434,2,1,1800,1800
63171,15434,4,1,900,900
63172,15435,4,1,900,900
63173,15435,2,3,1800,5400
63174,15435,1,1,1100,1100
63175,15435,8,1,1500,1500
63176,15435,7,3,3800,11400
63177,15436,5,1,1600,1600
63178,15436,1,2,1100,2200
63179,15436,7,3,3800,11400
63180,15436,6,2,750,1500
63181,15437,8,1,1500,1500
63182,15437,5,2,1600,3200
63183,15438,3,3,2200,6600
63184,15438,4,3,900,2700
63185,15438,6,2,750,1500
63186,15439,7,1,3800,3800
63187,15439,8,2,1500,3000
63188,15440,6,2,750,1500
63189,15441,6,1,750,750
63190,15441,7,3,3800,11400
63191,15441,1,3,1100,3300
63192,15441,2,3,1800,5400
63193,15441,5,3,1600,4800
63194,15441,3,1,2200,2200
63195,15442,2,1,1800,1800
63196,15442,1,3,1100,3300
63197,15443,1,2,1100,2200
63198,15443,2,2,1800,3600
63199,15443,8,1,1500,1500
63200,15444,3,1,2200,2200
63201,15444,8,2,1500,3000
63202,15444,1,3,1100,3300
63203,15445,1,3,1100,3300
63204,15445,6,2,750,1500
63205,15445,8,1,1500,1500
63206,15446,1,3,1100,3300
63207,15446,6,2,750,1500
63208,15446,2,3,1800,5400
63209,15446,3,3,2200,6600
63210,15447,8,1,1500,1500
63211,15447,6,2,750,1500
63212,15447,7,2,3800,7600
63213,15447,4,2,900,1800
63214,15448,1,1,1100,1100
63215,15449,2,2,1800,3600
63216,15449,4,3,900,2700
63217,15449,1,1,1100,1100
63218,15450,4,3,900,2700
63219,15450,5,3,1600,4800
63220,15451,8,3,1500,4500
63221,15451,2,2,1800,3600
63222,15451,7,3,3800,11400
63223,15451,4,2,900,1800
63224,15452,7,1,3800,3800
63225,15452,1,3,1100,3300
63226,15453,5,2,1600,3200
63227,15453,7,2,3800,7600
63228,15453,6,1,750,750
63229,15453,1,3,1100,3300
63230,15453,8,1,1500,1500
63231,15454,3,3,2200,6600
63232,15454,4,1,900,900
63233,15454,8,1,1500,1500
63234,15454,2,1,1800,1800
63235,15454,5,3,1600,4800
63236,15455,4,2,900,1800
63237,15456,3,1,2200,2200
63238,15456,6,1,750,750
63239,15456,8,3,1500,4500
63240,15456,2,1,1800,1800
63241,15456,7,2,3800,7600
63242,15457,8,2,1500,3000
63243,15457,3,3,2200,6600
63244,15457,5,2,1600,3200
63245,15457,4,3,900,2700
63246,15458,6,3,750,2250
63247,15459,5,1,1600,1600
63248,15459,3,2,2200,4400
63249,15460,6,2,750,1500
63250,15460,2,2,1800,3600
63251,15461,1,2,1100,2200
63252,15461,5,2,1600,3200
63253,15461,3,2,2200,4400
63254,15461,4,2,900,1800
63255,15461,2,2,1800,3600
63256,15462,7,2,3800,7600
63257,15462,6,3,750,2250
63258,15462,8,1,1500,1500
63259,15463,6,3,750,2250
63260,15463,1,3,1100,3300
63261,15463,4,1,900,900
63262,15463,3,3,2200,6600
63263,15463,2,3,1800,5400
63264,15464,4,1,900,900
63265,15465,3,1,2200,2200
63266,15465,8,2,1500,3000
63267,15465,1,1,1100,1100
63268,15466,2,1,1800,1800
63269,15467,4,2,900,1800
63270,15467,8,1,1500,1500
63271,15467,7,3,3800,11400
63272,15467,5,1,1600,1600
63273,15468,3,1,2200,2200
63274,15468,4,2,900,1800
63275,15468,2,1,1800,1800
63276,15469,6,3,750,2250
63277,15469,8,3,1500,4500
63278,15469,1,3,1100,3300
63279,15469,7,1,3800,3800
63280,15470,3,3,2200,6600
63281,15470,5,1,1600,1600
63282,15471,4,3,900,2700
63283,15471,3,1,2200,2200
63284,15471,6,3,750,2250
63285,15471,8,1,1500,1500
63286,15472,8,1,1500,1500
63287,15472,6,3,750,2250
63288,15473,4,3,900,2700
63289,15473,1,1,1100,1100
63290,15473,6,2,750,1500
63291,15474,2,3,1800,5400
63292,15475,7,1,3800,3800
63293,15476,4,1,900,900
63294,15476,3,3,2200,6600
63295,15476,7,2,3800,7600
63296,15477,8,2,1500,3000
63297,15477,6,2,750,1500
63298,15477,2,2,1800,3600
63299,15477,1,1,1100,1100
63300,15477,5,2,1600,3200
63301,15477,4,3,900,2700
63302,15478,1,1,1100,1100
63303,15478,7,3,3800,11400
63304,15478,5,2,1600,3200
63305,15478,3,3,2200,6600
63306,15478,8,1,1500,1500
63307,15479,4,1,900,900
63308,15479,7,1,3800,3800
63309,15479,6,1,750,750
63310,15480,5,1,1600,1600
63311,15480,1,2,1100,2200
63312,15480,3,1,2200,2200
63313,15481,4,2,900,1800
63314,15481,8,1,1500,1500
63315,15481,7,3,3800,11400
63316,15482,3,2,2200,4400
63317,15483,8,3,1500,4500
63318,15483,2,2,1800,3600
63319,15483,5,2,1600,3200
63320,15484,3,1,2200,2200
63321,15484,5,1,1600,1600
63322,15484,6,2,750,1500
63323,15484,7,1,3800,3800
63324,15485,6,2,750,1500
63325,15486,5,2,1600,3200
63326,15487,8,1,1500,1500
63327,15487,2,2,1800,3600
63328,15488,7,3,3800,11400
63329,15489,2,2,1800,3600
63330,15489,7,1,3800,3800
63331,15489,1,2,1100,2200
63332,15489,3,3,2200,6600
63333,15489,6,1,750,750
63334,15490,5,1,1600,1600
63335,15490,1,2,1100,2200
63336,15491,4,3,900,2700
63337,15491,5,1,1600,1600
63338,15491,7,2,3800,7600
63339,15491,2,1,1800,1800
63340,15491,3,1,2200,2200
63341,15491,1,3,1100,3300
63342,15492,5,2,1600,3200
63343,15492,2,2,1800,3600
63344,15493,3,2,2200,4400
63345,15493,4,2,900,1800
63346,15493,5,1,1600,1600
63347,15494,2,1,1800,1800
63348,15494,7,2,3800,7600
63349,15494,1,1,1100,1100
63350,15495,2,1,1800,1800
63351,15495,3,3,2200,6600
63352,15496,8,3,1500,4500
63353,15496,6,3,750,2250
63354,15496,1,3,1100,3300
63355,15497,6,3,750,2250
63356,15497,4,1,900,900
63357,15497,5,3,1600,4800
63358,15497,3,3,2200,6600
63359,15498,2,3,1800,5400
63360,15498,3,1,2200,2200
63361,15498,8,2,1500,3000
63362,15498,6,3,750,2250
63363,15498,5,3,1600,4800
63364,15499,1,2,1100,2200
63365,15500,1,1,1100,1100
63366,15500,5,1,1600,1600
63367,15500,7,1,3800,3800
63368,15500,8,1,1500,1500
63369,15500,3,2,2200,4400
63370,15501,2,3,1800,5400
63371,15501,3,1,2200,2200
63372,15502,1,3,1100,3300
63373,15503,7,3,3800,11400
63374,15503,3,1,2200,2200
63375,15504,7,1,3800,3800
63376,15505,5,1,1600,1600
63377,15505,6,1,750,750
63378,15505,1,3,1100,3300
63379,15505,4,2,900,1800
63380,15506,7,3,3800,11400
63381,15507,7,1,3800,3800
63382,15508,4,1,900,900
63383,15508,2,2,1800,3600
63384,15508,5,2,1600,3200
63385,15508,7,1,3800,3800
63386,15508,6,3,750,2250
63387,15509,8,1,1500,1500
63388,15509,4,1,900,900
63389,15510,5,1,1600,1600
63390,15510,2,1,1800,1800
63391,15511,6,1,750,750
63392,15512,2,2,1800,3600
63393,15513,2,1,1800,1800
63394,15513,8,3,1500,4500
63395,15514,7,3,3800,11400
63396,15514,4,1,900,900
63397,15514,3,3,2200,6600
63398,15514,5,2,1600,3200
63399,15514,2,2,1800,3600
63400,15514,8,2,1500,3000
63401,15514,6,3,750,2250
63402,15514,1,3,1100,3300
63403,15515,1,1,1100,1100
63404,15516,4,3,900,2700
63405,15516,6,1,750,750
63406,15516,8,3,1500,4500
63407,15517,2,1,1800,1800
63408,15517,1,2,1100,2200
63409,15518,3,3,2200,6600
63410,15518,4,2,900,1800
63411,15519,3,2,2200,4400
63412,15520,6,1,750,750
63413,15520,1,2,1100,2200
63414,15520,8,2,1500,3000
63415,15521,5,3,1600,4800
63416,15521,8,3,1500,4500
63417,15521,6,1,750,750
63418,15522,6,1,750,750
63419,15522,2,1,1800,1800
63420,15522,1,2,1100,2200
63421,15523,2,3,1800,5400
63422,15523,1,1,1100,1100
63423,15523,6,3,750,2250
63424,15524,3,2,2200,4400
63425,15524,2,2,1800,3600
63426,15524,7,2,3800,7600
63427,15524,4,2,900,1800
63428,15525,8,3,1500,4500
63429,15525,3,3,2200,6600
63430,15525,4,3,900,2700
63431,15525,2,3,1800,5400
63432,15526,3,2,2200,4400
63433,15527,7,1,3800,3800
63434,15527,4,1,900,900
63435,15528,1,2,1100,2200
63436,15528,7,3,3800,11400
63437,15528,3,3,2200,6600
63438,15528,8,2,1500,3000
63439,15528,4,3,900,2700
63440,15529,3,3,2200,6600
63441,15530,4,1,900,900
63442,15530,5,3,1600,4800
63443,15531,4,3,900,2700
63444,15531,6,2,750,1500
63445,15532,4,2,900,1800
63446,15532,2,2,1800,3600
63447,15532,5,3,1600,4800
63448,15532,1,1,1100,1100
63449,15533,4,2,900,1800
63450,15533,7,2,3800,7600
63451,15534,3,2,2200,4400
63452,15534,7,2,3800,7600
63453,15535,7,3,3800,11400
63454,15536,7,2,3800,7600
63455,15536,4,2,900,1800
63456,15537,8,3,1500,4500
63457,15537,3,3,2200,6600
63458,15537,2,3,1800,5400
63459,15537,5,2,1600,3200
63460,15537,7,3,3800,11400
63461,15537,4,3,900,2700
63462,15537,6,3,750,2250
63463,15538,5,2,1600,3200
63464,15538,6,3,750,2250
63465,15539,1,2,1100,2200
63466,15539,5,2,1600,3200
63467,15539,4,2,900,1800
63468,15540,3,2,2200,4400
63469,15540,8,3,1500,4500
63470,15541,5,1,1600,1600
63471,15541,4,2,900,1800
63472,15542,2,2,1800,3600
63473,15542,8,1,1500,1500
63474,15542,3,1,2200,2200
63475,15543,5,3,1600,4800
63476,15543,2,2,1800,3600
63477,15543,7,3,3800,11400
63478,15544,6,2,750,1500
63479,15544,2,2,1800,3600
63480,15545,7,1,3800,3800
63481,15546,8,3,1500,4500
63482,15546,5,3,1600,4800
63483,15546,7,2,3800,7600
63484,15547,3,2,2200,4400
63485,15548,4,2,900,1800
63486,15548,3,2,2200,4400
63487,15549,6,1,750,750
63488,15549,5,3,1600,4800
63489,15549,1,3,1100,3300
63490,15549,2,3,1800,5400
63491,15550,7,3,3800,11400
63492,15550,4,1,900,900
63493,15551,4,2,900,1800
63494,15551,7,1,3800,3800
63495,15552,5,1,1600,1600
63496,15552,6,2,750,1500
63497,15552,4,1,900,900
63498,15553,1,1,1100,1100
63499,15553,7,1,3800,3800
63500,15554,3,2,2200,4400
63501,15554,8,3,1500,4500
63502,15554,2,2,1800,3600
63503,15555,6,3,750,2250
63504,15555,5,3,1600,4800
63505,15555,8,3,1500,4500
63506,15556,7,2,3800,7600
63507,15556,1,2,1100,2200
63508,15556,4,3,900,2700
63509,15556,3,1,2200,2200
63510,15557,3,1,2200,2200
63511,15557,6,2,750,1500
63512,15557,1,1,1100,1100
63513,15558,1,2,1100,2200
63514,15559,6,3,750,2250
63515,15559,1,2,1100,2200
63516,15559,3,3,2200,6600
63517,15560,3,2,2200,4400
63518,15561,4,2,900,1800
63519,15561,8,1,1500,1500
63520,15562,6,3,750,2250
63521,15562,8,3,1500,4500
63522,15562,7,2,3800,7600
63523,15563,1,1,1100,1100
63524,15564,6,1,750,750
63525,15564,4,3,900,2700
63526,15565,7,3,3800,11400
63527,15565,5,3,1600,4800
63528,15565,4,2,900,1800
63529,15565,2,2,1800,3600
63530,15565,6,1,750,750
63531,15565,3,2,2200,4400
63532,15566,6,1,750,750
63533,15566,5,1,1600,1600
63534,15567,6,1,750,750
63535,15568,8,3,1500,4500
63536,15569,1,1,1100,1100
63537,15569,7,1,3800,3800
63538,15569,8,2,1500,3000
63539,15570,5,1,1600,1600
63540,15571,7,2,3800,7600
63541,15571,5,2,1600,3200
63542,15572,4,3,900,2700
63543,15572,6,2,750,1500
63544,15572,5,3,1600,4800
63545,15573,2,2,1800,3600
63546,15573,6,3,750,2250
63547,15574,6,3,750,2250
63548,15574,7,1,3800,3800
63549,15574,2,2,1800,3600
63550,15575,8,2,1500,3000
63551,15575,5,3,1600,4800
63552,15575,3,3,2200,6600
63553,15575,7,1,3800,3800
63554,15576,5,1,1600,1600
63555,15576,2,1,1800,1800
63556,15576,8,3,1500,4500
63557,15576,7,1,3800,3800
63558,15577,8,2,1500,3000
63559,15577,4,1,900,900
63560,15577,5,2,1600,3200
63561,15577,6,2,750,1500
63562,15577,3,2,2200,4400
63563,15578,5,2,1600,3200
63564,15578,4,3,900,2700
63565,15578,2,1,1800,1800
63566,15579,1,1,1100,1100
63567,15579,4,1,900,900
63568,15579,2,1,1800,1800
63569,15580,7,1,3800,3800
63570,15581,8,3,1500,4500
63571,15582,7,3,3800,11400
63572,15582,5,2,1600,3200
63573,15582,4,3,900,2700
63574,15582,6,1,750,750
63575,15583,7,1,3800,3800
63576,15584,7,2,3800,7600
63577,15584,3,2,2200,4400
63578,15585,2,3,1800,5400
63579,15585,6,3,750,2250
63580,15586,3,2,2200,4400
63581,15586,7,3,3800,11400
63582,15586,6,3,750,2250
63583,15586,4,2,900,1800
63584,15587,6,1,750,750
63585,15588,4,3,900,2700
63586,15588,6,3,750,2250
63587,15588,5,3,1600,4800
63588,15588,1,1,1100,1100
63589,15589,2,1,1800,1800
63590,15589,5,3,1600,4800
63591,15589,8,1,1500,1500
63592,15590,8,2,1500,3000
63593,15591,6,2,750,1500
63594,15591,8,3,1500,4500
63595,15591,4,1,900,900
63596,15591,5,1,1600,1600
63597,15591,3,1,2200,2200
63598,15591,1,1,1100,1100
63599,15592,5,3,1600,4800
63600,15593,1,3,1100,3300
63601,15593,5,1,1600,1600
63602,15593,8,2,1500,3000
63603,15593,6,3,750,2250
63604,15593,2,3,1800,5400
63605,15593,3,2,2200,4400
63606,15593,4,3,900,2700
63607,15594,4,1,900,900
63608,15595,2,1,1800,1800
63609,15596,8,1,1500,1500
63610,15596,5,1,1600,1600
63611,15597,8,2,1500,3000
63612,15597,1,1,1100,1100
63613,15598,8,1,1500,1500
63614,15599,4,1,900,900
63615,15599,1,3,1100,3300
63616,15599,6,1,750,750
63617,15600,3,1,2200,2200
63618,15600,1,3,1100,3300
63619,15600,6,2,750,1500
63620,15600,2,3,1800,5400
63621,15600,4,3,900,2700
63622,15601,6,2,750,1500
63623,15602,1,1,1100,1100
63624,15602,8,1,1500,1500
63625,15602,7,3,3800,11400
63626,15603,1,3,1100,3300
63627,15603,4,1,900,900
63628,15603,7,3,3800,11400
63629,15603,8,3,1500,4500
63630,15603,6,1,750,750
63631,15603,3,2,2200,4400
63632,15604,1,3,1100,3300
63633,15604,4,2,900,1800
63634,15604,8,2,1500,3000
63635,15604,6,3,750,2250
63636,15605,4,2,900,1800
63637,15606,1,2,1100,2200
63638,15606,7,3,3800,11400
63639,15607,1,1,1100,1100
63640,15607,3,2,2200,4400
63641,15607,5,3,1600,4800
63642,15607,2,3,1800,5400
63643,15608,4,1,900,900
63644,15609,6,3,750,2250
63645,15609,8,3,1500,4500
63646,15609,3,3,2200,6600
63647,15609,7,2,3800,7600
63648,15610,1,3,1100,3300
63649,15611,8,3,1500,4500
63650,15611,2,1,1800,1800
63651,15612,1,1,1100,1100
63652,15612,7,1,3800,3800
63653,15613,5,3,1600,4800
63654,15613,3,1,2200,2200
63655,15614,3,3,2200,6600
63656,15614,5,2,1600,3200
63657,15614,1,1,1100,1100
63658,15615,1,1,1100,1100
63659,15615,7,1,3800,3800
63660,15615,6,3,750,2250
63661,15615,8,1,1500,1500
63662,15616,4,1,900,900
63663,15617,3,1,2200,2200
63664,15618,6,2,750,1500
63665,15619,4,3,900,2700
63666,15619,3,2,2200,4400
63667,15619,8,1,1500,1500
63668,15620,5,2,1600,3200
63669,15620,8,3,1500,4500
63670,15621,7,2,3800,7600
63671,15621,1,1,1100,1100
63672,15621,6,2,750,1500
63673,15622,7,3,3800,11400
63674,15623,4,3,900,2700
63675,15623,3,2,2200,4400
63676,15623,2,2,1800,3600
63677,15623,5,1,1600,1600
63678,15623,1,2,1100,2200
63679,15623,8,1,1500,1500
63680,15624,6,1,750,750
63681,15625,7,3,3800,11400
63682,15625,4,1,900,900
63683,15625,1,1,1100,1100
63684,15626,8,2,1500,3000
63685,15627,1,1,1100,1100
63686,15627,4,3,900,2700
63687,15627,7,1,3800,3800
63688,15627,5,3,1600,4800
63689,15627,2,2,1800,3600
63690,15628,4,3,900,2700
63691,15628,3,2,2200,4400
63692,15628,1,2,1100,2200
63693,15628,2,1,1800,1800
63694,15629,8,3,1500,4500
63695,15629,6,2,750,1500
63696,15629,1,1,1100,1100
63697,15629,7,3,3800,11400
63698,15630,2,3,1800,5400
63699,15630,6,2,750,1500
63700,15631,5,2,1600,3200
63701,15631,2,3,1800,5400
63702,15632,3,2,2200,4400
63703,15632,7,3,3800,11400
63704,15632,5,3,1600,4800
63705,15632,2,1,1800,1800
63706,15633,8,3,1500,4500
63707,15633,2,3,1800,5400
63708,15634,8,2,1500,3000
63709,15634,2,2,1800,3600
63710,15634,5,1,1600,1600
63711,15634,7,1,3800,3800
63712,15635,2,2,1800,3600
63713,15635,6,2,750,1500
63714,15636,1,2,1100,2200
63715,15637,4,1,900,900
63716,15637,2,1,1800,1800
63717,15638,6,2,750,1500
63718,15639,5,3,1600,4800
63719,15639,6,1,750,750
63720,15639,4,2,900,1800
63721,15640,5,2,1600,3200
63722,15641,3,3,2200,6600
63723,15641,5,3,1600,4800
63724,15641,6,3,750,2250
63725,15642,6,1,750,750
63726,15643,3,3,2200,6600
63727,15643,8,1,1500,1500
63728,15644,7,1,3800,3800
63729,15644,2,2,1800,3600
63730,15644,1,2,1100,2200
63731,15644,8,3,1500,4500
63732,15645,2,3,1800,5400
63733,15645,8,2,1500,3000
63734,15645,6,2,750,1500
63735,15646,3,1,2200,2200
63736,15647,1,2,1100,2200
63737,15648,3,3,2200,6600
63738,15648,6,1,750,750
63739,15648,2,1,1800,1800
63740,15648,8,1,1500,1500
63741,15649,5,3,1600,4800
63742,15649,4,1,900,900
63743,15650,5,2,1600,3200
63744,15650,6,1,750,750
63745,15650,4,3,900,2700
63746,15650,8,2,1500,3000
63747,15650,3,3,2200,6600
63748,15651,3,1,2200,2200
63749,15652,2,1,1800,1800
63750,15652,8,1,1500,1500
63751,15652,6,1,750,750
63752,15653,2,2,1800,3600
63753,15654,6,2,750,1500
63754,15654,2,2,1800,3600
63755,15654,3,1,2200,2200
63756,15655,6,3,750,2250
63757,15655,3,2,2200,4400
63758,15655,2,2,1800,3600
63759,15656,2,1,1800,1800
63760,15657,4,1,900,900
63761,15657,6,1,750,750
63762,15657,3,2,2200,4400
63763,15657,5,3,1600,4800
63764,15657,8,2,1500,3000
63765,15657,7,2,3800,7600
63766,15658,5,1,1600,1600
63767,15658,4,3,900,2700
63768,15658,1,2,1100,2200
63769,15659,5,2,1600,3200
63770,15660,8,2,1500,3000
63771,15660,7,1,3800,3800
63772,15660,6,3,750,2250
63773,15661,3,2,2200,4400
63774,15661,5,3,1600,4800
63775,15661,7,3,3800,11400
63776,15661,1,1,1100,1100
63777,15662,2,1,1800,1800
63778,15662,6,1,750,750
63779,15662,4,2,900,1800
63780,15662,1,2,1100,2200
63781,15663,5,1,1600,1600
63782,15663,8,1,1500,1500
63783,15663,3,1,2200,2200
63784,15664,1,1,1100,1100
63785,15664,5,3,1600,4800
63786,15665,7,3,3800,11400
63787,15665,1,2,1100,2200
63788,15666,7,2,3800,7600
63789,15666,8,3,1500,4500
63790,15666,5,2,1600,3200
63791,15666,2,1,1800,1800
63792,15667,4,2,900,1800
63793,15667,6,1,750,750
63794,15668,1,2,1100,2200
63795,15669,2,1,1800,1800
63796,15669,7,2,3800,7600
63797,15669,3,1,2200,2200
63798,15669,6,3,750,2250
63799,15669,8,2,1500,3000
63800,15670,7,1,3800,3800
63801,15670,1,2,1100,2200
63802,15671,6,1,750,750
63803,15672,2,1,1800,1800
63804,15672,8,3,1500,4500
63805,15673,8,3,1500,4500
63806,15673,2,2,1800,3600
63807,15673,3,3,2200,6600
63808,15673,6,1,750,750
63809,15673,4,1,900,900
63810,15673,7,3,3800,11400
63811,15674,2,3,1800,5400
63812,15674,6,1,750,750
63813,15674,8,2,1500,3000
63814,15674,7,2,3800,7600
63815,15675,7,2,3800,7600
63816,15675,2,2,1800,3600
63817,15675,6,1,750,750
63818,15675,5,2,1600,3200
63819,15675,1,1,1100,1100
63820,15675,4,3,900,2700
63821,15675,8,2,1500,3000
63822,15676,5,3,1600,4800
63823,15677,1,2,1100,2200
63824,15677,8,1,1500,1500
63825,15678,4,2,900,1800
63826,15678,3,2,2200,4400
63827,15678,5,3,1600,4800
63828,15679,1,2,1100,2200
63829,15680,1,2,1100,2200
63830,15680,2,2,1800,3600
63831,15681,5,1,1600,1600
63832,15681,1,2,1100,2200
63833,15682,5,2,1600,3200
63834,15682,3,3,2200,6600
63835,15683,3,3,2200,6600
63836,15683,1,2,1100,2200
63837,15683,8,3,1500,4500
63838,15683,5,1,1600,1600
63839,15684,5,1,1600,1600
63840,15684,2,1,1800,1800
63841,15685,7,1,3800,3800
63842,15685,3,1,2200,2200
63843,15685,5,2,1600,3200
63844,15686,3,2,2200,4400
63845,15687,4,2,900,1800
63846,15688,3,3,2200,6600
63847,15688,2,3,1800,5400
63848,15689,4,1,900,900
63849,15689,6,1,750,750
63850,15689,3,1,2200,2200
63851,15690,4,1,900,900
63852,15690,8,3,1500,4500
63853,15690,6,1,750,750
63854,15690,7,3,3800,11400
63855,15690,3,1,2200,2200
63856,15691,1,3,1100,3300
63857,15691,5,2,1600,3200
63858,15692,6,1,750,750
63859,15692,7,2,3800,7600
63860,15693,8,1,1500,1500
63861,15693,1,3,1100,3300
63862,15693,6,3,750,2250
63863,15694,3,1,2200,2200
63864,15695,5,1,1600,1600
63865,15695,3,3,2200,6600
63866,15696,3,3,2200,6600
63867,15696,2,3,1800,5400
63868,15697,7,3,3800,11400
63869,15697,4,2,900,1800
63870,15698,3,1,2200,2200
63871,15698,6,3,750,2250
63872,15698,8,3,1500,4500
63873,15698,4,3,900,2700
63874,15698,7,3,3800,11400
63875,15698,5,2,1600,3200
63876,15698,1,2,1100,2200
63877,15698,2,1,1800,1800
63878,15699,7,1,3800,3800
63879,15699,2,3,1800,5400
63880,15699,8,3,1500,4500
63881,15699,6,1,750,750
63882,15700,2,1,1800,1800
63883,15701,7,3,3800,11400
63884,15702,8,1,1500,1500
63885,15702,2,3,1800,5400
63886,15702,4,3,900,2700
63887,15703,3,1,2200,2200
63888,15703,6,3,750,2250
63889,15703,8,1,1500,1500
63890,15704,3,2,2200,4400
63891,15704,7,2,3800,7600
63892,15705,7,3,3800,11400
63893,15706,4,3,900,2700
63894,15707,5,3,1600,4800
63895,15707,6,2,750,1500
63896,15708,8,3,1500,4500
63897,15708,5,3,1600,4800
63898,15709,3,3,2200,6600
63899,15710,7,1,3800,3800
63900,15710,4,1,900,900
63901,15710,2,2,1800,3600
63902,15710,3,2,2200,4400
63903,15711,2,2,1800,3600
63904,15712,8,3,1500,4500
63905,15712,2,1,1800,1800
63906,15712,1,1,1100,1100
63907,15713,3,2,2200,4400
63908,15714,5,2,1600,3200
63909,15714,3,3,2200,6600
63910,15715,6,1,750,750
63911,15715,5,3,1600,4800
63912,15715,3,2,2200,4400
63913,15715,7,3,3800,11400
63914,15716,4,3,900,2700
63915,15717,1,2,1100,2200
63916,15717,6,2,750,1500
63917,15717,3,2,2200,4400
63918,15717,5,2,1600,3200
63919,15718,3,1,2200,2200
63920,15719,2,1,1800,1800
63921,15719,6,2,750,1500
63922,15720,1,3,1100,3300
63923,15721,4,1,900,900
63924,15721,7,1,3800,3800
63925,15722,2,1,1800,1800
63926,15722,6,3,750,2250
63927,15723,1,1,1100,1100
63928,15723,5,2,1600,3200
63929,15723,6,2,750,1500
63930,15723,3,1,2200,2200
63931,15723,8,3,1500,4500
63932,15723,4,2,900,1800
63933,15723,2,2,1800,3600
63934,15724,6,1,750,750
63935,15724,4,1,900,900
63936,15725,2,2,1800,3600
63937,15725,1,1,1100,1100
63938,15725,8,2,1500,3000
63939,15726,6,2,750,1500
63940,15727,8,3,1500,4500
63941,15727,7,2,3800,7600
63942,15727,3,1,2200,2200
63943,15728,3,3,2200,6600
63944,15728,6,2,750,1500
63945,15728,5,3,1600,4800
63946,15729,8,3,1500,4500
63947,15729,3,1,2200,2200
63948,15729,1,3,1100,3300
63949,15730,8,2,1500,3000
63950,15730,6,1,750,750
63951,15731,5,2,1600,3200
63952,15731,2,2,1800,3600
63953,15731,1,2,1100,2200
63954,15732,2,2,1800,3600
63955,15733,4,2,900,1800
63956,15734,4,1,900,900
63957,15734,3,3,2200,6600
63958,15734,6,2,750,1500
63959,15734,5,2,1600,3200
63960,15735,5,2,1600,3200
63961,15735,6,3,750,2250
63962,15736,1,3,1100,3300
63963,15736,2,1,1800,1800
63964,15737,1,2,1100,2200
63965,15737,2,3,1800,5400
63966,15737,3,1,2200,2200
63967,15738,6,1,750,750
63968,15738,5,1,1600,1600
63969,15738,1,2,1100,2200
63970,15738,4,3,900,2700
63971,15738,8,3,1500,4500
63972,15739,2,1,1800,1800
63973,15740,8,1,1500,1500
63974,15740,3,3,2200,6600
63975,15741,6,1,750,750
63976,15741,8,3,1500,4500
63977,15741,3,2,2200,4400
63978,15741,1,3,1100,3300
63979,15741,2,2,1800,3600
63980,15742,1,2,1100,2200
63981,15742,8,3,1500,4500
63982,15742,6,2,750,1500
63983,15743,2,1,1800,1800
63984,15743,7,1,3800,3800
63985,15744,2,1,1800,1800
63986,15745,4,3,900,2700
63987,15745,6,3,750,2250
63988,15745,7,3,3800,11400
63989,15745,2,2,1800,3600
63990,15746,6,1,750,750
63991,15746,8,2,1500,3000
63992,15747,1,2,1100,2200
63993,15747,8,1,1500,1500
63994,15747,7,2,3800,7600
63995,15748,6,2,750,1500
63996,15748,7,1,3800,3800
63997,15749,7,2,3800,7600
63998,15749,6,1,750,750
63999,15749,2,1,1800,1800
64000,15749,3,2,2200,4400
64001,15749,4,2,900,1800
64002,15750,8,3,1500,4500
64003,15750,1,2,1100,2200
64004,15751,7,1,3800,3800
64005,15751,5,2,1600,3200
64006,15752,4,1,900,900
64007,15752,7,2,3800,7600
64008,15752,3,2,2200,4400
64009,15753,1,1,1100,1100
64010,15753,8,2,1500,3000
64011,15753,7,3,3800,11400
64012,15754,7,3,3800,11400
64013,15755,5,2,1600,3200
64014,15755,8,3,1500,4500
64015,15755,7,2,3800,7600
64016,15755,6,3,750,2250
64017,15756,6,1,750,750
64018,15756,1,2,1100,2200
64019,15757,1,1,1100,1100
64020,15757,6,2,750,1500
64021,15758,7,2,3800,7600
64022,15758,1,2,1100,2200
64023,15759,1,2,1100,2200
64024,15759,3,3,2200,6600
64025,15760,7,1,3800,3800
64026,15761,8,3,1500,4500
64027,15762,3,1,2200,2200
64028,15762,2,2,1800,3600
64029,15763,3,3,2200,6600
64030,15764,2,1,1800,1800
64031,15764,4,3,900,2700
64032,15765,5,1,1600,1600
64033,15765,2,3,1800,5400
64034,15766,1,1,1100,1100
64035,15766,6,3,750,2250
64036,15767,3,1,2200,2200
64037,15767,1,3,1100,3300
64038,15767,5,2,1600,3200
64039,15768,1,2,1100,2200
64040,15768,5,3,1600,4800
64041,15769,8,1,1500,1500
64042,15769,2,3,1800,5400
64043,15769,4,2,900,1800
64044,15770,7,1,3800,3800
64045,15770,2,2,1800,3600
64046,15770,3,3,2200,6600
64047,15770,1,3,1100,3300
64048,15770,8,3,1500,4500
64049,15770,4,2,900,1800
64050,15771,6,2,750,1500
64051,15771,5,1,1600,1600
64052,15771,4,2,900,1800
64053,15771,2,3,1800,5400
64054,15771,3,1,2200,2200
64055,15772,5,1,1600,1600
64056,15772,1,2,1100,2200
64057,15772,3,2,2200,4400
64058,15773,1,1,1100,1100
64059,15773,8,2,1500,3000
64060,15773,5,3,1600,4800
64061,15774,5,1,1600,1600
64062,15774,1,2,1100,2200
64063,15775,8,1,1500,1500
64064,15775,6,3,750,2250
64065,15775,4,2,900,1800
64066,15775,5,1,1600,1600
64067,15776,6,2,750,1500
64068,15776,7,1,3800,3800
64069,15776,1,1,1100,1100
64070,15776,5,1,1600,1600
64071,15777,7,2,3800,7600
64072,15778,8,3,1500,4500
64073,15779,2,1,1800,1800
64074,15779,1,3,1100,3300
64075,15779,5,3,1600,4800
64076,15779,8,3,1500,4500
64077,15780,4,3,900,2700
64078,15780,7,2,3800,7600
64079,15781,1,2,1100,2200
64080,15782,1,3,1100,3300
64081,15782,6,3,750,2250
64082,15782,4,2,900,1800
64083,15783,6,1,750,750
64084,15784,3,2,2200,4400
64085,15784,1,2,1100,2200
64086,15784,8,1,1500,1500
64087,15784,2,2,1800,3600
64088,15785,4,1,900,900
64089,15785,8,3,1500,4500
64090,15785,5,2,1600,3200
64091,15786,5,2,1600,3200
64092,15786,4,1,900,900
64093,15786,3,1,2200,2200
64094,15786,1,1,1100,1100
64095,15787,8,3,1500,4500
64096,15787,1,1,1100,1100
64097,15787,3,1,2200,2200
64098,15787,5,3,1600,4800
64099,15788,6,2,750,1500
64100,15789,4,2,900,1800
64101,15790,5,3,1600,4800
64102,15790,7,1,3800,3800
64103,15790,1,2,1100,2200
64104,15790,8,3,1500,4500
64105,15791,8,1,1500,1500
64106,15792,7,2,3800,7600
64107,15793,5,3,1600,4800
64108,15793,3,3,2200,6600
64109,15793,2,2,1800,3600
64110,15793,4,1,900,900
64111,15794,4,2,900,1800
64112,15794,8,1,1500,1500
64113,15794,2,2,1800,3600
64114,15794,3,3,2200,6600
64115,15794,6,2,750,1500
64116,15795,3,3,2200,6600
64117,15795,6,1,750,750
64118,15795,8,2,1500,3000
64119,15795,7,1,3800,3800
64120,15795,5,1,1600,1600
64121,15795,4,2,900,1800
64122,15796,2,3,1800,5400
64123,15797,8,3,1500,4500
64124,15797,1,2,1100,2200
64125,15797,7,1,3800,3800
64126,15797,3,1,2200,2200
64127,15798,5,2,1600,3200
64128,15798,1,3,1100,3300
64129,15798,4,3,900,2700
64130,15799,1,3,1100,3300
64131,15799,4,2,900,1800
64132,15799,5,1,1600,1600
64133,15799,3,1,2200,2200
64134,15800,7,2,3800,7600
64135,15800,6,1,750,750
64136,15800,5,3,1600,4800
64137,15800,2,3,1800,5400
64138,15800,8,1,1500,1500
64139,15800,1,3,1100,3300
64140,15801,1,1,1100,1100
64141,15801,6,3,750,2250
64142,15801,4,2,900,1800
64143,15802,3,3,2200,6600
64144,15802,5,1,1600,1600
64145,15803,7,1,3800,3800
64146,15804,7,3,3800,11400
64147,15804,8,1,1500,1500
64148,15804,3,3,2200,6600
64149,15805,4,2,900,1800
64150,15806,3,3,2200,6600
64151,15807,4,1,900,900
64152,15807,3,2,2200,4400
64153,15807,2,2,1800,3600
64154,15807,5,1,1600,1600
64155,15808,8,3,1500,4500
64156,15808,4,3,900,2700
64157,15808,1,3,1100,3300
64158,15809,7,2,3800,7600
64159,15809,2,3,1800,5400
64160,15809,1,2,1100,2200
64161,15809,5,3,1600,4800
64162,15809,8,1,1500,1500
64163,15810,2,3,1800,5400
64164,15810,8,3,1500,4500
64165,15811,6,3,750,2250
64166,15811,3,1,2200,2200
64167,15811,2,3,1800,5400
64168,15811,1,2,1100,2200
64169,15811,4,3,900,2700
64170,15812,6,3,750,2250
64171,15812,2,3,1800,5400
64172,15812,7,2,3800,7600
64173,15812,3,3,2200,6600
64174,15812,5,1,1600,1600
64175,15813,3,3,2200,6600
64176,15813,6,3,750,2250
64177,15813,8,2,1500,3000
64178,15814,4,3,900,2700
64179,15814,7,2,3800,7600
64180,15815,1,2,1100,2200
64181,15815,4,2,900,1800
64182,15816,2,2,1800,3600
64183,15816,5,1,1600,1600
64184,15816,1,2,1100,2200
64185,15816,3,3,2200,6600
64186,15816,4,2,900,1800
64187,15817,6,3,750,2250
64188,15817,3,2,2200,4400
64189,15817,5,3,1600,4800
64190,15817,8,3,1500,4500
64191,15818,2,1,1800,1800
64192,15818,7,2,3800,7600
64193,15818,8,1,1500,1500
64194,15819,2,2,1800,3600
64195,15820,1,2,1100,2200
64196,15821,5,2,1600,3200
64197,15822,6,3,750,2250
64198,15822,8,2,1500,3000
64199,15822,3,3,2200,6600
64200,15822,2,1,1800,1800
64201,15822,7,1,3800,3800
64202,15823,7,2,3800,7600
64203,15824,3,1,2200,2200
64204,15824,8,1,1500,1500
64205,15825,4,3,900,2700
64206,15826,6,3,750,2250
64207,15827,2,3,1800,5400
64208,15827,8,3,1500,4500
64209,15827,6,1,750,750
64210,15828,2,1,1800,1800
64211,15828,3,2,2200,4400
64212,15829,5,1,1600,1600
64213,15830,3,2,2200,4400
64214,15831,7,2,3800,7600
64215,15831,3,2,2200,4400
64216,15831,2,1,1800,1800
64217,15832,1,2,1100,2200
64218,15833,8,1,1500,1500
64219,15834,1,3,1100,3300
64220,15835,4,1,900,900
64221,15836,6,1,750,750
64222,15836,4,2,900,1800
64223,15836,2,2,1800,3600
64224,15837,5,2,1600,3200
64225,15837,3,1,2200,2200
64226,15837,4,2,900,1800
64227,15838,3,3,2200,6600
64228,15838,1,2,1100,2200
64229,15838,8,2,1500,3000
64230,15838,5,1,1600,1600
64231,15838,6,2,750,1500
64232,15839,4,1,900,900
64233,15839,6,2,750,1500
64234,15839,5,2,1600,3200
64235,15840,7,2,3800,7600
64236,15840,4,3,900,2700
64237,15840,3,1,2200,2200
64238,15841,2,3,1800,5400
64239,15841,7,2,3800,7600
64240,15842,1,3,1100,3300
64241,15842,7,1,3800,3800
64242,15842,2,3,1800,5400
64243,15843,4,2,900,1800
64244,15844,1,3,1100,3300
64245,15845,7,1,3800,3800
64246,15846,6,1,750,750
64247,15847,2,1,1800,1800
64248,15847,3,3,2200,6600
64249,15847,6,1,750,750
64250,15848,2,1,1800,1800
64251,15849,3,3,2200,6600
64252,15850,6,3,750,2250
64253,15850,5,1,1600,1600
64254,15851,8,2,1500,3000
64255,15852,1,1,1100,1100
64256,15853,1,3,1100,3300
64257,15853,5,3,1600,4800
64258,15854,3,3,2200,6600
64259,15854,5,2,1600,3200
64260,15854,8,2,1500,3000
64261,15855,8,3,1500,4500
64262,15855,6,2,750,1500
64263,15855,5,2,1600,3200
64264,15855,7,3,3800,11400
64265,15855,3,2,2200,4400
64266,15856,1,1,1100,1100
64267,15857,7,3,3800,11400
64268,15857,8,2,1500,3000
64269,15857,5,2,1600,3200
64270,15858,1,1,1100,1100
64271,15858,5,3,1600,4800
64272,15858,7,3,3800,11400
64273,15858,8,3,1500,4500
64274,15859,8,1,1500,1500
64275,15859,6,1,750,750
64276,15860,4,2,900,1800
64277,15860,8,2,1500,3000
64278,15860,3,3,2200,6600
64279,15861,5,2,1600,3200
64280,15861,8,3,1500,4500
64281,15861,4,2,900,1800
64282,15861,7,3,3800,11400
64283,15861,6,2,750,1500
64284,15862,8,2,1500,3000
64285,15862,1,1,1100,1100
64286,15863,5,3,1600,4800
64287,15864,6,3,750,2250
64288,15864,4,3,900,2700
64289,15865,5,3,1600,4800
64290,15865,4,2,900,1800
64291,15866,2,3,1800,5400
64292,15866,3,3,2200,6600
64293,15867,6,1,750,750
64294,15867,3,2,2200,4400
64295,15867,4,3,900,2700
64296,15868,3,2,2200,4400
64297,15868,2,2,1800,3600
64298,15868,6,1,750,750
64299,15868,5,1,1600,1600
64300,15869,7,2,3800,7600
64301,15869,3,2,2200,4400
64302,15869,8,2,1500,3000
64303,15869,5,3,1600,4800
64304,15870,6,3,750,2250
64305,15870,2,3,1800,5400
64306,15870,1,2,1100,2200
64307,15870,3,3,2200,6600
64308,15870,8,1,1500,1500
64309,15870,4,3,900,2700
64310,15871,5,1,1600,1600
64311,15871,6,2,750,1500
64312,15871,2,1,1800,1800
64313,15872,7,2,3800,7600
64314,15873,6,1,750,750
64315,15874,7,2,3800,7600
64316,15874,3,2,2200,4400
64317,15875,3,2,2200,4400
64318,15875,2,2,1800,3600
64319,15876,8,3,1500,4500
64320,15876,6,1,750,750
64321,15877,4,2,900,1800
64322,15877,6,1,750,750
64323,15877,2,1,1800,1800
64324,15877,8,3,1500,4500
64325,15877,1,3,1100,3300
64326,15878,8,2,1500,3000
64327,15878,3,1,2200,2200
64328,15879,7,1,3800,3800
64329,15879,3,1,2200,2200
64330,15880,7,3,3800,11400
64331,15880,6,1,750,750
64332,15880,3,1,2200,2200
64333,15880,1,1,1100,1100
64334,15880,8,2,1500,3000
64335,15881,5,2,1600,3200
64336,15882,8,2,1500,3000
64337,15883,6,1,750,750
64338,15884,8,2,1500,3000
64339,15884,5,3,1600,4800
64340,15885,6,3,750,2250
64341,15886,2,1,1800,1800
64342,15887,7,1,3800,3800
64343,15887,3,3,2200,6600
64344,15887,6,3,750,2250
64345,15888,2,1,1800,1800
64346,15888,3,1,2200,2200
64347,15889,7,3,3800,11400
64348,15889,1,2,1100,2200
64349,15889,3,3,2200,6600
64350,15890,7,1,3800,3800
64351,15891,3,2,2200,4400
64352,15892,1,2,1100,2200
64353,15892,4,1,900,900
64354,15892,2,1,1800,1800
64355,15892,8,3,1500,4500
64356,15893,6,2,750,1500
64357,15893,3,2,2200,4400
64358,15893,5,3,1600,4800
64359,15894,7,2,3800,7600
64360,15894,1,2,1100,2200
64361,15895,2,3,1800,5400
64362,15895,3,3,2200,6600
64363,15895,4,2,900,1800
64364,15895,5,2,1600,3200
64365,15895,7,3,3800,11400
64366,15895,1,3,1100,3300
64367,15895,8,1,1500,1500
64368,15896,2,1,1800,1800
64369,15897,8,2,1500,3000
64370,15897,5,1,1600,1600
64371,15897,3,2,2200,4400
64372,15897,7,3,3800,11400
64373,15897,1,3,1100,3300
64374,15897,2,3,1800,5400
64375,15898,7,1,3800,3800
64376,15898,3,2,2200,4400
64377,15898,1,1,1100,1100
64378,15899,1,3,1100,3300
64379,15899,3,2,2200,4400
64380,15899,2,3,1800,5400
64381,15899,5,1,1600,1600
64382,15900,3,1,2200,2200
64383,15901,1,1,1100,1100
64384,15901,5,2,1600,3200
64385,15901,7,2,3800,7600
64386,15902,7,1,3800,3800
64387,15903,6,3,750,2250
64388,15903,1,2,1100,2200
64389,15903,2,1,1800,1800
64390,15903,4,3,900,2700
64391,15904,4,2,900,1800
64392,15904,1,1,1100,1100
64393,15904,3,2,2200,4400
64394,15905,2,3,1800,5400
64395,15906,4,2,900,1800
64396,15907,7,1,3800,3800
64397,15907,6,2,750,1500
64398,15907,3,2,2200,4400
64399,15907,5,1,1600,1600
64400,15907,4,1,900,900
64401,15908,3,3,2200,6600
64402,15908,8,1,1500,1500
64403,15908,5,3,1600,4800
64404,15908,1,1,1100,1100
64405,15908,4,3,900,2700
64406,15909,2,3,1800,5400
64407,15909,6,1,750,750
64408,15909,5,3,1600,4800
64409,15910,7,1,3800,3800
64410,15910,3,3,2200,6600
64411,15910,4,1,900,900
64412,15911,1,2,1100,2200
64413,15911,8,2,1500,3000
64414,15911,7,2,3800,7600
64415,15911,2,3,1800,5400
64416,15911,5,3,1600,4800
64417,15912,1,1,1100,1100
64418,15913,4,3,900,2700
64419,15913,1,1,1100,1100
64420,15913,7,2,3800,7600
64421,15913,5,2,1600,3200
64422,15914,8,3,1500,4500
64423,15914,1,2,1100,2200
64424,15915,6,2,750,1500
64425,15916,2,1,1800,1800
64426,15917,3,2,2200,4400
64427,15917,2,2,1800,3600
64428,15917,8,1,1500,1500
64429,15917,1,2,1100,2200
64430,15917,6,2,750,1500
64431,15918,7,2,3800,7600
64432,15918,5,1,1600,1600
64433,15918,8,3,1500,4500
64434,15918,3,2,2200,4400
64435,15918,4,3,900,2700
64436,15918,1,1,1100,1100
64437,15919,2,1,1800,1800
64438,15919,6,2,750,1500
64439,15920,6,3,750,2250
64440,15920,4,2,900,1800
64441,15920,3,3,2200,6600
64442,15920,8,1,1500,1500
64443,15921,2,2,1800,3600
64444,15922,4,1,900,900
64445,15922,7,3,3800,11400
64446,15923,8,2,1500,3000
64447,15924,5,3,1600,4800
64448,15924,6,1,750,750
64449,15924,4,1,900,900
64450,15924,1,1,1100,1100
64451,15924,7,2,3800,7600
64452,15925,2,1,1800,1800
64453,15925,5,2,1600,3200
64454,15926,2,3,1800,5400
64455,15926,8,1,1500,1500
64456,15926,7,3,3800,11400
64457,15927,2,1,1800,1800
64458,15927,5,3,1600,4800
64459,15928,5,3,1600,4800
64460,15929,5,1,1600,1600
64461,15930,8,2,1500,3000
64462,15930,6,3,750,2250
64463,15930,4,1,900,900
64464,15930,1,1,1100,1100
64465,15930,7,2,3800,7600
64466,15930,5,3,1600,4800
64467,15931,7,3,3800,11400
64468,15932,5,3,1600,4800
64469,15932,1,1,1100,1100
64470,15933,5,3,1600,4800
64471,15933,1,2,1100,2200
64472,15933,6,2,750,1500
64473,15933,7,2,3800,7600
64474,15933,4,1,900,900
64475,15934,8,2,1500,3000
64476,15935,1,1,1100,1100
64477,15935,5,1,1600,1600
64478,15935,7,3,3800,11400
64479,15935,2,1,1800,1800
64480,15935,8,3,1500,4500
64481,15936,1,1,1100,1100
64482,15936,6,3,750,2250
64483,15937,3,2,2200,4400
64484,15937,1,3,1100,3300
64485,15938,5,3,1600,4800
64486,15938,6,1,750,750
64487,15938,3,2,2200,4400
64488,15939,2,3,1800,5400
64489,15940,8,3,1500,4500
64490,15941,7,1,3800,3800
64491,15941,4,1,900,900
64492,15941,5,1,1600,1600
64493,15942,8,1,1500,1500
64494,15942,3,3,2200,6600
64495,15942,5,3,1600,4800
64496,15943,7,1,3800,3800
64497,15943,5,3,1600,4800
64498,15944,5,1,1600,1600
64499,15944,4,2,900,1800
64500,15944,1,3,1100,3300
64501,15945,2,1,1800,1800
64502,15945,6,1,750,750
64503,15946,2,2,1800,3600
64504,15946,6,3,750,2250
64505,15946,7,3,3800,11400
64506,15946,5,1,1600,1600
64507,15946,3,1,2200,2200
64508,15947,2,2,1800,3600
64509,15947,5,2,1600,3200
64510,15947,3,2,2200,4400
64511,15948,8,3,1500,4500
64512,15948,7,3,3800,11400
64513,15948,2,1,1800,1800
64514,15949,5,1,1600,1600
64515,15949,1,3,1100,3300
64516,15949,6,3,750,2250
64517,15950,7,3,3800,11400
64518,15950,2,3,1800,5400
64519,15950,4,3,900,2700
64520,15951,8,2,1500,3000
64521,15952,1,1,1100,1100
64522,15952,7,2,3800,7600
64523,15952,8,1,1500,1500
64524,15952,5,2,1600,3200
64525,15952,3,2,2200,4400
64526,15952,2,2,1800,3600
64527,15953,6,1,750,750
64528,15953,4,2,900,1800
64529,15953,5,1,1600,1600
64530,15954,6,2,750,1500
64531,15955,1,1,1100,1100
64532,15956,8,2,1500,3000
64533,15956,1,3,1100,3300
64534,15957,4,1,900,900
64535,15958,1,1,1100,1100
64536,15958,3,2,2200,4400
64537,15959,7,3,3800,11400
64538,15959,6,1,750,750
64539,15960,3,2,2200,4400
64540,15960,5,2,1600,3200
64541,15960,8,2,1500,3000
64542,15960,4,2,900,1800
64543,15961,4,3,900,2700
64544,15962,4,2,900,1800
64545,15962,8,3,1500,4500
64546,15962,3,1,2200,2200
64547,15963,3,2,2200,4400
64548,15963,1,1,1100,1100
64549,15963,5,2,1600,3200
64550,15964,8,1,1500,1500
64551,15964,7,1,3800,3800
64552,15964,4,3,900,2700
64553,15965,8,1,1500,1500
64554,15965,3,3,2200,6600
64555,15966,4,1,900,900
64556,15966,2,1,1800,1800
64557,15966,8,1,1500,1500
64558,15967,1,3,1100,3300
64559,15967,5,1,1600,1600
64560,15967,7,1,3800,3800
64561,15967,4,1,900,900
64562,15967,6,2,750,1500
64563,15968,4,1,900,900
64564,15969,8,2,1500,3000
64565,15969,4,1,900,900
64566,15969,1,3,1100,3300
64567,15969,2,3,1800,5400
64568,15969,3,2,2200,4400
64569,15970,7,3,3800,11400
64570,15970,1,3,1100,3300
64571,15970,6,3,750,2250
64572,15970,8,2,1500,3000
64573,15970,4,3,900,2700
64574,15971,5,1,1600,1600
64575,15972,6,2,750,1500
64576,15972,3,2,2200,4400
64577,15972,2,1,1800,1800
64578,15972,8,1,1500,1500
64579,15972,1,2,1100,2200
64580,15973,3,1,2200,2200
64581,15973,4,1,900,900
64582,15973,1,3,1100,3300
64583,15974,1,1,1100,1100
64584,15974,2,2,1800,3600
64585,15974,6,1,750,750
64586,15975,7,1,3800,3800
64587,15975,8,3,1500,4500
64588,15975,6,1,750,750
64589,15975,5,3,1600,4800
64590,15976,7,2,3800,7600
64591,15977,7,1,3800,3800
64592,15977,2,2,1800,3600
64593,15977,1,2,1100,2200
64594,15977,6,2,750,1500
64595,15977,8,1,1500,1500
64596,15978,7,2,3800,7600
64597,15978,2,2,1800,3600
64598,15979,7,1,3800,3800
64599,15979,4,2,900,1800
64600,15980,4,1,900,900
64601,15980,8,1,1500,1500
64602,15981,1,1,1100,1100
64603,15981,6,3,750,2250
64604,15982,2,1,1800,1800
64605,15983,6,1,750,750
64606,15983,2,1,1800,1800
64607,15983,7,1,3800,3800
64608,15984,6,2,750,1500
64609,15985,5,2,1600,3200
64610,15985,3,3,2200,6600
64611,15986,1,3,1100,3300
64612,15986,8,2,1500,3000
64613,15987,4,3,900,2700
64614,15987,1,1,1100,1100
64615,15987,2,1,1800,1800
64616,15987,8,2,1500,3000
64617,15988,2,2,1800,3600
64618,15988,8,1,1500,1500
64619,15988,6,1,750,750
64620,15988,1,3,1100,3300
64621,15988,7,1,3800,3800
64622,15989,1,2,1100,2200
64623,15990,8,1,1500,1500
64624,15990,3,2,2200,4400
64625,15990,4,1,900,900
64626,15991,2,1,1800,1800
64627,15991,6,3,750,2250
64628,15992,7,3,3800,11400
64629,15992,5,2,1600,3200
64630,15993,6,1,750,750
64631,15993,5,1,1600,1600
64632,15994,6,2,750,1500
64633,15994,2,2,1800,3600
64634,15995,2,3,1800,5400
64635,15995,1,2,1100,2200
64636,15995,4,3,900,2700
64637,15996,6,3,750,2250
64638,15996,7,3,3800,11400
64639,15997,1,3,1100,3300
64640,15997,4,3,900,2700
64641,15998,8,2,1500,3000
64642,15998,5,1,1600,1600
64643,15998,2,2,1800,3600
64644,15999,7,2,3800,7600
64645,15999,6,1,750,750
64646,15999,4,2,900,1800
64647,16000,4,1,900,900
64648,16001,1,3,1100,3300
64649,16002,2,1,1800,1800
64650,16002,8,2,1500,3000
64651,16003,4,2,900,1800
64652,16003,8,3,1500,4500
64653,16003,5,3,1600,4800
64654,16003,7,3,3800,11400
64655,16003,6,2,750,1500
64656,16004,3,3,2200,6600
64657,16004,1,2,1100,2200
64658,16004,2,2,1800,3600
64659,16005,8,3,1500,4500
64660,16005,5,3,1600,4800
64661,16005,6,3,750,2250
64662,16005,3,1,2200,2200
64663,16005,7,3,3800,11400
64664,16005,2,3,1800,5400
64665,16006,8,1,1500,1500
64666,16006,4,1,900,900
64667,16007,5,3,1600,4800
64668,16007,7,2,3800,7600
64669,16008,7,1,3800,3800
64670,16009,3,3,2200,6600
64671,16009,5,1,1600,1600
64672,16009,2,1,1800,1800
64673,16009,4,3,900,2700
64674,16010,2,3,1800,5400
64675,16010,8,3,1500,4500
64676,16010,1,1,1100,1100
64677,16011,3,3,2200,6600
64678,16011,6,3,750,2250
64679,16012,1,3,1100,3300
64680,16012,8,1,1500,1500
64681,16012,6,1,750,750
64682,16012,5,3,1600,4800
64683,16013,8,1,1500,1500
64684,16013,2,3,1800,5400
64685,16014,3,3,2200,6600
64686,16014,4,3,900,2700
64687,16015,8,1,1500,1500
64688,16016,5,2,1600,3200
64689,16016,4,1,900,900
64690,16016,3,3,2200,6600
64691,16016,1,2,1100,2200
64692,16016,2,1,1800,1800
64693,16016,7,2,3800,7600
64694,16017,7,1,3800,3800
64695,16017,5,1,1600,1600
64696,16017,6,1,750,750
64697,16018,8,1,1500,1500
64698,16018,7,1,3800,3800
64699,16019,4,3,900,2700
64700,16020,2,3,1800,5400
64701,16020,1,1,1100,1100
64702,16021,1,1,1100,1100
64703,16021,6,2,750,1500
64704,16021,5,3,1600,4800
64705,16022,3,3,2200,6600
64706,16022,1,3,1100,3300
64707,16023,5,1,1600,1600
64708,16023,6,2,750,1500
64709,16023,2,1,1800,1800
64710,16023,1,1,1100,1100
64711,16024,8,1,1500,1500
64712,16024,1,2,1100,2200
64713,16025,2,2,1800,3600
64714,16025,6,2,750,1500
64715,16025,5,3,1600,4800
64716,16026,4,3,900,2700
64717,16026,2,1,1800,1800
64718,16027,5,1,1600,1600
64719,16027,3,2,2200,4400
64720,16027,8,1,1500,1500
64721,16028,6,2,750,1500
64722,16028,2,2,1800,3600
64723,16029,1,3,1100,3300
64724,16029,6,2,750,1500
64725,16029,7,3,3800,11400
64726,16029,5,3,1600,4800
64727,16030,2,3,1800,5400
64728,16030,4,2,900,1800
64729,16031,3,2,2200,4400
64730,16031,8,1,1500,1500
64731,16031,5,1,1600,1600
64732,16031,4,2,900,1800
64733,16032,5,1,1600,1600
64734,16033,1,1,1100,1100
64735,16033,4,1,900,900
64736,16034,7,2,3800,7600
64737,16034,5,3,1600,4800
64738,16034,1,3,1100,3300
64739,16035,6,1,750,750
64740,16035,2,3,1800,5400
64741,16035,5,1,1600,1600
64742,16036,1,1,1100,1100
64743,16036,4,1,900,900
64744,16037,2,2,1800,3600
64745,16037,8,3,1500,4500
64746,16037,1,2,1100,2200
64747,16037,4,1,900,900
64748,16038,8,1,1500,1500
64749,16039,2,3,1800,5400
64750,16039,5,3,1600,4800
64751,16040,6,2,750,1500
64752,16041,4,1,900,900
64753,16041,3,1,2200,2200
64754,16041,6,3,750,2250
64755,16041,8,1,1500,1500
64756,16042,2,1,1800,1800
64757,16043,1,3,1100,3300
64758,16043,4,3,900,2700
64759,16043,7,3,3800,11400
64760,16043,2,2,1800,3600
64761,16043,5,1,1600,1600
64762,16044,1,1,1100,1100
64763,16044,8,1,1500,1500
64764,16045,3,2,2200,4400
64765,16046,6,2,750,1500
64766,16047,5,1,1600,1600
64767,16047,8,3,1500,4500
64768,16047,2,2,1800,3600
64769,16048,2,1,1800,1800
64770,16048,4,1,900,900
64771,16049,1,2,1100,2200
64772,16049,7,3,3800,11400
64773,16049,8,3,1500,4500
64774,16049,4,2,900,1800
64775,16050,5,1,1600,1600
64776,16050,8,2,1500,3000
64777,16050,2,1,1800,1800
64778,16051,7,3,3800,11400
64779,16051,4,1,900,900
64780,16051,3,3,2200,6600
64781,16052,1,2,1100,2200
64782,16052,5,1,1600,1600
64783,16053,6,2,750,1500
64784,16053,4,1,900,900
64785,16053,1,3,1100,3300
64786,16054,6,2,750,1500
64787,16055,3,1,2200,2200
64788,16056,4,3,900,2700
64789,16056,8,2,1500,3000
64790,16056,6,2,750,1500
64791,16057,7,1,3800,3800
64792,16057,5,2,1600,3200
64793,16057,6,2,750,1500
64794,16057,4,1,900,900
64795,16057,8,2,1500,3000
64796,16058,7,3,3800,11400
64797,16059,3,3,2200,6600
64798,16059,2,1,1800,1800
64799,16059,8,2,1500,3000
64800,16060,7,3,3800,11400
64801,16061,7,2,3800,7600
64802,16061,5,2,1600,3200
64803,16061,6,1,750,750
64804,16061,2,2,1800,3600
64805,16062,5,1,1600,1600
64806,16062,3,1,2200,2200
64807,16062,7,2,3800,7600
64808,16062,6,2,750,1500
64809,16063,6,1,750,750
64810,16063,1,2,1100,2200
64811,16063,7,2,3800,7600
64812,16064,7,2,3800,7600
64813,16065,6,2,750,1500
64814,16065,4,2,900,1800
64815,16066,4,1,900,900
64816,16066,2,1,1800,1800
64817,16066,6,1,750,750
64818,16067,8,1,1500,1500
64819,16067,4,3,900,2700
64820,16068,2,1,1800,1800
64821,16068,7,2,3800,7600
64822,16068,4,2,900,1800
64823,16068,1,3,1100,3300
64824,16068,3,2,2200,4400
64825,16068,5,2,1600,3200
64826,16068,6,2,750,1500
64827,16069,2,3,1800,5400
64828,16070,7,1,3800,3800
64829,16071,3,2,2200,4400
64830,16071,7,2,3800,7600
64831,16071,8,3,1500,4500
64832,16072,7,2,3800,7600
64833,16072,4,3,900,2700
64834,16072,5,3,1600,4800
64835,16072,8,2,1500,3000
64836,16072,1,3,1100,3300
64837,16073,3,1,2200,2200
64838,16073,7,3,3800,11400
64839,16073,1,3,1100,3300
64840,16074,8,3,1500,4500
64841,16074,3,2,2200,4400
64842,16074,7,2,3800,7600
64843,16074,2,2,1800,3600
64844,16074,5,2,1600,3200
64845,16074,6,1,750,750
64846,16074,4,2,900,1800
64847,16075,6,3,750,2250
64848,16075,2,1,1800,1800
64849,16075,8,3,1500,4500
64850,16076,8,1,1500,1500
64851,16077,6,3,750,2250
64852,16077,2,2,1800,3600
64853,16077,3,2,2200,4400
64854,16077,5,1,1600,1600
64855,16077,1,3,1100,3300
64856,16078,4,3,900,2700
64857,16078,5,2,1600,3200
64858,16078,1,1,1100,1100
64859,16078,6,1,750,750
64860,16079,7,2,3800,7600
64861,16079,6,2,750,1500
64862,16080,7,3,3800,11400
64863,16081,7,2,3800,7600
64864,16081,8,2,1500,3000
64865,16081,4,2,900,1800
64866,16081,2,2,1800,3600
64867,16082,3,2,2200,4400
64868,16082,5,1,1600,1600
64869,16082,8,2,1500,3000
64870,16082,1,1,1100,1100
64871,16082,2,1,1800,1800
64872,16083,5,2,1600,3200
64873,16083,4,2,900,1800
64874,16084,4,3,900,2700
64875,16084,1,2,1100,2200
64876,16085,3,1,2200,2200
64877,16085,4,2,900,1800
64878,16086,3,3,2200,6600
64879,16086,8,3,1500,4500
64880,16087,8,3,1500,4500
64881,16087,4,3,900,2700
64882,16087,5,3,1600,4800
64883,16088,3,1,2200,2200
64884,16088,7,3,3800,11400
64885,16089,3,2,2200,4400
64886,16089,4,1,900,900
64887,16090,4,3,900,2700
64888,16090,7,1,3800,3800
64889,16091,2,3,1800,5400
64890,16091,4,1,900,900
64891,16092,1,2,1100,2200
64892,16092,2,2,1800,3600
64893,16093,4,3,900,2700
64894,16093,5,3,1600,4800
64895,16093,6,1,750,750
64896,16094,7,3,3800,11400
64897,16094,1,1,1100,1100
64898,16095,7,3,3800,11400
64899,16095,2,3,1800,5400
64900,16095,5,3,1600,4800
64901,16095,3,1,2200,2200
64902,16096,1,3,1100,3300
64903,16096,2,1,1800,1800
64904,16097,7,3,3800,11400
64905,16097,1,3,1100,3300
64906,16098,3,2,2200,4400
64907,16099,1,2,1100,2200
64908,16099,8,2,1500,3000
64909,16099,3,1,2200,2200
64910,16100,1,1,1100,1100
64911,16101,7,1,3800,3800
64912,16101,1,3,1100,3300
64913,16101,3,3,2200,6600
64914,16101,6,1,750,750
64915,16101,8,3,1500,4500
64916,16102,6,3,750,2250
64917,16102,2,2,1800,3600
64918,16103,3,2,2200,4400
64919,16103,2,2,1800,3600
64920,16103,4,2,900,1800
64921,16103,8,2,1500,3000
64922,16104,7,3,3800,11400
64923,16104,5,1,1600,1600
64924,16104,3,3,2200,6600
64925,16104,6,1,750,750
64926,16104,2,1,1800,1800
64927,16105,8,1,1500,1500
64928,16105,7,2,3800,7600
64929,16105,6,3,750,2250
64930,16105,4,1,900,900
64931,16106,8,2,1500,3000
64932,16106,2,2,1800,3600
64933,16107,3,3,2200,6600
64934,16107,4,3,900,2700
64935,16107,2,2,1800,3600
64936,16107,6,3,750,2250
64937,16108,6,2,750,1500
64938,16108,3,2,2200,4400
64939,16109,3,3,2200,6600
64940,16110,2,1,1800,1800
64941,16111,7,2,3800,7600
64942,16111,1,2,1100,2200
64943,16112,1,3,1100,3300
64944,16112,8,3,1500,4500
64945,16113,3,1,2200,2200
64946,16114,3,2,2200,4400
64947,16114,1,2,1100,2200
64948,16115,3,3,2200,6600
64949,16115,1,3,1100,3300
64950,16115,4,1,900,900
64951,16115,8,1,1500,1500
64952,16116,6,2,750,1500
64953,16116,3,2,2200,4400
64954,16116,4,1,900,900
64955,16117,6,2,750,1500
64956,16117,3,3,2200,6600
64957,16117,4,2,900,1800
64958,16117,2,1,1800,1800
64959,16118,3,3,2200,6600
64960,16118,2,3,1800,5400
64961,16118,4,1,900,900
64962,16119,5,2,1600,3200
64963,16119,4,3,900,2700
64964,16119,8,1,1500,1500
64965,16119,7,2,3800,7600
64966,16120,8,3,1500,4500
64967,16121,6,1,750,750
64968,16121,8,3,1500,4500
64969,16121,2,1,1800,1800
64970,16122,7,2,3800,7600
64971,16122,2,3,1800,5400
64972,16122,6,1,750,750
64973,16123,5,1,1600,1600
64974,16123,6,1,750,750
64975,16123,3,3,2200,6600
64976,16124,6,3,750,2250
64977,16124,4,3,900,2700
64978,16124,1,3,1100,3300
64979,16125,2,1,1800,1800
64980,16125,6,3,750,2250
64981,16126,6,3,750,2250
64982,16126,5,3,1600,4800
64983,16126,3,3,2200,6600
64984,16126,7,1,3800,3800
64985,16127,7,1,3800,3800
64986,16127,3,2,2200,4400
64987,16127,4,1,900,900
64988,16128,7,2,3800,7600
64989,16128,1,3,1100,3300
64990,16128,2,2,1800,3600
64991,16128,8,2,1500,3000
64992,16128,6,1,750,750
64993,16128,3,2,2200,4400
64994,16129,1,2,1100,2200
64995,16129,4,1,900,900
64996,16130,4,1,900,900
64997,16131,1,2,1100,2200
64998,16132,2,2,1800,3600
64999,16132,4,3,900,2700
65000,16132,7,2,3800,7600
65001,16133,3,1,2200,2200
65002,16134,1,1,1100,1100
65003,16135,8,1,1500,1500
65004,16136,2,1,1800,1800
65005,16136,6,3,750,2250
65006,16137,2,2,1800,3600
65007,16138,3,2,2200,4400
65008,16138,7,1,3800,3800
65009,16138,6,2,750,1500
65010,16139,5,2,1600,3200
65011,16139,3,2,2200,4400
65012,16140,2,2,1800,3600
65013,16140,1,2,1100,2200
65014,16141,4,3,900,2700
65015,16142,4,1,900,900
65016,16143,8,3,1500,4500
65017,16143,7,3,3800,11400
65018,16143,4,3,900,2700
65019,16144,4,3,900,2700
65020,16144,5,1,1600,1600
65021,16144,3,3,2200,6600
65022,16144,6,1,750,750
65023,16145,1,1,1100,1100
65024,16145,4,2,900,1800
65025,16145,8,3,1500,4500
65026,16145,2,2,1800,3600
65027,16145,5,3,1600,4800
65028,16146,8,2,1500,3000
65029,16146,5,1,1600,1600
65030,16146,2,2,1800,3600
65031,16147,4,1,900,900
65032,16147,2,1,1800,1800
65033,16147,5,1,1600,1600
65034,16148,1,3,1100,3300
65035,16148,5,1,1600,1600
65036,16149,2,3,1800,5400
65037,16149,4,3,900,2700
65038,16149,1,2,1100,2200
65039,16150,2,2,1800,3600
65040,16151,3,3,2200,6600
65041,16151,4,1,900,900
65042,16152,1,3,1100,3300
65043,16152,6,2,750,1500
65044,16153,3,3,2200,6600
65045,16154,1,2,1100,2200
65046,16154,5,1,1600,1600
65047,16154,4,1,900,900
65048,16155,4,1,900,900
65049,16155,2,1,1800,1800
65050,16155,8,2,1500,3000
65051,16156,7,1,3800,3800
65052,16156,4,1,900,900
65053,16156,8,3,1500,4500
65054,16156,2,1,1800,1800
65055,16156,3,2,2200,4400
65056,16157,3,1,2200,2200
65057,16157,5,2,1600,3200
65058,16157,2,3,1800,5400
65059,16158,8,1,1500,1500
65060,16159,6,1,750,750
65061,16159,4,3,900,2700
65062,16159,8,3,1500,4500
65063,16160,6,3,750,2250
65064,16160,2,1,1800,1800
65065,16161,1,3,1100,3300
65066,16161,3,3,2200,6600
65067,16161,5,3,1600,4800
65068,16161,6,2,750,1500
65069,16161,2,2,1800,3600
65070,16161,7,1,3800,3800
65071,16162,2,3,1800,5400
65072,16162,4,1,900,900
65073,16162,8,1,1500,1500
65074,16162,5,3,1600,4800
65075,16163,2,1,1800,1800
65076,16163,8,3,1500,4500
65077,16163,5,1,1600,1600
65078,16163,1,1,1100,1100
65079,16164,7,3,3800,11400
65080,16165,6,3,750,2250
65081,16165,2,2,1800,3600
65082,16166,1,3,1100,3300
65083,16166,4,1,900,900
65084,16167,4,2,900,1800
65085,16168,1,1,1100,1100
65086,16169,2,3,1800,5400
65087,16169,7,2,3800,7600
65088,16169,8,2,1500,3000
65089,16170,6,3,750,2250
65090,16170,5,3,1600,4800
65091,16170,3,3,2200,6600
65092,16170,8,2,1500,3000
65093,16170,4,2,900,1800
65094,16170,2,3,1800,5400
65095,16171,8,2,1500,3000
65096,16171,1,2,1100,2200
65097,16171,4,1,900,900
65098,16172,4,3,900,2700
65099,16173,4,3,900,2700
65100,16174,3,2,2200,4400
65101,16174,2,2,1800,3600
65102,16175,2,1,1800,1800
65103,16175,7,3,3800,11400
65104,16176,5,1,1600,1600
65105,16177,8,2,1500,3000
65106,16178,3,2,2200,4400
65107,16178,6,2,750,1500
65108,16178,1,1,1100,1100
65109,16179,4,2,900,1800
65110,16179,5,1,1600,1600
65111,16180,6,1,750,750
65112,16180,4,3,900,2700
65113,16180,8,2,1500,3000
65114,16180,5,2,1600,3200
65115,16180,3,2,2200,4400
65116,16181,7,3,3800,11400
65117,16181,8,3,1500,4500
65118,16181,5,3,1600,4800
65119,16182,6,1,750,750
65120,16183,4,1,900,900
65121,16184,7,1,3800,3800
65122,16184,2,2,1800,3600
65123,16184,4,1,900,900
65124,16184,8,2,1500,3000
65125,16184,3,3,2200,6600
65126,16185,7,1,3800,3800
65127,16186,3,2,2200,4400
65128,16186,5,3,1600,4800
65129,16186,7,2,3800,7600
65130,16187,1,1,1100,1100
65131,16187,6,2,750,1500
65132,16188,8,2,1500,3000
65133,16188,4,1,900,900
65134,16188,2,3,1800,5400
65135,16188,6,2,750,1500
65136,16189,8,2,1500,3000
65137,16189,6,3,750,2250
65138,16189,4,3,900,2700
65139,16189,3,1,2200,2200
65140,16190,5,2,1600,3200
65141,16191,8,1,1500,1500
65142,16192,7,3,3800,11400
65143,16193,2,1,1800,1800
65144,16193,3,2,2200,4400
65145,16193,6,2,750,1500
65146,16194,3,1,2200,2200
65147,16194,2,1,1800,1800
65148,16194,7,3,3800,11400
65149,16194,4,2,900,1800
65150,16195,5,3,1600,4800
65151,16195,8,1,1500,1500
65152,16195,1,1,1100,1100
65153,16195,6,3,750,2250
65154,16195,2,3,1800,5400
65155,16195,3,3,2200,6600
65156,16195,7,3,3800,11400
65157,16196,4,1,900,900
65158,16196,3,1,2200,2200
65159,16197,8,1,1500,1500
65160,16197,4,2,900,1800
65161,16197,5,1,1600,1600
65162,16198,7,3,3800,11400
65163,16198,4,2,900,1800
65164,16198,5,1,1600,1600
65165,16199,1,3,1100,3300
65166,16199,6,2,750,1500
65167,16200,2,1,1800,1800
65168,16200,4,1,900,900
65169,16200,3,1,2200,2200
65170,16200,8,3,1500,4500
65171,16201,4,1,900,900
65172,16201,5,2,1600,3200
65173,16201,1,2,1100,2200
65174,16202,7,1,3800,3800
65175,16202,1,3,1100,3300
65176,16202,4,2,900,1800
65177,16203,4,3,900,2700
65178,16203,2,1,1800,1800
65179,16203,3,2,2200,4400
65180,16204,1,1,1100,1100
65181,16205,7,1,3800,3800
65182,16206,6,2,750,1500
65183,16206,7,3,3800,11400
65184,16207,6,1,750,750
65185,16207,3,2,2200,4400
65186,16207,5,3,1600,4800
65187,16207,1,2,1100,2200
65188,16207,4,2,900,1800
65189,16207,8,3,1500,4500
65190,16208,7,1,3800,3800
65191,16209,4,1,900,900
65192,16209,6,3,750,2250
65193,16209,8,3,1500,4500
65194,16210,8,1,1500,1500
65195,16210,3,1,2200,2200
65196,16210,7,3,3800,11400
65197,16210,4,1,900,900
65198,16211,3,1,2200,2200
65199,16212,6,3,750,2250
65200,16212,2,3,1800,5400
65201,16212,4,2,900,1800
65202,16213,2,3,1800,5400
65203,16213,5,3,1600,4800
65204,16214,6,3,750,2250
65205,16215,6,2,750,1500
65206,16215,5,1,1600,1600
65207,16216,3,3,2200,6600
65208,16216,5,2,1600,3200
65209,16216,8,3,1500,4500
65210,16217,5,3,1600,4800
65211,16217,7,1,3800,3800
65212,16218,1,2,1100,2200
65213,16218,3,3,2200,6600
65214,16218,5,2,1600,3200
65215,16219,7,3,3800,11400
65216,16220,6,3,750,2250
65217,16220,5,3,1600,4800
65218,16220,3,1,2200,2200
65219,16220,8,2,1500,3000
65220,16221,5,1,1600,1600
65221,16222,1,3,1100,3300
65222,16222,6,2,750,1500
65223,16222,8,2,1500,3000
65224,16222,4,3,900,2700
65225,16223,4,3,900,2700
65226,16223,3,1,2200,2200
65227,16223,7,2,3800,7600
65228,16224,1,3,1100,3300
65229,16224,2,1,1800,1800
65230,16224,5,2,1600,3200
65231,16224,4,2,900,1800
65232,16224,3,1,2200,2200
65233,16225,8,2,1500,3000
65234,16226,1,2,1100,2200
65235,16226,6,3,750,2250
65236,16226,2,3,1800,5400
65237,16226,3,1,2200,2200
65238,16227,4,1,900,900
65239,16228,3,1,2200,2200
65240,16228,7,2,3800,7600
65241,16228,8,2,1500,3000
65242,16229,4,2,900,1800
65243,16229,5,1,1600,1600
65244,16229,8,3,1500,4500
65245,16229,3,1,2200,2200
65246,16230,4,2,900,1800
65247,16230,1,2,1100,2200
65248,16231,5,2,1600,3200
65249,16231,3,1,2200,2200
65250,16231,7,2,3800,7600
65251,16231,1,1,1100,1100
65252,16232,5,3,1600,4800
65253,16232,1,3,1100,3300
65254,16232,8,3,1500,4500
65255,16233,5,1,1600,1600
65256,16233,1,2,1100,2200
65257,16234,1,3,1100,3300
65258,16234,2,1,1800,1800
65259,16235,6,2,750,1500
65260,16236,5,2,1600,3200
65261,16236,6,2,750,1500
65262,16237,8,3,1500,4500
65263,16238,6,2,750,1500
65264,16238,7,1,3800,3800
65265,16238,8,1,1500,1500
65266,16238,4,1,900,900
65267,16239,5,1,1600,1600
65268,16239,7,1,3800,3800
65269,16239,4,3,900,2700
65270,16239,3,1,2200,2200
65271,16239,1,3,1100,3300
65272,16240,4,3,900,2700
65273,16240,7,2,3800,7600
65274,16241,8,2,1500,3000
65275,16242,6,3,750,2250
65276,16242,5,1,1600,1600
65277,16243,4,3,900,2700
65278,16243,8,3,1500,4500
65279,16243,1,1,1100,1100
65280,16243,5,1,1600,1600
65281,16244,7,3,3800,11400
65282,16244,4,3,900,2700
65283,16245,5,1,1600,1600
65284,16246,5,3,1600,4800
65285,16246,6,2,750,1500
65286,16246,8,2,1500,3000
65287,16247,2,1,1800,1800
65288,16247,7,3,3800,11400
65289,16248,5,1,1600,1600
65290,16249,5,1,1600,1600
65291,16250,6,3,750,2250
65292,16250,1,2,1100,2200
65293,16250,3,1,2200,2200
65294,16250,5,1,1600,1600
65295,16251,6,2,750,1500
65296,16251,5,1,1600,1600
65297,16251,8,2,1500,3000
65298,16252,3,2,2200,4400
65299,16252,4,2,900,1800
65300,16252,2,3,1800,5400
65301,16252,8,2,1500,3000
65302,16253,5,2,1600,3200
65303,16253,8,2,1500,3000
65304,16254,6,2,750,1500
65305,16254,7,3,3800,11400
65306,16255,8,3,1500,4500
65307,16255,4,3,900,2700
65308,16256,1,2,1100,2200
65309,16257,8,3,1500,4500
65310,16258,7,3,3800,11400
65311,16258,4,1,900,900
65312,16258,1,2,1100,2200
65313,16258,3,1,2200,2200
65314,16259,8,3,1500,4500
65315,16259,7,1,3800,3800
65316,16260,7,2,3800,7600
65317,16261,3,2,2200,4400
65318,16262,8,3,1500,4500
65319,16262,4,1,900,900
65320,16262,2,1,1800,1800
65321,16262,1,1,1100,1100
65322,16262,7,2,3800,7600
65323,16262,6,1,750,750
65324,16263,5,2,1600,3200
65325,16263,2,2,1800,3600
65326,16264,6,1,750,750
65327,16265,2,2,1800,3600
65328,16265,3,2,2200,4400
65329,16265,1,1,1100,1100
65330,16265,5,2,1600,3200
65331,16266,3,3,2200,6600
65332,16266,5,3,1600,4800
65333,16267,3,1,2200,2200
65334,16268,7,2,3800,7600
65335,16268,2,3,1800,5400
65336,16269,8,1,1500,1500
65337,16270,5,2,1600,3200
65338,16270,1,1,1100,1100
65339,16271,7,2,3800,7600
65340,16272,3,1,2200,2200
65341,16272,7,3,3800,11400
65342,16273,2,2,1800,3600
65343,16274,1,2,1100,2200
65344,16274,2,3,1800,5400
65345,16274,4,1,900,900
65346,16274,3,1,2200,2200
65347,16275,2,2,1800,3600
65348,16275,6,3,750,2250
65349,16275,3,1,2200,2200
65350,16276,1,2,1100,2200
65351,16276,6,3,750,2250
65352,16276,5,2,1600,3200
65353,16276,8,1,1500,1500
65354,16277,1,2,1100,2200
65355,16277,7,3,3800,11400
65356,16278,1,2,1100,2200
65357,16279,8,3,1500,4500
65358,16280,8,1,1500,1500
65359,16280,2,1,1800,1800
65360,16280,1,2,1100,2200
65361,16281,5,3,1600,4800
65362,16281,7,1,3800,3800
65363,16281,2,1,1800,1800
65364,16281,8,3,1500,4500
65365,16281,3,1,2200,2200
65366,16282,1,2,1100,2200
65367,16283,3,2,2200,4400
65368,16284,3,3,2200,6600
65369,16284,7,2,3800,7600
65370,16284,5,1,1600,1600
65371,16285,1,1,1100,1100
65372,16286,1,1,1100,1100
65373,16286,8,3,1500,4500
65374,16286,6,2,750,1500
65375,16287,1,2,1100,2200
65376,16287,7,3,3800,11400
65377,16287,2,3,1800,5400
65378,16287,6,1,750,750
65379,16287,5,1,1600,1600
65380,16288,5,2,1600,3200
65381,16288,6,3,750,2250
65382,16289,5,3,1600,4800
65383,16289,7,1,3800,3800
65384,16289,6,2,750,1500
65385,16289,4,1,900,900
65386,16290,6,1,750,750
65387,16290,7,3,3800,11400
65388,16291,5,2,1600,3200
65389,16291,8,3,1500,4500
65390,16291,4,1,900,900
65391,16291,1,1,1100,1100
65392,16291,6,1,750,750
65393,16292,5,1,1600,1600
65394,16292,2,1,1800,1800
65395,16292,7,3,3800,11400
65396,16292,4,2,900,1800
65397,16293,6,2,750,1500
65398,16293,1,2,1100,2200
65399,16293,7,2,3800,7600
65400,16294,6,2,750,1500
65401,16295,7,3,3800,11400
65402,16295,6,1,750,750
65403,16295,4,2,900,1800
65404,16295,1,3,1100,3300
65405,16296,1,3,1100,3300
65406,16296,7,3,3800,11400
65407,16296,4,3,900,2700
65408,16297,6,2,750,1500
65409,16298,3,1,2200,2200
65410,16298,7,3,3800,11400
65411,16298,4,1,900,900
65412,16299,7,3,3800,11400
65413,16300,8,2,1500,3000
65414,16301,4,2,900,1800
65415,16302,4,2,900,1800
65416,16302,2,2,1800,3600
65417,16303,4,2,900,1800
65418,16304,4,2,900,1800
65419,16305,7,2,3800,7600
65420,16305,6,1,750,750
65421,16305,3,1,2200,2200
65422,16306,2,2,1800,3600
65423,16306,5,3,1600,4800
65424,16307,3,1,2200,2200
65425,16307,8,3,1500,4500
65426,16308,7,2,3800,7600
65427,16309,1,3,1100,3300
65428,16309,6,1,750,750
65429,16309,4,1,900,900
65430,16310,5,3,1600,4800
65431,16311,7,2,3800,7600
65432,16311,3,1,2200,2200
65433,16312,6,1,750,750
65434,16312,5,1,1600,1600
65435,16312,3,2,2200,4400
65436,16312,4,1,900,900
65437,16312,7,3,3800,11400
65438,16313,2,2,1800,3600
65439,16314,8,1,1500,1500
65440,16314,6,3,750,2250
65441,16314,4,2,900,1800
65442,16314,5,3,1600,4800
65443,16314,3,2,2200,4400
65444,16314,1,3,1100,3300
65445,16315,2,2,1800,3600
65446,16316,8,1,1500,1500
65447,16317,2,1,1800,1800
65448,16317,3,2,2200,4400
65449,16317,4,3,900,2700
65450,16317,7,3,3800,11400
65451,16317,8,1,1500,1500
65452,16318,7,2,3800,7600
65453,16318,1,2,1100,2200
65454,16318,8,1,1500,1500
65455,16319,1,1,1100,1100
65456,16319,2,3,1800,5400
65457,16319,7,2,3800,7600
65458,16319,4,2,900,1800
65459,16320,5,1,1600,1600
65460,16320,6,2,750,1500
65461,16321,4,1,900,900
65462,16321,1,2,1100,2200
65463,16321,6,1,750,750
65464,16322,7,1,3800,3800
65465,16323,5,3,1600,4800
65466,16324,8,2,1500,3000
65467,16324,1,2,1100,2200
65468,16324,2,2,1800,3600
65469,16324,6,3,750,2250
65470,16324,3,2,2200,4400
65471,16325,1,1,1100,1100
65472,16326,8,2,1500,3000
65473,16326,6,1,750,750
65474,16327,5,3,1600,4800
65475,16327,2,2,1800,3600
65476,16327,6,1,750,750
65477,16328,3,3,2200,6600
65478,16328,5,1,1600,1600
65479,16329,4,2,900,1800
65480,16329,7,1,3800,3800
65481,16329,8,3,1500,4500
65482,16330,8,3,1500,4500
65483,16330,6,2,750,1500
65484,16331,8,2,1500,3000
65485,16331,2,3,1800,5400
65486,16331,3,3,2200,6600
65487,16331,4,2,900,1800
65488,16331,6,2,750,1500
65489,16331,7,3,3800,11400
65490,16332,1,1,1100,1100
65491,16332,2,1,1800,1800
65492,16332,8,3,1500,4500
65493,16333,5,2,1600,3200
65494,16333,4,2,900,1800
65495,16334,5,2,1600,3200
65496,16334,4,3,900,2700
65497,16334,8,2,1500,3000
65498,16334,6,1,750,750
65499,16334,2,2,1800,3600
65500,16335,6,2,750,1500
65501,16335,1,1,1100,1100
65502,16336,6,3,750,2250
65503,16336,4,2,900,1800
65504,16336,7,1,3800,3800
65505,16337,8,1,1500,1500
65506,16337,3,2,2200,4400
65507,16338,5,2,1600,3200
65508,16338,8,1,1500,1500
65509,16339,1,3,1100,3300
65510,16339,5,3,1600,4800
65511,16340,1,2,1100,2200
65512,16341,3,2,2200,4400
65513,16341,1,2,1100,2200
65514,16342,5,1,1600,1600
65515,16342,7,2,3800,7600
65516,16343,7,1,3800,3800
65517,16343,1,2,1100,2200
65518,16344,4,1,900,900
65519,16344,3,3,2200,6600
65520,16345,3,3,2200,6600
65521,16345,1,3,1100,3300
65522,16346,3,1,2200,2200
65523,16347,6,3,750,2250
65524,16348,7,2,3800,7600
65525,16348,6,2,750,1500
65526,16348,1,3,1100,3300
65527,16348,4,1,900,900
65528,16349,6,2,750,1500
65529,16349,8,2,1500,3000
65530,16350,1,1,1100,1100
65531,16350,8,3,1500,4500
65532,16350,5,1,1600,1600
65533,16351,7,1,3800,3800
65534,16352,5,2,1600,3200
65535,16353,5,2,1600,3200
65536,16354,8,3,1500,4500
65537,16355,4,1,900,900
65538,16356,7,1,3800,3800
65539,16356,4,3,900,2700
65540,16356,1,1,1100,1100
65541,16356,2,3,1800,5400
65542,16357,6,1,750,750
65543,16357,7,3,3800,11400
65544,16358,3,1,2200,2200
65545,16358,2,3,1800,5400
65546,16359,2,2,1800,3600
65547,16360,1,2,1100,2200
65548,16361,1,1,1100,1100
65549,16361,7,3,3800,11400
65550,16361,3,2,2200,4400
65551,16361,8,1,1500,1500
65552,16361,5,1,1600,1600
65553,16362,6,1,750,750
65554,16363,3,2,2200,4400
65555,16363,7,1,3800,3800
65556,16363,1,3,1100,3300
65557,16364,6,3,750,2250
65558,16364,7,1,3800,3800
65559,16365,8,3,1500,4500
65560,16365,2,1,1800,1800
65561,16366,8,2,1500,3000
65562,16367,3,3,2200,6600
65563,16368,8,3,1500,4500
65564,16368,7,1,3800,3800
65565,16369,4,2,900,1800
65566,16369,3,2,2200,4400
65567,16369,6,1,750,750
65568,16369,2,2,1800,3600
65569,16370,2,1,1800,1800
65570,16370,6,3,750,2250
65571,16370,3,3,2200,6600
65572,16370,7,1,3800,3800
65573,16370,8,3,1500,4500
65574,16371,7,1,3800,3800
65575,16371,1,2,1100,2200
65576,16371,5,2,1600,3200
65577,16372,4,2,900,1800
65578,16373,6,2,750,1500
65579,16373,5,3,1600,4800
65580,16373,4,2,900,1800
65581,16374,6,1,750,750
65582,16374,3,1,2200,2200
65583,16374,8,2,1500,3000
65584,16374,2,2,1800,3600
65585,16375,6,2,750,1500
65586,16375,7,1,3800,3800
65587,16375,5,1,1600,1600
65588,16375,1,3,1100,3300
65589,16375,3,3,2200,6600
65590,16376,5,3,1600,4800
65591,16377,5,3,1600,4800
65592,16378,8,1,1500,1500
65593,16378,6,1,750,750
65594,16378,2,1,1800,1800
65595,16379,7,2,3800,7600
65596,16379,4,1,900,900
65597,16379,5,1,1600,1600
65598,16379,1,3,1100,3300
65599,16379,8,1,1500,1500
65600,16380,7,1,3800,3800
65601,16380,1,3,1100,3300
65602,16380,4,3,900,2700
65603,16381,7,1,3800,3800
65604,16381,1,3,1100,3300
65605,16382,7,3,3800,11400
65606,16382,4,2,900,1800
65607,16382,5,2,1600,3200
65608,16383,2,2,1800,3600
65609,16383,1,1,1100,1100
65610,16383,3,1,2200,2200
65611,16383,5,2,1600,3200
65612,16384,3,3,2200,6600
65613,16384,6,1,750,750
65614,16384,5,1,1600,1600
65615,16384,2,1,1800,1800
65616,16384,8,1,1500,1500
65617,16385,3,2,2200,4400
65618,16385,5,3,1600,4800
65619,16386,1,1,1100,1100
65620,16386,6,3,750,2250
65621,16386,2,3,1800,5400
65622,16386,8,3,1500,4500
65623,16387,5,3,1600,4800
65624,16387,1,3,1100,3300
65625,16387,3,3,2200,6600
65626,16388,5,2,1600,3200
65627,16388,4,1,900,900
65628,16388,2,3,1800,5400
65629,16388,3,2,2200,4400
65630,16388,7,1,3800,3800
65631,16389,1,3,1100,3300
65632,16389,3,2,2200,4400
65633,16389,2,2,1800,3600
65634,16390,1,1,1100,1100
65635,16390,7,3,3800,11400
65636,16390,5,3,1600,4800
65637,16391,3,3,2200,6600
65638,16392,6,3,750,2250
65639,16392,5,1,1600,1600
65640,16393,2,1,1800,1800
65641,16393,7,2,3800,7600
65642,16394,3,1,2200,2200
65643,16394,7,2,3800,7600
65644,16395,3,1,2200,2200
65645,16396,1,2,1100,2200
65646,16396,2,3,1800,5400
65647,16396,3,3,2200,6600
65648,16396,7,3,3800,11400
65649,16396,5,1,1600,1600
65650,16397,2,3,1800,5400
65651,16397,7,3,3800,11400
65652,16397,4,2,900,1800
65653,16398,3,2,2200,4400
65654,16398,5,1,1600,1600
65655,16399,6,1,750,750
65656,16400,4,1,900,900
65657,16401,3,2,2200,4400
65658,16401,2,1,1800,1800
65659,16402,7,2,3800,7600
65660,16402,2,1,1800,1800
65661,16402,3,2,2200,4400
65662,16403,5,2,1600,3200
65663,16403,3,3,2200,6600
65664,16404,6,3,750,2250
65665,16405,8,2,1500,3000
65666,16405,4,1,900,900
65667,16405,3,1,2200,2200
65668,16406,7,3,3800,11400
65669,16406,2,2,1800,3600
65670,16407,5,2,1600,3200
65671,16407,7,2,3800,7600
65672,16408,6,1,750,750
65673,16408,1,1,1100,1100
65674,16408,5,3,1600,4800
65675,16408,4,1,900,900
65676,16408,3,2,2200,4400
65677,16408,2,2,1800,3600
65678,16408,7,3,3800,11400
65679,16408,8,2,1500,3000
65680,16409,5,1,1600,1600
65681,16410,3,2,2200,4400
65682,16410,5,3,1600,4800
65683,16411,2,3,1800,5400
65684,16411,1,1,1100,1100
65685,16411,6,2,750,1500
65686,16412,4,1,900,900
65687,16412,1,1,1100,1100
65688,16412,3,3,2200,6600
65689,16412,6,2,750,1500
65690,16413,6,1,750,750
65691,16413,7,3,3800,11400
65692,16414,6,3,750,2250
65693,16415,7,1,3800,3800
65694,16415,5,2,1600,3200
65695,16415,2,2,1800,3600
65696,16416,1,3,1100,3300
65697,16417,8,1,1500,1500
65698,16417,2,2,1800,3600
65699,16418,7,1,3800,3800
65700,16418,1,1,1100,1100
65701,16419,4,1,900,900
65702,16420,3,1,2200,2200
65703,16420,5,2,1600,3200
65704,16420,7,2,3800,7600
65705,16420,6,2,750,1500
65706,16421,3,1,2200,2200
65707,16421,8,2,1500,3000
65708,16422,8,1,1500,1500
65709,16422,6,1,750,750
65710,16422,5,2,1600,3200
65711,16423,4,2,900,1800
65712,16423,7,2,3800,7600
65713,16424,8,2,1500,3000
65714,16424,2,3,1800,5400
65715,16425,6,2,750,1500
65716,16426,1,1,1100,1100
65717,16426,3,1,2200,2200
65718,16427,3,1,2200,2200
65719,16427,5,3,1600,4800
65720,16427,1,3,1100,3300
65721,16428,4,3,900,2700
65722,16429,4,2,900,1800
65723,16430,6,2,750,1500
65724,16430,4,1,900,900
65725,16430,8,3,1500,4500
65726,16431,1,2,1100,2200
65727,16431,3,1,2200,2200
65728,16431,7,3,3800,11400
65729,16432,2,3,1800,5400
65730,16432,7,2,3800,7600
65731,16432,8,2,1500,3000
65732,16433,5,3,1600,4800
65733,16433,7,1,3800,3800
65734,16434,6,2,750,1500
65735,16435,4,1,900,900
65736,16435,8,1,1500,1500
65737,16436,7,2,3800,7600
65738,16436,8,1,1500,1500
65739,16437,6,3,750,2250
65740,16437,1,1,1100,1100
65741,16437,5,1,1600,1600
65742,16437,3,1,2200,2200
65743,16438,8,3,1500,4500
65744,16438,1,3,1100,3300
65745,16438,2,1,1800,1800
65746,16439,4,3,900,2700
65747,16439,8,1,1500,1500
65748,16440,8,2,1500,3000
65749,16440,7,1,3800,3800
65750,16441,7,2,3800,7600
65751,16441,5,2,1600,3200
65752,16441,6,3,750,2250
65753,16442,7,2,3800,7600
65754,16443,8,2,1500,3000
65755,16443,6,2,750,1500
65756,16443,3,1,2200,2200
65757,16443,7,1,3800,3800
65758,16444,5,2,1600,3200
65759,16445,1,2,1100,2200
65760,16446,3,3,2200,6600
65761,16446,2,2,1800,3600
65762,16446,6,1,750,750
65763,16447,7,2,3800,7600
65764,16447,2,2,1800,3600
65765,16447,4,2,900,1800
65766,16448,8,3,1500,4500
65767,16449,4,1,900,900
65768,16449,8,3,1500,4500
65769,16449,5,2,1600,3200
65770,16450,7,3,3800,11400
65771,16450,6,1,750,750
65772,16450,2,1,1800,1800
65773,16450,5,3,1600,4800
65774,16450,3,3,2200,6600
65775,16450,8,1,1500,1500
65776,16451,8,2,1500,3000
65777,16452,5,2,1600,3200
65778,16452,8,2,1500,3000
65779,16452,4,3,900,2700
65780,16453,6,3,750,2250
65781,16453,4,3,900,2700
65782,16454,7,1,3800,3800
65783,16454,4,2,900,1800
65784,16454,5,2,1600,3200
65785,16454,8,2,1500,3000
65786,16455,6,1,750,750
65787,16455,8,2,1500,3000
65788,16456,3,3,2200,6600
65789,16457,6,2,750,1500
65790,16457,3,1,2200,2200
65791,16457,8,3,1500,4500
65792,16457,1,2,1100,2200
65793,16457,4,3,900,2700
65794,16457,2,1,1800,1800
65795,16457,7,2,3800,7600
65796,16458,8,3,1500,4500
65797,16458,4,3,900,2700
65798,16458,1,2,1100,2200
65799,16459,8,3,1500,4500
65800,16459,1,3,1100,3300
65801,16459,2,2,1800,3600
65802,16459,3,2,2200,4400
65803,16460,3,3,2200,6600
65804,16460,4,2,900,1800
65805,16460,8,2,1500,3000
65806,16460,6,3,750,2250
65807,16460,7,3,3800,11400
65808,16461,8,3,1500,4500
65809,16461,2,2,1800,3600
65810,16461,4,3,900,2700
65811,16462,8,3,1500,4500
65812,16463,5,1,1600,1600
65813,16463,8,1,1500,1500
65814,16464,5,3,1600,4800
65815,16464,7,2,3800,7600
65816,16465,8,1,1500,1500
65817,16465,5,2,1600,3200
65818,16466,8,3,1500,4500
65819,16466,6,1,750,750
65820,16467,8,3,1500,4500
65821,16467,1,2,1100,2200
65822,16468,8,1,1500,1500
65823,16469,7,3,3800,11400
65824,16469,2,1,1800,1800
65825,16469,1,3,1100,3300
65826,16470,3,2,2200,4400
65827,16471,4,1,900,900
65828,16472,4,2,900,1800
65829,16472,3,3,2200,6600
65830,16473,6,1,750,750
65831,16474,8,1,1500,1500
65832,16474,2,3,1800,5400
65833,16475,3,3,2200,6600
65834,16476,3,3,2200,6600
65835,16476,2,2,1800,3600
65836,16476,5,2,1600,3200
65837,16476,4,1,900,900
65838,16477,2,3,1800,5400
65839,16478,8,3,1500,4500
65840,16478,2,3,1800,5400
65841,16478,7,3,3800,11400
65842,16479,1,3,1100,3300
65843,16479,8,2,1500,3000
65844,16479,5,2,1600,3200
65845,16480,5,3,1600,4800
65846,16480,1,3,1100,3300
65847,16480,6,3,750,2250
65848,16481,2,1,1800,1800
65849,16481,8,1,1500,1500
65850,16481,3,1,2200,2200
65851,16482,8,3,1500,4500
65852,16483,4,1,900,900
65853,16483,3,3,2200,6600
65854,16483,7,3,3800,11400
65855,16484,5,3,1600,4800
65856,16485,3,3,2200,6600
65857,16485,5,1,1600,1600
65858,16485,1,1,1100,1100
65859,16486,6,1,750,750
65860,16486,3,1,2200,2200
65861,16486,5,1,1600,1600
65862,16486,8,2,1500,3000
65863,16487,1,2,1100,2200
65864,16488,5,1,1600,1600
65865,16488,1,1,1100,1100
65866,16488,2,2,1800,3600
65867,16489,8,2,1500,3000
65868,16490,7,1,3800,3800
65869,16491,6,1,750,750
65870,16491,8,1,1500,1500
65871,16491,3,3,2200,6600
65872,16491,1,1,1100,1100
65873,16492,5,1,1600,1600
65874,16492,8,1,1500,1500
65875,16492,6,2,750,1500
65876,16492,3,1,2200,2200
65877,16493,5,3,1600,4800
65878,16493,6,3,750,2250
65879,16493,3,2,2200,4400
65880,16493,1,2,1100,2200
65881,16493,2,1,1800,1800
65882,16493,7,2,3800,7600
65883,16494,5,1,1600,1600
65884,16494,4,1,900,900
65885,16494,8,3,1500,4500
65886,16495,7,2,3800,7600
65887,16495,6,1,750,750
65888,16495,3,2,2200,4400
65889,16495,4,1,900,900
65890,16495,1,1,1100,1100
65891,16495,2,1,1800,1800
65892,16496,3,2,2200,4400
65893,16496,4,2,900,1800
65894,16496,7,1,3800,3800
65895,16496,6,2,750,1500
65896,16496,5,1,1600,1600
65897,16496,2,3,1800,5400
65898,16497,1,2,1100,2200
65899,16497,6,1,750,750
65900,16497,8,1,1500,1500
65901,16497,5,1,1600,1600
65902,16498,2,2,1800,3600
65903,16498,4,3,900,2700
65904,16498,3,3,2200,6600
65905,16498,6,2,750,1500
65906,16498,5,1,1600,1600
65907,16498,1,3,1100,3300
65908,16499,6,1,750,750
65909,16499,2,2,1800,3600
65910,16500,3,3,2200,6600
65911,16500,1,2,1100,2200
65912,16500,2,2,1800,3600
65913,16500,5,2,1600,3200
65914,16501,4,1,900,900
65915,16501,5,3,1600,4800
65916,16501,6,3,750,2250
65917,16501,2,1,1800,1800
65918,16501,8,1,1500,1500
65919,16502,3,3,2200,6600
65920,16502,8,2,1500,3000
65921,16503,4,1,900,900
65922,16504,5,2,1600,3200
65923,16505,5,2,1600,3200
65924,16506,8,1,1500,1500
65925,16506,7,1,3800,3800
65926,16506,1,1,1100,1100
65927,16506,3,1,2200,2200
65928,16506,2,3,1800,5400
65929,16507,1,3,1100,3300
65930,16507,3,3,2200,6600
65931,16508,7,3,3800,11400
65932,16508,3,1,2200,2200
65933,16508,8,2,1500,3000
65934,16508,4,1,900,900
65935,16509,8,2,1500,3000
65936,16510,7,3,3800,11400
65937,16510,1,2,1100,2200
65938,16510,8,2,1500,3000
65939,16511,4,3,900,2700
65940,16511,8,2,1500,3000
65941,16511,3,3,2200,6600
65942,16511,5,3,1600,4800
65943,16512,7,2,3800,7600
65944,16512,1,2,1100,2200
65945,16513,4,2,900,1800
65946,16513,3,2,2200,4400
65947,16514,2,3,1800,5400
65948,16514,8,3,1500,4500
65949,16514,1,1,1100,1100
65950,16515,2,2,1800,3600
65951,16516,4,3,900,2700
65952,16516,7,1,3800,3800
65953,16517,6,3,750,2250
65954,16517,3,2,2200,4400
65955,16518,3,3,2200,6600
65956,16519,8,3,1500,4500
65957,16520,3,3,2200,6600
65958,16521,4,1,900,900
65959,16521,5,3,1600,4800
65960,16521,2,1,1800,1800
65961,16521,1,3,1100,3300
65962,16522,5,3,1600,4800
65963,16522,3,1,2200,2200
65964,16522,6,3,750,2250
65965,16523,5,3,1600,4800
65966,16524,7,3,3800,11400
65967,16525,1,3,1100,3300
65968,16525,2,2,1800,3600
65969,16525,6,2,750,1500
65970,16525,4,2,900,1800
65971,16525,3,1,2200,2200
65972,16525,8,2,1500,3000
65973,16525,7,1,3800,3800
65974,16526,7,2,3800,7600
65975,16526,2,1,1800,1800
65976,16526,3,2,2200,4400
65977,16527,3,1,2200,2200
65978,16528,4,2,900,1800
65979,16528,6,2,750,1500
65980,16528,7,1,3800,3800
65981,16528,5,3,1600,4800
65982,16528,3,3,2200,6600
65983,16528,2,3,1800,5400
65984,16529,8,1,1500,1500
65985,16530,3,2,2200,4400
65986,16530,5,2,1600,3200
65987,16531,8,3,1500,4500
65988,16531,3,1,2200,2200
65989,16531,1,1,1100,1100
65990,16531,6,1,750,750
65991,16531,4,3,900,2700
65992,16531,5,1,1600,1600
65993,16531,2,1,1800,1800
65994,16532,1,3,1100,3300
65995,16533,7,1,3800,3800
65996,16533,6,2,750,1500
65997,16533,8,3,1500,4500
65998,16533,5,1,1600,1600
65999,16534,7,3,3800,11400
66000,16535,7,1,3800,3800
66001,16535,8,3,1500,4500
66002,16535,5,2,1600,3200
66003,16536,8,2,1500,3000
66004,16537,1,1,1100,1100
66005,16537,7,2,3800,7600
66006,16537,3,2,2200,4400
66007,16538,2,3,1800,5400
66008,16538,5,3,1600,4800
66009,16538,6,3,750,2250
66010,16538,8,1,1500,1500
66011,16539,3,3,2200,6600
66012,16539,2,1,1800,1800
66013,16539,5,1,1600,1600
66014,16540,6,3,750,2250
66015,16540,5,2,1600,3200
66016,16540,1,2,1100,2200
66017,16540,7,2,3800,7600
66018,16541,7,1,3800,3800
66019,16541,2,3,1800,5400
66020,16541,1,2,1100,2200
66021,16542,4,3,900,2700
66022,16542,8,1,1500,1500
66023,16542,2,1,1800,1800
66024,16543,6,1,750,750
66025,16543,1,1,1100,1100
66026,16543,8,2,1500,3000
66027,16543,3,3,2200,6600
66028,16544,4,1,900,900
66029,16544,6,3,750,2250
66030,16545,2,1,1800,1800
66031,16546,2,3,1800,5400
66032,16547,5,2,1600,3200
66033,16547,6,3,750,2250
66034,16547,3,3,2200,6600
66035,16548,3,2,2200,4400
66036,16548,8,1,1500,1500
66037,16548,7,1,3800,3800
66038,16549,7,2,3800,7600
66039,16550,3,3,2200,6600
66040,16550,1,1,1100,1100
66041,16550,2,1,1800,1800
66042,16550,4,2,900,1800
66043,16551,4,1,900,900
66044,16551,5,1,1600,1600
66045,16552,5,2,1600,3200
66046,16553,4,1,900,900
66047,16553,7,2,3800,7600
66048,16554,1,3,1100,3300
66049,16555,4,3,900,2700
66050,16555,6,1,750,750
66051,16556,8,3,1500,4500
66052,16557,8,1,1500,1500
66053,16557,5,3,1600,4800
66054,16557,3,2,2200,4400
66055,16558,4,3,900,2700
66056,16559,7,3,3800,11400
66057,16559,8,3,1500,4500
66058,16559,3,3,2200,6600
66059,16560,8,1,1500,1500
66060,16561,3,2,2200,4400
66061,16561,6,3,750,2250
66062,16562,4,3,900,2700
66063,16562,8,3,1500,4500
66064,16563,6,3,750,2250
66065,16563,8,3,1500,4500
66066,16563,2,2,1800,3600
66067,16563,7,3,3800,11400
66068,16564,5,1,1600,1600
66069,16564,3,1,2200,2200
66070,16565,7,1,3800,3800
66071,16565,1,1,1100,1100
66072,16565,5,2,1600,3200
66073,16566,4,1,900,900
66074,16567,2,3,1800,5400
66075,16568,7,3,3800,11400
66076,16568,3,3,2200,6600
66077,16569,5,2,1600,3200
66078,16570,5,1,1600,1600
66079,16571,2,1,1800,1800
66080,16571,6,1,750,750
66081,16571,4,1,900,900
66082,16571,1,1,1100,1100
66083,16571,8,2,1500,3000
66084,16572,6,1,750,750
66085,16572,5,2,1600,3200
66086,16573,1,2,1100,2200
66087,16574,7,3,3800,11400
66088,16574,1,1,1100,1100
66089,16574,5,3,1600,4800
66090,16575,3,3,2200,6600
66091,16576,8,1,1500,1500
66092,16576,4,2,900,1800
66093,16577,1,2,1100,2200
66094,16577,3,3,2200,6600
66095,16578,6,2,750,1500
66096,16578,5,2,1600,3200
66097,16578,4,2,900,1800
66098,16578,7,1,3800,3800
66099,16579,2,1,1800,1800
66100,16579,7,3,3800,11400
66101,16580,4,2,900,1800
66102,16581,5,1,1600,1600
66103,16581,8,1,1500,1500
66104,16582,6,2,750,1500
66105,16583,6,1,750,750
66106,16584,6,3,750,2250
66107,16584,2,1,1800,1800
66108,16584,5,1,1600,1600
66109,16585,2,3,1800,5400
66110,16585,8,3,1500,4500
66111,16585,4,3,900,2700
66112,16585,7,3,3800,11400
66113,16586,4,3,900,2700
66114,16587,5,2,1600,3200
66115,16587,8,1,1500,1500
66116,16588,2,1,1800,1800
66117,16588,3,1,2200,2200
66118,16588,1,3,1100,3300
66119,16589,6,1,750,750
66120,16589,3,1,2200,2200
66121,16590,2,2,1800,3600
66122,16590,5,2,1600,3200
66123,16590,4,2,900,1800
66124,16590,7,2,3800,7600
66125,16591,2,1,1800,1800
66126,16592,1,2,1100,2200
66127,16592,5,2,1600,3200
66128,16592,2,1,1800,1800
66129,16593,8,1,1500,1500
66130,16593,2,1,1800,1800
66131,16593,1,1,1100,1100
66132,16593,6,2,750,1500
66133,16593,7,3,3800,11400
66134,16594,4,2,900,1800
66135,16594,5,1,1600,1600
66136,16595,8,3,1500,4500
66137,16595,5,2,1600,3200
66138,16596,5,3,1600,4800
66139,16596,3,1,2200,2200
66140,16597,3,2,2200,4400
66141,16598,8,3,1500,4500
66142,16598,2,1,1800,1800
66143,16599,1,1,1100,1100
66144,16599,7,1,3800,3800
66145,16599,3,2,2200,4400
66146,16599,8,3,1500,4500
66147,16600,3,3,2200,6600
66148,16600,7,1,3800,3800
66149,16600,6,1,750,750
66150,16600,5,2,1600,3200
66151,16601,7,2,3800,7600
66152,16601,8,1,1500,1500
66153,16601,6,1,750,750
66154,16601,2,3,1800,5400
66155,16602,5,1,1600,1600
66156,16602,1,3,1100,3300
66157,16603,3,1,2200,2200
66158,16603,5,2,1600,3200
66159,16604,8,3,1500,4500
66160,16604,4,3,900,2700
66161,16605,4,3,900,2700
66162,16605,1,1,1100,1100
66163,16605,7,2,3800,7600
66164,16606,2,2,1800,3600
66165,16606,4,1,900,900
66166,16606,3,2,2200,4400
66167,16607,2,1,1800,1800
66168,16607,6,2,750,1500
66169,16607,4,2,900,1800
66170,16607,3,1,2200,2200
66171,16608,5,2,1600,3200
66172,16608,7,1,3800,3800
66173,16609,5,3,1600,4800
66174,16610,7,3,3800,11400
66175,16610,4,2,900,1800
66176,16610,3,2,2200,4400
66177,16611,7,1,3800,3800
66178,16612,1,3,1100,3300
66179,16612,5,2,1600,3200
66180,16612,7,2,3800,7600
66181,16612,4,2,900,1800
66182,16613,6,1,750,750
66183,16613,7,2,3800,7600
66184,16614,6,2,750,1500
66185,16614,7,3,3800,11400
66186,16614,1,2,1100,2200
66187,16614,3,1,2200,2200
66188,16615,4,1,900,900
66189,16615,5,3,1600,4800
66190,16615,1,1,1100,1100
66191,16616,8,1,1500,1500
66192,16616,7,2,3800,7600
66193,16617,4,1,900,900
66194,16617,7,1,3800,3800
66195,16617,3,1,2200,2200
66196,16617,5,1,1600,1600
66197,16617,2,2,1800,3600
66198,16617,6,3,750,2250
66199,16618,2,3,1800,5400
66200,16618,7,3,3800,11400
66201,16619,2,3,1800,5400
66202,16620,5,1,1600,1600
66203,16621,5,2,1600,3200
66204,16621,2,1,1800,1800
66205,16621,8,3,1500,4500
66206,16621,4,1,900,900
66207,16621,7,3,3800,11400
66208,16621,6,2,750,1500
66209,16622,1,2,1100,2200
66210,16623,2,1,1800,1800
66211,16623,5,3,1600,4800
66212,16624,6,1,750,750
66213,16624,1,1,1100,1100
66214,16624,4,2,900,1800
66215,16625,3,2,2200,4400
66216,16626,6,1,750,750
66217,16627,3,3,2200,6600
66218,16627,1,2,1100,2200
66219,16628,5,3,1600,4800
66220,16628,1,2,1100,2200
66221,16628,6,2,750,1500
66222,16628,7,1,3800,3800
66223,16628,3,1,2200,2200
66224,16628,8,1,1500,1500
66225,16628,4,1,900,900
66226,16628,2,1,1800,1800
66227,16629,6,2,750,1500
66228,16630,8,2,1500,3000
66229,16630,2,2,1800,3600
66230,16630,7,1,3800,3800
66231,16630,3,1,2200,2200
66232,16631,8,3,1500,4500
66233,16631,7,3,3800,11400
66234,16631,1,1,1100,1100
66235,16631,6,2,750,1500
66236,16632,4,2,900,1800
66237,16632,1,2,1100,2200
66238,16632,2,2,1800,3600
66239,16633,7,3,3800,11400
66240,16633,4,3,900,2700
66241,16633,1,2,1100,2200
66242,16634,2,1,1800,1800
66243,16634,7,2,3800,7600
66244,16634,1,3,1100,3300
66245,16635,1,2,1100,2200
66246,16635,3,2,2200,4400
66247,16635,2,1,1800,1800
66248,16636,4,3,900,2700
66249,16636,1,1,1100,1100
66250,16637,3,1,2200,2200
66251,16637,6,2,750,1500
66252,16638,3,3,2200,6600
66253,16638,6,1,750,750
66254,16639,4,1,900,900
66255,16640,4,2,900,1800
66256,16640,6,3,750,2250
66257,16640,3,3,2200,6600
66258,16641,8,1,1500,1500
66259,16642,4,3,900,2700
66260,16643,8,3,1500,4500
66261,16644,7,1,3800,3800
66262,16645,5,1,1600,1600
66263,16646,3,2,2200,4400
66264,16646,2,2,1800,3600
66265,16647,5,3,1600,4800
66266,16647,7,3,3800,11400
66267,16648,4,1,900,900
66268,16649,7,3,3800,11400
66269,16649,3,1,2200,2200
66270,16649,5,1,1600,1600
66271,16649,4,1,900,900
66272,16649,2,3,1800,5400
66273,16650,6,3,750,2250
66274,16650,2,1,1800,1800
66275,16651,6,1,750,750
66276,16651,3,3,2200,6600
66277,16651,8,3,1500,4500
66278,16652,6,1,750,750
66279,16652,2,3,1800,5400
66280,16652,3,1,2200,2200
66281,16652,1,3,1100,3300
66282,16653,1,3,1100,3300
66283,16653,3,2,2200,4400
66284,16653,6,3,750,2250
66285,16654,3,3,2200,6600
66286,16654,1,2,1100,2200
66287,16654,2,3,1800,5400
66288,16654,8,3,1500,4500
66289,16655,7,2,3800,7600
66290,16655,4,2,900,1800
66291,16655,6,1,750,750
66292,16655,2,2,1800,3600
66293,16656,7,1,3800,3800
66294,16656,2,1,1800,1800
66295,16657,4,1,900,900
66296,16658,7,1,3800,3800
66297,16658,5,1,1600,1600
66298,16658,6,1,750,750
66299,16658,2,3,1800,5400
66300,16659,8,3,1500,4500
66301,16660,7,3,3800,11400
66302,16661,8,2,1500,3000
66303,16661,1,1,1100,1100
66304,16661,5,2,1600,3200
66305,16661,7,1,3800,3800
66306,16661,2,2,1800,3600
66307,16662,1,2,1100,2200
66308,16663,3,3,2200,6600
66309,16663,1,1,1100,1100
66310,16664,3,2,2200,4400
66311,16664,4,1,900,900
66312,16664,8,3,1500,4500
66313,16664,1,2,1100,2200
66314,16664,2,2,1800,3600
66315,16665,7,1,3800,3800
66316,16665,2,1,1800,1800
66317,16665,8,1,1500,1500
66318,16665,6,3,750,2250
66319,16666,2,2,1800,3600
66320,16666,8,1,1500,1500
66321,16667,5,2,1600,3200
66322,16667,2,2,1800,3600
66323,16668,5,3,1600,4800
66324,16668,8,2,1500,3000
66325,16668,2,3,1800,5400
66326,16669,8,1,1500,1500
66327,16670,5,2,1600,3200
66328,16670,1,3,1100,3300
66329,16671,2,1,1800,1800
66330,16672,6,1,750,750
66331,16672,1,3,1100,3300
66332,16672,4,2,900,1800
66333,16672,8,1,1500,1500
66334,16672,2,3,1800,5400
66335,16672,7,3,3800,11400
66336,16673,1,2,1100,2200
66337,16673,5,1,1600,1600
66338,16673,3,2,2200,4400
66339,16673,7,1,3800,3800
66340,16674,8,1,1500,1500
66341,16674,4,2,900,1800
66342,16675,3,3,2200,6600
66343,16676,8,1,1500,1500
66344,16676,3,1,2200,2200
66345,16676,7,2,3800,7600
66346,16677,4,2,900,1800
66347,16678,5,3,1600,4800
66348,16678,1,3,1100,3300
66349,16679,4,3,900,2700
66350,16679,6,2,750,1500
66351,16679,3,1,2200,2200
66352,16680,3,1,2200,2200
66353,16680,4,1,900,900
66354,16681,8,1,1500,1500
66355,16682,4,1,900,900
66356,16683,2,2,1800,3600
66357,16683,3,3,2200,6600
66358,16684,5,2,1600,3200
66359,16684,4,3,900,2700
66360,16685,5,1,1600,1600
66361,16685,7,3,3800,11400
66362,16685,3,3,2200,6600
66363,16685,4,3,900,2700
66364,16685,1,2,1100,2200
66365,16685,8,3,1500,4500
66366,16686,1,2,1100,2200
66367,16687,5,3,1600,4800
66368,16688,3,2,2200,4400
66369,16688,2,1,1800,1800
66370,16689,8,3,1500,4500
66371,16689,7,2,3800,7600
66372,16690,3,2,2200,4400
66373,16690,6,1,750,750
66374,16690,4,3,900,2700
66375,16690,1,2,1100,2200
66376,16691,5,2,1600,3200
66377,16691,8,2,1500,3000
66378,16691,4,2,900,1800
66379,16692,7,2,3800,7600
66380,16692,3,3,2200,6600
66381,16692,6,2,750,1500
66382,16693,7,1,3800,3800
66383,16693,3,2,2200,4400
66384,16694,7,1,3800,3800
66385,16695,8,1,1500,1500
66386,16695,2,1,1800,1800
66387,16695,1,1,1100,1100
66388,16696,2,1,1800,1800
66389,16697,1,3,1100,3300
66390,16697,7,1,3800,3800
66391,16698,1,1,1100,1100
66392,16698,8,2,1500,3000
66393,16698,5,2,1600,3200
66394,16698,6,1,750,750
66395,16699,3,1,2200,2200
66396,16699,4,3,900,2700
66397,16699,2,3,1800,5400
66398,16699,7,1,3800,3800
66399,16700,7,2,3800,7600
66400,16700,6,1,750,750
66401,16701,8,3,1500,4500
66402,16701,6,1,750,750
66403,16701,2,1,1800,1800
66404,16701,3,1,2200,2200
66405,16702,2,2,1800,3600
66406,16702,8,3,1500,4500
66407,16702,6,3,750,2250
66408,16702,5,1,1600,1600
66409,16702,1,1,1100,1100
66410,16702,3,3,2200,6600
66411,16703,6,3,750,2250
66412,16704,2,1,1800,1800
66413,16704,5,3,1600,4800
66414,16704,3,3,2200,6600
66415,16704,6,2,750,1500
66416,16704,4,1,900,900
66417,16704,7,3,3800,11400
66418,16705,2,3,1800,5400
66419,16705,3,1,2200,2200
66420,16705,5,2,1600,3200
66421,16705,7,3,3800,11400
66422,16705,4,2,900,1800
66423,16706,2,2,1800,3600
66424,16707,4,1,900,900
66425,16707,8,1,1500,1500
66426,16707,3,1,2200,2200
66427,16707,5,2,1600,3200
66428,16708,2,3,1800,5400
66429,16709,3,2,2200,4400
66430,16710,5,2,1600,3200
66431,16710,3,3,2200,6600
66432,16711,6,3,750,2250
66433,16712,2,3,1800,5400
66434,16713,5,1,1600,1600
66435,16713,4,1,900,900
66436,16714,6,1,750,750
66437,16714,1,3,1100,3300
66438,16714,5,3,1600,4800
66439,16714,7,2,3800,7600
66440,16715,3,3,2200,6600
66441,16716,2,3,1800,5400
66442,16717,7,3,3800,11400
66443,16717,3,1,2200,2200
66444,16717,1,3,1100,3300
66445,16718,1,2,1100,2200
66446,16719,6,2,750,1500
66447,16720,4,1,900,900
66448,16720,1,2,1100,2200
66449,16720,7,1,3800,3800
66450,16720,8,3,1500,4500
66451,16721,2,1,1800,1800
66452,16721,4,1,900,900
66453,16721,7,1,3800,3800
66454,16722,4,1,900,900
66455,16722,7,3,3800,11400
66456,16723,7,3,3800,11400
66457,16723,5,2,1600,3200
66458,16723,3,2,2200,4400
66459,16724,5,2,1600,3200
66460,16724,6,1,750,750
66461,16724,7,3,3800,11400
66462,16724,2,2,1800,3600
66463,16725,6,1,750,750
66464,16725,4,2,900,1800
66465,16725,1,2,1100,2200
66466,16726,8,2,1500,3000
66467,16727,4,2,900,1800
66468,16727,2,1,1800,1800
66469,16727,1,2,1100,2200
66470,16727,3,2,2200,4400
66471,16728,7,3,3800,11400
66472,16728,2,1,1800,1800
66473,16728,8,3,1500,4500
66474,16729,6,3,750,2250
66475,16729,8,2,1500,3000
66476,16730,5,1,1600,1600
66477,16730,1,3,1100,3300
66478,16731,1,2,1100,2200
66479,16732,2,3,1800,5400
66480,16732,3,2,2200,4400
66481,16732,1,1,1100,1100
66482,16733,2,1,1800,1800
66483,16733,3,3,2200,6600
66484,16733,4,1,900,900
66485,16734,1,3,1100,3300
66486,16734,8,1,1500,1500
66487,16734,3,3,2200,6600
66488,16734,6,2,750,1500
66489,16735,7,3,3800,11400
66490,16736,6,3,750,2250
66491,16736,3,2,2200,4400
66492,16736,8,3,1500,4500
66493,16737,5,3,1600,4800
66494,16737,4,1,900,900
66495,16738,4,1,900,900
66496,16738,8,3,1500,4500
66497,16738,2,1,1800,1800
66498,16739,3,2,2200,4400
66499,16740,4,1,900,900
66500,16741,3,3,2200,6600
66501,16741,1,3,1100,3300
66502,16742,3,1,2200,2200
66503,16742,2,3,1800,5400
66504,16743,5,1,1600,1600
66505,16744,7,1,3800,3800
66506,16744,8,2,1500,3000
66507,16745,8,3,1500,4500
66508,16746,4,2,900,1800
66509,16746,5,3,1600,4800
66510,16747,2,3,1800,5400
66511,16748,5,2,1600,3200
66512,16748,8,2,1500,3000
66513,16748,7,2,3800,7600
66514,16748,4,3,900,2700
66515,16749,4,1,900,900
66516,16749,6,2,750,1500
66517,16750,7,1,3800,3800
66518,16750,6,3,750,2250
66519,16751,3,2,2200,4400
66520,16751,2,1,1800,1800
66521,16751,7,1,3800,3800
66522,16751,4,1,900,900
66523,16751,6,1,750,750
66524,16752,7,2,3800,7600
66525,16752,2,1,1800,1800
66526,16753,8,1,1500,1500
66527,16753,2,2,1800,3600
66528,16753,4,2,900,1800
66529,16754,4,1,900,900
66530,16754,3,2,2200,4400
66531,16755,5,3,1600,4800
66532,16755,3,1,2200,2200
66533,16756,4,3,900,2700
66534,16756,1,1,1100,1100
66535,16757,1,2,1100,2200
66536,16757,6,3,750,2250
66537,16757,3,3,2200,6600
66538,16757,4,3,900,2700
66539,16758,5,3,1600,4800
66540,16758,7,1,3800,3800
66541,16759,8,1,1500,1500
66542,16760,8,3,1500,4500
66543,16761,1,2,1100,2200
66544,16761,5,2,1600,3200
66545,16761,6,1,750,750
66546,16762,4,3,900,2700
66547,16762,2,3,1800,5400
66548,16762,7,3,3800,11400
66549,16762,6,2,750,1500
66550,16763,7,2,3800,7600
66551,16763,8,1,1500,1500
66552,16763,1,1,1100,1100
66553,16764,7,3,3800,11400
66554,16764,8,2,1500,3000
66555,16765,2,2,1800,3600
66556,16765,7,3,3800,11400
66557,16765,1,1,1100,1100
66558,16766,7,1,3800,3800
66559,16767,1,3,1100,3300
66560,16768,8,3,1500,4500
66561,16768,2,3,1800,5400
66562,16768,5,1,1600,1600
66563,16769,7,2,3800,7600
66564,16769,1,3,1100,3300
66565,16769,4,1,900,900
66566,16769,2,3,1800,5400
66567,16769,6,2,750,1500
66568,16769,5,2,1600,3200
66569,16770,5,2,1600,3200
66570,16770,7,1,3800,3800
66571,16770,1,1,1100,1100
66572,16771,2,2,1800,3600
66573,16771,3,1,2200,2200
66574,16772,1,2,1100,2200
66575,16772,4,3,900,2700
66576,16772,7,3,3800,11400
66577,16772,6,2,750,1500
66578,16773,1,1,1100,1100
66579,16774,6,3,750,2250
66580,16774,7,2,3800,7600
66581,16774,4,3,900,2700
66582,16774,1,3,1100,3300
66583,16774,5,1,1600,1600
66584,16774,8,1,1500,1500
66585,16774,3,2,2200,4400
66586,16775,4,3,900,2700
66587,16776,2,2,1800,3600
66588,16776,6,2,750,1500
66589,16776,4,2,900,1800
66590,16776,7,1,3800,3800
66591,16777,1,3,1100,3300
66592,16778,6,2,750,1500
66593,16778,5,2,1600,3200
66594,16778,8,1,1500,1500
66595,16778,3,1,2200,2200
66596,16778,1,1,1100,1100
66597,16779,1,3,1100,3300
66598,16779,4,1,900,900
66599,16780,3,2,2200,4400
66600,16781,5,1,1600,1600
66601,16781,8,2,1500,3000
66602,16782,7,2,3800,7600
66603,16783,6,3,750,2250
66604,16783,5,3,1600,4800
66605,16783,1,1,1100,1100
66606,16784,4,1,900,900
66607,16785,2,2,1800,3600
66608,16785,7,1,3800,3800
66609,16785,8,1,1500,1500
66610,16786,4,3,900,2700
66611,16786,7,1,3800,3800
66612,16786,6,1,750,750
66613,16787,1,3,1100,3300
66614,16787,6,2,750,1500
66615,16787,8,1,1500,1500
66616,16787,7,3,3800,11400
66617,16788,8,3,1500,4500
66618,16788,7,1,3800,3800
66619,16789,6,2,750,1500
66620,16789,1,2,1100,2200
66621,16790,2,1,1800,1800
66622,16790,1,1,1100,1100
66623,16790,7,3,3800,11400
66624,16790,8,2,1500,3000
66625,16791,2,1,1800,1800
66626,16791,4,1,900,900
66627,16791,8,2,1500,3000
66628,16791,7,2,3800,7600
66629,16792,3,2,2200,4400
66630,16793,7,1,3800,3800
66631,16793,5,1,1600,1600
66632,16793,2,1,1800,1800
66633,16793,1,2,1100,2200
66634,16794,4,3,900,2700
66635,16794,7,3,3800,11400
66636,16795,3,1,2200,2200
66637,16795,7,1,3800,3800
66638,16796,1,1,1100,1100
66639,16797,3,2,2200,4400
66640,16798,1,1,1100,1100
66641,16798,3,3,2200,6600
66642,16798,4,1,900,900
66643,16798,7,3,3800,11400
66644,16799,3,3,2200,6600
66645,16799,4,2,900,1800
66646,16799,5,3,1600,4800
66647,16800,8,2,1500,3000
66648,16800,2,2,1800,3600
66649,16800,3,3,2200,6600
66650,16800,6,1,750,750
66651,16801,4,1,900,900
66652,16801,1,3,1100,3300
66653,16801,7,3,3800,11400
66654,16802,6,3,750,2250
66655,16802,4,1,900,900
66656,16802,2,2,1800,3600
66657,16802,8,3,1500,4500
66658,16802,5,1,1600,1600
66659,16803,4,3,900,2700
66660,16803,3,1,2200,2200
66661,16804,4,2,900,1800
66662,16804,8,2,1500,3000
66663,16805,5,3,1600,4800
66664,16806,5,3,1600,4800
66665,16806,1,3,1100,3300
66666,16807,6,2,750,1500
66667,16807,8,2,1500,3000
66668,16807,3,1,2200,2200
66669,16807,1,3,1100,3300
66670,16808,4,2,900,1800
66671,16808,2,3,1800,5400
66672,16808,3,2,2200,4400
66673,16808,1,2,1100,2200
66674,16808,7,2,3800,7600
66675,16809,1,2,1100,2200
66676,16809,5,2,1600,3200
66677,16809,7,1,3800,3800
66678,16810,2,2,1800,3600
66679,16810,5,2,1600,3200
66680,16810,7,1,3800,3800
66681,16810,4,1,900,900
66682,16811,3,1,2200,2200
66683,16812,7,1,3800,3800
66684,16812,2,2,1800,3600
66685,16812,1,1,1100,1100
66686,16812,6,3,750,2250
66687,16813,6,3,750,2250
66688,16813,1,3,1100,3300
66689,16813,2,3,1800,5400
66690,16813,4,3,900,2700
66691,16813,5,2,1600,3200
66692,16814,5,3,1600,4800
66693,16814,4,2,900,1800
66694,16814,8,2,1500,3000
66695,16814,1,1,1100,1100
66696,16815,6,1,750,750
66697,16815,1,3,1100,3300
66698,16815,5,1,1600,1600
66699,16816,6,3,750,2250
66700,16816,3,2,2200,4400
66701,16816,7,1,3800,3800
66702,16816,4,2,900,1800
66703,16816,8,3,1500,4500
66704,16816,5,2,1600,3200
66705,16816,2,2,1800,3600
66706,16817,7,2,3800,7600
66707,16818,4,2,900,1800
66708,16819,2,3,1800,5400
66709,16819,8,3,1500,4500
66710,16819,5,3,1600,4800
66711,16819,6,3,750,2250
66712,16820,3,3,2200,6600
66713,16820,4,3,900,2700
66714,16821,4,1,900,900
66715,16821,5,2,1600,3200
66716,16821,1,2,1100,2200
66717,16822,1,1,1100,1100
66718,16822,8,1,1500,1500
66719,16822,2,2,1800,3600
66720,16823,8,1,1500,1500
66721,16824,8,1,1500,1500
66722,16825,5,3,1600,4800
66723,16825,3,2,2200,4400
66724,16825,8,2,1500,3000
66725,16825,6,3,750,2250
66726,16826,7,2,3800,7600
66727,16826,8,2,1500,3000
66728,16826,2,1,1800,1800
66729,16826,5,3,1600,4800
66730,16826,4,2,900,1800
66731,16827,4,3,900,2700
66732,16827,3,1,2200,2200
66733,16828,8,3,1500,4500
66734,16828,7,1,3800,3800
66735,16828,5,2,1600,3200
66736,16829,6,3,750,2250
66737,16829,2,2,1800,3600
66738,16830,6,3,750,2250
66739,16831,1,3,1100,3300
66740,16832,2,2,1800,3600
66741,16832,3,2,2200,4400
66742,16832,8,3,1500,4500
66743,16833,1,1,1100,1100
66744,16833,6,1,750,750
66745,16833,5,3,1600,4800
66746,16834,4,1,900,900
66747,16835,1,2,1100,2200
66748,16836,5,3,1600,4800
66749,16836,2,3,1800,5400
66750,16836,4,1,900,900
66751,16837,3,2,2200,4400
66752,16837,2,1,1800,1800
66753,16837,1,3,1100,3300
66754,16838,7,3,3800,11400
66755,16838,1,2,1100,2200
66756,16838,4,1,900,900
66757,16838,6,2,750,1500
66758,16839,7,3,3800,11400
66759,16839,2,1,1800,1800
66760,16839,8,1,1500,1500
66761,16839,6,2,750,1500
66762,16839,3,2,2200,4400
66763,16840,4,3,900,2700
66764,16841,7,3,3800,11400
66765,16842,1,3,1100,3300
66766,16843,8,2,1500,3000
66767,16844,8,2,1500,3000
66768,16844,6,3,750,2250
66769,16844,3,2,2200,4400
66770,16844,7,1,3800,3800
66771,16844,5,2,1600,3200
66772,16844,1,3,1100,3300
66773,16845,7,2,3800,7600
66774,16845,3,2,2200,4400
66775,16846,7,3,3800,11400
66776,16847,3,1,2200,2200
66777,16847,6,1,750,750
66778,16848,5,2,1600,3200
66779,16848,1,3,1100,3300
66780,16849,6,1,750,750
66781,16849,4,3,900,2700
66782,16849,8,3,1500,4500
66783,16849,1,3,1100,3300
66784,16850,6,2,750,1500
66785,16850,3,2,2200,4400
66786,16851,7,2,3800,7600
66787,16851,4,1,900,900
66788,16852,1,3,1100,3300
66789,16852,7,3,3800,11400
66790,16852,3,3,2200,6600
66791,16852,5,2,1600,3200
66792,16853,2,3,1800,5400
66793,16854,4,2,900,1800
66794,16855,3,3,2200,6600
66795,16855,8,3,1500,4500
66796,16855,1,3,1100,3300
66797,16855,7,2,3800,7600
66798,16855,4,1,900,900
66799,16856,7,3,3800,11400
66800,16856,3,1,2200,2200
66801,16856,4,3,900,2700
66802,16857,6,2,750,1500
66803,16858,8,3,1500,4500
66804,16858,5,2,1600,3200
66805,16858,4,1,900,900
66806,16859,5,3,1600,4800
66807,16859,3,1,2200,2200
66808,16860,6,2,750,1500
66809,16860,8,1,1500,1500
66810,16860,1,3,1100,3300
66811,16860,2,1,1800,1800
66812,16860,4,3,900,2700
66813,16860,3,1,2200,2200
66814,16860,7,1,3800,3800
66815,16860,5,3,1600,4800
66816,16861,7,1,3800,3800
66817,16861,6,2,750,1500
66818,16861,2,3,1800,5400
66819,16861,1,3,1100,3300
66820,16862,7,3,3800,11400
66821,16862,1,3,1100,3300
66822,16862,2,2,1800,3600
66823,16862,8,3,1500,4500
66824,16863,2,2,1800,3600
66825,16863,4,1,900,900
66826,16863,1,1,1100,1100
66827,16863,8,1,1500,1500
66828,16863,6,2,750,1500
66829,16864,8,1,1500,1500
66830,16864,5,3,1600,4800
66831,16865,6,3,750,2250
66832,16865,1,2,1100,2200
66833,16865,4,2,900,1800
66834,16865,8,2,1500,3000
66835,16865,3,2,2200,4400
66836,16866,8,1,1500,1500
66837,16867,4,3,900,2700
66838,16868,3,2,2200,4400
66839,16868,5,1,1600,1600
66840,16868,2,1,1800,1800
66841,16868,8,2,1500,3000
66842,16869,8,1,1500,1500
66843,16869,2,3,1800,5400
66844,16869,6,1,750,750
66845,16870,8,1,1500,1500
66846,16870,6,2,750,1500
66847,16870,7,3,3800,11400
66848,16871,2,1,1800,1800
66849,16871,8,1,1500,1500
66850,16872,4,3,900,2700
66851,16873,1,2,1100,2200
66852,16873,8,3,1500,4500
66853,16873,6,1,750,750
66854,16874,7,1,3800,3800
66855,16875,3,2,2200,4400
66856,16876,2,3,1800,5400
66857,16876,7,3,3800,11400
66858,16876,1,1,1100,1100
66859,16877,6,1,750,750
66860,16878,6,3,750,2250
66861,16879,2,3,1800,5400
66862,16880,2,2,1800,3600
66863,16881,2,1,1800,1800
66864,16881,8,1,1500,1500
66865,16881,7,1,3800,3800
66866,16882,4,2,900,1800
66867,16883,2,2,1800,3600
66868,16884,3,3,2200,6600
66869,16884,2,3,1800,5400
66870,16885,2,3,1800,5400
66871,16885,5,2,1600,3200
66872,16885,8,3,1500,4500
66873,16886,4,1,900,900
66874,16886,8,1,1500,1500
66875,16886,5,2,1600,3200
66876,16887,4,1,900,900
66877,16887,1,2,1100,2200
66878,16888,2,1,1800,1800
66879,16888,3,2,2200,4400
66880,16888,4,2,900,1800
66881,16889,1,1,1100,1100
66882,16889,2,2,1800,3600
66883,16889,3,1,2200,2200
66884,16890,5,2,1600,3200
66885,16890,7,3,3800,11400
66886,16890,8,1,1500,1500
66887,16891,5,1,1600,1600
66888,16891,4,2,900,1800
66889,16891,1,2,1100,2200
66890,16892,1,1,1100,1100
66891,16892,6,2,750,1500
66892,16893,7,1,3800,3800
66893,16893,8,2,1500,3000
66894,16893,4,1,900,900
66895,16894,1,1,1100,1100
66896,16895,3,3,2200,6600
66897,16896,3,2,2200,4400
66898,16896,7,1,3800,3800
66899,16896,4,3,900,2700
66900,16897,5,3,1600,4800
66901,16898,8,1,1500,1500
66902,16898,7,1,3800,3800
66903,16899,6,1,750,750
66904,16899,2,2,1800,3600
66905,16900,4,3,900,2700
66906,16900,2,1,1800,1800
66907,16900,5,3,1600,4800
66908,16900,6,1,750,750
66909,16901,8,1,1500,1500
66910,16901,3,1,2200,2200
66911,16901,1,2,1100,2200
66912,16902,6,3,750,2250
66913,16903,3,2,2200,4400
66914,16904,1,1,1100,1100
66915,16904,7,3,3800,11400
66916,16905,2,1,1800,1800
66917,16905,3,1,2200,2200
66918,16906,4,2,900,1800
66919,16906,2,1,1800,1800
66920,16906,7,3,3800,11400
66921,16907,2,2,1800,3600
66922,16908,4,2,900,1800
66923,16908,8,1,1500,1500
66924,16909,7,1,3800,3800
66925,16909,2,1,1800,1800
66926,16910,8,2,1500,3000
66927,16910,2,3,1800,5400
66928,16911,1,1,1100,1100
66929,16911,5,1,1600,1600
66930,16911,7,2,3800,7600
66931,16911,2,3,1800,5400
66932,16911,3,3,2200,6600
66933,16912,1,2,1100,2200
66934,16912,2,2,1800,3600
66935,16913,3,1,2200,2200
66936,16913,7,3,3800,11400
66937,16913,5,1,1600,1600
66938,16914,5,3,1600,4800
66939,16914,1,1,1100,1100
66940,16915,5,2,1600,3200
66941,16915,3,1,2200,2200
66942,16915,6,1,750,750
66943,16915,4,3,900,2700
66944,16916,1,2,1100,2200
66945,16916,4,3,900,2700
66946,16917,4,2,900,1800
66947,16918,5,2,1600,3200
66948,16918,6,1,750,750
66949,16918,7,2,3800,7600
66950,16918,2,2,1800,3600
66951,16918,8,1,1500,1500
66952,16919,3,2,2200,4400
66953,16919,5,3,1600,4800
66954,16919,2,3,1800,5400
66955,16920,1,2,1100,2200
66956,16920,2,2,1800,3600
66957,16921,3,3,2200,6600
66958,16921,7,2,3800,7600
66959,16921,2,2,1800,3600
66960,16921,6,3,750,2250
66961,16921,5,2,1600,3200
66962,16922,8,3,1500,4500
66963,16923,3,1,2200,2200
66964,16923,7,1,3800,3800
66965,16923,4,2,900,1800
66966,16923,5,2,1600,3200
66967,16924,4,2,900,1800
66968,16924,5,2,1600,3200
66969,16924,6,1,750,750
66970,16924,3,1,2200,2200
66971,16925,6,2,750,1500
66972,16925,3,2,2200,4400
66973,16926,1,2,1100,2200
66974,16926,4,2,900,1800
66975,16926,6,3,750,2250
66976,16927,1,1,1100,1100
66977,16927,3,2,2200,4400
66978,16927,2,3,1800,5400
66979,16927,6,3,750,2250
66980,16928,4,2,900,1800
66981,16929,8,1,1500,1500
66982,16929,2,1,1800,1800
66983,16929,1,3,1100,3300
66984,16929,4,2,900,1800
66985,16930,2,3,1800,5400
66986,16930,5,1,1600,1600
66987,16930,7,3,3800,11400
66988,16931,5,3,1600,4800
66989,16932,5,2,1600,3200
66990,16932,3,1,2200,2200
66991,16933,8,3,1500,4500
66992,16934,2,1,1800,1800
66993,16934,1,1,1100,1100
66994,16935,5,1,1600,1600
66995,16935,4,3,900,2700
66996,16936,5,2,1600,3200
66997,16937,7,1,3800,3800
66998,16937,4,2,900,1800
66999,16938,3,2,2200,4400
67000,16938,2,2,1800,3600
67001,16939,3,3,2200,6600
67002,16939,6,2,750,1500
67003,16939,1,2,1100,2200
67004,16939,7,3,3800,11400
67005,16940,2,3,1800,5400
67006,16941,7,3,3800,11400
67007,16941,4,2,900,1800
67008,16941,1,1,1100,1100
67009,16942,4,1,900,900
67010,16942,8,1,1500,1500
67011,16942,7,2,3800,7600
67012,16943,4,2,900,1800
67013,16943,5,3,1600,4800
67014,16944,7,1,3800,3800
67015,16944,4,3,900,2700
67016,16945,3,2,2200,4400
67017,16945,2,1,1800,1800
67018,16945,4,1,900,900
67019,16946,4,1,900,900
67020,16946,6,3,750,2250
67021,16946,8,2,1500,3000
67022,16947,8,1,1500,1500
67023,16948,3,2,2200,4400
67024,16948,5,2,1600,3200
67025,16948,2,1,1800,1800
67026,16949,2,2,1800,3600
67027,16949,4,2,900,1800
67028,16950,8,1,1500,1500
67029,16950,7,2,3800,7600
67030,16950,1,1,1100,1100
67031,16950,4,1,900,900
67032,16950,5,1,1600,1600
67033,16951,8,3,1500,4500
67034,16952,3,2,2200,4400
67035,16952,6,1,750,750
67036,16952,4,3,900,2700
67037,16952,1,2,1100,2200
67038,16952,8,1,1500,1500
67039,16953,4,1,900,900
67040,16953,5,1,1600,1600
67041,16953,3,2,2200,4400
67042,16954,2,3,1800,5400
67043,16954,5,2,1600,3200
67044,16954,3,2,2200,4400
67045,16954,8,2,1500,3000
67046,16955,7,3,3800,11400
67047,16955,3,2,2200,4400
67048,16956,7,3,3800,11400
67049,16956,3,1,2200,2200
67050,16957,3,1,2200,2200
67051,16957,7,3,3800,11400
67052,16958,4,1,900,900
67053,16958,6,3,750,2250
67054,16958,5,3,1600,4800
67055,16958,3,3,2200,6600
67056,16958,8,3,1500,4500
67057,16958,7,2,3800,7600
67058,16958,1,1,1100,1100
67059,16958,2,2,1800,3600
67060,16959,4,1,900,900
67061,16959,2,3,1800,5400
67062,16959,1,1,1100,1100
67063,16960,3,1,2200,2200
67064,16960,4,2,900,1800
67065,16960,5,2,1600,3200
67066,16961,5,2,1600,3200
67067,16961,7,2,3800,7600
67068,16961,3,3,2200,6600
67069,16962,7,2,3800,7600
67070,16963,5,2,1600,3200
67071,16964,4,3,900,2700
67072,16965,2,3,1800,5400
67073,16965,7,3,3800,11400
67074,16965,1,1,1100,1100
67075,16966,6,1,750,750
67076,16966,5,1,1600,1600
67077,16967,3,3,2200,6600
67078,16967,6,1,750,750
67079,16967,7,2,3800,7600
67080,16968,5,1,1600,1600
67081,16968,4,1,900,900
67082,16968,3,3,2200,6600
67083,16968,6,2,750,1500
67084,16969,8,3,1500,4500
67085,16970,1,2,1100,2200
67086,16971,2,1,1800,1800
67087,16971,7,1,3800,3800
67088,16971,5,3,1600,4800
67089,16972,7,3,3800,11400
67090,16972,6,1,750,750
67091,16973,4,1,900,900
67092,16974,5,1,1600,1600
67093,16974,2,2,1800,3600
67094,16975,5,3,1600,4800
67095,16975,1,2,1100,2200
67096,16975,4,2,900,1800
67097,16976,5,2,1600,3200
67098,16976,3,1,2200,2200
67099,16976,4,3,900,2700
67100,16977,1,2,1100,2200
67101,16978,8,2,1500,3000
67102,16978,1,1,1100,1100
67103,16979,4,3,900,2700
67104,16979,8,1,1500,1500
67105,16979,6,2,750,1500
67106,16980,6,3,750,2250
67107,16980,8,1,1500,1500
67108,16980,1,3,1100,3300
67109,16980,3,3,2200,6600
67110,16981,4,3,900,2700
67111,16981,1,2,1100,2200
67112,16982,1,2,1100,2200
67113,16983,6,2,750,1500
67114,16984,7,3,3800,11400
67115,16984,4,1,900,900
67116,16985,3,3,2200,6600
67117,16986,1,2,1100,2200
67118,16986,4,2,900,1800
67119,16986,7,3,3800,11400
67120,16986,8,2,1500,3000
67121,16987,5,2,1600,3200
67122,16987,3,3,2200,6600
67123,16988,8,3,1500,4500
67124,16988,5,1,1600,1600
67125,16988,7,1,3800,3800
67126,16988,6,2,750,1500
67127,16988,3,3,2200,6600
67128,16988,2,3,1800,5400
67129,16989,8,1,1500,1500
67130,16989,6,3,750,2250
67131,16990,4,2,900,1800
67132,16990,7,1,3800,3800
67133,16991,5,1,1600,1600
67134,16991,4,1,900,900
67135,16991,7,1,3800,3800
67136,16991,6,1,750,750
67137,16992,2,1,1800,1800
67138,16992,4,3,900,2700
67139,16993,5,2,1600,3200
67140,16993,1,2,1100,2200
67141,16993,4,2,900,1800
67142,16994,8,1,1500,1500
67143,16994,6,3,750,2250
67144,16995,2,1,1800,1800
67145,16996,5,3,1600,4800
67146,16996,8,3,1500,4500
67147,16996,2,3,1800,5400
67148,16997,5,3,1600,4800
67149,16997,2,1,1800,1800
67150,16997,6,1,750,750
67151,16997,4,1,900,900
67152,16997,7,3,3800,11400
67153,16998,5,2,1600,3200
67154,16998,8,1,1500,1500
67155,16999,4,1,900,900
67156,16999,1,1,1100,1100
67157,16999,8,1,1500,1500
67158,16999,3,2,2200,4400
67159,17000,2,1,1800,1800
67160,17000,4,2,900,1800
67161,17000,1,1,1100,1100
67162,17000,3,3,2200,6600
67163,17000,5,2,1600,3200
67164,17001,5,1,1600,1600
67165,17002,3,2,2200,4400
67166,17003,6,2,750,1500
67167,17003,8,2,1500,3000
67168,17003,1,2,1100,2200
67169,17003,2,3,1800,5400
67170,17003,3,1,2200,2200
67171,17004,3,1,2200,2200
67172,17004,6,3,750,2250
67173,17004,1,2,1100,2200
67174,17005,4,2,900,1800
67175,17005,2,3,1800,5400
67176,17006,8,1,1500,1500
67177,17006,7,2,3800,7600
67178,17006,4,1,900,900
67179,17007,3,2,2200,4400
67180,17007,2,2,1800,3600
67181,17008,3,1,2200,2200
67182,17008,5,3,1600,4800
67183,17008,2,3,1800,5400
67184,17008,4,3,900,2700
67185,17008,8,1,1500,1500
67186,17009,2,1,1800,1800
67187,17010,5,3,1600,4800
67188,17010,6,2,750,1500
67189,17011,4,1,900,900
67190,17012,4,3,900,2700
67191,17012,3,2,2200,4400
67192,17012,8,1,1500,1500
67193,17012,6,3,750,2250
67194,17012,7,1,3800,3800
67195,17013,2,1,1800,1800
67196,17013,4,1,900,900
67197,17014,4,3,900,2700
67198,17014,1,1,1100,1100
67199,17015,3,3,2200,6600
67200,17015,4,2,900,1800
67201,17015,2,3,1800,5400
67202,17016,5,2,1600,3200
67203,17017,7,2,3800,7600
67204,17017,8,3,1500,4500
67205,17018,4,1,900,900
67206,17018,5,1,1600,1600
67207,17018,7,2,3800,7600
67208,17019,7,1,3800,3800
67209,17019,6,3,750,2250
67210,17020,7,1,3800,3800
67211,17020,6,2,750,1500
67212,17020,3,2,2200,4400
67213,17020,4,3,900,2700
67214,17021,4,1,900,900
67215,17021,8,2,1500,3000
67216,17021,6,1,750,750
67217,17022,6,1,750,750
67218,17022,4,1,900,900
67219,17022,2,1,1800,1800
67220,17022,8,2,1500,3000
67221,17022,3,1,2200,2200
67222,17023,2,1,1800,1800
67223,17023,5,3,1600,4800
67224,17023,4,3,900,2700
67225,17023,1,2,1100,2200
67226,17024,6,2,750,1500
67227,17024,4,1,900,900
67228,17024,5,2,1600,3200
67229,17024,2,3,1800,5400
67230,17025,5,2,1600,3200
67231,17026,2,2,1800,3600
67232,17027,4,3,900,2700
67233,17028,8,1,1500,1500
67234,17028,6,1,750,750
67235,17029,6,2,750,1500
67236,17029,5,1,1600,1600
67237,17030,8,1,1500,1500
67238,17030,4,1,900,900
67239,17030,5,3,1600,4800
67240,17030,6,1,750,750
67241,17031,7,1,3800,3800
67242,17031,5,3,1600,4800
67243,17031,3,1,2200,2200
67244,17032,3,2,2200,4400
67245,17032,2,3,1800,5400
67246,17033,1,1,1100,1100
67247,17033,6,2,750,1500
67248,17033,7,2,3800,7600
67249,17034,8,3,1500,4500
67250,17035,8,3,1500,4500
67251,17036,1,2,1100,2200
67252,17037,4,2,900,1800
67253,17037,2,3,1800,5400
67254,17038,5,1,1600,1600
67255,17039,3,3,2200,6600
67256,17039,4,2,900,1800
67257,17039,5,2,1600,3200
67258,17040,2,3,1800,5400
67259,17040,7,2,3800,7600
67260,17040,8,1,1500,1500
67261,17041,4,1,900,900
67262,17041,2,3,1800,5400
67263,17041,5,2,1600,3200
67264,17041,1,3,1100,3300
67265,17041,8,3,1500,4500
67266,17042,5,2,1600,3200
67267,17043,2,3,1800,5400
67268,17043,5,1,1600,1600
67269,17043,6,1,750,750
67270,17043,4,2,900,1800
67271,17044,3,3,2200,6600
67272,17045,7,1,3800,3800
67273,17045,2,2,1800,3600
67274,17045,3,3,2200,6600
67275,17046,2,1,1800,1800
67276,17046,1,2,1100,2200
67277,17047,4,3,900,2700
67278,17047,8,3,1500,4500
67279,17047,7,3,3800,11400
67280,17048,2,2,1800,3600
67281,17049,8,3,1500,4500
67282,17049,6,2,750,1500
67283,17049,1,2,1100,2200
67284,17049,5,3,1600,4800
67285,17050,6,2,750,1500
67286,17050,7,1,3800,3800
67287,17051,3,3,2200,6600
67288,17052,6,1,750,750
67289,17052,5,3,1600,4800
67290,17052,4,3,900,2700
67291,17052,8,1,1500,1500
67292,17052,2,3,1800,5400
67293,17053,2,2,1800,3600
67294,17053,7,2,3800,7600
67295,17054,6,1,750,750
67296,17054,1,1,1100,1100
67297,17054,5,1,1600,1600
67298,17055,5,3,1600,4800
67299,17056,3,2,2200,4400
67300,17057,1,3,1100,3300
67301,17057,2,2,1800,3600
67302,17057,3,2,2200,4400
67303,17058,1,2,1100,2200
67304,17058,8,3,1500,4500
67305,17058,3,3,2200,6600
67306,17059,7,3,3800,11400
67307,17059,2,3,1800,5400
67308,17060,7,3,3800,11400
67309,17060,1,3,1100,3300
67310,17061,3,2,2200,4400
67311,17061,1,3,1100,3300
67312,17062,7,2,3800,7600
67313,17062,4,2,900,1800
67314,17062,5,3,1600,4800
67315,17062,6,2,750,1500
67316,17063,7,3,3800,11400
67317,17063,4,3,900,2700
67318,17063,6,1,750,750
67319,17063,8,2,1500,3000
67320,17064,2,2,1800,3600
67321,17064,1,2,1100,2200
67322,17064,7,3,3800,11400
67323,17065,3,3,2200,6600
67324,17065,6,2,750,1500
67325,17066,5,2,1600,3200
67326,17067,6,3,750,2250
67327,17067,1,3,1100,3300
67328,17068,8,1,1500,1500
67329,17068,5,1,1600,1600
67330,17068,2,2,1800,3600
67331,17068,4,3,900,2700
67332,17068,6,2,750,1500
67333,17069,3,3,2200,6600
67334,17069,7,1,3800,3800
67335,17069,2,1,1800,1800
67336,17069,6,2,750,1500
67337,17070,1,2,1100,2200
67338,17070,5,2,1600,3200
67339,17070,3,1,2200,2200
67340,17071,4,1,900,900
67341,17071,8,2,1500,3000
67342,17071,1,3,1100,3300
67343,17071,6,3,750,2250
67344,17071,7,1,3800,3800
67345,17072,6,2,750,1500
67346,17072,5,1,1600,1600
67347,17073,7,2,3800,7600
67348,17073,8,3,1500,4500
67349,17074,5,2,1600,3200
67350,17075,3,1,2200,2200
67351,17075,4,3,900,2700
67352,17075,7,2,3800,7600
67353,17075,1,1,1100,1100
67354,17076,2,2,1800,3600
67355,17076,1,3,1100,3300
67356,17076,6,2,750,1500
67357,17077,8,3,1500,4500
67358,17078,2,2,1800,3600
67359,17078,5,3,1600,4800
67360,17078,8,3,1500,4500
67361,17079,8,3,1500,4500
67362,17080,7,2,3800,7600
67363,17080,4,2,900,1800
67364,17080,6,2,750,1500
67365,17080,2,1,1800,1800
67366,17080,8,1,1500,1500
67367,17080,1,2,1100,2200
67368,17080,5,3,1600,4800
67369,17081,6,1,750,750
67370,17082,6,2,750,1500
67371,17082,1,3,1100,3300
67372,17082,7,3,3800,11400
67373,17082,3,1,2200,2200
67374,17082,8,3,1500,4500
67375,17083,3,3,2200,6600
67376,17083,5,3,1600,4800
67377,17084,8,3,1500,4500
67378,17085,1,3,1100,3300
67379,17085,2,1,1800,1800
67380,17085,5,1,1600,1600
67381,17085,3,1,2200,2200
67382,17085,7,3,3800,11400
67383,17086,5,2,1600,3200
67384,17086,2,2,1800,3600
67385,17087,1,2,1100,2200
67386,17087,4,3,900,2700
67387,17087,2,1,1800,1800
67388,17088,5,1,1600,1600
67389,17088,6,1,750,750
67390,17088,8,1,1500,1500
67391,17088,4,1,900,900
67392,17089,3,1,2200,2200
67393,17090,1,2,1100,2200
67394,17090,8,1,1500,1500
67395,17091,8,2,1500,3000
67396,17091,5,3,1600,4800
67397,17092,7,2,3800,7600
67398,17092,5,2,1600,3200
67399,17092,6,3,750,2250
67400,17092,3,3,2200,6600
67401,17093,7,1,3800,3800
67402,17094,8,2,1500,3000
67403,17094,4,1,900,900
67404,17094,6,2,750,1500
67405,17094,7,1,3800,3800
67406,17094,1,1,1100,1100
67407,17095,6,2,750,1500
67408,17096,2,2,1800,3600
67409,17096,3,2,2200,4400
67410,17097,8,3,1500,4500
67411,17098,7,2,3800,7600
67412,17099,1,3,1100,3300
67413,17099,4,3,900,2700
67414,17099,3,1,2200,2200
67415,17100,7,3,3800,11400
67416,17101,7,2,3800,7600
67417,17101,5,1,1600,1600
67418,17101,3,1,2200,2200
67419,17101,6,1,750,750
67420,17102,7,3,3800,11400
67421,17102,1,2,1100,2200
67422,17102,4,3,900,2700
67423,17103,8,3,1500,4500
67424,17103,2,3,1800,5400
67425,17103,6,1,750,750
67426,17104,7,3,3800,11400
67427,17104,3,1,2200,2200
67428,17104,5,1,1600,1600
67429,17104,1,2,1100,2200
67430,17105,4,1,900,900
67431,17105,7,3,3800,11400
67432,17105,6,3,750,2250
67433,17105,5,1,1600,1600
67434,17105,2,3,1800,5400
67435,17106,7,1,3800,3800
67436,17107,5,3,1600,4800
67437,17107,3,2,2200,4400
67438,17107,6,1,750,750
67439,17107,2,1,1800,1800
67440,17107,8,3,1500,4500
67441,17107,4,3,900,2700
67442,17108,3,3,2200,6600
67443,17109,8,2,1500,3000
67444,17110,7,2,3800,7600
67445,17110,5,3,1600,4800
67446,17110,6,3,750,2250
67447,17110,8,3,1500,4500
67448,17111,1,3,1100,3300
67449,17111,8,3,1500,4500
67450,17111,5,2,1600,3200
67451,17112,3,3,2200,6600
67452,17113,8,2,1500,3000
67453,17113,2,2,1800,3600
67454,17113,1,1,1100,1100
67455,17113,6,2,750,1500
67456,17113,5,2,1600,3200
67457,17114,4,3,900,2700
67458,17115,3,3,2200,6600
67459,17115,5,3,1600,4800
67460,17116,8,2,1500,3000
67461,17116,4,1,900,900
67462,17116,2,1,1800,1800
67463,17117,8,3,1500,4500
67464,17118,4,1,900,900
67465,17118,6,1,750,750
67466,17119,3,2,2200,4400
67467,17119,6,2,750,1500
67468,17119,4,2,900,1800
67469,17119,8,1,1500,1500
67470,17120,6,2,750,1500
67471,17121,2,1,1800,1800
67472,17121,4,3,900,2700
67473,17121,5,1,1600,1600
67474,17121,6,3,750,2250
67475,17122,7,2,3800,7600
67476,17122,8,2,1500,3000
67477,17122,1,1,1100,1100
67478,17122,2,1,1800,1800
67479,17123,1,1,1100,1100
67480,17123,6,3,750,2250
67481,17124,4,2,900,1800
67482,17125,2,3,1800,5400
67483,17125,6,2,750,1500
67484,17125,3,2,2200,4400
67485,17126,2,3,1800,5400
67486,17126,5,1,1600,1600
67487,17126,1,1,1100,1100
67488,17126,3,2,2200,4400
67489,17127,2,3,1800,5400
67490,17127,5,2,1600,3200
67491,17127,3,3,2200,6600
67492,17127,1,3,1100,3300
67493,17127,4,2,900,1800
67494,17128,8,1,1500,1500
67495,17128,6,2,750,1500
67496,17129,7,2,3800,7600
67497,17129,5,2,1600,3200
67498,17130,3,2,2200,4400
67499,17131,4,2,900,1800
67500,17131,3,2,2200,4400
67501,17131,1,2,1100,2200
67502,17132,2,3,1800,5400
67503,17132,5,3,1600,4800
67504,17132,1,2,1100,2200
67505,17132,7,1,3800,3800
67506,17132,4,1,900,900
67507,17133,6,2,750,1500
67508,17133,1,1,1100,1100
67509,17134,1,1,1100,1100
67510,17134,4,2,900,1800
67511,17135,5,1,1600,1600
67512,17135,6,2,750,1500
67513,17135,7,2,3800,7600
67514,17136,5,2,1600,3200
67515,17137,5,2,1600,3200
67516,17137,2,2,1800,3600
67517,17137,4,2,900,1800
67518,17138,7,1,3800,3800
67519,17138,4,3,900,2700
67520,17139,6,1,750,750
67521,17139,8,2,1500,3000
67522,17139,3,2,2200,4400
67523,17140,3,3,2200,6600
67524,17141,8,3,1500,4500
67525,17141,6,1,750,750
67526,17141,1,3,1100,3300
67527,17142,5,1,1600,1600
67528,17143,3,2,2200,4400
67529,17143,1,2,1100,2200
67530,17143,4,2,900,1800
67531,17143,8,3,1500,4500
67532,17143,2,1,1800,1800
67533,17144,5,1,1600,1600
67534,17144,8,2,1500,3000
67535,17145,1,3,1100,3300
67536,17145,3,1,2200,2200
67537,17146,2,2,1800,3600
67538,17146,1,1,1100,1100
67539,17146,8,3,1500,4500
67540,17147,4,2,900,1800
67541,17148,4,2,900,1800
67542,17148,3,1,2200,2200
67543,17148,5,2,1600,3200
67544,17149,7,2,3800,7600
67545,17149,8,2,1500,3000
67546,17150,6,1,750,750
67547,17150,1,1,1100,1100
67548,17151,7,2,3800,7600
67549,17151,4,2,900,1800
67550,17152,6,1,750,750
67551,17152,3,3,2200,6600
67552,17152,7,1,3800,3800
67553,17153,3,1,2200,2200
67554,17153,7,2,3800,7600
67555,17154,1,3,1100,3300
67556,17155,1,2,1100,2200
67557,17155,6,1,750,750
67558,17156,3,3,2200,6600
67559,17157,7,3,3800,11400
67560,17157,5,2,1600,3200
67561,17158,1,2,1100,2200
67562,17158,4,2,900,1800
67563,17158,6,1,750,750
67564,17159,3,1,2200,2200
67565,17159,2,1,1800,1800
67566,17159,8,1,1500,1500
67567,17160,4,2,900,1800
67568,17160,3,2,2200,4400
67569,17160,8,2,1500,3000
67570,17160,7,2,3800,7600
67571,17161,7,3,3800,11400
67572,17161,2,2,1800,3600
67573,17162,3,3,2200,6600
67574,17162,4,1,900,900
67575,17162,8,3,1500,4500
67576,17162,5,1,1600,1600
67577,17163,5,2,1600,3200
67578,17163,2,1,1800,1800
67579,17163,6,1,750,750
67580,17163,8,2,1500,3000
67581,17164,6,1,750,750
67582,17165,3,2,2200,4400
67583,17166,2,3,1800,5400
67584,17167,7,2,3800,7600
67585,17167,5,1,1600,1600
67586,17167,1,3,1100,3300
67587,17167,4,1,900,900
67588,17167,6,3,750,2250
67589,17167,3,1,2200,2200
67590,17167,8,2,1500,3000
67591,17168,6,3,750,2250
67592,17169,8,3,1500,4500
67593,17170,1,3,1100,3300
67594,17170,5,1,1600,1600
67595,17170,2,3,1800,5400
67596,17170,6,1,750,750
67597,17171,1,3,1100,3300
67598,17171,2,2,1800,3600
67599,17172,4,1,900,900
67600,17173,4,3,900,2700
67601,17173,7,2,3800,7600
67602,17174,4,3,900,2700
67603,17174,5,3,1600,4800
67604,17174,7,3,3800,11400
67605,17174,6,1,750,750
67606,17175,1,3,1100,3300
67607,17176,2,1,1800,1800
67608,17176,7,2,3800,7600
67609,17176,8,2,1500,3000
67610,17177,5,1,1600,1600
67611,17177,3,3,2200,6600
67612,17178,7,1,3800,3800
67613,17178,8,3,1500,4500
67614,17178,1,3,1100,3300
67615,17178,2,2,1800,3600
67616,17178,3,3,2200,6600
67617,17179,5,1,1600,1600
67618,17179,4,3,900,2700
67619,17179,3,2,2200,4400
67620,17179,8,1,1500,1500
67621,17180,8,3,1500,4500
67622,17180,3,1,2200,2200
67623,17180,2,3,1800,5400
67624,17180,4,2,900,1800
67625,17180,6,1,750,750
67626,17181,7,2,3800,7600
67627,17181,8,3,1500,4500
67628,17181,2,3,1800,5400
67629,17182,4,2,900,1800
67630,17182,7,3,3800,11400
67631,17183,6,2,750,1500
67632,17184,1,1,1100,1100
67633,17185,7,1,3800,3800
67634,17185,4,1,900,900
67635,17186,1,3,1100,3300
67636,17186,5,1,1600,1600
67637,17186,6,1,750,750
67638,17187,8,2,1500,3000
67639,17187,3,3,2200,6600
67640,17187,2,1,1800,1800
67641,17187,6,2,750,1500
67642,17187,5,3,1600,4800
67643,17188,8,3,1500,4500
67644,17188,3,3,2200,6600
67645,17189,6,3,750,2250
67646,17189,1,2,1100,2200
67647,17190,6,2,750,1500
67648,17190,5,3,1600,4800
67649,17191,2,1,1800,1800
67650,17191,6,1,750,750
67651,17191,4,3,900,2700
67652,17191,1,2,1100,2200
67653,17191,3,2,2200,4400
67654,17191,7,2,3800,7600
67655,17192,7,1,3800,3800
67656,17193,5,1,1600,1600
67657,17193,4,2,900,1800
67658,17193,1,2,1100,2200
67659,17193,3,2,2200,4400
67660,17194,3,1,2200,2200
67661,17194,6,2,750,1500
67662,17194,2,2,1800,3600
67663,17195,2,2,1800,3600
67664,17195,3,2,2200,4400
67665,17195,6,2,750,1500
67666,17195,1,1,1100,1100
67667,17196,8,2,1500,3000
67668,17197,2,2,1800,3600
67669,17198,3,2,2200,4400
67670,17198,4,3,900,2700
67671,17199,1,2,1100,2200
67672,17199,2,2,1800,3600
67673,17199,6,1,750,750
67674,17199,7,3,3800,11400
67675,17200,7,3,3800,11400
67676,17201,7,3,3800,11400
67677,17202,3,1,2200,2200
67678,17202,4,2,900,1800
67679,17203,3,1,2200,2200
67680,17203,7,3,3800,11400
67681,17203,4,2,900,1800
67682,17203,6,3,750,2250
67683,17203,8,3,1500,4500
67684,17203,1,1,1100,1100
67685,17204,7,3,3800,11400
67686,17204,6,2,750,1500
67687,17204,8,2,1500,3000
67688,17204,4,1,900,900
67689,17204,1,1,1100,1100
67690,17204,2,3,1800,5400
67691,17205,2,2,1800,3600
67692,17205,4,3,900,2700
67693,17205,8,3,1500,4500
67694,17206,4,2,900,1800
67695,17207,2,1,1800,1800
67696,17207,1,1,1100,1100
67697,17208,1,3,1100,3300
67698,17208,6,1,750,750
67699,17208,4,2,900,1800
67700,17208,7,2,3800,7600
67701,17208,3,1,2200,2200
67702,17208,2,1,1800,1800
67703,17209,2,2,1800,3600
67704,17209,1,2,1100,2200
67705,17210,1,3,1100,3300
67706,17211,1,1,1100,1100
67707,17211,7,1,3800,3800
67708,17212,8,3,1500,4500
67709,17212,7,3,3800,11400
67710,17212,6,2,750,1500
67711,17212,5,2,1600,3200
67712,17212,1,2,1100,2200
67713,17213,3,2,2200,4400
67714,17213,1,2,1100,2200
67715,17213,8,2,1500,3000
67716,17213,6,1,750,750
67717,17213,5,2,1600,3200
67718,17214,1,2,1100,2200
67719,17214,6,2,750,1500
67720,17214,8,2,1500,3000
67721,17215,3,1,2200,2200
67722,17216,7,1,3800,3800
67723,17217,7,2,3800,7600
67724,17218,5,2,1600,3200
67725,17218,7,1,3800,3800
67726,17219,2,2,1800,3600
67727,17220,6,1,750,750
67728,17221,2,1,1800,1800
67729,17221,5,1,1600,1600
67730,17222,7,2,3800,7600
67731,17222,4,3,900,2700
67732,17222,1,3,1100,3300
67733,17222,8,2,1500,3000
67734,17223,8,3,1500,4500
67735,17223,6,1,750,750
67736,17224,8,2,1500,3000
67737,17224,5,1,1600,1600
67738,17225,6,1,750,750
67739,17226,4,2,900,1800
67740,17226,6,1,750,750
67741,17227,4,3,900,2700
67742,17227,3,2,2200,4400
67743,17227,7,3,3800,11400
67744,17228,2,2,1800,3600
67745,17228,4,2,900,1800
67746,17228,5,1,1600,1600
67747,17229,5,1,1600,1600
67748,17229,8,3,1500,4500
67749,17229,4,1,900,900
67750,17230,3,1,2200,2200
67751,17231,3,1,2200,2200
67752,17232,8,3,1500,4500
67753,17232,1,1,1100,1100
67754,17233,5,2,1600,3200
67755,17233,7,1,3800,3800
67756,17233,4,1,900,900
67757,17233,2,1,1800,1800
67758,17233,1,3,1100,3300
67759,17234,5,2,1600,3200
67760,17235,5,1,1600,1600
67761,17236,1,2,1100,2200
67762,17236,3,2,2200,4400
67763,17236,7,2,3800,7600
67764,17236,5,2,1600,3200
67765,17237,6,1,750,750
67766,17237,7,3,3800,11400
67767,17237,5,3,1600,4800
67768,17237,1,3,1100,3300
67769,17237,8,2,1500,3000
67770,17238,6,2,750,1500
67771,17238,3,3,2200,6600
67772,17239,1,2,1100,2200
67773,17239,8,3,1500,4500
67774,17239,7,3,3800,11400
67775,17239,4,2,900,1800
67776,17239,2,1,1800,1800
67777,17240,5,3,1600,4800
67778,17241,8,3,1500,4500
67779,17241,7,3,3800,11400
67780,17241,1,2,1100,2200
67781,17241,2,1,1800,1800
67782,17242,2,2,1800,3600
67783,17242,5,3,1600,4800
67784,17243,7,1,3800,3800
67785,17243,1,3,1100,3300
67786,17243,4,2,900,1800
67787,17244,3,3,2200,6600
67788,17244,5,2,1600,3200
67789,17245,7,3,3800,11400
67790,17245,8,1,1500,1500
67791,17245,1,2,1100,2200
67792,17245,6,2,750,1500
67793,17246,2,1,1800,1800
67794,17247,5,3,1600,4800
67795,17248,7,2,3800,7600
67796,17248,2,1,1800,1800
67797,17248,5,1,1600,1600
67798,17249,5,3,1600,4800
67799,17249,2,1,1800,1800
67800,17249,4,3,900,2700
67801,17250,1,2,1100,2200
67802,17251,7,1,3800,3800
67803,17252,5,1,1600,1600
67804,17252,6,3,750,2250
67805,17253,4,3,900,2700
67806,17253,7,1,3800,3800
67807,17253,2,3,1800,5400
67808,17253,5,2,1600,3200
67809,17254,4,2,900,1800
67810,17254,6,1,750,750
67811,17255,3,1,2200,2200
67812,17255,8,3,1500,4500
67813,17255,7,1,3800,3800
67814,17255,6,3,750,2250
67815,17256,8,2,1500,3000
67816,17256,2,2,1800,3600
67817,17257,7,2,3800,7600
67818,17257,8,3,1500,4500
67819,17257,4,3,900,2700
67820,17258,1,1,1100,1100
67821,17259,4,1,900,900
67822,17259,1,2,1100,2200
67823,17260,7,3,3800,11400
67824,17261,6,3,750,2250
67825,17262,1,2,1100,2200
67826,17262,4,3,900,2700
67827,17262,6,1,750,750
67828,17262,8,2,1500,3000
67829,17262,5,2,1600,3200
67830,17262,7,2,3800,7600
67831,17262,2,1,1800,1800
67832,17263,8,3,1500,4500
67833,17263,6,1,750,750
67834,17264,8,3,1500,4500
67835,17264,5,1,1600,1600
67836,17264,7,2,3800,7600
67837,17264,1,2,1100,2200
67838,17265,3,3,2200,6600
67839,17265,6,1,750,750
67840,17266,6,3,750,2250
67841,17267,6,3,750,2250
67842,17267,5,3,1600,4800
67843,17267,1,3,1100,3300
67844,17268,7,3,3800,11400
67845,17268,2,2,1800,3600
67846,17268,3,2,2200,4400
67847,17269,4,2,900,1800
67848,17269,8,3,1500,4500
67849,17269,1,1,1100,1100
67850,17269,6,1,750,750
67851,17269,3,1,2200,2200
67852,17270,8,2,1500,3000
67853,17271,7,3,3800,11400
67854,17271,5,1,1600,1600
67855,17272,5,3,1600,4800
67856,17272,2,1,1800,1800
67857,17273,6,2,750,1500
67858,17274,3,1,2200,2200
67859,17274,4,3,900,2700
67860,17275,6,2,750,1500
67861,17276,4,1,900,900
67862,17276,5,2,1600,3200
67863,17277,2,3,1800,5400
67864,17277,7,3,3800,11400
67865,17277,1,3,1100,3300
67866,17278,1,2,1100,2200
67867,17279,2,2,1800,3600
67868,17279,8,1,1500,1500
67869,17279,4,3,900,2700
67870,17279,3,3,2200,6600
67871,17280,1,3,1100,3300
67872,17280,6,3,750,2250
67873,17280,3,2,2200,4400
67874,17281,4,2,900,1800
67875,17281,8,1,1500,1500
67876,17282,1,3,1100,3300
67877,17283,4,1,900,900
67878,17283,6,1,750,750
67879,17283,3,3,2200,6600
67880,17283,1,2,1100,2200
67881,17283,8,2,1500,3000
67882,17284,3,1,2200,2200
67883,17284,1,3,1100,3300
67884,17284,6,3,750,2250
67885,17285,6,3,750,2250
67886,17285,7,1,3800,3800
67887,17285,4,1,900,900
67888,17285,8,2,1500,3000
67889,17286,2,2,1800,3600
67890,17286,3,2,2200,4400
67891,17287,6,1,750,750
67892,17287,2,2,1800,3600
67893,17287,7,2,3800,7600
67894,17287,5,2,1600,3200
67895,17288,4,2,900,1800
67896,17288,5,2,1600,3200
67897,17288,7,1,3800,3800
67898,17289,3,3,2200,6600
67899,17289,2,3,1800,5400
67900,17289,8,3,1500,4500
67901,17290,1,2,1100,2200
67902,17290,5,2,1600,3200
67903,17291,7,2,3800,7600
67904,17291,5,2,1600,3200
67905,17291,1,3,1100,3300
67906,17292,8,3,1500,4500
67907,17292,6,1,750,750
67908,17293,6,2,750,1500
67909,17293,5,2,1600,3200
67910,17293,2,3,1800,5400
67911,17293,7,3,3800,11400
67912,17294,3,1,2200,2200
67913,17294,8,2,1500,3000
67914,17294,6,1,750,750
67915,17294,1,2,1100,2200
67916,17295,6,1,750,750
67917,17295,2,2,1800,3600
67918,17295,3,2,2200,4400
67919,17296,4,3,900,2700
67920,17296,2,2,1800,3600
67921,17296,7,3,3800,11400
67922,17296,1,2,1100,2200
67923,17297,8,2,1500,3000
67924,17297,7,1,3800,3800
67925,17297,6,3,750,2250
67926,17297,4,2,900,1800
67927,17298,5,1,1600,1600
67928,17298,2,3,1800,5400
67929,17298,8,2,1500,3000
67930,17299,5,2,1600,3200
67931,17299,2,3,1800,5400
67932,17300,3,3,2200,6600
67933,17300,4,3,900,2700
67934,17300,7,2,3800,7600
67935,17300,5,3,1600,4800
67936,17301,7,1,3800,3800
67937,17302,2,2,1800,3600
67938,17302,1,3,1100,3300
67939,17302,6,3,750,2250
67940,17303,8,3,1500,4500
67941,17303,1,2,1100,2200
67942,17303,6,3,750,2250
67943,17303,2,1,1800,1800
67944,17304,8,2,1500,3000
67945,17304,4,2,900,1800
67946,17304,3,2,2200,4400
67947,17305,1,2,1100,2200
67948,17305,4,2,900,1800
67949,17306,4,3,900,2700
67950,17306,5,2,1600,3200
67951,17306,2,2,1800,3600
67952,17306,1,3,1100,3300
67953,17307,4,2,900,1800
67954,17307,5,3,1600,4800
67955,17307,1,1,1100,1100
67956,17307,3,2,2200,4400
67957,17308,4,3,900,2700
67958,17308,8,3,1500,4500
67959,17308,5,1,1600,1600
67960,17308,3,1,2200,2200
67961,17309,5,3,1600,4800
67962,17309,8,1,1500,1500
67963,17309,7,1,3800,3800
67964,17309,2,3,1800,5400
67965,17309,1,1,1100,1100
67966,17310,2,3,1800,5400
67967,17311,8,1,1500,1500
67968,17312,4,3,900,2700
67969,17312,1,2,1100,2200
67970,17312,7,3,3800,11400
67971,17313,3,1,2200,2200
67972,17313,2,2,1800,3600
67973,17314,6,3,750,2250
67974,17314,7,3,3800,11400
67975,17314,5,3,1600,4800
67976,17314,2,2,1800,3600
67977,17314,4,3,900,2700
67978,17314,8,2,1500,3000
67979,17314,1,2,1100,2200
67980,17314,3,2,2200,4400
67981,17315,2,1,1800,1800
67982,17316,5,3,1600,4800
67983,17316,7,2,3800,7600
67984,17316,8,1,1500,1500
67985,17316,6,2,750,1500
67986,17316,4,2,900,1800
67987,17317,8,3,1500,4500
67988,17317,4,1,900,900
67989,17317,1,3,1100,3300
67990,17317,2,1,1800,1800
67991,17318,6,1,750,750
67992,17318,3,2,2200,4400
67993,17319,4,3,900,2700
67994,17320,1,2,1100,2200
67995,17320,6,3,750,2250
67996,17321,5,2,1600,3200
67997,17321,4,3,900,2700
67998,17321,7,2,3800,7600
67999,17321,6,1,750,750
68000,17322,8,2,1500,3000
68001,17322,3,2,2200,4400
68002,17323,7,2,3800,7600
68003,17323,3,3,2200,6600
68004,17323,2,3,1800,5400
68005,17323,6,1,750,750
68006,17324,1,3,1100,3300
68007,17324,8,2,1500,3000
68008,17325,6,3,750,2250
68009,17325,7,1,3800,3800
68010,17326,2,3,1800,5400
68011,17326,4,1,900,900
68012,17326,7,2,3800,7600
68013,17326,3,2,2200,4400
68014,17327,8,2,1500,3000
68015,17327,7,2,3800,7600
68016,17327,4,3,900,2700
68017,17328,4,2,900,1800
68018,17329,3,1,2200,2200
68019,17329,1,3,1100,3300
68020,17329,5,2,1600,3200
68021,17330,2,3,1800,5400
68022,17330,3,1,2200,2200
68023,17330,4,1,900,900
68024,17331,8,1,1500,1500
68025,17331,5,3,1600,4800
68026,17331,6,1,750,750
68027,17332,4,3,900,2700
68028,17333,3,3,2200,6600
68029,17334,1,1,1100,1100
68030,17335,2,3,1800,5400
68031,17335,6,2,750,1500
68032,17335,1,3,1100,3300
68033,17336,1,2,1100,2200
68034,17337,7,2,3800,7600
68035,17337,4,3,900,2700
68036,17337,5,2,1600,3200
68037,17337,6,3,750,2250
68038,17338,1,2,1100,2200
68039,17338,2,2,1800,3600
68040,17338,5,2,1600,3200
68041,17339,7,3,3800,11400
68042,17339,4,2,900,1800
68043,17339,5,2,1600,3200
68044,17339,3,2,2200,4400
68045,17340,4,1,900,900
68046,17341,6,2,750,1500
68047,17341,5,2,1600,3200
68048,17341,2,1,1800,1800
68049,17342,1,1,1100,1100
68050,17342,2,1,1800,1800
68051,17342,6,3,750,2250
68052,17342,8,2,1500,3000
68053,17343,3,2,2200,4400
68054,17343,4,1,900,900
68055,17344,4,1,900,900
68056,17344,2,1,1800,1800
68057,17345,5,2,1600,3200
68058,17345,6,1,750,750
68059,17345,7,3,3800,11400
68060,17346,5,3,1600,4800
68061,17346,2,3,1800,5400
68062,17346,6,2,750,1500
68063,17347,6,3,750,2250
68064,17347,3,3,2200,6600
68065,17348,1,2,1100,2200
68066,17348,4,1,900,900
68067,17348,3,2,2200,4400
68068,17348,8,1,1500,1500
68069,17348,7,3,3800,11400
68070,17349,5,2,1600,3200
68071,17349,7,3,3800,11400
68072,17349,4,1,900,900
68073,17349,8,3,1500,4500
68074,17350,6,3,750,2250
68075,17350,7,2,3800,7600
68076,17350,5,3,1600,4800
68077,17351,1,1,1100,1100
68078,17351,6,3,750,2250
68079,17351,7,2,3800,7600
68080,17352,2,2,1800,3600
68081,17352,7,2,3800,7600
68082,17353,5,3,1600,4800
68083,17354,3,3,2200,6600
68084,17355,6,1,750,750
68085,17355,2,3,1800,5400
68086,17356,3,3,2200,6600
68087,17356,2,1,1800,1800
68088,17356,5,2,1600,3200
68089,17356,8,1,1500,1500
68090,17357,4,2,900,1800
68091,17358,8,1,1500,1500
68092,17359,4,3,900,2700
68093,17359,8,3,1500,4500
68094,17360,3,1,2200,2200
68095,17361,2,2,1800,3600
68096,17361,5,2,1600,3200
68097,17361,6,1,750,750
68098,17361,4,1,900,900
68099,17362,5,1,1600,1600
68100,17362,8,3,1500,4500
68101,17363,6,2,750,1500
68102,17363,1,1,1100,1100
68103,17364,4,2,900,1800
68104,17364,8,1,1500,1500
68105,17364,7,2,3800,7600
68106,17364,5,2,1600,3200
68107,17365,4,3,900,2700
68108,17366,5,1,1600,1600
68109,17366,6,3,750,2250
68110,17367,3,3,2200,6600
68111,17368,4,2,900,1800
68112,17368,6,1,750,750
68113,17368,2,1,1800,1800
68114,17369,6,1,750,750
68115,17370,2,3,1800,5400
68116,17370,1,3,1100,3300
68117,17370,6,2,750,1500
68118,17370,3,1,2200,2200
68119,17370,4,2,900,1800
68120,17370,5,1,1600,1600
68121,17370,7,3,3800,11400
68122,17371,4,1,900,900
68123,17371,6,3,750,2250
68124,17371,5,3,1600,4800
68125,17371,1,1,1100,1100
68126,17372,3,1,2200,2200
68127,17372,4,2,900,1800
68128,17373,6,3,750,2250
68129,17373,8,2,1500,3000
68130,17373,4,3,900,2700
68131,17373,5,2,1600,3200
68132,17373,7,3,3800,11400
68133,17374,7,3,3800,11400
68134,17374,2,1,1800,1800
68135,17374,4,3,900,2700
68136,17374,8,3,1500,4500
68137,17374,3,2,2200,4400
68138,17374,1,1,1100,1100
68139,17375,1,3,1100,3300
68140,17375,8,1,1500,1500
68141,17376,5,2,1600,3200
68142,17376,6,1,750,750
68143,17376,3,1,2200,2200
68144,17376,7,2,3800,7600
68145,17377,4,3,900,2700
68146,17377,5,3,1600,4800
68147,17378,4,3,900,2700
68148,17378,8,3,1500,4500
68149,17379,7,2,3800,7600
68150,17380,2,1,1800,1800
68151,17380,1,3,1100,3300
68152,17381,3,2,2200,4400
68153,17381,4,1,900,900
68154,17381,1,3,1100,3300
68155,17381,5,2,1600,3200
68156,17381,6,3,750,2250
68157,17382,3,1,2200,2200
68158,17382,2,3,1800,5400
68159,17382,5,1,1600,1600
68160,17383,2,1,1800,1800
68161,17384,5,1,1600,1600
68162,17384,3,3,2200,6600
68163,17384,7,3,3800,11400
68164,17384,2,3,1800,5400
68165,17385,5,3,1600,4800
68166,17385,7,1,3800,3800
68167,17386,7,1,3800,3800
68168,17386,4,1,900,900
68169,17386,5,1,1600,1600
68170,17387,2,3,1800,5400
68171,17387,7,3,3800,11400
68172,17387,5,2,1600,3200
68173,17387,6,3,750,2250
68174,17388,6,1,750,750
68175,17389,8,1,1500,1500
68176,17389,4,2,900,1800
68177,17389,2,2,1800,3600
68178,17390,4,2,900,1800
68179,17391,4,3,900,2700
68180,17391,2,1,1800,1800
68181,17391,8,3,1500,4500
68182,17391,3,1,2200,2200
68183,17392,7,2,3800,7600
68184,17392,6,3,750,2250
68185,17392,3,3,2200,6600
68186,17393,2,2,1800,3600
68187,17393,6,3,750,2250
68188,17394,7,3,3800,11400
68189,17394,3,3,2200,6600
68190,17394,8,1,1500,1500
68191,17394,6,1,750,750
68192,17395,6,1,750,750
68193,17396,2,2,1800,3600
68194,17397,8,3,1500,4500
68195,17397,2,1,1800,1800
68196,17398,1,3,1100,3300
68197,17399,5,2,1600,3200
68198,17400,3,2,2200,4400
68199,17401,2,1,1800,1800
68200,17401,7,2,3800,7600
68201,17402,5,1,1600,1600
68202,17403,8,2,1500,3000
68203,17403,1,3,1100,3300
68204,17403,7,2,3800,7600
68205,17403,5,3,1600,4800
68206,17403,3,3,2200,6600
68207,17403,4,1,900,900
68208,17404,1,2,1100,2200
68209,17405,7,1,3800,3800
68210,17406,3,1,2200,2200
68211,17406,7,3,3800,11400
68212,17407,5,1,1600,1600
68213,17408,7,1,3800,3800
68214,17408,2,1,1800,1800
68215,17409,5,3,1600,4800
68216,17409,1,1,1100,1100
68217,17410,8,1,1500,1500
68218,17410,7,1,3800,3800
68219,17411,3,2,2200,4400
68220,17411,5,2,1600,3200
68221,17412,7,3,3800,11400
68222,17412,4,1,900,900
68223,17412,1,1,1100,1100
68224,17412,2,1,1800,1800
68225,17412,6,1,750,750
68226,17413,2,3,1800,5400
68227,17413,5,2,1600,3200
68228,17413,3,2,2200,4400
68229,17413,1,1,1100,1100
68230,17413,7,2,3800,7600
68231,17414,7,2,3800,7600
68232,17414,2,2,1800,3600
68233,17414,8,2,1500,3000
68234,17415,4,2,900,1800
68235,17415,7,3,3800,11400
68236,17416,4,1,900,900
68237,17416,1,2,1100,2200
68238,17416,8,1,1500,1500
68239,17417,4,3,900,2700
68240,17418,5,1,1600,1600
68241,17418,3,3,2200,6600
68242,17419,7,2,3800,7600
68243,17419,4,1,900,900
68244,17419,1,3,1100,3300
68245,17419,5,2,1600,3200
68246,17419,2,2,1800,3600
68247,17419,8,3,1500,4500
68248,17419,3,1,2200,2200
68249,17420,1,3,1100,3300
68250,17421,4,2,900,1800
68251,17421,6,2,750,1500
68252,17422,3,3,2200,6600
68253,17423,5,2,1600,3200
68254,17423,4,1,900,900
68255,17424,8,2,1500,3000
68256,17424,3,3,2200,6600
68257,17424,6,3,750,2250
68258,17424,5,2,1600,3200
68259,17424,1,3,1100,3300
68260,17425,8,2,1500,3000
68261,17425,1,2,1100,2200
68262,17425,6,2,750,1500
68263,17426,7,1,3800,3800
68264,17427,1,2,1100,2200
68265,17427,6,3,750,2250
68266,17427,2,3,1800,5400
68267,17427,4,3,900,2700
68268,17427,8,2,1500,3000
68269,17428,7,1,3800,3800
68270,17429,7,3,3800,11400
68271,17429,3,1,2200,2200
68272,17430,7,1,3800,3800
68273,17430,3,2,2200,4400
68274,17431,5,2,1600,3200
68275,17431,4,1,900,900
68276,17431,3,1,2200,2200
68277,17432,2,1,1800,1800
68278,17432,5,1,1600,1600
68279,17432,3,2,2200,4400
68280,17433,3,3,2200,6600
68281,17433,4,3,900,2700
68282,17433,1,2,1100,2200
68283,17433,2,2,1800,3600
68284,17433,8,3,1500,4500
68285,17433,6,1,750,750
68286,17434,1,1,1100,1100
68287,17434,5,3,1600,4800
68288,17434,2,2,1800,3600
68289,17434,3,3,2200,6600
68290,17435,6,2,750,1500
68291,17436,6,2,750,1500
68292,17436,3,3,2200,6600
68293,17437,1,1,1100,1100
68294,17437,8,2,1500,3000
68295,17437,5,1,1600,1600
68296,17437,4,3,900,2700
68297,17438,4,2,900,1800
68298,17438,7,2,3800,7600
68299,17438,2,2,1800,3600
68300,17438,3,3,2200,6600
68301,17438,8,3,1500,4500
68302,17439,5,3,1600,4800
68303,17439,8,3,1500,4500
68304,17440,2,2,1800,3600
68305,17440,1,1,1100,1100
68306,17441,4,1,900,900
68307,17441,5,1,1600,1600
68308,17442,7,1,3800,3800
68309,17442,4,2,900,1800
68310,17443,5,1,1600,1600
68311,17443,2,3,1800,5400
68312,17443,8,3,1500,4500
68313,17443,4,2,900,1800
68314,17444,5,2,1600,3200
68315,17444,4,2,900,1800
68316,17444,2,3,1800,5400
68317,17444,6,2,750,1500
68318,17445,5,1,1600,1600
68319,17445,3,3,2200,6600
68320,17446,3,3,2200,6600
68321,17446,4,1,900,900
68322,17447,6,3,750,2250
68323,17447,5,3,1600,4800
68324,17447,7,1,3800,3800
68325,17448,6,3,750,2250
68326,17448,3,2,2200,4400
68327,17448,4,1,900,900
68328,17448,8,2,1500,3000
68329,17448,7,2,3800,7600
68330,17448,1,1,1100,1100
68331,17449,8,2,1500,3000
68332,17449,2,3,1800,5400
68333,17449,6,1,750,750
68334,17450,6,2,750,1500
68335,17450,8,1,1500,1500
68336,17450,7,2,3800,7600
68337,17450,4,3,900,2700
68338,17451,8,2,1500,3000
68339,17451,6,2,750,1500
68340,17451,2,3,1800,5400
68341,17451,1,3,1100,3300
68342,17451,4,1,900,900
68343,17451,3,3,2200,6600
68344,17451,5,1,1600,1600
68345,17452,3,1,2200,2200
68346,17452,7,2,3800,7600
68347,17452,8,2,1500,3000
68348,17452,6,2,750,1500
68349,17453,7,2,3800,7600
68350,17453,6,3,750,2250
68351,17453,5,3,1600,4800
68352,17453,8,1,1500,1500
68353,17453,4,3,900,2700
68354,17453,3,2,2200,4400
68355,17454,1,3,1100,3300
68356,17454,8,2,1500,3000
68357,17454,4,2,900,1800
68358,17455,6,2,750,1500
68359,17455,4,1,900,900
68360,17455,7,3,3800,11400
68361,17456,3,1,2200,2200
68362,17456,4,1,900,900
68363,17456,6,3,750,2250
68364,17456,8,3,1500,4500
68365,17456,1,1,1100,1100
68366,17457,8,2,1500,3000
68367,17457,4,2,900,1800
68368,17458,2,1,1800,1800
68369,17458,8,3,1500,4500
68370,17458,1,1,1100,1100
68371,17458,3,2,2200,4400
68372,17458,7,2,3800,7600
68373,17459,3,1,2200,2200
68374,17459,1,3,1100,3300
68375,17459,4,1,900,900
68376,17460,8,1,1500,1500
68377,17461,4,3,900,2700
68378,17461,8,2,1500,3000
68379,17461,1,3,1100,3300
68380,17461,5,2,1600,3200
68381,17462,5,2,1600,3200
68382,17462,8,3,1500,4500
68383,17462,7,3,3800,11400
68384,17463,2,3,1800,5400
68385,17463,3,2,2200,4400
68386,17463,6,1,750,750
68387,17464,1,3,1100,3300
68388,17465,8,3,1500,4500
68389,17465,7,3,3800,11400
68390,17466,2,1,1800,1800
68391,17466,4,3,900,2700
68392,17466,3,1,2200,2200
68393,17466,6,1,750,750
68394,17466,7,2,3800,7600
68395,17467,8,3,1500,4500
68396,17467,5,2,1600,3200
68397,17468,5,1,1600,1600
68398,17469,6,1,750,750
68399,17470,5,3,1600,4800
68400,17471,8,1,1500,1500
68401,17471,4,3,900,2700
68402,17471,5,2,1600,3200
68403,17472,7,3,3800,11400
68404,17472,4,2,900,1800
68405,17472,2,1,1800,1800
68406,17472,1,1,1100,1100
68407,17473,6,1,750,750
68408,17473,1,3,1100,3300
68409,17473,5,3,1600,4800
68410,17474,8,3,1500,4500
68411,17474,1,3,1100,3300
68412,17475,7,2,3800,7600
68413,17475,2,1,1800,1800
68414,17475,4,2,900,1800
68415,17476,3,3,2200,6600
68416,17476,7,2,3800,7600
68417,17477,1,1,1100,1100
68418,17477,7,1,3800,3800
68419,17477,2,2,1800,3600
68420,17478,3,2,2200,4400
68421,17478,2,2,1800,3600
68422,17478,8,1,1500,1500
68423,17479,2,1,1800,1800
68424,17479,8,2,1500,3000
68425,17479,7,1,3800,3800
68426,17480,6,3,750,2250
68427,17480,7,1,3800,3800
68428,17481,5,3,1600,4800
68429,17482,2,2,1800,3600
68430,17482,7,2,3800,7600
68431,17482,1,3,1100,3300
68432,17483,8,1,1500,1500
68433,17483,7,1,3800,3800
68434,17483,6,1,750,750
68435,17484,3,2,2200,4400
68436,17485,4,2,900,1800
68437,17485,2,1,1800,1800
68438,17486,7,3,3800,11400
68439,17486,4,1,900,900
68440,17486,8,1,1500,1500
68441,17487,1,1,1100,1100
68442,17487,7,2,3800,7600
68443,17488,8,3,1500,4500
68444,17488,7,3,3800,11400
68445,17489,5,3,1600,4800
68446,17490,1,3,1100,3300
68447,17490,6,2,750,1500
68448,17491,5,3,1600,4800
68449,17491,6,3,750,2250
68450,17491,8,2,1500,3000
68451,17491,1,3,1100,3300
68452,17491,2,2,1800,3600
68453,17492,2,2,1800,3600
68454,17493,2,3,1800,5400
68455,17493,7,3,3800,11400
68456,17494,2,1,1800,1800
68457,17494,1,3,1100,3300
68458,17494,4,3,900,2700
68459,17494,7,1,3800,3800
68460,17495,1,3,1100,3300
68461,17496,8,2,1500,3000
68462,17496,5,3,1600,4800
68463,17496,2,1,1800,1800
68464,17496,6,1,750,750
68465,17497,7,2,3800,7600
68466,17497,4,3,900,2700
68467,17497,2,1,1800,1800
68468,17497,3,2,2200,4400
68469,17498,5,3,1600,4800
68470,17498,7,1,3800,3800
68471,17499,2,2,1800,3600
68472,17499,7,3,3800,11400
68473,17499,3,1,2200,2200
68474,17499,1,3,1100,3300
68475,17499,5,3,1600,4800
68476,17500,4,3,900,2700
68477,17500,3,2,2200,4400
68478,17501,8,3,1500,4500
68479,17501,1,3,1100,3300
68480,17501,7,3,3800,11400
68481,17501,5,2,1600,3200
68482,17502,7,1,3800,3800
68483,17502,8,2,1500,3000
68484,17503,1,1,1100,1100
68485,17504,1,3,1100,3300
68486,17505,7,2,3800,7600
68487,17505,8,1,1500,1500
68488,17505,5,2,1600,3200
68489,17506,6,1,750,750
68490,17506,1,3,1100,3300
68491,17506,8,1,1500,1500
68492,17507,5,2,1600,3200
68493,17507,6,3,750,2250
68494,17507,3,1,2200,2200
68495,17508,7,1,3800,3800
68496,17509,7,1,3800,3800
68497,17510,6,3,750,2250
68498,17510,5,3,1600,4800
68499,17511,8,3,1500,4500
68500,17511,1,2,1100,2200
68501,17511,4,3,900,2700
68502,17512,8,2,1500,3000
68503,17513,2,3,1800,5400
68504,17513,7,2,3800,7600
68505,17514,7,1,3800,3800
68506,17514,2,3,1800,5400
68507,17515,4,3,900,2700
68508,17515,1,1,1100,1100
68509,17516,5,3,1600,4800
68510,17517,6,3,750,2250
68511,17518,4,1,900,900
68512,17518,1,3,1100,3300
68513,17519,2,2,1800,3600
68514,17519,1,2,1100,2200
68515,17520,3,2,2200,4400
68516,17521,2,3,1800,5400
68517,17521,4,3,900,2700
68518,17521,6,2,750,1500
68519,17522,3,3,2200,6600
68520,17523,3,1,2200,2200
68521,17523,7,2,3800,7600
68522,17523,4,2,900,1800
68523,17523,5,2,1600,3200
68524,17524,7,3,3800,11400
68525,17524,4,2,900,1800
68526,17525,5,2,1600,3200
68527,17525,3,2,2200,4400
68528,17526,8,1,1500,1500
68529,17527,7,2,3800,7600
68530,17527,1,3,1100,3300
68531,17527,8,1,1500,1500
68532,17527,5,1,1600,1600
68533,17527,2,2,1800,3600
68534,17528,5,3,1600,4800
68535,17528,6,2,750,1500
68536,17528,7,1,3800,3800
68537,17529,6,1,750,750
68538,17530,5,3,1600,4800
68539,17530,7,3,3800,11400
68540,17530,3,2,2200,4400
68541,17531,7,1,3800,3800
68542,17531,1,1,1100,1100
68543,17531,8,3,1500,4500
68544,17531,2,2,1800,3600
68545,17531,6,2,750,1500
68546,17532,2,2,1800,3600
68547,17532,6,2,750,1500
68548,17533,4,3,900,2700
68549,17534,5,1,1600,1600
68550,17534,1,2,1100,2200
68551,17534,2,2,1800,3600
68552,17535,5,2,1600,3200
68553,17535,6,3,750,2250
68554,17535,2,3,1800,5400
68555,17535,3,1,2200,2200
68556,17535,1,1,1100,1100
68557,17536,5,3,1600,4800
68558,17537,4,1,900,900
68559,17537,8,1,1500,1500
68560,17538,6,1,750,750
68561,17538,7,2,3800,7600
68562,17538,5,1,1600,1600
68563,17538,4,2,900,1800
68564,17538,2,2,1800,3600
68565,17538,3,3,2200,6600
68566,17538,8,3,1500,4500
68567,17539,7,3,3800,11400
68568,17540,4,1,900,900
68569,17540,8,1,1500,1500
68570,17540,6,3,750,2250
68571,17541,2,2,1800,3600
68572,17542,4,3,900,2700
68573,17542,1,3,1100,3300
68574,17542,6,1,750,750
68575,17542,8,1,1500,1500
68576,17542,2,2,1800,3600
68577,17542,7,2,3800,7600
68578,17543,1,3,1100,3300
68579,17543,5,2,1600,3200
68580,17543,6,3,750,2250
68581,17543,4,2,900,1800
68582,17543,3,1,2200,2200
68583,17543,8,1,1500,1500
68584,17544,5,1,1600,1600
68585,17545,6,2,750,1500
68586,17545,1,1,1100,1100
68587,17545,5,3,1600,4800
68588,17545,7,1,3800,3800
68589,17546,4,3,900,2700
68590,17546,8,1,1500,1500
68591,17546,5,1,1600,1600
68592,17547,8,2,1500,3000
68593,17547,1,1,1100,1100
68594,17547,2,1,1800,1800
68595,17547,4,3,900,2700
68596,17547,6,1,750,750
68597,17548,6,3,750,2250
68598,17548,5,2,1600,3200
68599,17548,8,3,1500,4500
68600,17548,3,3,2200,6600
68601,17548,1,2,1100,2200
68602,17549,7,2,3800,7600
68603,17549,1,2,1100,2200
68604,17550,4,2,900,1800
68605,17551,8,1,1500,1500
68606,17552,4,3,900,2700
68607,17552,2,3,1800,5400
68608,17553,1,1,1100,1100
68609,17553,8,2,1500,3000
68610,17554,5,3,1600,4800
68611,17554,8,1,1500,1500
68612,17555,6,1,750,750
68613,17555,5,3,1600,4800
68614,17556,8,2,1500,3000
68615,17557,4,3,900,2700
68616,17558,3,1,2200,2200
68617,17558,1,2,1100,2200
68618,17558,7,3,3800,11400
68619,17558,6,3,750,2250
68620,17558,8,2,1500,3000
68621,17559,3,1,2200,2200
68622,17560,8,1,1500,1500
68623,17560,4,1,900,900
68624,17561,4,3,900,2700
68625,17562,8,2,1500,3000
68626,17562,7,2,3800,7600
68627,17562,5,1,1600,1600
68628,17563,3,3,2200,6600
68629,17563,2,1,1800,1800
68630,17564,6,2,750,1500
68631,17564,4,1,900,900
68632,17564,3,3,2200,6600
68633,17564,8,2,1500,3000
68634,17565,7,1,3800,3800
68635,17565,1,3,1100,3300
68636,17565,2,1,1800,1800
68637,17566,6,2,750,1500
68638,17566,2,1,1800,1800
68639,17567,6,1,750,750
68640,17567,3,3,2200,6600
68641,17568,1,1,1100,1100
68642,17568,2,3,1800,5400
68643,17569,7,2,3800,7600
68644,17569,8,2,1500,3000
68645,17569,5,1,1600,1600
68646,17569,6,2,750,1500
68647,17569,1,1,1100,1100
68648,17570,6,2,750,1500
68649,17570,1,3,1100,3300
68650,17570,3,2,2200,4400
68651,17570,8,3,1500,4500
68652,17570,7,3,3800,11400
68653,17571,7,2,3800,7600
68654,17572,5,3,1600,4800
68655,17572,3,2,2200,4400
68656,17572,8,1,1500,1500
68657,17572,1,1,1100,1100
68658,17572,4,3,900,2700
68659,17572,7,2,3800,7600
68660,17573,3,3,2200,6600
68661,17573,2,3,1800,5400
68662,17573,8,1,1500,1500
68663,17573,6,1,750,750
68664,17574,4,3,900,2700
68665,17574,5,3,1600,4800
68666,17575,1,2,1100,2200
68667,17575,5,1,1600,1600
68668,17575,2,2,1800,3600
68669,17575,3,3,2200,6600
68670,17576,6,3,750,2250
68671,17576,2,1,1800,1800
68672,17576,4,2,900,1800
68673,17576,8,1,1500,1500
68674,17577,8,2,1500,3000
68675,17577,2,1,1800,1800
68676,17577,5,3,1600,4800
68677,17577,6,3,750,2250
68678,17578,7,3,3800,11400
68679,17578,4,3,900,2700
68680,17578,6,2,750,1500
68681,17578,2,1,1800,1800
68682,17579,2,1,1800,1800
68683,17579,8,3,1500,4500
68684,17579,1,2,1100,2200
68685,17580,4,2,900,1800
68686,17580,1,1,1100,1100
68687,17580,2,2,1800,3600
68688,17581,4,3,900,2700
68689,17581,2,1,1800,1800
68690,17581,3,3,2200,6600
68691,17582,4,3,900,2700
68692,17582,2,2,1800,3600
68693,17582,1,1,1100,1100
68694,17582,6,2,750,1500
68695,17583,5,1,1600,1600
68696,17584,1,3,1100,3300
68697,17584,4,3,900,2700
68698,17584,5,3,1600,4800
68699,17585,5,1,1600,1600
68700,17585,2,2,1800,3600
68701,17585,6,1,750,750
68702,17585,1,3,1100,3300
68703,17586,7,3,3800,11400
68704,17586,2,2,1800,3600
68705,17586,8,3,1500,4500
68706,17587,7,3,3800,11400
68707,17587,5,2,1600,3200
68708,17587,2,3,1800,5400
68709,17588,5,3,1600,4800
68710,17588,7,2,3800,7600
68711,17588,8,1,1500,1500
68712,17588,4,2,900,1800
68713,17589,1,3,1100,3300
68714,17590,2,1,1800,1800
68715,17590,8,2,1500,3000
68716,17591,3,1,2200,2200
68717,17591,7,2,3800,7600
68718,17591,4,2,900,1800
68719,17591,2,3,1800,5400
68720,17592,7,2,3800,7600
68721,17592,4,1,900,900
68722,17593,3,1,2200,2200
68723,17593,5,1,1600,1600
68724,17594,3,3,2200,6600
68725,17594,5,1,1600,1600
68726,17594,4,3,900,2700
68727,17595,7,3,3800,11400
68728,17595,8,3,1500,4500
68729,17595,3,2,2200,4400
68730,17595,1,3,1100,3300
68731,17596,2,3,1800,5400
68732,17597,2,1,1800,1800
68733,17597,7,1,3800,3800
68734,17597,5,1,1600,1600
68735,17598,6,3,750,2250
68736,17598,2,1,1800,1800
68737,17599,5,3,1600,4800
68738,17599,1,3,1100,3300
68739,17599,7,1,3800,3800
68740,17599,2,3,1800,5400
68741,17599,8,1,1500,1500
68742,17599,3,3,2200,6600
68743,17600,2,3,1800,5400
68744,17600,4,1,900,900
68745,17600,5,1,1600,1600
68746,17600,8,3,1500,4500
68747,17600,1,2,1100,2200
68748,17601,2,1,1800,1800
68749,17601,8,2,1500,3000
68750,17601,4,1,900,900
68751,17601,1,3,1100,3300
68752,17602,5,2,1600,3200
68753,17602,2,3,1800,5400
68754,17602,7,1,3800,3800
68755,17603,7,1,3800,3800
68756,17604,4,1,900,900
68757,17604,3,2,2200,4400
68758,17604,5,3,1600,4800
68759,17605,5,3,1600,4800
68760,17605,8,2,1500,3000
68761,17605,6,2,750,1500
68762,17605,7,3,3800,11400
68763,17606,6,3,750,2250
68764,17606,4,2,900,1800
68765,17606,1,2,1100,2200
68766,17607,1,3,1100,3300
68767,17608,8,2,1500,3000
68768,17609,4,1,900,900
68769,17609,8,2,1500,3000
68770,17609,7,2,3800,7600
68771,17610,1,2,1100,2200
68772,17610,3,1,2200,2200
68773,17610,8,2,1500,3000
68774,17611,3,1,2200,2200
68775,17611,7,2,3800,7600
68776,17612,2,2,1800,3600
68777,17612,3,1,2200,2200
68778,17613,3,3,2200,6600
68779,17613,6,3,750,2250
68780,17613,4,2,900,1800
68781,17613,2,1,1800,1800
68782,17613,5,3,1600,4800
68783,17613,1,2,1100,2200
68784,17614,4,3,900,2700
68785,17614,2,1,1800,1800
68786,17615,7,2,3800,7600
68787,17615,5,3,1600,4800
68788,17616,7,3,3800,11400
68789,17617,3,2,2200,4400
68790,17617,5,3,1600,4800
68791,17618,5,1,1600,1600
68792,17619,1,2,1100,2200
68793,17620,4,2,900,1800
68794,17620,2,3,1800,5400
68795,17620,7,3,3800,11400
68796,17620,5,2,1600,3200
68797,17620,6,1,750,750
68798,17621,2,1,1800,1800
68799,17621,5,3,1600,4800
68800,17621,7,2,3800,7600
68801,17621,4,1,900,900
68802,17621,8,2,1500,3000
68803,17622,4,3,900,2700
68804,17623,3,2,2200,4400
68805,17623,4,1,900,900
68806,17624,2,3,1800,5400
68807,17625,3,2,2200,4400
68808,17625,1,2,1100,2200
68809,17625,2,3,1800,5400
68810,17626,7,2,3800,7600
68811,17626,8,2,1500,3000
68812,17626,3,2,2200,4400
68813,17626,2,1,1800,1800
68814,17627,7,1,3800,3800
68815,17627,6,1,750,750
68816,17628,4,2,900,1800
68817,17629,8,1,1500,1500
68818,17629,3,3,2200,6600
68819,17629,4,2,900,1800
68820,17629,6,3,750,2250
68821,17629,2,1,1800,1800
68822,17629,7,1,3800,3800
68823,17630,8,1,1500,1500
68824,17631,3,2,2200,4400
68825,17632,6,1,750,750
68826,17633,4,2,900,1800
68827,17634,2,2,1800,3600
68828,17635,1,3,1100,3300
68829,17636,8,1,1500,1500
68830,17637,3,2,2200,4400
68831,17637,4,2,900,1800
68832,17638,6,2,750,1500
68833,17638,3,2,2200,4400
68834,17638,5,2,1600,3200
68835,17639,4,1,900,900
68836,17640,5,1,1600,1600
68837,17640,4,1,900,900
68838,17640,3,1,2200,2200
68839,17641,5,3,1600,4800
68840,17642,5,1,1600,1600
68841,17642,2,1,1800,1800
68842,17643,6,2,750,1500
68843,17643,5,3,1600,4800
68844,17644,5,1,1600,1600
68845,17644,3,1,2200,2200
68846,17644,1,3,1100,3300
68847,17644,4,2,900,1800
68848,17644,8,2,1500,3000
68849,17645,5,2,1600,3200
68850,17645,7,3,3800,11400
68851,17646,8,1,1500,1500
68852,17646,3,2,2200,4400
68853,17647,2,1,1800,1800
68854,17647,3,3,2200,6600
68855,17647,1,2,1100,2200
68856,17647,5,2,1600,3200
68857,17647,7,3,3800,11400
68858,17647,6,1,750,750
68859,17648,1,2,1100,2200
68860,17649,5,3,1600,4800
68861,17649,7,2,3800,7600
68862,17650,8,1,1500,1500
68863,17650,7,2,3800,7600
68864,17650,1,1,1100,1100
68865,17650,4,2,900,1800
68866,17651,5,2,1600,3200
68867,17652,2,2,1800,3600
68868,17652,5,1,1600,1600
68869,17652,8,3,1500,4500
68870,17653,3,1,2200,2200
68871,17653,8,3,1500,4500
68872,17654,7,3,3800,11400
68873,17654,1,3,1100,3300
68874,17654,3,3,2200,6600
68875,17654,5,3,1600,4800
68876,17655,2,1,1800,1800
68877,17656,6,3,750,2250
68878,17656,3,1,2200,2200
68879,17657,1,1,1100,1100
68880,17658,6,1,750,750
68881,17658,4,1,900,900
68882,17659,5,3,1600,4800
68883,17660,7,1,3800,3800
68884,17660,4,3,900,2700
68885,17660,3,3,2200,6600
68886,17661,7,3,3800,11400
68887,17661,3,2,2200,4400
68888,17661,6,1,750,750
68889,17662,7,3,3800,11400
68890,17662,2,2,1800,3600
68891,17662,1,2,1100,2200
68892,17663,5,2,1600,3200
68893,17664,8,2,1500,3000
68894,17664,1,1,1100,1100
68895,17664,3,2,2200,4400
68896,17665,2,2,1800,3600
68897,17665,1,1,1100,1100
68898,17665,3,3,2200,6600
68899,17665,5,1,1600,1600
68900,17665,7,2,3800,7600
68901,17665,8,1,1500,1500
68902,17665,4,3,900,2700
68903,17666,8,2,1500,3000
68904,17667,1,1,1100,1100
68905,17668,2,1,1800,1800
68906,17668,7,2,3800,7600
68907,17668,6,3,750,2250
68908,17668,1,2,1100,2200
68909,17668,4,3,900,2700
68910,17668,8,2,1500,3000
68911,17669,5,3,1600,4800
68912,17670,6,2,750,1500
68913,17670,5,2,1600,3200
68914,17670,7,3,3800,11400
68915,17671,5,3,1600,4800
68916,17672,3,1,2200,2200
68917,17672,6,1,750,750
68918,17673,2,3,1800,5400
68919,17673,8,2,1500,3000
68920,17673,3,2,2200,4400
68921,17674,6,1,750,750
68922,17674,4,3,900,2700
68923,17674,8,1,1500,1500
68924,17674,1,2,1100,2200
68925,17675,2,3,1800,5400
68926,17675,7,1,3800,3800
68927,17675,6,2,750,1500
68928,17675,4,3,900,2700
68929,17676,4,2,900,1800
68930,17677,3,3,2200,6600
68931,17678,2,1,1800,1800
68932,17678,7,1,3800,3800
68933,17679,7,2,3800,7600
68934,17679,3,3,2200,6600
68935,17679,6,1,750,750
68936,17680,4,1,900,900
68937,17680,3,2,2200,4400
68938,17681,5,2,1600,3200
68939,17681,2,3,1800,5400
68940,17681,8,1,1500,1500
68941,17682,2,3,1800,5400
68942,17682,3,1,2200,2200
68943,17682,6,2,750,1500
68944,17683,3,2,2200,4400
68945,17683,7,2,3800,7600
68946,17683,2,2,1800,3600
68947,17684,5,2,1600,3200
68948,17684,7,1,3800,3800
68949,17684,2,2,1800,3600
68950,17684,1,1,1100,1100
68951,17684,4,3,900,2700
68952,17684,8,2,1500,3000
68953,17685,6,3,750,2250
68954,17686,2,1,1800,1800
68955,17687,8,1,1500,1500
68956,17687,1,2,1100,2200
68957,17687,5,2,1600,3200
68958,17688,8,1,1500,1500
68959,17688,7,3,3800,11400
68960,17689,5,3,1600,4800
68961,17690,2,3,1800,5400
68962,17691,3,1,2200,2200
68963,17691,5,3,1600,4800
68964,17691,4,3,900,2700
68965,17692,1,2,1100,2200
68966,17692,7,1,3800,3800
68967,17692,5,2,1600,3200
68968,17693,3,3,2200,6600
68969,17693,6,3,750,2250
68970,17693,8,1,1500,1500
68971,17694,7,2,3800,7600
68972,17694,6,2,750,1500
68973,17694,3,2,2200,4400
68974,17695,4,2,900,1800
68975,17696,8,1,1500,1500
68976,17696,4,3,900,2700
68977,17697,4,2,900,1800
68978,17697,1,2,1100,2200
68979,17698,3,3,2200,6600
68980,17698,1,2,1100,2200
68981,17699,1,1,1100,1100
68982,17699,4,3,900,2700
68983,17699,6,3,750,2250
68984,17700,2,3,1800,5400
68985,17700,8,2,1500,3000
68986,17700,1,3,1100,3300
68987,17701,6,3,750,2250
68988,17701,7,1,3800,3800
68989,17701,5,1,1600,1600
68990,17701,8,2,1500,3000
68991,17701,4,1,900,900
68992,17702,1,3,1100,3300
68993,17702,8,3,1500,4500
68994,17703,1,1,1100,1100
68995,17703,8,1,1500,1500
68996,17704,2,2,1800,3600
68997,17705,7,1,3800,3800
68998,17705,8,3,1500,4500
68999,17706,1,2,1100,2200
69000,17706,6,2,750,1500
69001,17706,7,2,3800,7600
69002,17706,5,3,1600,4800
69003,17706,2,2,1800,3600
69004,17706,4,1,900,900
69005,17707,1,3,1100,3300
69006,17707,8,3,1500,4500
69007,17708,7,2,3800,7600
69008,17708,8,1,1500,1500
69009,17709,8,2,1500,3000
69010,17709,2,2,1800,3600
69011,17709,7,1,3800,3800
69012,17710,2,2,1800,3600
69013,17710,7,2,3800,7600
69014,17711,1,2,1100,2200
69015,17711,8,3,1500,4500
69016,17712,6,1,750,750
69017,17712,7,2,3800,7600
69018,17712,1,1,1100,1100
69019,17712,8,2,1500,3000
69020,17712,2,1,1800,1800
69021,17712,3,1,2200,2200
69022,17712,4,3,900,2700
69023,17713,1,1,1100,1100
69024,17713,7,2,3800,7600
69025,17713,2,1,1800,1800
69026,17714,4,3,900,2700
69027,17714,7,1,3800,3800
69028,17714,8,1,1500,1500
69029,17715,8,2,1500,3000
69030,17715,1,3,1100,3300
69031,17715,5,2,1600,3200
69032,17716,2,1,1800,1800
69033,17717,5,3,1600,4800
69034,17717,3,1,2200,2200
69035,17717,7,1,3800,3800
69036,17718,4,2,900,1800
69037,17718,1,3,1100,3300
69038,17718,3,2,2200,4400
69039,17718,2,1,1800,1800
69040,17718,6,1,750,750
69041,17719,1,3,1100,3300
69042,17719,5,1,1600,1600
69043,17719,3,3,2200,6600
69044,17719,4,1,900,900
69045,17719,7,1,3800,3800
69046,17720,3,2,2200,4400
69047,17721,3,1,2200,2200
69048,17721,8,1,1500,1500
69049,17721,5,3,1600,4800
69050,17721,4,1,900,900
69051,17722,7,3,3800,11400
69052,17723,3,3,2200,6600
69053,17724,7,2,3800,7600
69054,17725,1,3,1100,3300
69055,17726,6,1,750,750
69056,17726,3,2,2200,4400
69057,17726,8,1,1500,1500
69058,17726,4,3,900,2700
69059,17727,8,1,1500,1500
69060,17727,1,1,1100,1100
69061,17727,7,3,3800,11400
69062,17727,2,1,1800,1800
69063,17728,8,3,1500,4500
69064,17728,3,3,2200,6600
69065,17728,1,3,1100,3300
69066,17729,1,3,1100,3300
69067,17730,8,2,1500,3000
69068,17730,3,2,2200,4400
69069,17730,5,3,1600,4800
69070,17731,6,3,750,2250
69071,17731,1,2,1100,2200
69072,17731,3,3,2200,6600
69073,17731,5,3,1600,4800
69074,17732,6,1,750,750
69075,17732,5,3,1600,4800
69076,17732,4,2,900,1800
69077,17733,1,3,1100,3300
69078,17733,7,1,3800,3800
69079,17733,8,1,1500,1500
69080,17733,5,1,1600,1600
69081,17733,4,2,900,1800
69082,17733,2,1,1800,1800
69083,17734,5,3,1600,4800
69084,17735,3,2,2200,4400
69085,17735,4,3,900,2700
69086,17735,2,3,1800,5400
69087,17735,8,3,1500,4500
69088,17735,7,3,3800,11400
69089,17736,7,3,3800,11400
69090,17736,4,3,900,2700
69091,17737,3,2,2200,4400
69092,17737,4,3,900,2700
69093,17738,6,1,750,750
69094,17738,3,2,2200,4400
69095,17738,4,3,900,2700
69096,17738,1,3,1100,3300
69097,17738,7,3,3800,11400
69098,17739,2,3,1800,5400
69099,17739,5,3,1600,4800
69100,17739,6,3,750,2250
69101,17740,7,3,3800,11400
69102,17740,1,2,1100,2200
69103,17740,2,3,1800,5400
69104,17741,8,3,1500,4500
69105,17742,4,3,900,2700
69106,17742,5,3,1600,4800
69107,17742,1,3,1100,3300
69108,17742,8,1,1500,1500
69109,17742,3,2,2200,4400
69110,17742,2,3,1800,5400
69111,17743,2,2,1800,3600
69112,17743,7,2,3800,7600
69113,17743,8,3,1500,4500
69114,17744,2,3,1800,5400
69115,17745,3,1,2200,2200
69116,17745,7,1,3800,3800
69117,17745,5,2,1600,3200
69118,17746,2,1,1800,1800
69119,17746,5,1,1600,1600
69120,17747,7,1,3800,3800
69121,17747,5,2,1600,3200
69122,17748,5,3,1600,4800
69123,17748,7,1,3800,3800
69124,17749,4,1,900,900
69125,17749,6,3,750,2250
69126,17749,5,1,1600,1600
69127,17749,3,1,2200,2200
69128,17749,7,2,3800,7600
69129,17750,6,2,750,1500
69130,17751,1,1,1100,1100
69131,17751,7,3,3800,11400
69132,17751,5,3,1600,4800
69133,17751,8,1,1500,1500
69134,17751,3,2,2200,4400
69135,17752,8,1,1500,1500
69136,17752,6,1,750,750
69137,17752,5,3,1600,4800
69138,17753,5,2,1600,3200
69139,17753,4,3,900,2700
69140,17753,1,2,1100,2200
69141,17753,8,1,1500,1500
69142,17754,5,1,1600,1600
69143,17754,6,3,750,2250
69144,17754,7,3,3800,11400
69145,17755,5,3,1600,4800
69146,17755,6,2,750,1500
69147,17755,4,1,900,900
69148,17755,7,2,3800,7600
69149,17755,1,3,1100,3300
69150,17756,6,3,750,2250
69151,17756,8,2,1500,3000
69152,17756,7,2,3800,7600
69153,17756,4,2,900,1800
69154,17757,5,1,1600,1600
69155,17758,5,3,1600,4800
69156,17758,2,2,1800,3600
69157,17758,8,1,1500,1500
69158,17759,1,1,1100,1100
69159,17759,8,3,1500,4500
69160,17760,1,1,1100,1100
69161,17760,4,1,900,900
69162,17761,4,1,900,900
69163,17762,7,3,3800,11400
69164,17762,3,2,2200,4400
69165,17762,4,1,900,900
69166,17762,1,1,1100,1100
69167,17763,5,2,1600,3200
69168,17763,2,2,1800,3600
69169,17764,5,2,1600,3200
69170,17764,6,3,750,2250
69171,17765,4,3,900,2700
69172,17766,1,3,1100,3300
69173,17767,7,2,3800,7600
69174,17767,3,3,2200,6600
69175,17768,4,3,900,2700
69176,17768,5,2,1600,3200
69177,17769,3,3,2200,6600
69178,17770,2,3,1800,5400
69179,17770,8,1,1500,1500
69180,17770,6,1,750,750
69181,17770,7,2,3800,7600
69182,17770,1,3,1100,3300
69183,17770,4,2,900,1800
69184,17771,2,2,1800,3600
69185,17772,3,1,2200,2200
69186,17773,3,3,2200,6600
69187,17773,7,1,3800,3800
69188,17774,2,1,1800,1800
69189,17775,2,1,1800,1800
69190,17776,2,1,1800,1800
69191,17777,6,2,750,1500
69192,17777,1,3,1100,3300
69193,17777,8,1,1500,1500
69194,17777,7,3,3800,11400
69195,17777,5,3,1600,4800
69196,17777,2,3,1800,5400
69197,17778,1,3,1100,3300
69198,17778,5,1,1600,1600
69199,17778,4,3,900,2700
69200,17779,3,3,2200,6600
69201,17779,4,2,900,1800
69202,17780,2,1,1800,1800
69203,17780,5,2,1600,3200
69204,17780,4,3,900,2700
69205,17781,4,2,900,1800
69206,17781,3,1,2200,2200
69207,17781,1,3,1100,3300
69208,17781,6,2,750,1500
69209,17782,5,2,1600,3200
69210,17783,2,3,1800,5400
69211,17783,7,1,3800,3800
69212,17783,5,1,1600,1600
69213,17784,2,2,1800,3600
69214,17785,8,1,1500,1500
69215,17786,4,3,900,2700
69216,17786,1,1,1100,1100
69217,17787,1,1,1100,1100
69218,17788,7,3,3800,11400
69219,17788,4,1,900,900
69220,17788,2,2,1800,3600
69221,17789,4,2,900,1800
69222,17790,4,1,900,900
69223,17790,2,3,1800,5400
69224,17790,7,2,3800,7600
69225,17791,6,1,750,750
69226,17791,3,1,2200,2200
69227,17791,2,1,1800,1800
69228,17791,4,3,900,2700
69229,17791,1,2,1100,2200
69230,17791,8,1,1500,1500
69231,17792,3,2,2200,4400
69232,17792,7,1,3800,3800
69233,17793,6,3,750,2250
69234,17793,3,1,2200,2200
69235,17793,7,2,3800,7600
69236,17793,8,1,1500,1500
69237,17793,5,1,1600,1600
69238,17794,4,3,900,2700
69239,17794,2,2,1800,3600
69240,17795,2,3,1800,5400
69241,17795,1,2,1100,2200
69242,17796,6,1,750,750
69243,17796,5,3,1600,4800
69244,17796,7,2,3800,7600
69245,17796,1,2,1100,2200
69246,17797,6,2,750,1500
69247,17797,1,1,1100,1100
69248,17797,8,2,1500,3000
69249,17798,5,3,1600,4800
69250,17798,3,1,2200,2200
69251,17798,2,1,1800,1800
69252,17799,2,1,1800,1800
69253,17800,6,1,750,750
69254,17800,7,1,3800,3800
69255,17801,2,1,1800,1800
69256,17801,8,2,1500,3000
69257,17801,5,2,1600,3200
69258,17801,3,3,2200,6600
69259,17801,1,1,1100,1100
69260,17802,8,2,1500,3000
69261,17803,6,2,750,1500
69262,17804,8,1,1500,1500
69263,17804,2,1,1800,1800
69264,17804,3,1,2200,2200
69265,17805,3,1,2200,2200
69266,17805,4,1,900,900
69267,17805,5,1,1600,1600
69268,17805,6,3,750,2250
69269,17806,6,3,750,2250
69270,17806,8,3,1500,4500
69271,17807,8,2,1500,3000
69272,17807,5,1,1600,1600
69273,17808,7,1,3800,3800
69274,17808,1,3,1100,3300
69275,17808,2,1,1800,1800
69276,17809,2,1,1800,1800
69277,17809,7,1,3800,3800
69278,17810,7,2,3800,7600
69279,17810,8,2,1500,3000
69280,17811,6,1,750,750
69281,17811,5,1,1600,1600
69282,17811,4,2,900,1800
69283,17811,2,1,1800,1800
69284,17811,3,3,2200,6600
69285,17811,8,2,1500,3000
69286,17811,7,2,3800,7600
69287,17811,1,2,1100,2200
69288,17812,5,1,1600,1600
69289,17812,3,3,2200,6600
69290,17812,8,3,1500,4500
69291,17812,1,3,1100,3300
69292,17812,4,3,900,2700
69293,17812,2,2,1800,3600
69294,17813,1,2,1100,2200
69295,17813,8,3,1500,4500
69296,17814,7,2,3800,7600
69297,17814,5,2,1600,3200
69298,17814,8,3,1500,4500
69299,17815,6,3,750,2250
69300,17815,5,2,1600,3200
69301,17815,7,1,3800,3800
69302,17815,3,1,2200,2200
69303,17816,7,2,3800,7600
69304,17817,4,2,900,1800
69305,17817,6,2,750,1500
69306,17818,4,3,900,2700
69307,17819,3,2,2200,4400
69308,17819,1,1,1100,1100
69309,17820,8,2,1500,3000
69310,17820,2,2,1800,3600
69311,17820,3,1,2200,2200
69312,17821,7,3,3800,11400
69313,17822,1,2,1100,2200
69314,17822,7,3,3800,11400
69315,17822,4,3,900,2700
69316,17822,3,2,2200,4400
69317,17823,2,3,1800,5400
69318,17823,6,2,750,1500
69319,17823,3,1,2200,2200
69320,17823,1,3,1100,3300
69321,17823,5,2,1600,3200
69322,17823,4,3,900,2700
69323,17824,2,3,1800,5400
69324,17824,8,3,1500,4500
69325,17825,8,1,1500,1500
69326,17826,5,2,1600,3200
69327,17827,6,3,750,2250
69328,17827,5,3,1600,4800
69329,17828,2,3,1800,5400
69330,17828,1,3,1100,3300
69331,17828,7,1,3800,3800
69332,17829,6,1,750,750
69333,17830,7,2,3800,7600
69334,17830,6,2,750,1500
69335,17830,2,3,1800,5400
69336,17831,4,1,900,900
69337,17831,7,2,3800,7600
69338,17831,6,1,750,750
69339,17832,8,3,1500,4500
69340,17832,1,3,1100,3300
69341,17833,7,2,3800,7600
69342,17834,3,2,2200,4400
69343,17834,4,2,900,1800
69344,17835,4,1,900,900
69345,17835,3,3,2200,6600
69346,17835,7,1,3800,3800
69347,17835,1,1,1100,1100
69348,17836,7,3,3800,11400
69349,17836,8,1,1500,1500
69350,17837,7,1,3800,3800
69351,17837,8,1,1500,1500
69352,17837,6,3,750,2250
69353,17838,2,1,1800,1800
69354,17839,4,1,900,900
69355,17840,4,3,900,2700
69356,17840,2,1,1800,1800
69357,17840,1,3,1100,3300
69358,17841,2,1,1800,1800
69359,17842,1,1,1100,1100
69360,17843,8,2,1500,3000
69361,17843,6,2,750,1500
69362,17843,3,1,2200,2200
69363,17844,6,3,750,2250
69364,17844,3,1,2200,2200
69365,17845,7,3,3800,11400
69366,17845,3,1,2200,2200
69367,17846,2,3,1800,5400
69368,17846,3,1,2200,2200
69369,17846,6,1,750,750
69370,17847,3,2,2200,4400
69371,17847,1,3,1100,3300
69372,17847,8,3,1500,4500
69373,17847,7,1,3800,3800
69374,17847,4,3,900,2700
69375,17848,5,3,1600,4800
69376,17848,4,2,900,1800
69377,17848,2,3,1800,5400
69378,17848,8,3,1500,4500
69379,17849,7,3,3800,11400
69380,17849,3,2,2200,4400
69381,17849,4,1,900,900
69382,17849,6,1,750,750
69383,17850,2,2,1800,3600
69384,17851,4,3,900,2700
69385,17851,5,2,1600,3200
69386,17852,6,3,750,2250
69387,17852,4,3,900,2700
69388,17853,1,1,1100,1100
69389,17854,5,2,1600,3200
69390,17854,4,3,900,2700
69391,17855,8,3,1500,4500
69392,17855,4,3,900,2700
69393,17855,3,2,2200,4400
69394,17855,1,2,1100,2200
69395,17855,7,3,3800,11400
69396,17856,4,3,900,2700
69397,17856,1,3,1100,3300
69398,17856,8,3,1500,4500
69399,17857,6,2,750,1500
69400,17857,1,1,1100,1100
69401,17858,4,3,900,2700
69402,17859,6,2,750,1500
69403,17859,1,2,1100,2200
69404,17860,1,1,1100,1100
69405,17860,5,1,1600,1600
69406,17861,8,3,1500,4500
69407,17861,2,3,1800,5400
69408,17861,4,1,900,900
69409,17862,2,1,1800,1800
69410,17862,7,1,3800,3800
69411,17862,4,2,900,1800
69412,17863,5,2,1600,3200
69413,17864,7,3,3800,11400
69414,17864,8,3,1500,4500
69415,17864,4,2,900,1800
69416,17865,6,2,750,1500
69417,17866,8,1,1500,1500
69418,17866,6,2,750,1500
69419,17866,2,1,1800,1800
69420,17866,5,1,1600,1600
69421,17866,1,1,1100,1100
69422,17866,7,2,3800,7600
69423,17866,3,2,2200,4400
69424,17867,4,1,900,900
69425,17867,3,2,2200,4400
69426,17868,2,2,1800,3600
69427,17869,6,1,750,750
69428,17870,3,1,2200,2200
69429,17870,5,3,1600,4800
69430,17871,5,3,1600,4800
69431,17871,6,3,750,2250
69432,17871,7,3,3800,11400
69433,17871,8,3,1500,4500
69434,17871,3,3,2200,6600
69435,17871,1,2,1100,2200
69436,17871,2,1,1800,1800
69437,17871,4,3,900,2700
69438,17872,1,1,1100,1100
69439,17872,5,3,1600,4800
69440,17873,5,3,1600,4800
69441,17873,1,1,1100,1100
69442,17873,6,3,750,2250
69443,17874,8,3,1500,4500
69444,17874,6,3,750,2250
69445,17875,4,1,900,900
69446,17875,3,3,2200,6600
69447,17876,4,1,900,900
69448,17876,3,3,2200,6600
69449,17876,2,3,1800,5400
69450,17877,2,1,1800,1800
69451,17877,3,1,2200,2200
69452,17878,8,3,1500,4500
69453,17878,2,1,1800,1800
69454,17878,5,2,1600,3200
69455,17879,2,2,1800,3600
69456,17880,7,3,3800,11400
69457,17880,3,1,2200,2200
69458,17880,1,3,1100,3300
69459,17881,6,2,750,1500
69460,17882,1,2,1100,2200
69461,17882,5,1,1600,1600
69462,17883,7,1,3800,3800
69463,17883,1,1,1100,1100
69464,17884,5,2,1600,3200
69465,17885,5,1,1600,1600
69466,17885,4,3,900,2700
69467,17885,8,2,1500,3000
69468,17885,3,3,2200,6600
69469,17886,7,3,3800,11400
69470,17886,2,3,1800,5400
69471,17887,1,2,1100,2200
69472,17887,4,3,900,2700
69473,17887,3,2,2200,4400
69474,17888,5,2,1600,3200
69475,17888,8,3,1500,4500
69476,17888,4,3,900,2700
69477,17888,7,3,3800,11400
69478,17888,1,2,1100,2200
69479,17889,7,2,3800,7600
69480,17889,5,3,1600,4800
69481,17890,7,2,3800,7600
69482,17890,6,1,750,750
69483,17891,3,2,2200,4400
69484,17892,7,2,3800,7600
69485,17893,4,1,900,900
69486,17893,8,3,1500,4500
69487,17893,5,3,1600,4800
69488,17893,1,1,1100,1100
69489,17893,7,2,3800,7600
69490,17894,2,1,1800,1800
69491,17894,4,2,900,1800
69492,17894,6,1,750,750
69493,17895,8,3,1500,4500
69494,17895,1,3,1100,3300
69495,17895,7,2,3800,7600
69496,17895,5,1,1600,1600
69497,17896,7,1,3800,3800
69498,17896,3,1,2200,2200
69499,17896,8,1,1500,1500
69500,17896,2,1,1800,1800
69501,17897,1,2,1100,2200
69502,17897,4,3,900,2700
69503,17898,5,3,1600,4800
69504,17898,1,2,1100,2200
69505,17898,8,2,1500,3000
69506,17898,4,3,900,2700
69507,17898,2,1,1800,1800
69508,17899,4,2,900,1800
69509,17899,7,2,3800,7600
69510,17899,2,1,1800,1800
69511,17900,3,1,2200,2200
69512,17901,1,2,1100,2200
69513,17901,6,2,750,1500
69514,17901,5,3,1600,4800
69515,17902,6,1,750,750
69516,17903,4,1,900,900
69517,17903,3,3,2200,6600
69518,17903,1,2,1100,2200
69519,17903,8,3,1500,4500
69520,17904,4,1,900,900
69521,17904,6,2,750,1500
69522,17905,3,3,2200,6600
69523,17905,4,2,900,1800
69524,17905,5,1,1600,1600
69525,17905,7,3,3800,11400
69526,17905,1,1,1100,1100
69527,17906,5,3,1600,4800
69528,17906,3,2,2200,4400
69529,17906,1,3,1100,3300
69530,17907,3,2,2200,4400
69531,17907,5,2,1600,3200
69532,17907,8,1,1500,1500
69533,17908,8,1,1500,1500
69534,17908,4,3,900,2700
69535,17909,1,2,1100,2200
69536,17909,3,3,2200,6600
69537,17909,5,3,1600,4800
69538,17909,2,3,1800,5400
69539,17910,4,3,900,2700
69540,17910,8,2,1500,3000
69541,17910,3,3,2200,6600
69542,17911,4,3,900,2700
69543,17911,8,3,1500,4500
69544,17912,1,3,1100,3300
69545,17912,3,2,2200,4400
69546,17912,5,1,1600,1600
69547,17913,2,3,1800,5400
69548,17913,1,3,1100,3300
69549,17914,7,3,3800,11400
69550,17914,1,3,1100,3300
69551,17914,3,3,2200,6600
69552,17914,4,3,900,2700
69553,17915,5,2,1600,3200
69554,17915,3,1,2200,2200
69555,17915,4,3,900,2700
69556,17915,8,2,1500,3000
69557,17915,1,3,1100,3300
69558,17916,8,1,1500,1500
69559,17916,3,3,2200,6600
69560,17916,6,2,750,1500
69561,17917,4,2,900,1800
69562,17917,2,2,1800,3600
69563,17917,7,2,3800,7600
69564,17917,1,1,1100,1100
69565,17917,6,1,750,750
69566,17918,4,2,900,1800
69567,17919,8,1,1500,1500
69568,17920,1,1,1100,1100
69569,17921,1,1,1100,1100
69570,17922,4,2,900,1800
69571,17922,8,2,1500,3000
69572,17922,7,2,3800,7600
69573,17922,1,3,1100,3300
69574,17922,6,2,750,1500
69575,17923,1,3,1100,3300
69576,17923,2,3,1800,5400
69577,17923,6,1,750,750
69578,17923,4,3,900,2700
69579,17923,7,2,3800,7600
69580,17924,4,2,900,1800
69581,17924,3,2,2200,4400
69582,17924,7,3,3800,11400
69583,17924,8,2,1500,3000
69584,17924,6,1,750,750
69585,17925,4,2,900,1800
69586,17925,3,2,2200,4400
69587,17925,2,3,1800,5400
69588,17925,5,3,1600,4800
69589,17925,6,3,750,2250
69590,17925,1,3,1100,3300
69591,17925,7,3,3800,11400
69592,17926,8,3,1500,4500
69593,17926,7,2,3800,7600
69594,17926,6,3,750,2250
69595,17927,6,1,750,750
69596,17927,5,2,1600,3200
69597,17927,1,3,1100,3300
69598,17928,7,3,3800,11400
69599,17928,3,3,2200,6600
69600,17928,4,1,900,900
69601,17928,8,2,1500,3000
69602,17929,2,1,1800,1800
69603,17929,8,2,1500,3000
69604,17929,3,2,2200,4400
69605,17929,6,3,750,2250
69606,17929,7,2,3800,7600
69607,17930,1,1,1100,1100
69608,17931,8,1,1500,1500
69609,17931,3,1,2200,2200
69610,17931,2,3,1800,5400
69611,17931,6,3,750,2250
69612,17932,8,3,1500,4500
69613,17932,6,1,750,750
69614,17933,8,3,1500,4500
69615,17933,1,3,1100,3300
69616,17933,6,2,750,1500
69617,17934,3,2,2200,4400
69618,17935,5,3,1600,4800
69619,17936,7,1,3800,3800
69620,17936,6,1,750,750
69621,17937,7,2,3800,7600
69622,17937,5,2,1600,3200
69623,17937,8,1,1500,1500
69624,17937,4,1,900,900
69625,17937,2,2,1800,3600
69626,17938,6,2,750,1500
69627,17939,7,3,3800,11400
69628,17939,3,3,2200,6600
69629,17939,1,3,1100,3300
69630,17940,7,2,3800,7600
69631,17941,6,2,750,1500
69632,17941,2,3,1800,5400
69633,17942,1,1,1100,1100
69634,17942,3,1,2200,2200
69635,17943,7,3,3800,11400
69636,17943,4,2,900,1800
69637,17943,1,2,1100,2200
69638,17944,7,1,3800,3800
69639,17944,8,2,1500,3000
69640,17944,2,3,1800,5400
69641,17944,3,2,2200,4400
69642,17944,1,3,1100,3300
69643,17945,5,1,1600,1600
69644,17945,1,3,1100,3300
69645,17945,6,1,750,750
69646,17946,3,1,2200,2200
69647,17946,6,2,750,1500
69648,17946,8,2,1500,3000
69649,17946,2,1,1800,1800
69650,17946,5,1,1600,1600
69651,17947,2,3,1800,5400
69652,17947,6,1,750,750
69653,17948,1,3,1100,3300
69654,17949,6,3,750,2250
69655,17949,1,1,1100,1100
69656,17949,8,1,1500,1500
69657,17949,4,1,900,900
69658,17949,7,1,3800,3800
69659,17950,8,2,1500,3000
69660,17951,2,1,1800,1800
69661,17952,7,2,3800,7600
69662,17952,4,3,900,2700
69663,17952,1,1,1100,1100
69664,17952,5,1,1600,1600
69665,17953,4,1,900,900
69666,17953,2,1,1800,1800
69667,17953,5,2,1600,3200
69668,17954,3,2,2200,4400
69669,17955,2,3,1800,5400
69670,17955,6,3,750,2250
69671,17956,8,1,1500,1500
69672,17957,8,2,1500,3000
69673,17958,4,2,900,1800
69674,17958,3,3,2200,6600
69675,17959,4,2,900,1800
69676,17959,3,2,2200,4400
69677,17959,1,3,1100,3300
69678,17960,7,2,3800,7600
69679,17961,7,1,3800,3800
69680,17962,2,2,1800,3600
69681,17963,1,2,1100,2200
69682,17963,8,1,1500,1500
69683,17964,1,1,1100,1100
69684,17964,8,2,1500,3000
69685,17964,7,2,3800,7600
69686,17964,3,3,2200,6600
69687,17964,4,3,900,2700
69688,17964,6,3,750,2250
69689,17965,2,3,1800,5400
69690,17966,8,3,1500,4500
69691,17966,6,3,750,2250
69692,17967,5,1,1600,1600
69693,17967,3,2,2200,4400
69694,17968,7,2,3800,7600
69695,17969,7,3,3800,11400
69696,17969,8,3,1500,4500
69697,17969,2,2,1800,3600
69698,17970,3,2,2200,4400
69699,17971,1,2,1100,2200
69700,17971,6,2,750,1500
69701,17971,2,3,1800,5400
69702,17971,5,3,1600,4800
69703,17971,8,3,1500,4500
69704,17972,5,3,1600,4800
69705,17972,7,2,3800,7600
69706,17972,2,2,1800,3600
69707,17973,7,2,3800,7600
69708,17974,6,3,750,2250
69709,17974,5,1,1600,1600
69710,17975,6,1,750,750
69711,17976,3,2,2200,4400
69712,17976,6,2,750,1500
69713,17977,1,3,1100,3300
69714,17977,8,3,1500,4500
69715,17977,5,2,1600,3200
69716,17977,2,2,1800,3600
69717,17977,3,1,2200,2200
69718,17978,8,1,1500,1500
69719,17978,5,2,1600,3200
69720,17978,6,3,750,2250
69721,17978,3,3,2200,6600
69722,17978,2,3,1800,5400
69723,17979,6,3,750,2250
69724,17980,4,1,900,900
69725,17980,5,1,1600,1600
69726,17981,5,3,1600,4800
69727,17982,4,2,900,1800
69728,17982,2,1,1800,1800
69729,17982,1,1,1100,1100
69730,17983,5,2,1600,3200
69731,17983,7,2,3800,7600
69732,17984,4,2,900,1800
69733,17984,8,3,1500,4500
69734,17985,8,3,1500,4500
69735,17985,1,1,1100,1100
69736,17985,3,2,2200,4400
69737,17986,8,3,1500,4500
69738,17986,5,3,1600,4800
69739,17986,1,1,1100,1100
69740,17986,2,1,1800,1800
69741,17987,8,3,1500,4500
69742,17987,5,1,1600,1600
69743,17987,6,2,750,1500
69744,17988,7,3,3800,11400
69745,17988,1,1,1100,1100
69746,17989,3,2,2200,4400
69747,17989,6,2,750,1500
69748,17989,4,2,900,1800
69749,17990,6,1,750,750
69750,17991,5,1,1600,1600
69751,17991,6,1,750,750
69752,17992,1,1,1100,1100
69753,17992,6,3,750,2250
69754,17993,4,2,900,1800
69755,17993,7,1,3800,3800
69756,17994,1,1,1100,1100
69757,17994,5,3,1600,4800
69758,17995,6,3,750,2250
69759,17995,8,3,1500,4500
69760,17996,1,3,1100,3300
69761,17996,6,2,750,1500
69762,17996,8,1,1500,1500
69763,17996,5,3,1600,4800
69764,17996,4,1,900,900
69765,17997,2,2,1800,3600
69766,17997,6,3,750,2250
69767,17998,6,2,750,1500
69768,17998,3,3,2200,6600
69769,17999,8,1,1500,1500
69770,17999,2,2,1800,3600
69771,17999,5,3,1600,4800
69772,18000,2,3,1800,5400
69773,18000,4,3,900,2700
69774,18001,2,1,1800,1800
69775,18001,6,1,750,750
69776,18001,3,2,2200,4400
69777,18001,1,1,1100,1100
69778,18002,3,3,2200,6600
69779,18002,5,1,1600,1600
69780,18002,1,2,1100,2200
69781,18002,7,2,3800,7600
69782,18003,7,1,3800,3800
69783,18004,7,3,3800,11400
69784,18005,4,3,900,2700
69785,18005,5,3,1600,4800
69786,18006,2,2,1800,3600
69787,18007,8,1,1500,1500
69788,18007,1,2,1100,2200
69789,18007,2,3,1800,5400
69790,18007,4,2,900,1800
69791,18007,5,2,1600,3200
69792,18007,3,3,2200,6600
69793,18008,5,1,1600,1600
69794,18009,4,1,900,900
69795,18009,1,3,1100,3300
69796,18010,2,1,1800,1800
69797,18011,1,3,1100,3300
69798,18011,4,2,900,1800
69799,18011,2,1,1800,1800
69800,18012,2,1,1800,1800
69801,18012,6,2,750,1500
69802,18013,5,1,1600,1600
69803,18013,8,1,1500,1500
69804,18014,3,2,2200,4400
69805,18014,4,2,900,1800
69806,18015,4,2,900,1800
69807,18015,2,1,1800,1800
69808,18015,1,1,1100,1100
69809,18015,3,1,2200,2200
69810,18015,7,3,3800,11400
69811,18015,6,3,750,2250
69812,18015,5,3,1600,4800
69813,18016,1,3,1100,3300
69814,18016,5,1,1600,1600
69815,18016,3,3,2200,6600
69816,18016,4,1,900,900
69817,18017,1,1,1100,1100
69818,18017,2,2,1800,3600
69819,18017,7,3,3800,11400
69820,18018,5,3,1600,4800
69821,18018,1,1,1100,1100
69822,18018,6,2,750,1500
69823,18018,3,2,2200,4400
69824,18019,1,3,1100,3300
69825,18019,8,3,1500,4500
69826,18019,5,2,1600,3200
69827,18019,3,3,2200,6600
69828,18019,2,1,1800,1800
69829,18019,4,2,900,1800
69830,18020,2,2,1800,3600
69831,18020,3,2,2200,4400
69832,18020,5,3,1600,4800
69833,18021,5,2,1600,3200
69834,18021,2,2,1800,3600
69835,18022,4,3,900,2700
69836,18023,4,3,900,2700
69837,18024,6,2,750,1500
69838,18025,5,1,1600,1600
69839,18026,5,3,1600,4800
69840,18026,7,2,3800,7600
69841,18027,8,2,1500,3000
69842,18028,6,2,750,1500
69843,18028,2,2,1800,3600
69844,18028,3,3,2200,6600
69845,18028,4,2,900,1800
69846,18029,4,1,900,900
69847,18029,5,2,1600,3200
69848,18030,3,2,2200,4400
69849,18030,6,1,750,750
69850,18031,2,2,1800,3600
69851,18031,4,1,900,900
69852,18031,5,1,1600,1600
69853,18032,4,2,900,1800
69854,18032,6,3,750,2250
69855,18032,7,1,3800,3800
69856,18032,3,2,2200,4400
69857,18032,2,3,1800,5400
69858,18033,2,1,1800,1800
69859,18033,6,2,750,1500
69860,18033,5,1,1600,1600
69861,18034,4,1,900,900
69862,18034,3,1,2200,2200
69863,18035,8,3,1500,4500
69864,18035,7,2,3800,7600
69865,18035,3,3,2200,6600
69866,18035,1,2,1100,2200
69867,18036,5,3,1600,4800
69868,18037,2,3,1800,5400
69869,18037,1,1,1100,1100
69870,18037,5,1,1600,1600
69871,18038,2,1,1800,1800
69872,18038,3,3,2200,6600
69873,18039,6,1,750,750
69874,18039,2,2,1800,3600
69875,18039,7,3,3800,11400
69876,18039,4,2,900,1800
69877,18040,7,3,3800,11400
69878,18040,3,3,2200,6600
69879,18040,2,1,1800,1800
69880,18041,5,1,1600,1600
69881,18041,2,1,1800,1800
69882,18041,8,1,1500,1500
69883,18042,4,1,900,900
69884,18042,7,3,3800,11400
69885,18043,7,3,3800,11400
69886,18043,2,1,1800,1800
69887,18043,4,2,900,1800
69888,18044,4,2,900,1800
69889,18045,6,2,750,1500
69890,18045,4,2,900,1800
69891,18045,5,1,1600,1600
69892,18045,7,1,3800,3800
69893,18046,8,3,1500,4500
69894,18046,4,3,900,2700
69895,18046,3,3,2200,6600
69896,18046,7,2,3800,7600
69897,18047,6,3,750,2250
69898,18047,4,2,900,1800
69899,18048,7,3,3800,11400
69900,18048,6,1,750,750
69901,18048,3,3,2200,6600
69902,18048,4,1,900,900
69903,18049,1,2,1100,2200
69904,18049,8,1,1500,1500
69905,18049,5,3,1600,4800
69906,18049,4,1,900,900
69907,18050,2,3,1800,5400
69908,18050,7,1,3800,3800
69909,18051,6,1,750,750
69910,18052,8,1,1500,1500
69911,18052,5,3,1600,4800
69912,18053,3,2,2200,4400
69913,18054,2,1,1800,1800
69914,18054,6,2,750,1500
69915,18054,3,1,2200,2200
69916,18055,2,3,1800,5400
69917,18055,7,2,3800,7600
69918,18056,4,1,900,900
69919,18056,3,1,2200,2200
69920,18056,7,3,3800,11400
69921,18056,8,3,1500,4500
69922,18056,5,3,1600,4800
69923,18057,3,1,2200,2200
69924,18058,7,3,3800,11400
69925,18058,6,1,750,750
69926,18058,2,3,1800,5400
69927,18058,4,1,900,900
69928,18059,8,3,1500,4500
69929,18059,5,2,1600,3200
69930,18060,1,2,1100,2200
69931,18060,4,1,900,900
69932,18061,1,2,1100,2200
69933,18062,5,3,1600,4800
69934,18062,4,1,900,900
69935,18062,1,1,1100,1100
69936,18063,5,1,1600,1600
69937,18064,7,1,3800,3800
69938,18064,1,1,1100,1100
69939,18065,8,3,1500,4500
69940,18065,7,2,3800,7600
69941,18065,5,3,1600,4800
69942,18065,4,3,900,2700
69943,18065,2,1,1800,1800
69944,18066,4,1,900,900
69945,18066,8,1,1500,1500
69946,18067,2,1,1800,1800
69947,18067,4,2,900,1800
69948,18068,8,2,1500,3000
69949,18069,5,1,1600,1600
69950,18069,7,1,3800,3800
69951,18069,2,2,1800,3600
69952,18069,8,1,1500,1500
69953,18069,1,2,1100,2200
69954,18069,3,3,2200,6600
69955,18070,8,3,1500,4500
69956,18071,1,3,1100,3300
69957,18071,8,1,1500,1500
69958,18072,5,1,1600,1600
69959,18073,5,3,1600,4800
69960,18073,6,2,750,1500
69961,18073,1,1,1100,1100
69962,18073,8,3,1500,4500
69963,18074,3,1,2200,2200
69964,18074,6,1,750,750
69965,18075,6,3,750,2250
69966,18075,2,3,1800,5400
69967,18075,8,2,1500,3000
69968,18076,8,1,1500,1500
69969,18077,3,1,2200,2200
69970,18078,2,2,1800,3600
69971,18078,7,3,3800,11400
69972,18079,6,3,750,2250
69973,18080,2,2,1800,3600
69974,18080,7,3,3800,11400
69975,18080,5,3,1600,4800
69976,18080,8,1,1500,1500
69977,18080,4,2,900,1800
69978,18081,3,3,2200,6600
69979,18081,2,3,1800,5400
69980,18081,6,3,750,2250
69981,18081,1,1,1100,1100
69982,18082,3,3,2200,6600
69983,18082,8,2,1500,3000
69984,18082,7,1,3800,3800
69985,18083,6,3,750,2250
69986,18083,2,2,1800,3600
69987,18084,2,3,1800,5400
69988,18084,6,1,750,750
69989,18085,5,1,1600,1600
69990,18086,4,3,900,2700
69991,18087,7,3,3800,11400
69992,18088,6,1,750,750
69993,18089,6,3,750,2250
69994,18090,2,2,1800,3600
69995,18090,7,2,3800,7600
69996,18090,5,1,1600,1600
69997,18090,3,3,2200,6600
69998,18091,5,3,1600,4800
69999,18091,3,3,2200,6600
70000,18091,6,1,750,750
70001,18092,2,3,1800,5400
70002,18092,5,1,1600,1600
70003,18093,2,2,1800,3600
70004,18093,3,1,2200,2200
70005,18094,4,3,900,2700
70006,18094,1,1,1100,1100
70007,18095,5,2,1600,3200
70008,18096,8,1,1500,1500
70009,18096,5,1,1600,1600
70010,18096,1,3,1100,3300
70011,18096,7,3,3800,11400
70012,18097,6,3,750,2250
70013,18097,4,3,900,2700
70014,18097,8,2,1500,3000
70015,18097,7,3,3800,11400
70016,18097,3,2,2200,4400
70017,18098,5,2,1600,3200
70018,18098,2,1,1800,1800
70019,18099,3,3,2200,6600
70020,18100,7,1,3800,3800
70021,18101,8,1,1500,1500
70022,18102,5,2,1600,3200
70023,18102,1,1,1100,1100
70024,18102,7,2,3800,7600
70025,18103,4,2,900,1800
70026,18103,7,1,3800,3800
70027,18103,1,1,1100,1100
70028,18104,7,1,3800,3800
70029,18104,4,1,900,900
70030,18104,3,1,2200,2200
70031,18104,5,2,1600,3200
70032,18104,2,2,1800,3600
70033,18104,6,1,750,750
70034,18105,2,1,1800,1800
70035,18106,8,2,1500,3000
70036,18106,2,1,1800,1800
70037,18107,4,1,900,900
70038,18108,2,3,1800,5400
70039,18109,2,1,1800,1800
70040,18109,8,2,1500,3000
70041,18109,5,3,1600,4800
70042,18109,4,2,900,1800
70043,18109,7,1,3800,3800
70044,18110,6,1,750,750
70045,18110,4,1,900,900
70046,18110,1,1,1100,1100
70047,18111,8,2,1500,3000
70048,18111,2,2,1800,3600
70049,18112,4,2,900,1800
70050,18112,5,1,1600,1600
70051,18113,4,1,900,900
70052,18113,8,2,1500,3000
70053,18114,2,3,1800,5400
70054,18114,6,2,750,1500
70055,18115,6,1,750,750
70056,18116,4,1,900,900
70057,18116,8,1,1500,1500
70058,18116,2,3,1800,5400
70059,18116,1,2,1100,2200
70060,18116,3,3,2200,6600
70061,18116,5,1,1600,1600
70062,18117,7,2,3800,7600
70063,18117,6,2,750,1500
70064,18117,5,1,1600,1600
70065,18118,7,3,3800,11400
70066,18118,5,1,1600,1600
70067,18118,8,1,1500,1500
70068,18118,1,2,1100,2200
70069,18119,8,3,1500,4500
70070,18119,3,3,2200,6600
70071,18119,5,3,1600,4800
70072,18120,4,2,900,1800
70073,18120,6,1,750,750
70074,18120,1,3,1100,3300
70075,18121,1,3,1100,3300
70076,18121,8,1,1500,1500
70077,18121,2,3,1800,5400
70078,18122,4,2,900,1800
70079,18122,6,2,750,1500
70080,18122,1,3,1100,3300
70081,18123,2,2,1800,3600
70082,18123,8,2,1500,3000
70083,18124,6,3,750,2250
70084,18125,2,3,1800,5400
70085,18125,8,3,1500,4500
70086,18126,2,2,1800,3600
70087,18126,5,1,1600,1600
70088,18126,6,1,750,750
70089,18126,4,1,900,900
70090,18127,5,1,1600,1600
70091,18127,1,1,1100,1100
70092,18127,4,2,900,1800
70093,18127,8,1,1500,1500
70094,18127,6,2,750,1500
70095,18128,4,3,900,2700
70096,18128,5,2,1600,3200
70097,18128,1,1,1100,1100
70098,18128,8,2,1500,3000
70099,18129,8,2,1500,3000
70100,18130,1,2,1100,2200
70101,18130,8,2,1500,3000
70102,18131,1,2,1100,2200
70103,18131,3,3,2200,6600
70104,18131,8,3,1500,4500
70105,18132,2,1,1800,1800
70106,18132,4,1,900,900
70107,18132,1,1,1100,1100
70108,18132,7,3,3800,11400
70109,18132,8,2,1500,3000
70110,18133,4,3,900,2700
70111,18133,1,3,1100,3300
70112,18133,8,2,1500,3000
70113,18133,6,1,750,750
70114,18134,2,1,1800,1800
70115,18135,7,2,3800,7600
70116,18136,3,3,2200,6600
70117,18136,7,1,3800,3800
70118,18136,1,1,1100,1100
70119,18137,8,3,1500,4500
70120,18138,4,3,900,2700
70121,18139,8,3,1500,4500
70122,18139,1,3,1100,3300
70123,18139,7,1,3800,3800
70124,18139,5,1,1600,1600
70125,18139,4,2,900,1800
70126,18139,6,3,750,2250
70127,18139,2,3,1800,5400
70128,18140,3,1,2200,2200
70129,18140,1,3,1100,3300
70130,18140,4,2,900,1800
70131,18141,2,1,1800,1800
70132,18142,4,2,900,1800
70133,18143,6,3,750,2250
70134,18144,6,1,750,750
70135,18145,6,3,750,2250
70136,18146,3,2,2200,4400
70137,18146,1,3,1100,3300
70138,18147,1,1,1100,1100
70139,18148,6,3,750,2250
70140,18148,7,1,3800,3800
70141,18149,6,2,750,1500
70142,18149,1,2,1100,2200
70143,18149,2,1,1800,1800
70144,18150,1,1,1100,1100
70145,18150,7,3,3800,11400
70146,18150,6,3,750,2250
70147,18151,8,3,1500,4500
70148,18152,3,1,2200,2200
70149,18153,2,1,1800,1800
70150,18153,7,3,3800,11400
70151,18154,5,3,1600,4800
70152,18154,7,3,3800,11400
70153,18155,2,1,1800,1800
70154,18155,1,3,1100,3300
70155,18156,5,3,1600,4800
70156,18157,4,1,900,900
70157,18158,4,2,900,1800
70158,18158,7,3,3800,11400
70159,18159,6,2,750,1500
70160,18159,7,3,3800,11400
70161,18159,3,2,2200,4400
70162,18159,8,1,1500,1500
70163,18160,4,1,900,900
70164,18160,6,2,750,1500
70165,18160,2,1,1800,1800
70166,18160,7,2,3800,7600
70167,18161,1,3,1100,3300
70168,18162,8,1,1500,1500
70169,18162,1,1,1100,1100
70170,18162,4,1,900,900
70171,18163,6,2,750,1500
70172,18163,4,2,900,1800
70173,18164,8,3,1500,4500
70174,18164,3,1,2200,2200
70175,18165,6,1,750,750
70176,18165,3,3,2200,6600
70177,18165,2,2,1800,3600
70178,18165,7,3,3800,11400
70179,18165,5,1,1600,1600
70180,18165,1,1,1100,1100
70181,18165,8,1,1500,1500
70182,18166,1,1,1100,1100
70183,18166,5,2,1600,3200
70184,18166,8,2,1500,3000
70185,18166,7,2,3800,7600
70186,18167,4,2,900,1800
70187,18167,2,3,1800,5400
70188,18167,8,3,1500,4500
70189,18167,6,2,750,1500
70190,18167,5,3,1600,4800
70191,18168,2,3,1800,5400
70192,18169,5,1,1600,1600
70193,18169,2,3,1800,5400
70194,18169,8,3,1500,4500
70195,18169,1,2,1100,2200
70196,18169,7,2,3800,7600
70197,18169,3,2,2200,4400
70198,18170,5,2,1600,3200
70199,18170,3,2,2200,4400
70200,18171,5,1,1600,1600
70201,18171,3,2,2200,4400
70202,18171,7,1,3800,3800
70203,18171,4,3,900,2700
70204,18171,8,3,1500,4500
70205,18172,7,3,3800,11400
70206,18173,7,3,3800,11400
70207,18174,4,2,900,1800
70208,18174,7,3,3800,11400
70209,18174,5,1,1600,1600
70210,18174,3,3,2200,6600
70211,18174,2,2,1800,3600
70212,18175,6,2,750,1500
70213,18175,5,1,1600,1600
70214,18175,1,1,1100,1100
70215,18176,8,2,1500,3000
70216,18177,3,3,2200,6600
70217,18177,8,3,1500,4500
70218,18177,7,2,3800,7600
70219,18178,5,3,1600,4800
70220,18178,2,1,1800,1800
70221,18179,6,1,750,750
70222,18179,2,3,1800,5400
70223,18180,6,2,750,1500
70224,18181,8,1,1500,1500
70225,18181,7,2,3800,7600
70226,18181,4,2,900,1800
70227,18182,4,3,900,2700
70228,18182,3,1,2200,2200
70229,18183,5,1,1600,1600
70230,18183,7,2,3800,7600
70231,18183,6,3,750,2250
70232,18184,3,2,2200,4400
70233,18184,5,3,1600,4800
70234,18185,2,2,1800,3600
70235,18185,3,2,2200,4400
70236,18186,4,2,900,1800
70237,18186,2,1,1800,1800
70238,18187,5,3,1600,4800
70239,18187,2,1,1800,1800
70240,18187,3,2,2200,4400
70241,18187,7,1,3800,3800
70242,18188,2,3,1800,5400
70243,18188,1,2,1100,2200
70244,18188,5,2,1600,3200
70245,18188,3,3,2200,6600
70246,18188,4,2,900,1800
70247,18188,8,2,1500,3000
70248,18188,7,3,3800,11400
70249,18188,6,1,750,750
70250,18189,6,1,750,750
70251,18189,2,1,1800,1800
70252,18189,1,3,1100,3300
70253,18189,4,1,900,900
70254,18190,7,3,3800,11400
70255,18190,3,3,2200,6600
70256,18190,1,1,1100,1100
70257,18190,2,2,1800,3600
70258,18191,7,1,3800,3800
70259,18191,8,2,1500,3000
70260,18191,2,3,1800,5400
70261,18191,4,3,900,2700
70262,18192,2,1,1800,1800
70263,18192,6,1,750,750
70264,18192,1,2,1100,2200
70265,18192,4,3,900,2700
70266,18192,5,1,1600,1600
70267,18193,7,1,3800,3800
70268,18194,1,1,1100,1100
70269,18195,1,2,1100,2200
70270,18196,8,3,1500,4500
70271,18196,1,3,1100,3300
70272,18197,1,1,1100,1100
70273,18197,8,1,1500,1500
70274,18197,5,3,1600,4800
70275,18197,2,1,1800,1800
70276,18198,1,2,1100,2200
70277,18198,2,3,1800,5400
70278,18199,7,2,3800,7600
70279,18200,8,2,1500,3000
70280,18200,6,1,750,750
70281,18200,3,3,2200,6600
70282,18201,5,3,1600,4800
70283,18201,8,2,1500,3000
70284,18201,6,1,750,750
70285,18202,8,2,1500,3000
70286,18202,5,2,1600,3200
70287,18203,2,1,1800,1800
70288,18203,5,3,1600,4800
70289,18203,1,2,1100,2200
70290,18204,1,3,1100,3300
70291,18204,2,1,1800,1800
70292,18204,6,3,750,2250
70293,18205,1,1,1100,1100
70294,18205,6,2,750,1500
70295,18205,8,1,1500,1500
70296,18205,7,2,3800,7600
70297,18205,2,2,1800,3600
70298,18205,5,3,1600,4800
70299,18206,5,2,1600,3200
70300,18206,8,1,1500,1500
70301,18207,1,2,1100,2200
70302,18207,4,3,900,2700
70303,18207,2,1,1800,1800
70304,18207,5,2,1600,3200
70305,18208,5,2,1600,3200
70306,18208,3,3,2200,6600
70307,18208,2,3,1800,5400
70308,18208,8,1,1500,1500
70309,18208,7,2,3800,7600
70310,18208,6,2,750,1500
70311,18208,1,1,1100,1100
70312,18208,4,3,900,2700
70313,18209,2,1,1800,1800
70314,18209,5,2,1600,3200
70315,18209,8,2,1500,3000
70316,18210,5,1,1600,1600
70317,18210,8,2,1500,3000
70318,18210,1,1,1100,1100
70319,18210,6,2,750,1500
70320,18210,2,2,1800,3600
70321,18210,3,3,2200,6600
70322,18210,4,1,900,900
70323,18210,7,2,3800,7600
70324,18211,4,1,900,900
70325,18212,5,1,1600,1600
70326,18212,2,3,1800,5400
70327,18213,8,3,1500,4500
70328,18213,3,3,2200,6600
70329,18213,6,2,750,1500
70330,18214,7,2,3800,7600
70331,18214,5,2,1600,3200
70332,18214,8,1,1500,1500
70333,18214,1,3,1100,3300
70334,18215,3,3,2200,6600
70335,18215,6,2,750,1500
70336,18215,4,2,900,1800
70337,18216,4,1,900,900
70338,18216,3,2,2200,4400
70339,18216,7,1,3800,3800
70340,18216,6,3,750,2250
70341,18217,6,1,750,750
70342,18217,1,1,1100,1100
70343,18217,4,1,900,900
70344,18218,7,1,3800,3800
70345,18218,4,3,900,2700
70346,18219,5,1,1600,1600
70347,18219,3,3,2200,6600
70348,18220,5,3,1600,4800
70349,18221,5,2,1600,3200
70350,18222,6,2,750,1500
70351,18222,4,2,900,1800
70352,18222,5,3,1600,4800
70353,18223,7,3,3800,11400
70354,18223,1,3,1100,3300
70355,18223,2,3,1800,5400
70356,18224,3,1,2200,2200
70357,18224,4,3,900,2700
70358,18225,2,3,1800,5400
70359,18226,3,1,2200,2200
70360,18227,2,1,1800,1800
70361,18228,5,2,1600,3200
70362,18228,6,1,750,750
70363,18228,8,2,1500,3000
70364,18229,7,1,3800,3800
70365,18229,5,1,1600,1600
70366,18229,3,2,2200,4400
70367,18230,8,1,1500,1500
70368,18230,4,1,900,900
70369,18230,7,2,3800,7600
70370,18231,5,1,1600,1600
70371,18231,3,2,2200,4400
70372,18232,4,3,900,2700
70373,18233,1,1,1100,1100
70374,18234,3,3,2200,6600
70375,18234,5,2,1600,3200
70376,18234,2,3,1800,5400
70377,18235,8,1,1500,1500
70378,18235,2,1,1800,1800
70379,18236,2,2,1800,3600
70380,18236,8,3,1500,4500
70381,18236,6,2,750,1500
70382,18236,1,1,1100,1100
70383,18237,6,2,750,1500
70384,18237,7,1,3800,3800
70385,18237,3,1,2200,2200
70386,18238,8,3,1500,4500
70387,18238,6,3,750,2250
70388,18238,4,1,900,900
70389,18239,5,1,1600,1600
70390,18239,4,3,900,2700
70391,18239,8,3,1500,4500
70392,18240,6,2,750,1500
70393,18241,1,2,1100,2200
70394,18241,8,2,1500,3000
70395,18241,7,3,3800,11400
70396,18241,5,1,1600,1600
70397,18242,1,3,1100,3300
70398,18242,4,1,900,900
70399,18242,5,2,1600,3200
70400,18243,2,1,1800,1800
70401,18244,3,3,2200,6600
70402,18244,6,3,750,2250
70403,18244,1,1,1100,1100
70404,18245,7,1,3800,3800
70405,18245,8,3,1500,4500
70406,18246,3,3,2200,6600
70407,18247,6,3,750,2250
70408,18247,1,2,1100,2200
70409,18247,3,2,2200,4400
70410,18248,3,3,2200,6600
70411,18248,1,2,1100,2200
70412,18248,8,1,1500,1500
70413,18249,3,1,2200,2200
70414,18250,3,3,2200,6600
70415,18251,3,2,2200,4400
70416,18252,8,3,1500,4500
70417,18253,2,2,1800,3600
70418,18253,1,1,1100,1100
70419,18254,2,3,1800,5400
70420,18254,3,1,2200,2200
70421,18255,2,3,1800,5400
70422,18255,8,1,1500,1500
70423,18256,1,2,1100,2200
70424,18257,8,3,1500,4500
70425,18257,5,1,1600,1600
70426,18257,7,3,3800,11400
70427,18257,6,2,750,1500
70428,18258,7,3,3800,11400
70429,18258,8,1,1500,1500
70430,18258,3,1,2200,2200
70431,18258,4,3,900,2700
70432,18258,1,3,1100,3300
70433,18259,5,1,1600,1600
70434,18259,8,3,1500,4500
70435,18259,6,1,750,750
70436,18260,7,1,3800,3800
70437,18260,6,1,750,750
70438,18260,4,1,900,900
70439,18260,1,1,1100,1100
70440,18261,4,1,900,900
70441,18261,7,1,3800,3800
70442,18261,3,2,2200,4400
70443,18261,1,2,1100,2200
70444,18261,6,1,750,750
70445,18261,5,3,1600,4800
70446,18261,2,1,1800,1800
70447,18262,5,2,1600,3200
70448,18263,6,2,750,1500
70449,18263,2,3,1800,5400
70450,18263,3,3,2200,6600
70451,18263,7,1,3800,3800
70452,18264,6,3,750,2250
70453,18264,3,1,2200,2200
70454,18264,5,3,1600,4800
70455,18264,7,2,3800,7600
70456,18264,1,1,1100,1100
70457,18265,5,3,1600,4800
70458,18265,7,1,3800,3800
70459,18265,1,2,1100,2200
70460,18266,7,3,3800,11400
70461,18266,6,2,750,1500
70462,18266,5,3,1600,4800
70463,18266,8,1,1500,1500
70464,18266,1,1,1100,1100
70465,18266,2,3,1800,5400
70466,18266,4,2,900,1800
70467,18267,5,2,1600,3200
70468,18267,7,3,3800,11400
70469,18267,4,2,900,1800
70470,18268,4,2,900,1800
70471,18268,8,3,1500,4500
70472,18268,2,3,1800,5400
70473,18268,5,1,1600,1600
70474,18269,3,3,2200,6600
70475,18270,1,3,1100,3300
70476,18270,3,3,2200,6600
70477,18271,3,2,2200,4400
70478,18271,6,3,750,2250
70479,18271,8,3,1500,4500
70480,18271,2,1,1800,1800
70481,18271,4,1,900,900
70482,18272,7,1,3800,3800
70483,18272,1,1,1100,1100
70484,18273,4,3,900,2700
70485,18273,7,1,3800,3800
70486,18274,7,2,3800,7600
70487,18274,8,1,1500,1500
70488,18274,5,1,1600,1600
70489,18275,5,3,1600,4800
70490,18275,1,1,1100,1100
70491,18276,1,1,1100,1100
70492,18277,6,2,750,1500
70493,18277,1,1,1100,1100
70494,18277,5,2,1600,3200
70495,18277,8,2,1500,3000
70496,18278,5,3,1600,4800
70497,18278,3,2,2200,4400
70498,18278,8,1,1500,1500
70499,18279,7,1,3800,3800
70500,18279,5,3,1600,4800
70501,18279,4,1,900,900
70502,18279,6,2,750,1500
70503,18280,5,2,1600,3200
70504,18281,7,1,3800,3800
70505,18281,8,3,1500,4500
70506,18281,5,2,1600,3200
70507,18281,3,2,2200,4400
70508,18281,4,1,900,900
70509,18282,8,1,1500,1500
70510,18282,3,2,2200,4400
70511,18283,7,3,3800,11400
70512,18283,5,3,1600,4800
70513,18283,1,2,1100,2200
70514,18284,3,3,2200,6600
70515,18284,6,3,750,2250
70516,18284,7,2,3800,7600
70517,18284,2,3,1800,5400
70518,18285,7,2,3800,7600
70519,18286,3,1,2200,2200
70520,18286,7,1,3800,3800
70521,18287,4,1,900,900
70522,18287,2,1,1800,1800
70523,18288,5,1,1600,1600
70524,18288,8,3,1500,4500
70525,18289,7,2,3800,7600
70526,18289,8,3,1500,4500
70527,18290,2,1,1800,1800
70528,18291,5,2,1600,3200
70529,18292,2,3,1800,5400
70530,18292,1,2,1100,2200
70531,18292,3,2,2200,4400
70532,18293,7,2,3800,7600
70533,18293,2,2,1800,3600
70534,18293,1,3,1100,3300
70535,18293,8,3,1500,4500
70536,18293,6,2,750,1500
70537,18294,1,1,1100,1100
70538,18294,5,1,1600,1600
70539,18294,8,1,1500,1500
70540,18295,4,3,900,2700
70541,18296,6,1,750,750
70542,18296,2,2,1800,3600
70543,18296,3,3,2200,6600
70544,18296,1,3,1100,3300
70545,18297,5,2,1600,3200
70546,18297,1,1,1100,1100
70547,18297,7,2,3800,7600
70548,18297,6,1,750,750
70549,18297,2,2,1800,3600
70550,18297,4,3,900,2700
70551,18298,3,3,2200,6600
70552,18298,8,2,1500,3000
70553,18298,4,3,900,2700
70554,18298,2,3,1800,5400
70555,18298,1,2,1100,2200
70556,18298,6,3,750,2250
70557,18299,4,3,900,2700
70558,18299,3,1,2200,2200
70559,18299,7,1,3800,3800
70560,18300,3,1,2200,2200
70561,18300,1,1,1100,1100
70562,18300,6,1,750,750
70563,18300,7,3,3800,11400
70564,18301,5,1,1600,1600
70565,18301,1,2,1100,2200
70566,18301,2,3,1800,5400
70567,18301,4,3,900,2700
70568,18302,1,1,1100,1100
70569,18303,4,1,900,900
70570,18304,2,3,1800,5400
70571,18304,3,1,2200,2200
70572,18304,1,3,1100,3300
70573,18304,5,1,1600,1600
70574,18304,6,3,750,2250
70575,18304,8,3,1500,4500
70576,18305,6,1,750,750
70577,18305,2,3,1800,5400
70578,18305,1,1,1100,1100
70579,18306,6,3,750,2250
70580,18306,1,2,1100,2200
70581,18307,4,3,900,2700
70582,18308,4,2,900,1800
70583,18308,8,3,1500,4500
70584,18308,7,1,3800,3800
70585,18309,8,2,1500,3000
70586,18309,7,1,3800,3800
70587,18310,1,2,1100,2200
70588,18311,1,1,1100,1100
70589,18311,5,1,1600,1600
70590,18311,2,1,1800,1800
70591,18312,5,1,1600,1600
70592,18312,3,1,2200,2200
70593,18313,7,3,3800,11400
70594,18314,1,1,1100,1100
70595,18315,5,3,1600,4800
70596,18315,8,2,1500,3000
70597,18315,2,1,1800,1800
70598,18316,8,3,1500,4500
70599,18317,2,1,1800,1800
70600,18317,4,3,900,2700
70601,18317,3,1,2200,2200
70602,18317,8,1,1500,1500
70603,18317,7,3,3800,11400
70604,18317,5,3,1600,4800
70605,18317,1,2,1100,2200
70606,18317,6,1,750,750
70607,18318,4,2,900,1800
70608,18318,1,3,1100,3300
70609,18318,3,2,2200,4400
70610,18319,7,2,3800,7600
70611,18320,4,2,900,1800
70612,18320,3,3,2200,6600
70613,18321,7,1,3800,3800
70614,18321,6,3,750,2250
70615,18322,7,3,3800,11400
70616,18322,5,2,1600,3200
70617,18323,4,2,900,1800
70618,18323,8,1,1500,1500
70619,18323,2,3,1800,5400
70620,18324,6,2,750,1500
70621,18325,2,1,1800,1800
70622,18325,1,2,1100,2200
70623,18325,7,3,3800,11400
70624,18326,5,2,1600,3200
70625,18326,2,2,1800,3600
70626,18327,6,3,750,2250
70627,18327,7,1,3800,3800
70628,18328,2,1,1800,1800
70629,18329,8,2,1500,3000
70630,18329,7,1,3800,3800
70631,18329,1,2,1100,2200
70632,18329,6,1,750,750
70633,18329,4,1,900,900
70634,18329,2,1,1800,1800
70635,18330,1,1,1100,1100
70636,18330,4,1,900,900
70637,18330,5,2,1600,3200
70638,18330,6,1,750,750
70639,18331,2,2,1800,3600
70640,18332,7,2,3800,7600
70641,18332,5,3,1600,4800
70642,18332,3,1,2200,2200
70643,18332,4,1,900,900
70644,18332,2,3,1800,5400
70645,18333,3,3,2200,6600
70646,18333,8,3,1500,4500
70647,18333,2,2,1800,3600
70648,18333,4,3,900,2700
70649,18333,7,3,3800,11400
70650,18334,1,1,1100,1100
70651,18335,7,2,3800,7600
70652,18335,2,3,1800,5400
70653,18335,8,1,1500,1500
70654,18336,3,3,2200,6600
70655,18336,8,3,1500,4500
70656,18337,1,3,1100,3300
70657,18337,6,3,750,2250
70658,18338,2,3,1800,5400
70659,18338,6,2,750,1500
70660,18339,8,1,1500,1500
70661,18339,5,2,1600,3200
70662,18339,7,1,3800,3800
70663,18339,6,1,750,750
70664,18340,2,1,1800,1800
70665,18340,1,3,1100,3300
70666,18341,4,1,900,900
70667,18341,1,1,1100,1100
70668,18341,2,2,1800,3600
70669,18341,6,2,750,1500
70670,18342,4,3,900,2700
70671,18343,8,3,1500,4500
70672,18343,2,3,1800,5400
70673,18343,3,2,2200,4400
70674,18344,3,3,2200,6600
70675,18345,2,2,1800,3600
70676,18345,3,3,2200,6600
70677,18345,7,1,3800,3800
70678,18345,1,2,1100,2200
70679,18345,6,3,750,2250
70680,18345,4,2,900,1800
70681,18345,5,1,1600,1600
70682,18346,2,1,1800,1800
70683,18346,8,3,1500,4500
70684,18346,1,3,1100,3300
70685,18347,7,1,3800,3800
70686,18347,2,2,1800,3600
70687,18347,8,3,1500,4500
70688,18347,5,3,1600,4800
70689,18348,4,1,900,900
70690,18348,2,1,1800,1800
70691,18348,1,1,1100,1100
70692,18348,7,1,3800,3800
70693,18348,8,3,1500,4500
70694,18349,4,2,900,1800
70695,18350,3,1,2200,2200
70696,18351,6,3,750,2250
70697,18351,1,2,1100,2200
70698,18351,5,2,1600,3200
70699,18351,3,3,2200,6600
70700,18351,8,1,1500,1500
70701,18351,7,3,3800,11400
70702,18352,1,3,1100,3300
70703,18352,4,1,900,900
70704,18353,4,1,900,900
70705,18354,7,3,3800,11400
70706,18354,3,2,2200,4400
70707,18354,2,2,1800,3600
70708,18355,3,3,2200,6600
70709,18355,7,2,3800,7600
70710,18355,4,2,900,1800
70711,18356,7,3,3800,11400
70712,18356,4,2,900,1800
70713,18356,6,2,750,1500
70714,18357,7,3,3800,11400
70715,18357,4,1,900,900
70716,18358,6,2,750,1500
70717,18359,3,3,2200,6600
70718,18359,7,3,3800,11400
70719,18359,8,1,1500,1500
70720,18360,8,3,1500,4500
70721,18360,2,2,1800,3600
70722,18361,2,3,1800,5400
70723,18361,5,3,1600,4800
70724,18361,6,2,750,1500
70725,18362,1,3,1100,3300
70726,18362,3,3,2200,6600
70727,18363,3,3,2200,6600
70728,18363,1,2,1100,2200
70729,18363,6,1,750,750
70730,18364,6,1,750,750
70731,18364,1,2,1100,2200
70732,18364,3,1,2200,2200
70733,18364,4,2,900,1800
70734,18364,7,1,3800,3800
70735,18364,5,2,1600,3200
70736,18365,5,1,1600,1600
70737,18366,6,2,750,1500
70738,18366,2,3,1800,5400
70739,18367,2,1,1800,1800
70740,18367,7,3,3800,11400
70741,18368,6,2,750,1500
70742,18368,7,1,3800,3800
70743,18368,3,3,2200,6600
70744,18369,3,2,2200,4400
70745,18369,1,1,1100,1100
70746,18369,6,1,750,750
70747,18369,4,3,900,2700
70748,18369,2,3,1800,5400
70749,18370,6,2,750,1500
70750,18371,2,3,1800,5400
70751,18371,1,2,1100,2200
70752,18371,6,2,750,1500
70753,18372,3,3,2200,6600
70754,18372,4,2,900,1800
70755,18372,7,1,3800,3800
70756,18373,5,3,1600,4800
70757,18373,3,3,2200,6600
70758,18374,5,2,1600,3200
70759,18374,1,1,1100,1100
70760,18375,3,1,2200,2200
70761,18375,8,1,1500,1500
70762,18376,6,3,750,2250
70763,18376,8,2,1500,3000
70764,18376,7,3,3800,11400
70765,18377,5,1,1600,1600
70766,18377,6,1,750,750
70767,18378,5,1,1600,1600
70768,18378,1,2,1100,2200
70769,18378,4,3,900,2700
70770,18378,3,1,2200,2200
70771,18379,1,3,1100,3300
70772,18379,3,3,2200,6600
70773,18380,3,1,2200,2200
70774,18380,4,3,900,2700
70775,18380,5,2,1600,3200
70776,18381,7,1,3800,3800
70777,18381,5,2,1600,3200
70778,18381,8,1,1500,1500
70779,18381,1,3,1100,3300
70780,18382,7,2,3800,7600
70781,18382,5,3,1600,4800
70782,18382,4,3,900,2700
70783,18383,2,2,1800,3600
70784,18384,5,1,1600,1600
70785,18384,7,2,3800,7600
70786,18384,4,3,900,2700
70787,18385,6,1,750,750
70788,18385,2,3,1800,5400
70789,18386,3,1,2200,2200
70790,18387,5,2,1600,3200
70791,18388,6,3,750,2250
70792,18389,6,3,750,2250
70793,18389,8,2,1500,3000
70794,18389,4,1,900,900
70795,18389,2,2,1800,3600
70796,18389,5,3,1600,4800
70797,18390,2,3,1800,5400
70798,18390,7,2,3800,7600
70799,18391,2,3,1800,5400
70800,18392,1,3,1100,3300
70801,18392,2,1,1800,1800
70802,18392,5,2,1600,3200
70803,18393,6,3,750,2250
70804,18393,2,3,1800,5400
70805,18393,5,3,1600,4800
70806,18394,6,2,750,1500
70807,18394,4,1,900,900
70808,18394,3,2,2200,4400
70809,18395,4,3,900,2700
70810,18395,8,2,1500,3000
70811,18396,4,2,900,1800
70812,18397,4,3,900,2700
70813,18397,5,3,1600,4800
70814,18397,3,1,2200,2200
70815,18398,6,2,750,1500
70816,18398,1,2,1100,2200
70817,18398,3,1,2200,2200
70818,18398,8,1,1500,1500
70819,18399,4,1,900,900
70820,18399,2,3,1800,5400
70821,18399,6,1,750,750
70822,18399,7,1,3800,3800
70823,18399,1,3,1100,3300
70824,18399,3,3,2200,6600
70825,18400,8,1,1500,1500
70826,18400,4,1,900,900
70827,18400,1,1,1100,1100
70828,18400,3,1,2200,2200
70829,18401,2,3,1800,5400
70830,18401,1,2,1100,2200
70831,18402,4,1,900,900
70832,18402,5,2,1600,3200
70833,18403,1,1,1100,1100
70834,18404,2,1,1800,1800
70835,18405,6,2,750,1500
70836,18405,8,3,1500,4500
70837,18405,7,1,3800,3800
70838,18405,1,3,1100,3300
70839,18406,6,2,750,1500
70840,18406,5,3,1600,4800
70841,18407,4,1,900,900
70842,18407,2,2,1800,3600
70843,18407,3,3,2200,6600
70844,18407,5,2,1600,3200
70845,18407,7,1,3800,3800
70846,18407,8,2,1500,3000
70847,18408,2,3,1800,5400
70848,18409,1,3,1100,3300
70849,18409,4,2,900,1800
70850,18409,8,3,1500,4500
70851,18410,7,2,3800,7600
70852,18410,5,1,1600,1600
70853,18411,8,2,1500,3000
70854,18411,7,1,3800,3800
70855,18411,3,3,2200,6600
70856,18412,3,3,2200,6600
70857,18412,5,3,1600,4800
70858,18412,7,1,3800,3800
70859,18413,8,1,1500,1500
70860,18414,8,1,1500,1500
70861,18415,6,3,750,2250
70862,18415,5,2,1600,3200
70863,18416,4,2,900,1800
70864,18417,3,2,2200,4400
70865,18417,8,1,1500,1500
70866,18417,1,2,1100,2200
70867,18418,8,1,1500,1500
70868,18418,6,1,750,750
70869,18418,4,1,900,900
70870,18419,7,2,3800,7600
70871,18419,4,1,900,900
70872,18419,8,1,1500,1500
70873,18419,2,2,1800,3600
70874,18420,7,3,3800,11400
70875,18421,5,3,1600,4800
70876,18422,6,3,750,2250
70877,18422,8,1,1500,1500
70878,18422,7,3,3800,11400
70879,18423,4,1,900,900
70880,18424,7,2,3800,7600
70881,18425,8,2,1500,3000
70882,18426,2,3,1800,5400
70883,18426,7,3,3800,11400
70884,18426,1,1,1100,1100
70885,18427,1,2,1100,2200
70886,18427,4,3,900,2700
70887,18427,3,3,2200,6600
70888,18427,5,2,1600,3200
70889,18427,7,1,3800,3800
70890,18428,1,3,1100,3300
70891,18428,2,2,1800,3600
70892,18428,3,2,2200,4400
70893,18429,1,3,1100,3300
70894,18429,5,2,1600,3200
70895,18429,8,1,1500,1500
70896,18430,3,2,2200,4400
70897,18431,6,1,750,750
70898,18431,8,3,1500,4500
70899,18432,2,2,1800,3600
70900,18433,1,1,1100,1100
70901,18434,1,3,1100,3300
70902,18435,4,2,900,1800
70903,18436,7,2,3800,7600
70904,18436,8,1,1500,1500
70905,18437,6,1,750,750
70906,18437,8,3,1500,4500
70907,18438,3,1,2200,2200
70908,18438,8,2,1500,3000
70909,18439,4,3,900,2700
70910,18440,1,1,1100,1100
70911,18440,8,2,1500,3000
70912,18440,2,2,1800,3600
70913,18440,5,2,1600,3200
70914,18441,3,2,2200,4400
70915,18442,8,3,1500,4500
70916,18442,4,3,900,2700
70917,18443,3,2,2200,4400
70918,18443,5,2,1600,3200
70919,18443,7,1,3800,3800
70920,18443,2,3,1800,5400
70921,18444,4,1,900,900
70922,18444,7,1,3800,3800
70923,18445,5,3,1600,4800
70924,18446,1,3,1100,3300
70925,18446,2,1,1800,1800
70926,18446,4,1,900,900
70927,18446,3,1,2200,2200
70928,18446,7,1,3800,3800
70929,18446,6,1,750,750
70930,18447,3,3,2200,6600
70931,18447,4,3,900,2700
70932,18447,5,2,1600,3200
70933,18448,8,2,1500,3000
70934,18448,1,3,1100,3300
70935,18449,6,2,750,1500
70936,18449,2,1,1800,1800
70937,18450,7,2,3800,7600
70938,18450,2,2,1800,3600
70939,18451,3,3,2200,6600
70940,18451,5,2,1600,3200
70941,18451,7,3,3800,11400
70942,18451,2,1,1800,1800
70943,18451,1,2,1100,2200
70944,18452,5,2,1600,3200
70945,18452,1,3,1100,3300
70946,18453,5,3,1600,4800
70947,18454,3,2,2200,4400
70948,18454,6,2,750,1500
70949,18454,7,3,3800,11400
70950,18455,8,3,1500,4500
70951,18455,4,2,900,1800
70952,18456,2,1,1800,1800
70953,18457,1,1,1100,1100
70954,18458,7,3,3800,11400
70955,18458,8,3,1500,4500
70956,18458,2,1,1800,1800
70957,18458,4,2,900,1800
70958,18459,4,2,900,1800
70959,18459,1,3,1100,3300
70960,18459,7,3,3800,11400
70961,18460,1,2,1100,2200
70962,18460,6,3,750,2250
70963,18460,2,3,1800,5400
70964,18460,3,1,2200,2200
70965,18460,8,1,1500,1500
70966,18460,7,1,3800,3800
70967,18461,3,2,2200,4400
70968,18461,4,2,900,1800
70969,18462,7,1,3800,3800
70970,18463,7,1,3800,3800
70971,18463,3,3,2200,6600
70972,18464,8,3,1500,4500
70973,18464,7,3,3800,11400
70974,18464,4,2,900,1800
70975,18465,3,2,2200,4400
70976,18465,1,3,1100,3300
70977,18465,2,3,1800,5400
70978,18466,7,3,3800,11400
70979,18466,2,1,1800,1800
70980,18467,6,3,750,2250
70981,18468,6,1,750,750
70982,18468,2,3,1800,5400
70983,18469,5,3,1600,4800
70984,18469,2,3,1800,5400
70985,18469,3,2,2200,4400
70986,18470,8,2,1500,3000
70987,18471,5,1,1600,1600
70988,18471,3,2,2200,4400
70989,18471,6,3,750,2250
70990,18471,7,3,3800,11400
70991,18472,1,1,1100,1100
70992,18473,5,2,1600,3200
70993,18473,4,1,900,900
70994,18474,8,3,1500,4500
70995,18475,1,2,1100,2200
70996,18475,7,1,3800,3800
70997,18476,2,3,1800,5400
70998,18476,8,1,1500,1500
70999,18476,6,3,750,2250
71000,18477,3,3,2200,6600
71001,18477,4,2,900,1800
71002,18478,4,3,900,2700
71003,18478,5,1,1600,1600
71004,18478,7,1,3800,3800
71005,18478,6,2,750,1500
71006,18479,5,1,1600,1600
71007,18480,5,1,1600,1600
71008,18481,4,3,900,2700
71009,18481,5,3,1600,4800
71010,18482,2,1,1800,1800
71011,18482,8,1,1500,1500
71012,18482,3,2,2200,4400
71013,18483,3,3,2200,6600
71014,18484,2,3,1800,5400
71015,18484,7,2,3800,7600
71016,18485,2,3,1800,5400
71017,18485,7,3,3800,11400
71018,18485,6,1,750,750
71019,18486,5,1,1600,1600
71020,18487,2,2,1800,3600
71021,18487,8,3,1500,4500
71022,18487,5,1,1600,1600
71023,18488,6,3,750,2250
71024,18488,4,2,900,1800
71025,18488,2,2,1800,3600
71026,18488,3,2,2200,4400
71027,18488,5,2,1600,3200
71028,18489,6,2,750,1500
71029,18490,5,2,1600,3200
71030,18491,5,1,1600,1600
71031,18491,4,3,900,2700
71032,18491,7,1,3800,3800
71033,18491,6,2,750,1500
71034,18492,4,1,900,900
71035,18492,8,3,1500,4500
71036,18492,1,3,1100,3300
71037,18493,6,2,750,1500
71038,18493,4,3,900,2700
71039,18493,8,2,1500,3000
71040,18493,1,1,1100,1100
71041,18494,8,3,1500,4500
71042,18494,2,2,1800,3600
71043,18495,6,1,750,750
71044,18496,5,2,1600,3200
71045,18497,3,1,2200,2200
71046,18498,3,1,2200,2200
71047,18498,5,1,1600,1600
71048,18498,1,1,1100,1100
71049,18498,7,2,3800,7600
71050,18498,8,1,1500,1500
71051,18499,3,3,2200,6600
71052,18499,4,2,900,1800
71053,18499,5,2,1600,3200
71054,18499,8,3,1500,4500
71055,18500,6,1,750,750
71056,18500,3,2,2200,4400
71057,18501,6,1,750,750
71058,18501,7,3,3800,11400
71059,18501,2,1,1800,1800
71060,18502,8,3,1500,4500
71061,18503,5,2,1600,3200
71062,18503,6,1,750,750
71063,18503,8,2,1500,3000
71064,18504,8,1,1500,1500
71065,18504,7,1,3800,3800
71066,18504,4,1,900,900
71067,18505,7,3,3800,11400
71068,18506,1,2,1100,2200
71069,18506,8,2,1500,3000
71070,18506,5,1,1600,1600
71071,18506,3,3,2200,6600
71072,18506,6,1,750,750
71073,18506,7,3,3800,11400
71074,18507,5,3,1600,4800
71075,18507,6,3,750,2250
71076,18508,7,2,3800,7600
71077,18508,6,2,750,1500
71078,18509,3,3,2200,6600
71079,18510,5,1,1600,1600
71080,18511,6,3,750,2250
71081,18512,2,2,1800,3600
71082,18512,1,3,1100,3300
71083,18512,8,1,1500,1500
71084,18513,2,1,1800,1800
71085,18513,3,3,2200,6600
71086,18513,8,3,1500,4500
71087,18513,5,3,1600,4800
71088,18514,6,2,750,1500
71089,18514,4,2,900,1800
71090,18515,7,1,3800,3800
71091,18515,1,2,1100,2200
71092,18515,6,2,750,1500
71093,18516,8,3,1500,4500
71094,18517,6,1,750,750
71095,18517,2,1,1800,1800
71096,18518,1,2,1100,2200
71097,18519,2,3,1800,5400
71098,18519,6,3,750,2250
71099,18519,7,2,3800,7600
71100,18520,3,3,2200,6600
71101,18521,1,3,1100,3300
71102,18522,1,1,1100,1100
71103,18522,3,2,2200,4400
71104,18523,8,2,1500,3000
71105,18523,4,1,900,900
71106,18524,8,2,1500,3000
71107,18525,7,3,3800,11400
71108,18526,6,1,750,750
71109,18526,1,1,1100,1100
71110,18526,7,1,3800,3800
71111,18527,2,2,1800,3600
71112,18527,3,1,2200,2200
71113,18527,1,2,1100,2200
71114,18528,8,2,1500,3000
71115,18528,5,1,1600,1600
71116,18528,1,3,1100,3300
71117,18529,2,2,1800,3600
71118,18530,5,3,1600,4800
71119,18530,3,3,2200,6600
71120,18530,6,1,750,750
71121,18530,7,2,3800,7600
71122,18530,2,2,1800,3600
71123,18531,4,1,900,900
71124,18531,5,2,1600,3200
71125,18531,8,1,1500,1500
71126,18531,2,2,1800,3600
71127,18532,1,1,1100,1100
71128,18533,1,3,1100,3300
71129,18533,6,3,750,2250
71130,18533,7,2,3800,7600
71131,18533,5,2,1600,3200
71132,18533,8,2,1500,3000
71133,18534,1,2,1100,2200
71134,18534,6,3,750,2250
71135,18534,7,3,3800,11400
71136,18534,5,3,1600,4800
71137,18535,7,1,3800,3800
71138,18535,4,2,900,1800
71139,18535,8,2,1500,3000
71140,18535,1,2,1100,2200
71141,18535,6,3,750,2250
71142,18536,2,1,1800,1800
71143,18536,8,3,1500,4500
71144,18536,3,1,2200,2200
71145,18537,7,2,3800,7600
71146,18537,6,1,750,750
71147,18537,5,2,1600,3200
71148,18538,6,3,750,2250
71149,18539,6,1,750,750
71150,18540,3,3,2200,6600
71151,18540,5,1,1600,1600
71152,18540,1,1,1100,1100
71153,18541,2,2,1800,3600
71154,18542,2,2,1800,3600
71155,18542,6,2,750,1500
71156,18542,5,2,1600,3200
71157,18542,7,2,3800,7600
71158,18542,4,3,900,2700
71159,18543,8,3,1500,4500
71160,18544,8,2,1500,3000
71161,18545,2,3,1800,5400
71162,18546,4,3,900,2700
71163,18546,8,1,1500,1500
71164,18546,6,1,750,750
71165,18547,7,1,3800,3800
71166,18547,1,2,1100,2200
71167,18548,4,3,900,2700
71168,18548,6,2,750,1500
71169,18549,3,1,2200,2200
71170,18550,3,2,2200,4400
71171,18551,6,1,750,750
71172,18551,7,1,3800,3800
71173,18551,8,1,1500,1500
71174,18551,3,1,2200,2200
71175,18552,8,2,1500,3000
71176,18552,5,1,1600,1600
71177,18553,4,3,900,2700
71178,18554,8,1,1500,1500
71179,18555,3,3,2200,6600
71180,18556,7,1,3800,3800
71181,18556,8,1,1500,1500
71182,18557,2,3,1800,5400
71183,18557,6,1,750,750
71184,18557,1,1,1100,1100
71185,18557,7,3,3800,11400
71186,18558,2,2,1800,3600
71187,18558,4,3,900,2700
71188,18559,1,3,1100,3300
71189,18560,5,1,1600,1600
71190,18560,3,3,2200,6600
71191,18561,1,1,1100,1100
71192,18561,2,1,1800,1800
71193,18561,6,1,750,750
71194,18561,4,2,900,1800
71195,18561,8,2,1500,3000
71196,18562,5,1,1600,1600
71197,18563,2,3,1800,5400
71198,18563,7,2,3800,7600
71199,18563,8,1,1500,1500
71200,18564,7,3,3800,11400
71201,18564,1,1,1100,1100
71202,18564,8,3,1500,4500
71203,18564,2,1,1800,1800
71204,18564,3,3,2200,6600
71205,18564,6,3,750,2250
71206,18565,2,2,1800,3600
71207,18565,3,3,2200,6600
71208,18566,2,3,1800,5400
71209,18567,8,1,1500,1500
71210,18567,2,3,1800,5400
71211,18568,5,1,1600,1600
71212,18568,1,2,1100,2200
71213,18568,2,2,1800,3600
71214,18568,8,3,1500,4500
71215,18568,6,3,750,2250
71216,18569,7,1,3800,3800
71217,18570,7,1,3800,3800
71218,18570,8,1,1500,1500
71219,18571,3,3,2200,6600
71220,18571,1,3,1100,3300
71221,18572,7,2,3800,7600
71222,18573,5,1,1600,1600
71223,18574,4,3,900,2700
71224,18574,7,2,3800,7600
71225,18575,8,2,1500,3000
71226,18575,1,3,1100,3300
71227,18575,3,2,2200,4400
71228,18576,1,2,1100,2200
71229,18577,8,1,1500,1500
71230,18577,7,2,3800,7600
71231,18578,2,2,1800,3600
71232,18579,4,2,900,1800
71233,18579,1,1,1100,1100
71234,18580,5,2,1600,3200
71235,18580,7,1,3800,3800
71236,18580,6,2,750,1500
71237,18580,8,3,1500,4500
71238,18580,2,2,1800,3600
71239,18580,4,1,900,900
71240,18581,3,1,2200,2200
71241,18582,5,3,1600,4800
71242,18582,2,1,1800,1800
71243,18583,6,3,750,2250
71244,18583,8,1,1500,1500
71245,18583,7,1,3800,3800
71246,18583,2,3,1800,5400
71247,18584,5,1,1600,1600
71248,18584,1,2,1100,2200
71249,18584,6,1,750,750
71250,18585,7,1,3800,3800
71251,18585,6,3,750,2250
71252,18585,4,2,900,1800
71253,18585,5,2,1600,3200
71254,18586,7,3,3800,11400
71255,18587,2,2,1800,3600
71256,18587,8,2,1500,3000
71257,18587,4,1,900,900
71258,18588,4,3,900,2700
71259,18588,3,3,2200,6600
71260,18589,8,2,1500,3000
71261,18589,5,3,1600,4800
71262,18590,7,1,3800,3800
71263,18590,1,1,1100,1100
71264,18590,8,2,1500,3000
71265,18591,3,3,2200,6600
71266,18591,6,1,750,750
71267,18592,7,3,3800,11400
71268,18593,8,3,1500,4500
71269,18594,7,1,3800,3800
71270,18594,2,1,1800,1800
71271,18595,1,2,1100,2200
71272,18596,7,3,3800,11400
71273,18596,6,3,750,2250
71274,18596,8,3,1500,4500
71275,18597,3,3,2200,6600
71276,18597,2,1,1800,1800
71277,18597,6,1,750,750
71278,18598,3,3,2200,6600
71279,18598,5,3,1600,4800
71280,18599,4,1,900,900
71281,18600,3,1,2200,2200
71282,18601,1,1,1100,1100
71283,18601,4,1,900,900
71284,18601,3,2,2200,4400
71285,18601,6,1,750,750
71286,18602,7,1,3800,3800
71287,18602,6,1,750,750
71288,18602,5,2,1600,3200
71289,18603,2,1,1800,1800
71290,18603,7,3,3800,11400
71291,18603,1,1,1100,1100
71292,18604,1,3,1100,3300
71293,18604,8,1,1500,1500
71294,18605,8,2,1500,3000
71295,18605,3,1,2200,2200
71296,18605,5,2,1600,3200
71297,18605,7,2,3800,7600
71298,18606,2,1,1800,1800
71299,18607,5,3,1600,4800
71300,18607,8,2,1500,3000
71301,18607,7,2,3800,7600
71302,18608,4,2,900,1800
71303,18608,3,3,2200,6600
71304,18608,1,2,1100,2200
71305,18609,6,1,750,750
71306,18609,2,2,1800,3600
71307,18610,5,2,1600,3200
71308,18610,8,3,1500,4500
71309,18611,3,1,2200,2200
71310,18611,6,3,750,2250
71311,18612,3,1,2200,2200
71312,18613,6,2,750,1500
71313,18613,7,1,3800,3800
71314,18614,2,3,1800,5400
71315,18614,1,2,1100,2200
71316,18614,4,1,900,900
71317,18615,8,1,1500,1500
71318,18616,2,3,1800,5400
71319,18616,7,2,3800,7600
71320,18617,4,1,900,900
71321,18618,2,1,1800,1800
71322,18618,1,2,1100,2200
71323,18618,5,3,1600,4800
71324,18618,4,1,900,900
71325,18618,6,1,750,750
71326,18618,8,3,1500,4500
71327,18618,7,1,3800,3800
71328,18619,3,3,2200,6600
71329,18619,7,3,3800,11400
71330,18620,1,3,1100,3300
71331,18621,7,1,3800,3800
71332,18621,6,1,750,750
71333,18621,2,3,1800,5400
71334,18622,3,2,2200,4400
71335,18622,5,2,1600,3200
71336,18623,4,1,900,900
71337,18623,1,1,1100,1100
71338,18624,8,1,1500,1500
71339,18624,1,2,1100,2200
71340,18624,3,2,2200,4400
71341,18625,1,2,1100,2200
71342,18626,7,1,3800,3800
71343,18627,2,3,1800,5400
71344,18627,7,1,3800,3800
71345,18627,1,3,1100,3300
71346,18627,4,3,900,2700
71347,18627,6,3,750,2250
71348,18628,5,3,1600,4800
71349,18629,3,3,2200,6600
71350,18629,1,3,1100,3300
71351,18629,2,3,1800,5400
71352,18630,8,1,1500,1500
71353,18631,1,2,1100,2200
71354,18631,3,1,2200,2200
71355,18632,2,1,1800,1800
71356,18632,4,2,900,1800
71357,18632,8,3,1500,4500
71358,18633,2,1,1800,1800
71359,18634,2,2,1800,3600
71360,18634,3,2,2200,4400
71361,18634,4,3,900,2700
71362,18634,6,1,750,750
71363,18634,5,2,1600,3200
71364,18635,4,3,900,2700
71365,18635,2,2,1800,3600
71366,18635,8,2,1500,3000
71367,18636,5,2,1600,3200
71368,18636,2,3,1800,5400
71369,18637,3,2,2200,4400
71370,18638,8,2,1500,3000
71371,18638,1,3,1100,3300
71372,18639,4,2,900,1800
71373,18639,1,2,1100,2200
71374,18639,2,2,1800,3600
71375,18639,3,2,2200,4400
71376,18640,8,2,1500,3000
71377,18640,6,1,750,750
71378,18640,4,3,900,2700
71379,18641,3,3,2200,6600
71380,18641,4,3,900,2700
71381,18641,8,2,1500,3000
71382,18641,6,2,750,1500
71383,18641,5,2,1600,3200
71384,18641,7,2,3800,7600
71385,18641,2,3,1800,5400
71386,18642,3,1,2200,2200
71387,18643,7,3,3800,11400
71388,18643,1,3,1100,3300
71389,18643,4,1,900,900
71390,18643,5,3,1600,4800
71391,18644,1,1,1100,1100
71392,18644,6,2,750,1500
71393,18644,7,3,3800,11400
71394,18644,8,2,1500,3000
71395,18645,7,3,3800,11400
71396,18646,8,1,1500,1500
71397,18646,5,1,1600,1600
71398,18647,5,1,1600,1600
71399,18647,6,3,750,2250
71400,18647,4,2,900,1800
71401,18648,6,1,750,750
71402,18648,8,2,1500,3000
71403,18649,7,1,3800,3800
71404,18650,6,3,750,2250
71405,18650,3,3,2200,6600
71406,18650,7,3,3800,11400
71407,18650,1,1,1100,1100
71408,18650,2,1,1800,1800
71409,18651,3,1,2200,2200
71410,18652,1,2,1100,2200
71411,18652,6,1,750,750
71412,18652,3,3,2200,6600
71413,18652,4,1,900,900
71414,18653,8,3,1500,4500
71415,18653,7,3,3800,11400
71416,18653,1,3,1100,3300
71417,18654,5,1,1600,1600
71418,18655,7,1,3800,3800
71419,18655,8,3,1500,4500
71420,18655,5,1,1600,1600
71421,18655,6,3,750,2250
71422,18655,1,3,1100,3300
71423,18655,4,2,900,1800
71424,18655,2,3,1800,5400
71425,18656,3,1,2200,2200
71426,18656,4,3,900,2700
71427,18656,5,2,1600,3200
71428,18657,4,1,900,900
71429,18658,3,2,2200,4400
71430,18658,6,2,750,1500
71431,18658,8,3,1500,4500
71432,18658,1,3,1100,3300
71433,18659,8,1,1500,1500
71434,18659,4,3,900,2700
71435,18659,2,1,1800,1800
71436,18660,6,2,750,1500
71437,18660,1,3,1100,3300
71438,18661,3,2,2200,4400
71439,18661,7,1,3800,3800
71440,18661,4,1,900,900
71441,18662,7,2,3800,7600
71442,18662,3,1,2200,2200
71443,18663,4,3,900,2700
71444,18664,6,3,750,2250
71445,18665,3,3,2200,6600
71446,18665,8,2,1500,3000
71447,18665,7,2,3800,7600
71448,18666,8,1,1500,1500
71449,18666,7,2,3800,7600
71450,18667,1,1,1100,1100
71451,18667,3,3,2200,6600
71452,18667,7,1,3800,3800
71453,18668,6,3,750,2250
71454,18669,7,3,3800,11400
71455,18669,1,3,1100,3300
71456,18669,2,3,1800,5400
71457,18670,1,1,1100,1100
71458,18670,3,1,2200,2200
71459,18670,5,2,1600,3200
71460,18670,2,1,1800,1800
71461,18671,4,2,900,1800
71462,18671,3,2,2200,4400
71463,18672,6,1,750,750
71464,18672,4,2,900,1800
71465,18673,1,2,1100,2200
71466,18674,4,3,900,2700
71467,18674,1,2,1100,2200
71468,18674,7,3,3800,11400
71469,18675,7,1,3800,3800
71470,18676,1,3,1100,3300
71471,18676,2,1,1800,1800
71472,18676,5,2,1600,3200
71473,18677,3,1,2200,2200
71474,18677,2,3,1800,5400
71475,18678,2,3,1800,5400
71476,18678,3,2,2200,4400
71477,18678,6,3,750,2250
71478,18679,3,1,2200,2200
71479,18679,5,3,1600,4800
71480,18680,4,1,900,900
71481,18680,2,3,1800,5400
71482,18681,2,1,1800,1800
71483,18681,3,2,2200,4400
71484,18681,7,1,3800,3800
71485,18682,8,1,1500,1500
71486,18682,2,3,1800,5400
71487,18682,7,1,3800,3800
71488,18683,5,1,1600,1600
71489,18683,7,2,3800,7600
71490,18683,4,2,900,1800
71491,18684,8,1,1500,1500
71492,18685,4,3,900,2700
71493,18685,7,1,3800,3800
71494,18686,2,1,1800,1800
71495,18686,3,3,2200,6600
71496,18687,1,2,1100,2200
71497,18687,2,3,1800,5400
71498,18687,7,1,3800,3800
71499,18687,6,1,750,750
71500,18688,6,3,750,2250
71501,18688,3,2,2200,4400
71502,18688,1,2,1100,2200
71503,18689,8,1,1500,1500
71504,18690,7,2,3800,7600
71505,18691,1,3,1100,3300
71506,18692,4,3,900,2700
71507,18692,3,3,2200,6600
71508,18693,6,2,750,1500
71509,18693,5,2,1600,3200
71510,18693,1,1,1100,1100
71511,18694,3,2,2200,4400
71512,18694,2,2,1800,3600
71513,18694,6,2,750,1500
71514,18695,4,1,900,900
71515,18695,2,3,1800,5400
71516,18695,6,2,750,1500
71517,18696,3,1,2200,2200
71518,18696,1,2,1100,2200
71519,18697,5,1,1600,1600
71520,18697,7,2,3800,7600
71521,18697,1,1,1100,1100
71522,18697,6,3,750,2250
71523,18697,2,2,1800,3600
71524,18698,4,3,900,2700
71525,18698,6,2,750,1500
71526,18699,5,1,1600,1600
71527,18699,8,1,1500,1500
71528,18699,2,2,1800,3600
71529,18700,3,2,2200,4400
71530,18700,1,2,1100,2200
71531,18701,6,3,750,2250
71532,18702,1,3,1100,3300
71533,18702,6,1,750,750
71534,18703,5,3,1600,4800
71535,18704,8,2,1500,3000
71536,18704,4,1,900,900
71537,18704,5,3,1600,4800
71538,18705,3,3,2200,6600
71539,18705,6,3,750,2250
71540,18705,1,3,1100,3300
71541,18705,8,1,1500,1500
71542,18706,5,2,1600,3200
71543,18706,2,2,1800,3600
71544,18707,3,1,2200,2200
71545,18707,1,3,1100,3300
71546,18707,4,1,900,900
71547,18708,4,2,900,1800
71548,18708,7,1,3800,3800
71549,18708,8,2,1500,3000
71550,18709,6,3,750,2250
71551,18710,4,3,900,2700
71552,18710,8,3,1500,4500
71553,18711,3,1,2200,2200
71554,18711,8,1,1500,1500
71555,18712,7,1,3800,3800
71556,18712,1,2,1100,2200
71557,18712,3,2,2200,4400
71558,18712,6,3,750,2250
71559,18712,5,3,1600,4800
71560,18713,6,2,750,1500
71561,18713,2,3,1800,5400
71562,18714,7,3,3800,11400
71563,18714,6,1,750,750
71564,18715,4,3,900,2700
71565,18716,5,2,1600,3200
71566,18717,1,3,1100,3300
71567,18717,4,2,900,1800
71568,18717,3,1,2200,2200
71569,18718,1,1,1100,1100
71570,18718,4,2,900,1800
71571,18718,3,2,2200,4400
71572,18719,1,1,1100,1100
71573,18719,6,2,750,1500
71574,18719,8,3,1500,4500
71575,18720,8,2,1500,3000
71576,18720,4,3,900,2700
71577,18720,1,2,1100,2200
71578,18721,6,2,750,1500
71579,18722,8,1,1500,1500
71580,18722,4,2,900,1800
71581,18723,6,2,750,1500
71582,18724,4,3,900,2700
71583,18725,4,3,900,2700
71584,18725,6,2,750,1500
71585,18725,2,3,1800,5400
71586,18726,7,2,3800,7600
71587,18726,4,2,900,1800
71588,18726,6,3,750,2250
71589,18727,2,3,1800,5400
71590,18727,8,2,1500,3000
71591,18727,6,2,750,1500
71592,18728,7,1,3800,3800
71593,18728,6,2,750,1500
71594,18728,8,1,1500,1500
71595,18728,2,2,1800,3600
71596,18728,5,3,1600,4800
71597,18728,4,3,900,2700
71598,18729,6,1,750,750
71599,18729,5,3,1600,4800
71600,18729,7,3,3800,11400
71601,18729,3,1,2200,2200
71602,18730,3,1,2200,2200
71603,18731,8,1,1500,1500
71604,18732,6,1,750,750
71605,18732,3,1,2200,2200
71606,18732,4,3,900,2700
71607,18732,7,3,3800,11400
71608,18733,6,2,750,1500
71609,18733,1,1,1100,1100
71610,18733,2,2,1800,3600
71611,18734,2,2,1800,3600
71612,18734,8,3,1500,4500
71613,18735,3,3,2200,6600
71614,18735,5,3,1600,4800
71615,18736,7,2,3800,7600
71616,18736,4,3,900,2700
71617,18736,8,1,1500,1500
71618,18737,8,1,1500,1500
71619,18737,2,3,1800,5400
71620,18738,1,2,1100,2200
71621,18738,8,1,1500,1500
71622,18738,6,3,750,2250
71623,18739,4,3,900,2700
71624,18739,5,1,1600,1600
71625,18740,5,2,1600,3200
71626,18740,6,1,750,750
71627,18740,3,2,2200,4400
71628,18740,7,2,3800,7600
71629,18741,1,1,1100,1100
71630,18742,8,1,1500,1500
71631,18743,8,1,1500,1500
71632,18744,8,3,1500,4500
71633,18744,6,3,750,2250
71634,18744,7,3,3800,11400
71635,18744,4,3,900,2700
71636,18745,7,1,3800,3800
71637,18745,2,2,1800,3600
71638,18745,3,2,2200,4400
71639,18745,5,1,1600,1600
71640,18746,7,1,3800,3800
71641,18746,3,1,2200,2200
71642,18746,6,2,750,1500
71643,18747,3,1,2200,2200
71644,18747,7,2,3800,7600
71645,18747,4,2,900,1800
71646,18748,7,3,3800,11400
71647,18748,4,2,900,1800
71648,18749,7,3,3800,11400
71649,18749,1,1,1100,1100
71650,18749,4,2,900,1800
71651,18750,2,1,1800,1800
71652,18750,1,1,1100,1100
71653,18750,7,3,3800,11400
71654,18750,4,3,900,2700
71655,18751,2,3,1800,5400
71656,18751,7,3,3800,11400
71657,18751,4,1,900,900
71658,18751,3,3,2200,6600
71659,18752,3,3,2200,6600
71660,18752,5,2,1600,3200
71661,18752,6,1,750,750
71662,18753,6,3,750,2250
71663,18754,5,1,1600,1600
71664,18755,2,1,1800,1800
71665,18755,1,1,1100,1100
71666,18755,5,2,1600,3200
71667,18755,8,3,1500,4500
71668,18756,8,3,1500,4500
71669,18756,7,2,3800,7600
71670,18756,3,3,2200,6600
71671,18756,6,3,750,2250
71672,18756,2,3,1800,5400
71673,18756,4,2,900,1800
71674,18757,1,2,1100,2200
71675,18757,7,2,3800,7600
71676,18757,3,2,2200,4400
71677,18758,5,1,1600,1600
71678,18758,7,3,3800,11400
71679,18758,1,3,1100,3300
71680,18759,6,2,750,1500
71681,18759,4,2,900,1800
71682,18760,5,1,1600,1600
71683,18760,6,2,750,1500
71684,18760,4,3,900,2700
71685,18761,2,3,1800,5400
71686,18762,4,1,900,900
71687,18762,2,3,1800,5400
71688,18762,5,2,1600,3200
71689,18762,7,2,3800,7600
71690,18763,2,3,1800,5400
71691,18763,6,3,750,2250
71692,18764,4,3,900,2700
71693,18764,8,1,1500,1500
71694,18765,5,2,1600,3200
71695,18765,4,2,900,1800
71696,18766,3,1,2200,2200
71697,18767,3,1,2200,2200
71698,18768,6,2,750,1500
71699,18768,5,3,1600,4800
71700,18768,8,3,1500,4500
71701,18769,4,3,900,2700
71702,18769,5,1,1600,1600
71703,18769,2,1,1800,1800
71704,18769,8,2,1500,3000
71705,18769,7,3,3800,11400
71706,18770,1,2,1100,2200
71707,18770,3,3,2200,6600
71708,18770,5,3,1600,4800
71709,18770,7,1,3800,3800
71710,18770,2,2,1800,3600
71711,18771,7,2,3800,7600
71712,18771,3,3,2200,6600
71713,18772,7,3,3800,11400
71714,18772,5,1,1600,1600
71715,18772,2,1,1800,1800
71716,18772,6,1,750,750
71717,18773,5,1,1600,1600
71718,18773,6,2,750,1500
71719,18774,7,2,3800,7600
71720,18775,8,3,1500,4500
71721,18776,6,1,750,750
71722,18776,5,3,1600,4800
71723,18776,2,3,1800,5400
71724,18776,3,2,2200,4400
71725,18776,8,2,1500,3000
71726,18777,3,1,2200,2200
71727,18777,2,1,1800,1800
71728,18777,5,1,1600,1600
71729,18777,6,1,750,750
71730,18777,8,1,1500,1500
71731,18778,6,1,750,750
71732,18778,7,2,3800,7600
71733,18778,4,3,900,2700
71734,18779,5,1,1600,1600
71735,18779,1,3,1100,3300
71736,18779,2,3,1800,5400
71737,18779,6,1,750,750
71738,18779,4,3,900,2700
71739,18780,2,2,1800,3600
71740,18781,2,3,1800,5400
71741,18781,7,2,3800,7600
71742,18781,1,1,1100,1100
71743,18782,4,3,900,2700
71744,18783,1,3,1100,3300
71745,18784,6,3,750,2250
71746,18784,5,2,1600,3200
71747,18784,2,1,1800,1800
71748,18785,3,2,2200,4400
71749,18785,8,2,1500,3000
71750,18785,5,2,1600,3200
71751,18786,8,2,1500,3000
71752,18786,3,2,2200,4400
71753,18787,5,1,1600,1600
71754,18787,1,2,1100,2200
71755,18787,7,1,3800,3800
71756,18788,8,1,1500,1500
71757,18788,4,1,900,900
71758,18788,7,2,3800,7600
71759,18789,7,1,3800,3800
71760,18789,5,2,1600,3200
71761,18789,2,1,1800,1800
71762,18789,4,3,900,2700
71763,18789,1,1,1100,1100
71764,18790,5,3,1600,4800
71765,18790,7,1,3800,3800
71766,18790,2,2,1800,3600
71767,18790,4,1,900,900
71768,18790,8,3,1500,4500
71769,18791,8,2,1500,3000
71770,18791,5,3,1600,4800
71771,18792,4,1,900,900
71772,18793,6,2,750,1500
71773,18794,4,1,900,900
71774,18795,2,3,1800,5400
71775,18796,6,3,750,2250
71776,18796,2,3,1800,5400
71777,18796,3,2,2200,4400
71778,18797,1,3,1100,3300
71779,18797,2,3,1800,5400
71780,18798,8,3,1500,4500
71781,18798,2,1,1800,1800
71782,18799,7,3,3800,11400
71783,18800,4,1,900,900
71784,18800,2,1,1800,1800
71785,18800,8,1,1500,1500
71786,18800,1,2,1100,2200
71787,18801,5,3,1600,4800
71788,18801,4,1,900,900
71789,18801,1,3,1100,3300
71790,18802,5,1,1600,1600
71791,18802,3,3,2200,6600
71792,18802,2,3,1800,5400
71793,18802,4,2,900,1800
71794,18803,8,2,1500,3000
71795,18804,6,2,750,1500
71796,18804,5,2,1600,3200
71797,18804,1,3,1100,3300
71798,18804,8,1,1500,1500
71799,18804,4,3,900,2700
71800,18805,2,1,1800,1800
71801,18805,8,1,1500,1500
71802,18805,3,1,2200,2200
71803,18805,5,3,1600,4800
71804,18805,1,2,1100,2200
71805,18806,5,1,1600,1600
71806,18806,4,1,900,900
71807,18806,6,3,750,2250
71808,18807,4,2,900,1800
71809,18807,6,2,750,1500
71810,18808,6,2,750,1500
71811,18808,5,1,1600,1600
71812,18808,7,3,3800,11400
71813,18809,5,3,1600,4800
71814,18810,2,2,1800,3600
71815,18811,4,3,900,2700
71816,18812,1,1,1100,1100
71817,18812,8,2,1500,3000
71818,18812,7,2,3800,7600
71819,18812,2,2,1800,3600
71820,18812,3,3,2200,6600
71821,18813,1,3,1100,3300
71822,18813,5,2,1600,3200
71823,18813,2,1,1800,1800
71824,18813,8,1,1500,1500
71825,18814,5,1,1600,1600
71826,18814,1,1,1100,1100
71827,18814,3,3,2200,6600
71828,18815,3,1,2200,2200
71829,18815,8,3,1500,4500
71830,18815,1,1,1100,1100
71831,18816,3,2,2200,4400
71832,18816,5,2,1600,3200
71833,18816,4,1,900,900
71834,18817,5,1,1600,1600
71835,18817,1,1,1100,1100
71836,18817,7,3,3800,11400
71837,18818,3,1,2200,2200
71838,18819,6,1,750,750
71839,18820,2,3,1800,5400
71840,18820,7,3,3800,11400
71841,18820,1,1,1100,1100
71842,18821,5,2,1600,3200
71843,18821,7,1,3800,3800
71844,18822,6,3,750,2250
71845,18822,3,1,2200,2200
71846,18822,5,1,1600,1600
71847,18823,3,3,2200,6600
71848,18823,1,3,1100,3300
71849,18823,5,1,1600,1600
71850,18824,8,2,1500,3000
71851,18825,7,2,3800,7600
71852,18826,8,3,1500,4500
71853,18826,4,2,900,1800
71854,18826,6,2,750,1500
71855,18826,1,2,1100,2200
71856,18827,3,3,2200,6600
71857,18828,3,3,2200,6600
71858,18829,6,3,750,2250
71859,18829,1,2,1100,2200
71860,18829,4,1,900,900
71861,18830,7,3,3800,11400
71862,18831,7,3,3800,11400
71863,18831,6,2,750,1500
71864,18832,4,1,900,900
71865,18832,3,2,2200,4400
71866,18833,6,2,750,1500
71867,18834,3,3,2200,6600
71868,18834,2,1,1800,1800
71869,18835,6,3,750,2250
71870,18835,5,2,1600,3200
71871,18836,2,1,1800,1800
71872,18836,6,3,750,2250
71873,18836,5,1,1600,1600
71874,18836,3,2,2200,4400
71875,18837,5,1,1600,1600
71876,18837,3,3,2200,6600
71877,18837,8,3,1500,4500
71878,18837,2,2,1800,3600
71879,18837,6,2,750,1500
71880,18838,6,1,750,750
71881,18838,4,3,900,2700
71882,18839,5,2,1600,3200
71883,18839,2,3,1800,5400
71884,18840,7,2,3800,7600
71885,18840,4,2,900,1800
71886,18841,5,3,1600,4800
71887,18841,1,2,1100,2200
71888,18841,2,2,1800,3600
71889,18841,7,2,3800,7600
71890,18841,4,2,900,1800
71891,18841,6,1,750,750
71892,18841,3,1,2200,2200
71893,18841,8,3,1500,4500
71894,18842,1,2,1100,2200
71895,18842,8,3,1500,4500
71896,18842,7,2,3800,7600
71897,18842,5,1,1600,1600
71898,18842,2,1,1800,1800
71899,18843,2,2,1800,3600
71900,18843,1,3,1100,3300
71901,18843,6,2,750,1500
71902,18843,3,1,2200,2200
71903,18843,5,2,1600,3200
71904,18844,6,2,750,1500
71905,18845,2,3,1800,5400
71906,18845,4,1,900,900
71907,18846,4,3,900,2700
71908,18846,7,1,3800,3800
71909,18846,1,2,1100,2200
71910,18847,8,3,1500,4500
71911,18848,5,3,1600,4800
71912,18848,1,1,1100,1100
71913,18848,6,2,750,1500
71914,18848,2,1,1800,1800
71915,18849,8,3,1500,4500
71916,18850,3,3,2200,6600
71917,18851,7,3,3800,11400
71918,18852,6,1,750,750
71919,18852,8,3,1500,4500
71920,18852,2,1,1800,1800
71921,18853,8,3,1500,4500
71922,18854,2,1,1800,1800
71923,18855,3,1,2200,2200
71924,18855,7,2,3800,7600
71925,18855,1,1,1100,1100
71926,18855,8,3,1500,4500
71927,18856,5,2,1600,3200
71928,18856,3,2,2200,4400
71929,18857,4,1,900,900
71930,18857,1,1,1100,1100
71931,18857,3,2,2200,4400
71932,18857,6,2,750,1500
71933,18857,8,3,1500,4500
71934,18858,1,3,1100,3300
71935,18858,3,3,2200,6600
71936,18858,6,2,750,1500
71937,18858,7,3,3800,11400
71938,18858,4,2,900,1800
71939,18859,5,1,1600,1600
71940,18860,8,1,1500,1500
71941,18860,1,1,1100,1100
71942,18860,3,1,2200,2200
71943,18860,5,1,1600,1600
71944,18861,1,2,1100,2200
71945,18861,5,2,1600,3200
71946,18862,1,2,1100,2200
71947,18863,2,2,1800,3600
71948,18863,7,2,3800,7600
71949,18863,1,2,1100,2200
71950,18864,7,2,3800,7600
71951,18864,2,2,1800,3600
71952,18864,6,1,750,750
71953,18864,3,1,2200,2200
71954,18865,8,3,1500,4500
71955,18865,6,1,750,750
71956,18865,1,1,1100,1100
71957,18866,1,1,1100,1100
71958,18866,5,2,1600,3200
71959,18866,8,2,1500,3000
71960,18866,2,1,1800,1800
71961,18867,3,1,2200,2200
71962,18867,4,3,900,2700
71963,18867,1,2,1100,2200
71964,18867,7,3,3800,11400
71965,18867,2,3,1800,5400
71966,18867,5,3,1600,4800
71967,18868,6,3,750,2250
71968,18868,4,1,900,900
71969,18868,1,3,1100,3300
71970,18868,2,2,1800,3600
71971,18869,7,3,3800,11400
71972,18869,1,1,1100,1100
71973,18869,3,1,2200,2200
71974,18870,7,3,3800,11400
71975,18871,6,2,750,1500
71976,18871,8,1,1500,1500
71977,18872,8,3,1500,4500
71978,18872,2,3,1800,5400
71979,18873,3,2,2200,4400
71980,18873,1,2,1100,2200
71981,18874,4,3,900,2700
71982,18874,3,2,2200,4400
71983,18874,8,2,1500,3000
71984,18874,7,1,3800,3800
71985,18875,6,3,750,2250
71986,18876,6,2,750,1500
71987,18876,1,3,1100,3300
71988,18876,2,1,1800,1800
71989,18876,3,2,2200,4400
71990,18877,7,1,3800,3800
71991,18877,5,1,1600,1600
71992,18877,6,2,750,1500
71993,18877,1,1,1100,1100
71994,18877,4,1,900,900
71995,18878,7,2,3800,7600
71996,18879,2,2,1800,3600
71997,18880,7,1,3800,3800
71998,18880,6,3,750,2250
71999,18880,5,3,1600,4800
72000,18880,2,1,1800,1800
72001,18880,8,1,1500,1500
72002,18881,4,3,900,2700
72003,18881,1,1,1100,1100
72004,18881,7,2,3800,7600
72005,18882,2,3,1800,5400
72006,18882,6,2,750,1500
72007,18882,4,3,900,2700
72008,18882,5,2,1600,3200
72009,18882,8,2,1500,3000
72010,18882,3,2,2200,4400
72011,18883,3,2,2200,4400
72012,18884,1,2,1100,2200
72013,18884,2,3,1800,5400
72014,18885,8,3,1500,4500
72015,18885,2,3,1800,5400
72016,18886,2,3,1800,5400
72017,18886,3,1,2200,2200
72018,18886,5,3,1600,4800
72019,18887,5,2,1600,3200
72020,18887,4,2,900,1800
72021,18887,1,3,1100,3300
72022,18887,3,1,2200,2200
72023,18887,6,1,750,750
72024,18888,5,1,1600,1600
72025,18888,3,1,2200,2200
72026,18889,7,2,3800,7600
72027,18889,3,2,2200,4400
72028,18889,6,3,750,2250
72029,18890,2,1,1800,1800
72030,18890,7,3,3800,11400
72031,18891,2,1,1800,1800
72032,18892,1,1,1100,1100
72033,18893,7,1,3800,3800
72034,18894,4,2,900,1800
72035,18894,1,2,1100,2200
72036,18894,3,3,2200,6600
72037,18894,5,1,1600,1600
72038,18894,8,3,1500,4500
72039,18894,7,1,3800,3800
72040,18895,6,2,750,1500
72041,18895,1,1,1100,1100
72042,18895,7,3,3800,11400
72043,18895,4,2,900,1800
72044,18895,2,1,1800,1800
72045,18896,7,2,3800,7600
72046,18896,6,3,750,2250
72047,18896,8,1,1500,1500
72048,18896,1,1,1100,1100
72049,18896,2,1,1800,1800
72050,18896,4,1,900,900
72051,18896,5,1,1600,1600
72052,18897,1,1,1100,1100
72053,18897,7,2,3800,7600
72054,18898,2,2,1800,3600
72055,18898,7,3,3800,11400
72056,18898,5,3,1600,4800
72057,18898,4,2,900,1800
72058,18899,6,1,750,750
72059,18899,8,1,1500,1500
72060,18899,7,1,3800,3800
72061,18900,4,3,900,2700
72062,18900,2,2,1800,3600
72063,18900,6,1,750,750
72064,18900,5,3,1600,4800
72065,18900,1,3,1100,3300
72066,18901,1,2,1100,2200
72067,18901,2,1,1800,1800
72068,18902,5,3,1600,4800
72069,18903,8,3,1500,4500
72070,18904,6,1,750,750
72071,18905,2,2,1800,3600
72072,18905,4,1,900,900
72073,18905,3,2,2200,4400
72074,18906,8,2,1500,3000
72075,18906,3,3,2200,6600
72076,18907,2,2,1800,3600
72077,18908,2,1,1800,1800
72078,18908,3,1,2200,2200
72079,18908,5,3,1600,4800
72080,18908,8,2,1500,3000
72081,18908,7,1,3800,3800
72082,18909,4,1,900,900
72083,18909,7,1,3800,3800
72084,18910,3,2,2200,4400
72085,18910,6,3,750,2250
72086,18910,8,1,1500,1500
72087,18910,5,3,1600,4800
72088,18910,1,1,1100,1100
72089,18911,3,3,2200,6600
72090,18912,4,2,900,1800
72091,18913,6,1,750,750
72092,18913,8,2,1500,3000
72093,18914,8,2,1500,3000
72094,18914,4,1,900,900
72095,18915,6,1,750,750
72096,18915,7,3,3800,11400
72097,18915,8,1,1500,1500
72098,18915,1,1,1100,1100
72099,18916,4,1,900,900
72100,18916,7,1,3800,3800
72101,18917,3,2,2200,4400
72102,18918,6,2,750,1500
72103,18919,1,2,1100,2200
72104,18919,7,2,3800,7600
72105,18919,5,1,1600,1600
72106,18920,2,3,1800,5400
72107,18921,7,3,3800,11400
72108,18921,6,1,750,750
72109,18922,7,2,3800,7600
72110,18922,4,2,900,1800
72111,18923,4,1,900,900
72112,18923,1,2,1100,2200
72113,18924,8,3,1500,4500
72114,18925,4,1,900,900
72115,18926,7,3,3800,11400
72116,18926,4,3,900,2700
72117,18926,3,3,2200,6600
72118,18927,5,1,1600,1600
72119,18928,8,3,1500,4500
72120,18928,5,2,1600,3200
72121,18928,3,1,2200,2200
72122,18929,3,3,2200,6600
72123,18929,1,2,1100,2200
72124,18929,7,1,3800,3800
72125,18929,6,3,750,2250
72126,18930,7,1,3800,3800
72127,18930,2,2,1800,3600
72128,18930,5,1,1600,1600
72129,18931,1,1,1100,1100
72130,18931,2,3,1800,5400
72131,18931,6,1,750,750
72132,18932,3,3,2200,6600
72133,18932,2,3,1800,5400
72134,18932,1,1,1100,1100
72135,18933,2,1,1800,1800
72136,18933,4,3,900,2700
72137,18933,6,2,750,1500
72138,18933,1,1,1100,1100
72139,18933,5,3,1600,4800
72140,18934,3,3,2200,6600
72141,18935,4,1,900,900
72142,18935,1,3,1100,3300
72143,18936,7,2,3800,7600
72144,18936,8,2,1500,3000
72145,18936,1,2,1100,2200
72146,18937,8,3,1500,4500
72147,18938,6,3,750,2250
72148,18939,6,3,750,2250
72149,18939,5,3,1600,4800
72150,18939,2,2,1800,3600
72151,18939,3,1,2200,2200
72152,18939,4,3,900,2700
72153,18940,6,3,750,2250
72154,18940,8,1,1500,1500
72155,18941,8,3,1500,4500
72156,18941,3,2,2200,4400
72157,18941,2,2,1800,3600
72158,18942,7,1,3800,3800
72159,18942,2,3,1800,5400
72160,18942,6,3,750,2250
72161,18942,5,3,1600,4800
72162,18943,6,3,750,2250
72163,18943,4,2,900,1800
72164,18944,4,3,900,2700
72165,18944,3,3,2200,6600
72166,18945,5,3,1600,4800
72167,18945,4,3,900,2700
72168,18946,7,1,3800,3800
72169,18947,5,3,1600,4800
72170,18948,7,3,3800,11400
72171,18949,6,2,750,1500
72172,18950,1,1,1100,1100
72173,18950,4,2,900,1800
72174,18950,6,3,750,2250
72175,18950,5,3,1600,4800
72176,18951,4,2,900,1800
72177,18952,8,1,1500,1500
72178,18953,1,3,1100,3300
72179,18953,5,2,1600,3200
72180,18954,3,3,2200,6600
72181,18954,1,1,1100,1100
72182,18954,6,3,750,2250
72183,18954,8,3,1500,4500
72184,18954,4,1,900,900
72185,18955,4,2,900,1800
72186,18955,6,1,750,750
72187,18956,3,3,2200,6600
72188,18956,1,2,1100,2200
72189,18956,4,3,900,2700
72190,18956,8,2,1500,3000
72191,18956,6,3,750,2250
72192,18957,6,2,750,1500
72193,18957,4,2,900,1800
72194,18957,1,1,1100,1100
72195,18957,2,2,1800,3600
72196,18957,5,3,1600,4800
72197,18957,8,1,1500,1500
72198,18957,7,3,3800,11400
72199,18957,3,1,2200,2200
72200,18958,6,3,750,2250
72201,18959,5,1,1600,1600
72202,18960,6,2,750,1500
72203,18961,7,1,3800,3800
72204,18962,3,2,2200,4400
72205,18963,3,3,2200,6600
72206,18964,1,3,1100,3300
72207,18964,5,3,1600,4800
72208,18965,4,1,900,900
72209,18965,5,2,1600,3200
72210,18966,2,3,1800,5400
72211,18966,7,1,3800,3800
72212,18966,3,2,2200,4400
72213,18967,8,1,1500,1500
72214,18967,5,1,1600,1600
72215,18967,6,1,750,750
72216,18967,1,1,1100,1100
72217,18967,7,3,3800,11400
72218,18968,1,3,1100,3300
72219,18969,3,3,2200,6600
72220,18969,8,3,1500,4500
72221,18970,3,1,2200,2200
72222,18971,2,3,1800,5400
72223,18971,3,3,2200,6600
72224,18971,5,1,1600,1600
72225,18972,5,3,1600,4800
72226,18972,3,1,2200,2200
72227,18972,1,2,1100,2200
72228,18973,2,3,1800,5400
72229,18974,5,2,1600,3200
72230,18974,8,1,1500,1500
72231,18975,8,1,1500,1500
72232,18975,6,2,750,1500
72233,18976,3,3,2200,6600
72234,18976,5,3,1600,4800
72235,18976,6,1,750,750
72236,18976,8,3,1500,4500
72237,18977,7,2,3800,7600
72238,18977,1,3,1100,3300
72239,18977,8,3,1500,4500
72240,18977,4,3,900,2700
72241,18978,4,3,900,2700
72242,18978,5,2,1600,3200
72243,18978,6,2,750,1500
72244,18979,5,3,1600,4800
72245,18980,3,2,2200,4400
72246,18980,7,3,3800,11400
72247,18981,3,3,2200,6600
72248,18982,1,2,1100,2200
72249,18983,7,1,3800,3800
72250,18984,6,2,750,1500
72251,18984,8,3,1500,4500
72252,18984,5,3,1600,4800
72253,18985,7,2,3800,7600
72254,18985,5,2,1600,3200
72255,18986,6,3,750,2250
72256,18986,3,2,2200,4400
72257,18987,5,1,1600,1600
72258,18987,8,2,1500,3000
72259,18987,7,1,3800,3800
72260,18987,6,2,750,1500
72261,18987,4,2,900,1800
72262,18988,6,1,750,750
72263,18988,7,1,3800,3800
72264,18988,4,3,900,2700
72265,18989,7,1,3800,3800
72266,18989,8,2,1500,3000
72267,18990,3,3,2200,6600
72268,18991,4,2,900,1800
72269,18992,8,3,1500,4500
72270,18992,6,1,750,750
72271,18992,5,3,1600,4800
72272,18993,1,3,1100,3300
72273,18993,3,3,2200,6600
72274,18993,5,2,1600,3200
72275,18994,3,2,2200,4400
72276,18995,3,1,2200,2200
72277,18995,5,2,1600,3200
72278,18995,1,3,1100,3300
72279,18995,4,1,900,900
72280,18995,8,2,1500,3000
72281,18996,1,3,1100,3300
72282,18996,6,2,750,1500
72283,18997,4,1,900,900
72284,18997,3,3,2200,6600
72285,18997,6,1,750,750
72286,18997,2,3,1800,5400
72287,18997,1,1,1100,1100
72288,18997,5,3,1600,4800
72289,18997,8,1,1500,1500
72290,18998,5,2,1600,3200
72291,18999,2,3,1800,5400
72292,19000,2,2,1800,3600
72293,19000,7,2,3800,7600
72294,19001,3,3,2200,6600
72295,19001,6,1,750,750
72296,19001,1,2,1100,2200
72297,19001,5,1,1600,1600
72298,19001,8,3,1500,4500
72299,19001,4,2,900,1800
72300,19001,7,1,3800,3800
72301,19001,2,3,1800,5400
72302,19002,2,2,1800,3600
72303,19003,3,3,2200,6600
72304,19003,8,1,1500,1500
72305,19003,5,1,1600,1600
72306,19003,2,1,1800,1800
72307,19003,1,3,1100,3300
72308,19003,4,1,900,900
72309,19003,6,2,750,1500
72310,19004,2,2,1800,3600
72311,19004,6,3,750,2250
72312,19004,7,2,3800,7600
72313,19004,8,2,1500,3000
72314,19005,4,3,900,2700
72315,19006,7,2,3800,7600
72316,19006,6,2,750,1500
72317,19006,5,3,1600,4800
72318,19006,1,3,1100,3300
72319,19006,4,3,900,2700
72320,19006,2,1,1800,1800
72321,19006,8,1,1500,1500
72322,19007,8,1,1500,1500
72323,19007,4,2,900,1800
72324,19007,2,2,1800,3600
72325,19007,3,2,2200,4400
72326,19007,5,1,1600,1600
72327,19007,6,2,750,1500
72328,19007,1,1,1100,1100
72329,19008,3,3,2200,6600
72330,19008,1,1,1100,1100
72331,19008,5,2,1600,3200
72332,19008,2,1,1800,1800
72333,19008,4,2,900,1800
72334,19008,8,1,1500,1500
72335,19008,7,3,3800,11400
72336,19009,5,2,1600,3200
72337,19009,8,1,1500,1500
72338,19010,5,2,1600,3200
72339,19010,8,2,1500,3000
72340,19010,6,1,750,750
72341,19010,1,2,1100,2200
72342,19011,2,2,1800,3600
72343,19011,5,3,1600,4800
72344,19011,1,1,1100,1100
72345,19011,8,3,1500,4500
72346,19012,3,2,2200,4400
72347,19012,1,1,1100,1100
72348,19012,2,1,1800,1800
72349,19012,6,2,750,1500
72350,19012,4,3,900,2700
72351,19012,7,3,3800,11400
72352,19012,5,3,1600,4800
72353,19013,6,3,750,2250
72354,19014,8,1,1500,1500
72355,19015,4,3,900,2700
72356,19015,8,1,1500,1500
72357,19015,3,2,2200,4400
72358,19015,1,3,1100,3300
72359,19015,6,1,750,750
72360,19016,5,3,1600,4800
72361,19016,7,1,3800,3800
72362,19016,4,1,900,900
72363,19016,8,3,1500,4500
72364,19016,3,2,2200,4400
72365,19017,7,1,3800,3800
72366,19018,2,3,1800,5400
72367,19019,2,3,1800,5400
72368,19020,2,1,1800,1800
72369,19020,4,2,900,1800
72370,19021,5,1,1600,1600
72371,19021,2,3,1800,5400
72372,19022,6,1,750,750
72373,19022,7,2,3800,7600
72374,19023,2,2,1800,3600
72375,19023,8,1,1500,1500
72376,19023,1,1,1100,1100
72377,19023,3,1,2200,2200
72378,19024,3,3,2200,6600
72379,19025,1,3,1100,3300
72380,19025,4,3,900,2700
72381,19025,2,2,1800,3600
72382,19025,3,2,2200,4400
72383,19026,4,1,900,900
72384,19026,2,2,1800,3600
72385,19027,2,3,1800,5400
72386,19027,5,2,1600,3200
72387,19027,1,2,1100,2200
72388,19027,7,3,3800,11400
72389,19027,3,3,2200,6600
72390,19027,4,1,900,900
72391,19027,6,1,750,750
72392,19028,2,2,1800,3600
72393,19029,2,3,1800,5400
72394,19029,6,1,750,750
72395,19030,5,2,1600,3200
72396,19031,6,2,750,1500
72397,19031,2,3,1800,5400
72398,19031,4,1,900,900
72399,19031,3,2,2200,4400
72400,19031,7,1,3800,3800
72401,19032,6,2,750,1500
72402,19033,7,1,3800,3800
72403,19033,8,1,1500,1500
72404,19033,1,1,1100,1100
72405,19033,5,2,1600,3200
72406,19034,1,3,1100,3300
72407,19034,7,2,3800,7600
72408,19034,2,2,1800,3600
72409,19034,4,3,900,2700
72410,19034,3,3,2200,6600
72411,19034,8,2,1500,3000
72412,19034,5,2,1600,3200
72413,19034,6,3,750,2250
72414,19035,1,2,1100,2200
72415,19036,1,3,1100,3300
72416,19037,5,1,1600,1600
72417,19038,5,2,1600,3200
72418,19038,1,2,1100,2200
72419,19038,3,1,2200,2200
72420,19038,2,1,1800,1800
72421,19039,8,2,1500,3000
72422,19040,3,2,2200,4400
72423,19041,6,1,750,750
72424,19041,5,1,1600,1600
72425,19042,7,1,3800,3800
72426,19042,4,3,900,2700
72427,19042,5,3,1600,4800
72428,19042,3,1,2200,2200
72429,19043,7,3,3800,11400
72430,19043,5,1,1600,1600
72431,19043,6,3,750,2250
72432,19043,3,3,2200,6600
72433,19043,1,1,1100,1100
72434,19044,4,1,900,900
72435,19044,8,1,1500,1500
72436,19044,1,2,1100,2200
72437,19044,5,3,1600,4800
72438,19045,6,3,750,2250
72439,19045,4,1,900,900
72440,19046,1,1,1100,1100
72441,19046,8,3,1500,4500
72442,19047,5,2,1600,3200
72443,19047,8,2,1500,3000
72444,19048,1,1,1100,1100
72445,19049,3,3,2200,6600
72446,19049,4,1,900,900
72447,19049,7,2,3800,7600
72448,19049,8,3,1500,4500
72449,19049,5,2,1600,3200
72450,19049,6,1,750,750
72451,19049,2,3,1800,5400
72452,19050,1,3,1100,3300
72453,19050,3,2,2200,4400
72454,19051,7,2,3800,7600
72455,19051,8,3,1500,4500
72456,19051,6,1,750,750
72457,19051,2,2,1800,3600
72458,19051,3,1,2200,2200
72459,19052,3,1,2200,2200
72460,19053,1,2,1100,2200
72461,19053,6,2,750,1500
72462,19053,3,1,2200,2200
72463,19053,2,2,1800,3600
72464,19053,8,3,1500,4500
72465,19053,7,2,3800,7600
72466,19053,4,2,900,1800
72467,19054,5,3,1600,4800
72468,19054,4,1,900,900
72469,19054,8,3,1500,4500
72470,19054,6,1,750,750
72471,19054,3,3,2200,6600
72472,19055,7,1,3800,3800
72473,19056,1,2,1100,2200
72474,19057,7,1,3800,3800
72475,19057,1,1,1100,1100
72476,19058,4,1,900,900
72477,19058,2,2,1800,3600
72478,19058,6,2,750,1500
72479,19058,1,3,1100,3300
72480,19059,7,1,3800,3800
72481,19059,3,3,2200,6600
72482,19060,1,2,1100,2200
72483,19060,4,3,900,2700
72484,19061,3,3,2200,6600
72485,19061,8,2,1500,3000
72486,19062,8,1,1500,1500
72487,19062,7,1,3800,3800
72488,19062,4,1,900,900
72489,19062,2,3,1800,5400
72490,19062,1,1,1100,1100
72491,19062,6,3,750,2250
72492,19062,5,3,1600,4800
72493,19062,3,3,2200,6600
72494,19063,5,1,1600,1600
72495,19063,3,1,2200,2200
72496,19063,4,1,900,900
72497,19063,1,1,1100,1100
72498,19064,3,3,2200,6600
72499,19065,4,3,900,2700
72500,19066,6,1,750,750
72501,19066,1,2,1100,2200
72502,19066,3,3,2200,6600
72503,19066,2,3,1800,5400
72504,19067,5,3,1600,4800
72505,19068,6,1,750,750
72506,19068,3,2,2200,4400
72507,19068,8,2,1500,3000
72508,19068,4,1,900,900
72509,19069,3,3,2200,6600
72510,19070,1,1,1100,1100
72511,19070,2,2,1800,3600
72512,19070,6,1,750,750
72513,19070,5,1,1600,1600
72514,19071,6,3,750,2250
72515,19071,8,1,1500,1500
72516,19072,2,3,1800,5400
72517,19072,4,1,900,900
72518,19073,7,3,3800,11400
72519,19074,8,3,1500,4500
72520,19075,5,1,1600,1600
72521,19075,2,2,1800,3600
72522,19075,4,1,900,900
72523,19075,3,3,2200,6600
72524,19075,6,2,750,1500
72525,19075,8,1,1500,1500
72526,19075,7,3,3800,11400
72527,19075,1,1,1100,1100
72528,19076,4,2,900,1800
72529,19076,3,2,2200,4400
72530,19076,2,3,1800,5400
72531,19076,1,2,1100,2200
72532,19077,2,1,1800,1800
72533,19078,8,1,1500,1500
72534,19079,3,2,2200,4400
72535,19079,2,1,1800,1800
72536,19079,4,2,900,1800
72537,19079,7,1,3800,3800
72538,19079,6,2,750,1500
72539,19080,4,3,900,2700
72540,19080,7,1,3800,3800
72541,19080,8,1,1500,1500
72542,19080,3,3,2200,6600
72543,19080,5,3,1600,4800
72544,19080,6,3,750,2250
72545,19080,2,2,1800,3600
72546,19081,4,2,900,1800
72547,19081,7,1,3800,3800
72548,19082,7,1,3800,3800
72549,19082,1,1,1100,1100
72550,19082,6,2,750,1500
72551,19082,3,1,2200,2200
72552,19082,8,2,1500,3000
72553,19083,7,1,3800,3800
72554,19083,5,2,1600,3200
72555,19083,2,1,1800,1800
72556,19083,4,1,900,900
72557,19084,6,3,750,2250
72558,19085,1,2,1100,2200
72559,19085,7,2,3800,7600
72560,19086,8,1,1500,1500
72561,19086,3,2,2200,4400
72562,19087,8,1,1500,1500
72563,19087,5,1,1600,1600
72564,19087,4,3,900,2700
72565,19087,1,3,1100,3300
72566,19087,7,2,3800,7600
72567,19087,2,1,1800,1800
72568,19087,3,3,2200,6600
72569,19087,6,2,750,1500
72570,19088,6,2,750,1500
72571,19088,3,3,2200,6600
72572,19089,2,2,1800,3600
72573,19090,5,1,1600,1600
72574,19090,3,1,2200,2200
72575,19091,4,2,900,1800
72576,19091,1,1,1100,1100
72577,19091,5,1,1600,1600
72578,19091,7,2,3800,7600
72579,19092,3,2,2200,4400
72580,19092,8,3,1500,4500
72581,19092,4,3,900,2700
72582,19092,7,2,3800,7600
72583,19092,2,1,1800,1800
72584,19093,6,1,750,750
72585,19093,1,2,1100,2200
72586,19093,8,1,1500,1500
72587,19093,4,3,900,2700
72588,19094,4,1,900,900
72589,19095,2,1,1800,1800
72590,19096,8,1,1500,1500
72591,19096,4,3,900,2700
72592,19097,1,1,1100,1100
72593,19097,2,2,1800,3600
72594,19097,3,1,2200,2200
72595,19097,8,2,1500,3000
72596,19097,7,1,3800,3800
72597,19097,5,3,1600,4800
72598,19097,6,3,750,2250
72599,19098,8,2,1500,3000
72600,19098,6,3,750,2250
72601,19099,4,2,900,1800
72602,19099,8,1,1500,1500
72603,19100,3,3,2200,6600
72604,19100,5,2,1600,3200
72605,19100,6,2,750,1500
72606,19100,4,2,900,1800
72607,19100,7,2,3800,7600
72608,19100,8,2,1500,3000
72609,19100,1,1,1100,1100
72610,19100,2,2,1800,3600
72611,19101,8,3,1500,4500
72612,19102,1,1,1100,1100
72613,19102,6,2,750,1500
72614,19102,4,1,900,900
72615,19102,5,1,1600,1600
72616,19102,2,3,1800,5400
72617,19102,3,2,2200,4400
72618,19102,7,1,3800,3800
72619,19102,8,3,1500,4500
72620,19103,2,3,1800,5400
72621,19103,8,2,1500,3000
72622,19104,5,3,1600,4800
72623,19104,8,1,1500,1500
72624,19104,4,3,900,2700
72625,19104,2,2,1800,3600
72626,19105,1,2,1100,2200
72627,19105,2,3,1800,5400
72628,19106,4,2,900,1800
72629,19107,1,2,1100,2200
72630,19107,3,2,2200,4400
72631,19107,2,2,1800,3600
72632,19107,6,1,750,750
72633,19107,8,2,1500,3000
72634,19107,7,1,3800,3800
72635,19107,4,3,900,2700
72636,19107,5,3,1600,4800
72637,19108,4,3,900,2700
72638,19109,8,3,1500,4500
72639,19109,6,3,750,2250
72640,19109,1,3,1100,3300
72641,19109,2,2,1800,3600
72642,19110,1,2,1100,2200
72643,19111,2,2,1800,3600
72644,19111,5,2,1600,3200
72645,19111,8,2,1500,3000
72646,19111,1,3,1100,3300
72647,19111,7,1,3800,3800
72648,19112,1,3,1100,3300
72649,19112,5,2,1600,3200
72650,19112,3,3,2200,6600
72651,19112,2,2,1800,3600
72652,19113,4,1,900,900
72653,19113,1,3,1100,3300
72654,19114,7,3,3800,11400
72655,19114,8,2,1500,3000
72656,19114,5,3,1600,4800
72657,19114,2,2,1800,3600
72658,19114,4,1,900,900
72659,19114,3,3,2200,6600
72660,19114,1,1,1100,1100
72661,19114,6,3,750,2250
72662,19115,1,3,1100,3300
72663,19115,7,3,3800,11400
72664,19116,7,2,3800,7600
72665,19116,2,2,1800,3600
72666,19117,2,2,1800,3600
72667,19117,5,3,1600,4800
72668,19117,3,1,2200,2200
72669,19117,7,2,3800,7600
72670,19117,6,3,750,2250
72671,19118,4,2,900,1800
72672,19119,6,3,750,2250
72673,19119,4,3,900,2700
72674,19119,8,1,1500,1500
72675,19119,2,3,1800,5400
72676,19120,2,1,1800,1800
72677,19120,1,1,1100,1100
72678,19120,6,2,750,1500
72679,19120,5,1,1600,1600
72680,19120,8,3,1500,4500
72681,19120,3,2,2200,4400
72682,19120,7,2,3800,7600
72683,19121,5,3,1600,4800
72684,19121,7,3,3800,11400
72685,19121,2,1,1800,1800
72686,19121,8,2,1500,3000
72687,19121,6,2,750,1500
72688,19122,3,2,2200,4400
72689,19122,2,3,1800,5400
72690,19123,4,1,900,900
72691,19123,6,1,750,750
72692,19124,2,2,1800,3600
72693,19124,7,1,3800,3800
72694,19124,8,2,1500,3000
72695,19124,5,3,1600,4800
72696,19125,4,2,900,1800
72697,19125,1,2,1100,2200
72698,19125,6,3,750,2250
72699,19125,2,3,1800,5400
72700,19125,7,3,3800,11400
72701,19126,5,3,1600,4800
72702,19126,7,3,3800,11400
72703,19127,7,1,3800,3800
72704,19127,1,1,1100,1100
72705,19128,5,2,1600,3200
72706,19128,4,3,900,2700
72707,19128,1,3,1100,3300
72708,19128,2,3,1800,5400
72709,19128,3,2,2200,4400
72710,19128,7,3,3800,11400
72711,19128,6,1,750,750
72712,19129,6,2,750,1500
72713,19129,5,2,1600,3200
72714,19129,1,3,1100,3300
72715,19129,4,3,900,2700
72716,19129,7,1,3800,3800
72717,19129,2,1,1800,1800
72718,19129,8,1,1500,1500
72719,19130,7,3,3800,11400
72720,19130,1,1,1100,1100
72721,19130,6,3,750,2250
72722,19130,5,1,1600,1600
72723,19130,2,2,1800,3600
72724,19130,3,1,2200,2200
72725,19130,4,3,900,2700
72726,19131,1,1,1100,1100
72727,19131,3,2,2200,4400
72728,19132,4,2,900,1800
72729,19132,6,1,750,750
72730,19132,5,1,1600,1600
72731,19132,7,3,3800,11400
72732,19132,8,2,1500,3000
72733,19133,8,3,1500,4500
72734,19133,6,1,750,750
72735,19133,2,2,1800,3600
72736,19133,1,1,1100,1100
72737,19133,3,1,2200,2200
72738,19133,5,1,1600,1600
72739,19133,7,1,3800,3800
72740,19134,2,1,1800,1800
72741,19134,6,3,750,2250
72742,19135,6,1,750,750
72743,19135,5,2,1600,3200
72744,19135,1,3,1100,3300
72745,19135,3,3,2200,6600
72746,19136,7,1,3800,3800
72747,19136,6,2,750,1500
72748,19137,4,2,900,1800
72749,19137,3,3,2200,6600
72750,19137,8,3,1500,4500
72751,19137,6,2,750,1500
72752,19138,5,3,1600,4800
72753,19138,2,3,1800,5400
72754,19139,2,2,1800,3600
72755,19140,4,2,900,1800
72756,19140,1,1,1100,1100
72757,19140,6,1,750,750
72758,19140,2,3,1800,5400
72759,19140,8,1,1500,1500
72760,19140,5,2,1600,3200
72761,19140,7,3,3800,11400
72762,19141,3,1,2200,2200
72763,19141,1,3,1100,3300
72764,19142,4,1,900,900
72765,19142,3,3,2200,6600
72766,19142,8,3,1500,4500
72767,19142,7,1,3800,3800
72768,19143,3,1,2200,2200
72769,19143,4,2,900,1800
72770,19143,7,2,3800,7600
72771,19143,1,1,1100,1100
72772,19143,5,3,1600,4800
72773,19143,2,2,1800,3600
72774,19143,6,3,750,2250
72775,19143,8,1,1500,1500
72776,19144,4,2,900,1800
72777,19144,3,2,2200,4400
72778,19144,5,3,1600,4800
72779,19144,7,1,3800,3800
72780,19144,1,3,1100,3300
72781,19145,8,3,1500,4500
72782,19145,2,2,1800,3600
72783,19146,4,1,900,900
72784,19146,6,3,750,2250
72785,19147,1,1,1100,1100
72786,19147,2,1,1800,1800
72787,19148,4,1,900,900
72788,19149,8,2,1500,3000
72789,19149,2,3,1800,5400
72790,19149,7,3,3800,11400
72791,19149,5,1,1600,1600
72792,19150,7,2,3800,7600
72793,19151,3,2,2200,4400
72794,19152,8,1,1500,1500
72795,19152,7,2,3800,7600
72796,19152,3,3,2200,6600
72797,19152,5,3,1600,4800
72798,19153,4,3,900,2700
72799,19153,6,3,750,2250
72800,19154,5,3,1600,4800
72801,19154,7,1,3800,3800
72802,19155,7,1,3800,3800
72803,19155,1,3,1100,3300
72804,19155,8,3,1500,4500
72805,19155,6,1,750,750
72806,19155,4,2,900,1800
72807,19156,8,1,1500,1500
72808,19156,4,3,900,2700
72809,19156,3,1,2200,2200
72810,19156,1,3,1100,3300
72811,19156,7,3,3800,11400
72812,19157,6,3,750,2250
72813,19157,2,2,1800,3600
72814,19158,4,3,900,2700
72815,19158,8,2,1500,3000
72816,19158,7,3,3800,11400
72817,19158,3,2,2200,4400
72818,19159,8,1,1500,1500
72819,19159,7,3,3800,11400
72820,19159,3,2,2200,4400
72821,19159,5,1,1600,1600
72822,19160,4,2,900,1800
72823,19160,2,2,1800,3600
72824,19160,5,3,1600,4800
72825,19160,8,2,1500,3000
72826,19161,2,1,1800,1800
72827,19162,2,2,1800,3600
72828,19162,3,3,2200,6600
72829,19163,2,1,1800,1800
72830,19164,3,1,2200,2200
72831,19164,4,1,900,900
72832,19164,8,3,1500,4500
72833,19164,5,3,1600,4800
72834,19164,2,3,1800,5400
72835,19164,1,3,1100,3300
72836,19164,7,1,3800,3800
72837,19165,8,2,1500,3000
72838,19165,1,3,1100,3300
72839,19165,2,3,1800,5400
72840,19165,3,1,2200,2200
72841,19166,2,1,1800,1800
72842,19167,5,3,1600,4800
72843,19167,4,3,900,2700
72844,19168,7,2,3800,7600
72845,19168,1,1,1100,1100
72846,19168,2,3,1800,5400
72847,19168,5,3,1600,4800
72848,19169,3,2,2200,4400
72849,19169,4,3,900,2700
72850,19169,6,3,750,2250
72851,19169,5,1,1600,1600
72852,19169,2,3,1800,5400
72853,19170,6,1,750,750
72854,19170,4,2,900,1800
72855,19171,7,2,3800,7600
72856,19171,6,3,750,2250
72857,19171,3,1,2200,2200
72858,19171,1,1,1100,1100
72859,19171,5,2,1600,3200
72860,19172,1,3,1100,3300
72861,19173,3,1,2200,2200
72862,19173,2,2,1800,3600
72863,19174,6,3,750,2250
72864,19174,3,2,2200,4400
72865,19175,1,1,1100,1100
72866,19175,8,1,1500,1500
72867,19176,2,3,1800,5400
72868,19177,4,2,900,1800
72869,19177,5,1,1600,1600
72870,19177,3,1,2200,2200
72871,19177,2,2,1800,3600
72872,19178,3,1,2200,2200
72873,19179,8,1,1500,1500
72874,19179,1,1,1100,1100
72875,19179,5,2,1600,3200
72876,19179,4,2,900,1800
72877,19179,7,3,3800,11400
72878,19179,2,3,1800,5400
72879,19179,6,2,750,1500
72880,19179,3,1,2200,2200
72881,19180,8,3,1500,4500
72882,19181,1,3,1100,3300
72883,19181,7,1,3800,3800
72884,19182,1,2,1100,2200
72885,19182,5,1,1600,1600
72886,19183,7,1,3800,3800
72887,19184,1,1,1100,1100
72888,19184,3,1,2200,2200
72889,19184,7,1,3800,3800
72890,19184,4,2,900,1800
72891,19185,3,3,2200,6600
72892,19185,4,3,900,2700
72893,19185,2,3,1800,5400
72894,19185,1,1,1100,1100
72895,19186,5,1,1600,1600
72896,19187,7,2,3800,7600
72897,19187,8,2,1500,3000
72898,19187,1,3,1100,3300
72899,19187,6,2,750,1500
72900,19188,8,3,1500,4500
72901,19188,2,1,1800,1800
72902,19189,5,3,1600,4800
72903,19190,7,2,3800,7600
72904,19190,2,2,1800,3600
72905,19190,6,1,750,750
72906,19190,5,3,1600,4800
72907,19191,3,1,2200,2200
72908,19192,2,3,1800,5400
72909,19193,4,3,900,2700
72910,19193,5,3,1600,4800
72911,19194,3,2,2200,4400
72912,19194,2,2,1800,3600
72913,19194,6,1,750,750
72914,19194,4,3,900,2700
72915,19194,1,2,1100,2200
72916,19194,7,3,3800,11400
72917,19194,5,2,1600,3200
72918,19195,5,1,1600,1600
72919,19195,1,1,1100,1100
72920,19195,8,3,1500,4500
72921,19195,6,2,750,1500
72922,19195,2,3,1800,5400
72923,19195,4,3,900,2700
72924,19195,3,1,2200,2200
72925,19196,5,3,1600,4800
72926,19196,2,2,1800,3600
72927,19196,7,3,3800,11400
72928,19196,1,1,1100,1100
72929,19196,8,3,1500,4500
72930,19197,8,1,1500,1500
72931,19197,3,3,2200,6600
72932,19197,1,3,1100,3300
72933,19197,2,1,1800,1800
72934,19198,1,1,1100,1100
72935,19199,1,3,1100,3300
72936,19199,7,2,3800,7600
72937,19199,8,3,1500,4500
72938,19199,5,1,1600,1600
72939,19199,2,2,1800,3600
72940,19199,3,2,2200,4400
72941,19199,6,3,750,2250
72942,19199,4,2,900,1800
72943,19200,6,1,750,750
72944,19200,7,3,3800,11400
72945,19201,2,1,1800,1800
72946,19201,1,2,1100,2200
72947,19201,4,2,900,1800
72948,19201,8,2,1500,3000
72949,19201,6,1,750,750
72950,19202,5,3,1600,4800
72951,19202,3,1,2200,2200
72952,19202,6,1,750,750
72953,19202,4,3,900,2700
72954,19203,7,2,3800,7600
72955,19203,4,2,900,1800
72956,19203,2,1,1800,1800
72957,19203,3,3,2200,6600
72958,19203,8,1,1500,1500
72959,19204,8,1,1500,1500
72960,19204,7,3,3800,11400
72961,19204,6,1,750,750
72962,19204,5,3,1600,4800
72963,19204,1,1,1100,1100
72964,19205,3,1,2200,2200
72965,19205,1,1,1100,1100
72966,19205,8,1,1500,1500
72967,19205,4,2,900,1800
72968,19205,5,3,1600,4800
72969,19205,6,1,750,750
72970,19205,7,1,3800,3800
72971,19205,2,1,1800,1800
72972,19206,4,2,900,1800
72973,19206,7,2,3800,7600
72974,19207,4,3,900,2700
72975,19207,1,1,1100,1100
72976,19207,2,2,1800,3600
72977,19207,3,3,2200,6600
72978,19208,8,1,1500,1500
72979,19208,3,2,2200,4400
72980,19209,7,3,3800,11400
72981,19209,5,2,1600,3200
72982,19210,7,1,3800,3800
72983,19210,2,1,1800,1800
72984,19210,6,1,750,750
72985,19210,4,1,900,900
72986,19210,3,2,2200,4400
72987,19210,5,3,1600,4800
72988,19210,1,2,1100,2200
72989,19210,8,1,1500,1500
72990,19211,3,3,2200,6600
72991,19211,5,3,1600,4800
72992,19211,8,3,1500,4500
72993,19211,2,3,1800,5400
72994,19211,4,2,900,1800
72995,19212,6,3,750,2250
72996,19213,5,2,1600,3200
72997,19213,1,2,1100,2200
72998,19214,2,3,1800,5400
72999,19214,7,1,3800,3800
73000,19214,1,3,1100,3300
73001,19214,8,1,1500,1500
73002,19215,7,1,3800,3800
73003,19216,2,3,1800,5400
73004,19216,5,1,1600,1600
73005,19216,4,3,900,2700
73006,19216,7,1,3800,3800
73007,19216,1,2,1100,2200
73008,19217,7,2,3800,7600
73009,19217,4,3,900,2700
73010,19218,1,1,1100,1100
73011,19218,6,2,750,1500
73012,19218,7,2,3800,7600
73013,19218,4,3,900,2700
73014,19219,1,2,1100,2200
73015,19220,7,2,3800,7600
73016,19221,8,3,1500,4500
73017,19221,2,1,1800,1800
73018,19221,6,1,750,750
73019,19221,5,2,1600,3200
73020,19222,2,2,1800,3600
73021,19223,7,2,3800,7600
73022,19223,3,3,2200,6600
73023,19224,6,1,750,750
73024,19224,7,2,3800,7600
73025,19224,2,3,1800,5400
73026,19224,3,3,2200,6600
73027,19225,2,1,1800,1800
73028,19226,5,1,1600,1600
73029,19226,7,1,3800,3800
73030,19226,8,3,1500,4500
73031,19226,4,1,900,900
73032,19226,2,3,1800,5400
73033,19226,6,2,750,1500
73034,19226,1,2,1100,2200
73035,19227,6,1,750,750
73036,19227,1,3,1100,3300
73037,19228,7,3,3800,11400
73038,19228,6,2,750,1500
73039,19229,2,3,1800,5400
73040,19230,3,1,2200,2200
73041,19230,7,2,3800,7600
73042,19231,2,3,1800,5400
73043,19232,3,3,2200,6600
73044,19233,1,2,1100,2200
73045,19233,3,3,2200,6600
73046,19234,6,2,750,1500
73047,19234,3,3,2200,6600
73048,19234,2,3,1800,5400
73049,19234,4,1,900,900
73050,19234,7,3,3800,11400
73051,19235,5,2,1600,3200
73052,19235,2,1,1800,1800
73053,19235,8,3,1500,4500
73054,19235,7,2,3800,7600
73055,19235,4,2,900,1800
73056,19235,3,2,2200,4400
73057,19235,1,2,1100,2200
73058,19236,6,1,750,750
73059,19236,4,2,900,1800
73060,19236,8,3,1500,4500
73061,19236,3,2,2200,4400
73062,19237,2,2,1800,3600
73063,19238,5,2,1600,3200
73064,19238,8,1,1500,1500
73065,19238,1,1,1100,1100
73066,19238,4,2,900,1800
73067,19238,2,2,1800,3600
73068,19239,7,2,3800,7600
73069,19239,6,3,750,2250
73070,19239,1,1,1100,1100
73071,19239,5,1,1600,1600
73072,19240,7,2,3800,7600
73073,19241,4,2,900,1800
73074,19242,5,1,1600,1600
73075,19242,6,2,750,1500
73076,19242,2,2,1800,3600
73077,19242,4,1,900,900
73078,19242,7,1,3800,3800
73079,19242,3,3,2200,6600
73080,19242,8,2,1500,3000
73081,19243,4,1,900,900
73082,19243,1,3,1100,3300
73083,19243,8,3,1500,4500
73084,19243,5,2,1600,3200
73085,19243,6,1,750,750
73086,19244,5,1,1600,1600
73087,19244,6,3,750,2250
73088,19245,7,3,3800,11400
73089,19245,3,2,2200,4400
73090,19245,5,1,1600,1600
73091,19245,1,3,1100,3300
73092,19246,5,3,1600,4800
73093,19246,4,1,900,900
73094,19247,6,1,750,750
73095,19248,5,2,1600,3200
73096,19248,6,2,750,1500
73097,19249,4,3,900,2700
73098,19249,5,2,1600,3200
73099,19249,2,2,1800,3600
73100,19249,6,1,750,750
73101,19250,4,1,900,900
73102,19250,6,1,750,750
73103,19250,8,1,1500,1500
73104,19250,1,2,1100,2200
73105,19250,7,2,3800,7600
73106,19250,2,2,1800,3600
73107,19250,5,2,1600,3200
73108,19251,6,2,750,1500
73109,19251,4,1,900,900
73110,19251,2,2,1800,3600
73111,19251,5,2,1600,3200
73112,19251,1,1,1100,1100
73113,19251,8,1,1500,1500
73114,19251,7,1,3800,3800
73115,19252,4,1,900,900
73116,19252,7,3,3800,11400
73117,19252,8,3,1500,4500
73118,19252,6,2,750,1500
73119,19252,3,2,2200,4400
73120,19252,2,3,1800,5400
73121,19252,1,1,1100,1100
73122,19252,5,3,1600,4800
73123,19253,2,2,1800,3600
73124,19253,8,3,1500,4500
73125,19253,1,2,1100,2200
73126,19253,5,2,1600,3200
73127,19253,6,1,750,750
73128,19253,4,2,900,1800
73129,19253,7,2,3800,7600
73130,19253,3,2,2200,4400
73131,19254,1,3,1100,3300
73132,19255,2,3,1800,5400
73133,19255,4,2,900,1800
73134,19256,6,3,750,2250
73135,19256,8,2,1500,3000
73136,19257,3,3,2200,6600
73137,19258,7,2,3800,7600
73138,19258,4,1,900,900
73139,19258,5,2,1600,3200
73140,19258,6,1,750,750
73141,19258,8,1,1500,1500
73142,19258,2,1,1800,1800
73143,19258,3,1,2200,2200
73144,19259,8,2,1500,3000
73145,19259,1,1,1100,1100
73146,19259,2,3,1800,5400
73147,19259,7,3,3800,11400
73148,19259,5,2,1600,3200
73149,19260,2,2,1800,3600
73150,19261,2,3,1800,5400
73151,19262,5,1,1600,1600
73152,19263,6,1,750,750
73153,19264,1,2,1100,2200
73154,19264,5,1,1600,1600
73155,19265,5,1,1600,1600
73156,19265,7,1,3800,3800
73157,19265,3,1,2200,2200
73158,19265,1,2,1100,2200
73159,19266,2,2,1800,3600
73160,19266,7,2,3800,7600
73161,19266,8,2,1500,3000
73162,19266,6,1,750,750
73163,19266,1,1,1100,1100
73164,19267,5,2,1600,3200
73165,19267,2,2,1800,3600
73166,19268,1,1,1100,1100
73167,19269,8,3,1500,4500
73168,19269,4,3,900,2700
73169,19269,3,1,2200,2200
73170,19269,5,1,1600,1600
73171,19269,2,2,1800,3600
73172,19269,6,1,750,750
73173,19269,7,2,3800,7600
73174,19270,8,1,1500,1500
73175,19270,6,2,750,1500
73176,19270,1,2,1100,2200
73177,19270,4,1,900,900
73178,19271,2,2,1800,3600
73179,19272,2,1,1800,1800
73180,19272,1,1,1100,1100
73181,19273,3,2,2200,4400
73182,19274,8,2,1500,3000
73183,19274,3,1,2200,2200
73184,19275,4,2,900,1800
73185,19275,6,2,750,1500
73186,19275,5,2,1600,3200
73187,19275,8,3,1500,4500
73188,19275,3,3,2200,6600
73189,19276,4,2,900,1800
73190,19276,8,3,1500,4500
73191,19277,4,2,900,1800
73192,19277,6,1,750,750
73193,19277,8,3,1500,4500
73194,19277,3,3,2200,6600
73195,19277,5,2,1600,3200
73196,19277,7,3,3800,11400
73197,19277,1,3,1100,3300
73198,19278,3,3,2200,6600
73199,19278,6,1,750,750
73200,19278,5,3,1600,4800
73201,19278,4,3,900,2700
73202,19278,1,2,1100,2200
73203,19278,8,2,1500,3000
73204,19278,2,2,1800,3600
73205,19279,2,2,1800,3600
73206,19280,4,3,900,2700
73207,19281,6,1,750,750
73208,19281,1,1,1100,1100
73209,19282,5,2,1600,3200
73210,19282,6,3,750,2250
73211,19282,8,1,1500,1500
73212,19282,4,2,900,1800
73213,19283,1,3,1100,3300
73214,19284,8,3,1500,4500
73215,19284,7,2,3800,7600
73216,19284,1,3,1100,3300
73217,19284,6,1,750,750
73218,19285,8,1,1500,1500
73219,19286,1,3,1100,3300
73220,19286,7,3,3800,11400
73221,19286,6,2,750,1500
73222,19286,3,3,2200,6600
73223,19287,5,3,1600,4800
73224,19288,7,2,3800,7600
73225,19288,6,3,750,2250
73226,19288,5,3,1600,4800
73227,19288,4,1,900,900
73228,19288,3,1,2200,2200
73229,19289,1,1,1100,1100
73230,19290,1,2,1100,2200
73231,19290,6,1,750,750
73232,19290,8,1,1500,1500
73233,19290,2,2,1800,3600
73234,19291,7,1,3800,3800
73235,19291,6,1,750,750
73236,19291,1,3,1100,3300
73237,19291,5,3,1600,4800
73238,19292,7,2,3800,7600
73239,19293,7,1,3800,3800
73240,19293,8,2,1500,3000
73241,19294,2,1,1800,1800
73242,19295,2,3,1800,5400
73243,19295,8,2,1500,3000
73244,19295,1,3,1100,3300
73245,19295,6,2,750,1500
73246,19295,5,2,1600,3200
73247,19296,1,2,1100,2200
73248,19296,8,2,1500,3000
73249,19297,3,3,2200,6600
73250,19297,8,2,1500,3000
73251,19298,8,2,1500,3000
73252,19298,4,3,900,2700
73253,19299,4,2,900,1800
73254,19299,7,2,3800,7600
73255,19300,7,2,3800,7600
73256,19301,7,1,3800,3800
73257,19301,8,1,1500,1500
73258,19301,4,3,900,2700
73259,19301,6,1,750,750
73260,19301,2,1,1800,1800
73261,19301,1,3,1100,3300
73262,19301,5,2,1600,3200
73263,19302,8,1,1500,1500
73264,19302,1,3,1100,3300
73265,19302,2,1,1800,1800
73266,19302,4,2,900,1800
73267,19302,7,3,3800,11400
73268,19302,6,3,750,2250
73269,19302,3,2,2200,4400
73270,19303,3,1,2200,2200
73271,19303,8,2,1500,3000
73272,19304,4,2,900,1800
73273,19304,1,1,1100,1100
73274,19304,7,1,3800,3800
73275,19304,2,2,1800,3600
73276,19305,2,2,1800,3600
73277,19306,5,1,1600,1600
73278,19306,7,1,3800,3800
73279,19306,3,2,2200,4400
73280,19306,2,3,1800,5400
73281,19306,1,3,1100,3300
73282,19307,3,2,2200,4400
73283,19307,1,3,1100,3300
73284,19308,4,1,900,900
73285,19309,1,3,1100,3300
73286,19309,7,1,3800,3800
73287,19309,3,2,2200,4400
73288,19309,4,3,900,2700
73289,19310,4,3,900,2700
73290,19310,5,2,1600,3200
73291,19310,8,1,1500,1500
73292,19310,6,3,750,2250
73293,19311,5,3,1600,4800
73294,19311,4,1,900,900
73295,19312,2,2,1800,3600
73296,19312,5,1,1600,1600
73297,19312,8,2,1500,3000
73298,19312,7,2,3800,7600
73299,19312,6,3,750,2250
73300,19313,2,3,1800,5400
73301,19313,6,2,750,1500
73302,19314,1,3,1100,3300
73303,19315,1,1,1100,1100
73304,19315,5,2,1600,3200
73305,19315,4,2,900,1800
73306,19315,8,1,1500,1500
73307,19316,8,3,1500,4500
73308,19316,4,2,900,1800
73309,19316,3,1,2200,2200
73310,19316,7,1,3800,3800
73311,19317,4,3,900,2700
73312,19318,2,2,1800,3600
73313,19318,8,3,1500,4500
73314,19318,7,2,3800,7600
73315,19318,5,3,1600,4800
73316,19318,6,1,750,750
73317,19319,4,2,900,1800
73318,19319,1,1,1100,1100
73319,19320,3,3,2200,6600
73320,19320,7,3,3800,11400
73321,19320,1,1,1100,1100
73322,19320,6,1,750,750
73323,19320,2,3,1800,5400
73324,19321,3,3,2200,6600
73325,19321,5,1,1600,1600
73326,19321,1,2,1100,2200
73327,19321,7,2,3800,7600
73328,19322,3,2,2200,4400
73329,19323,2,1,1800,1800
73330,19323,4,2,900,1800
73331,19323,1,1,1100,1100
73332,19323,7,1,3800,3800
73333,19323,6,3,750,2250
73334,19324,8,3,1500,4500
73335,19325,8,3,1500,4500
73336,19325,5,1,1600,1600
73337,19326,4,1,900,900
73338,19326,6,1,750,750
73339,19326,1,2,1100,2200
73340,19326,3,2,2200,4400
73341,19327,2,2,1800,3600
73342,19328,2,3,1800,5400
73343,19328,3,1,2200,2200
73344,19329,3,2,2200,4400
73345,19329,2,1,1800,1800
73346,19329,5,1,1600,1600
73347,19329,8,1,1500,1500
73348,19329,4,2,900,1800
73349,19329,1,2,1100,2200
73350,19329,7,1,3800,3800
73351,19329,6,3,750,2250
73352,19330,5,2,1600,3200
73353,19331,1,2,1100,2200
73354,19331,8,1,1500,1500
73355,19332,4,3,900,2700
73356,19333,4,2,900,1800
73357,19333,1,3,1100,3300
73358,19333,2,1,1800,1800
73359,19333,3,1,2200,2200
73360,19334,3,1,2200,2200
73361,19335,3,2,2200,4400
73362,19335,5,2,1600,3200
73363,19335,4,3,900,2700
73364,19335,8,2,1500,3000
73365,19335,7,1,3800,3800
73366,19335,6,2,750,1500
73367,19335,2,1,1800,1800
73368,19336,2,1,1800,1800
73369,19336,8,2,1500,3000
73370,19336,7,1,3800,3800
73371,19336,4,1,900,900
73372,19337,6,1,750,750
73373,19338,4,2,900,1800
73374,19338,2,2,1800,3600
73375,19338,3,2,2200,4400
73376,19338,8,2,1500,3000
73377,19338,5,1,1600,1600
73378,19338,7,1,3800,3800
73379,19338,1,2,1100,2200
73380,19339,1,1,1100,1100
73381,19339,5,2,1600,3200
73382,19339,8,2,1500,3000
73383,19339,2,3,1800,5400
73384,19340,4,3,900,2700
73385,19340,1,1,1100,1100
73386,19340,8,3,1500,4500
73387,19340,2,1,1800,1800
73388,19340,7,3,3800,11400
73389,19340,6,2,750,1500
73390,19340,5,3,1600,4800
73391,19341,4,2,900,1800
73392,19342,1,1,1100,1100
73393,19342,3,1,2200,2200
73394,19342,2,2,1800,3600
73395,19342,7,3,3800,11400
73396,19343,5,3,1600,4800
73397,19343,2,2,1800,3600
73398,19343,7,2,3800,7600
73399,19343,3,1,2200,2200
73400,19343,4,3,900,2700
73401,19344,4,1,900,900
73402,19344,1,3,1100,3300
73403,19345,7,1,3800,3800
73404,19345,2,2,1800,3600
73405,19345,3,2,2200,4400
73406,19345,1,2,1100,2200
73407,19346,5,1,1600,1600
73408,19346,7,3,3800,11400
73409,19346,8,3,1500,4500
73410,19346,2,3,1800,5400
73411,19346,1,3,1100,3300
73412,19347,7,2,3800,7600
73413,19347,4,2,900,1800
73414,19348,3,2,2200,4400
73415,19348,4,3,900,2700
73416,19348,7,2,3800,7600
73417,19348,2,3,1800,5400
73418,19348,5,3,1600,4800
73419,19349,4,2,900,1800
73420,19349,6,3,750,2250
73421,19349,8,3,1500,4500
73422,19349,1,1,1100,1100
73423,19350,2,1,1800,1800
73424,19350,8,2,1500,3000
73425,19351,6,1,750,750
73426,19351,2,3,1800,5400
73427,19351,4,1,900,900
73428,19351,5,3,1600,4800
73429,19352,5,2,1600,3200
73430,19353,3,1,2200,2200
73431,19353,7,3,3800,11400
73432,19353,8,1,1500,1500
73433,19353,6,3,750,2250
73434,19353,4,1,900,900
73435,19353,1,3,1100,3300
73436,19353,5,2,1600,3200
73437,19354,5,3,1600,4800
73438,19355,4,2,900,1800
73439,19355,7,1,3800,3800
73440,19356,5,1,1600,1600
73441,19356,3,3,2200,6600
73442,19356,2,1,1800,1800
73443,19356,7,2,3800,7600
73444,19357,1,1,1100,1100
73445,19357,8,1,1500,1500
73446,19357,3,1,2200,2200
73447,19357,7,1,3800,3800
73448,19358,5,2,1600,3200
73449,19358,3,3,2200,6600
73450,19358,7,2,3800,7600
73451,19358,4,3,900,2700
73452,19358,2,2,1800,3600
73453,19359,4,1,900,900
73454,19359,3,2,2200,4400
73455,19360,2,2,1800,3600
73456,19360,7,2,3800,7600
73457,19360,4,1,900,900
73458,19360,8,2,1500,3000
73459,19360,6,2,750,1500
73460,19361,6,3,750,2250
73461,19362,3,3,2200,6600
73462,19363,1,2,1100,2200
73463,19363,7,3,3800,11400
73464,19364,2,2,1800,3600
73465,19365,7,3,3800,11400
73466,19365,5,3,1600,4800
73467,19366,6,3,750,2250
73468,19367,7,3,3800,11400
73469,19367,1,2,1100,2200
73470,19367,8,3,1500,4500
73471,19367,2,1,1800,1800
73472,19367,5,1,1600,1600
73473,19367,4,3,900,2700
73474,19367,3,1,2200,2200
73475,19367,6,3,750,2250
73476,19368,7,2,3800,7600
73477,19368,6,1,750,750
73478,19368,1,3,1100,3300
73479,19368,8,2,1500,3000
73480,19369,4,1,900,900
73481,19369,2,1,1800,1800
73482,19370,7,3,3800,11400
73483,19370,6,3,750,2250
73484,19370,5,2,1600,3200
73485,19370,4,2,900,1800
73486,19371,6,2,750,1500
73487,19371,7,3,3800,11400
73488,19371,1,2,1100,2200
73489,19371,4,1,900,900
73490,19372,2,1,1800,1800
73491,19372,7,2,3800,7600
73492,19373,3,1,2200,2200
73493,19373,8,2,1500,3000
73494,19374,2,2,1800,3600
73495,19374,4,1,900,900
73496,19374,7,1,3800,3800
73497,19374,6,3,750,2250
73498,19374,5,1,1600,1600
73499,19375,1,1,1100,1100
73500,19375,4,3,900,2700
73501,19375,6,2,750,1500
73502,19375,2,1,1800,1800
73503,19375,7,2,3800,7600
73504,19376,1,1,1100,1100
73505,19377,5,2,1600,3200
73506,19377,4,2,900,1800
73507,19377,6,1,750,750
73508,19377,1,3,1100,3300
73509,19377,7,2,3800,7600
73510,19378,5,3,1600,4800
73511,19378,6,1,750,750
73512,19378,7,3,3800,11400
73513,19378,2,1,1800,1800
73514,19378,1,2,1100,2200
73515,19379,5,3,1600,4800
73516,19380,4,1,900,900
73517,19380,8,1,1500,1500
73518,19380,1,3,1100,3300
73519,19380,5,2,1600,3200
73520,19380,7,2,3800,7600
73521,19381,6,3,750,2250
73522,19381,7,3,3800,11400
73523,19381,8,3,1500,4500
73524,19381,1,2,1100,2200
73525,19382,5,3,1600,4800
73526,19383,3,1,2200,2200
73527,19384,4,1,900,900
73528,19385,2,2,1800,3600
73529,19385,6,2,750,1500
73530,19385,5,2,1600,3200
73531,19385,3,1,2200,2200
73532,19386,4,1,900,900
73533,19386,7,1,3800,3800
73534,19386,3,2,2200,4400
73535,19386,6,2,750,1500
73536,19387,7,2,3800,7600
73537,19388,3,3,2200,6600
73538,19388,4,3,900,2700
73539,19389,4,1,900,900
73540,19389,7,1,3800,3800
73541,19389,3,1,2200,2200
73542,19389,8,1,1500,1500
73543,19389,2,2,1800,3600
73544,19390,3,3,2200,6600
73545,19390,4,3,900,2700
73546,19390,2,1,1800,1800
73547,19390,5,1,1600,1600
73548,19390,6,1,750,750
73549,19391,3,2,2200,4400
73550,19391,1,1,1100,1100
73551,19391,4,3,900,2700
73552,19391,2,2,1800,3600
73553,19391,8,2,1500,3000
73554,19392,5,1,1600,1600
73555,19392,3,2,2200,4400
73556,19393,8,3,1500,4500
73557,19393,4,3,900,2700
73558,19394,6,1,750,750
73559,19394,8,2,1500,3000
73560,19394,2,3,1800,5400
73561,19394,7,3,3800,11400
73562,19394,4,1,900,900
73563,19394,1,3,1100,3300
73564,19394,3,3,2200,6600
73565,19395,8,2,1500,3000
73566,19395,4,2,900,1800
73567,19395,5,1,1600,1600
73568,19395,1,3,1100,3300
73569,19395,6,3,750,2250
73570,19395,3,2,2200,4400
73571,19395,2,1,1800,1800
73572,19396,4,1,900,900
73573,19396,6,3,750,2250
73574,19397,4,2,900,1800
73575,19398,8,2,1500,3000
73576,19398,5,3,1600,4800
73577,19399,4,1,900,900
73578,19399,7,3,3800,11400
73579,19399,8,1,1500,1500
73580,19399,5,3,1600,4800
73581,19400,5,2,1600,3200
73582,19400,3,1,2200,2200
73583,19401,4,1,900,900
73584,19402,8,3,1500,4500
73585,19403,7,3,3800,11400
73586,19404,5,1,1600,1600
73587,19404,7,1,3800,3800
73588,19405,4,2,900,1800
73589,19405,1,3,1100,3300
73590,19405,2,3,1800,5400
73591,19405,5,3,1600,4800
73592,19406,6,1,750,750
73593,19406,2,1,1800,1800
73594,19406,3,3,2200,6600
73595,19406,8,1,1500,1500
73596,19406,4,1,900,900
73597,19406,1,2,1100,2200
73598,19406,7,2,3800,7600
73599,19407,3,2,2200,4400
73600,19408,4,1,900,900
73601,19408,5,1,1600,1600
73602,19408,1,3,1100,3300
73603,19408,3,3,2200,6600
73604,19409,8,2,1500,3000
73605,19409,7,2,3800,7600
73606,19409,2,1,1800,1800
73607,19409,5,1,1600,1600
73608,19410,8,3,1500,4500
73609,19410,1,1,1100,1100
73610,19410,2,2,1800,3600
73611,19410,7,3,3800,11400
73612,19411,5,2,1600,3200
73613,19412,3,3,2200,6600
73614,19413,6,3,750,2250
73615,19413,2,1,1800,1800
73616,19413,8,3,1500,4500
73617,19413,5,1,1600,1600
73618,19414,7,2,3800,7600
73619,19414,6,1,750,750
73620,19415,7,3,3800,11400
73621,19415,1,1,1100,1100
73622,19415,8,1,1500,1500
73623,19415,4,3,900,2700
73624,19416,3,3,2200,6600
73625,19416,7,2,3800,7600
73626,19416,5,1,1600,1600
73627,19416,1,1,1100,1100
73628,19417,5,2,1600,3200
73629,19418,4,2,900,1800
73630,19418,5,2,1600,3200
73631,19418,3,3,2200,6600
73632,19418,8,1,1500,1500
73633,19419,7,3,3800,11400
73634,19420,6,2,750,1500
73635,19420,3,1,2200,2200
73636,19420,1,3,1100,3300
73637,19420,5,3,1600,4800
73638,19420,8,1,1500,1500
73639,19421,3,3,2200,6600
73640,19422,8,1,1500,1500
73641,19422,7,3,3800,11400
73642,19422,4,3,900,2700
73643,19422,2,2,1800,3600
73644,19422,1,1,1100,1100
73645,19423,4,1,900,900
73646,19423,6,1,750,750
73647,19424,8,3,1500,4500
73648,19424,5,2,1600,3200
73649,19424,3,3,2200,6600
73650,19424,7,1,3800,3800
73651,19424,6,1,750,750
73652,19425,6,2,750,1500
73653,19426,4,1,900,900
73654,19426,5,3,1600,4800
73655,19426,2,2,1800,3600
73656,19426,8,2,1500,3000
73657,19427,2,1,1800,1800
73658,19427,3,2,2200,4400
73659,19427,1,1,1100,1100
73660,19427,5,2,1600,3200
73661,19427,6,3,750,2250
73662,19428,6,2,750,1500
73663,19428,2,3,1800,5400
73664,19428,4,1,900,900
73665,19428,7,2,3800,7600
73666,19428,8,2,1500,3000
73667,19428,5,3,1600,4800
73668,19428,3,1,2200,2200
73669,19428,1,1,1100,1100
73670,19429,3,2,2200,4400
73671,19429,1,2,1100,2200
73672,19430,7,3,3800,11400
73673,19431,7,2,3800,7600
73674,19431,2,1,1800,1800
73675,19431,6,1,750,750
73676,19431,1,3,1100,3300
73677,19431,4,2,900,1800
73678,19431,8,2,1500,3000
73679,19431,3,2,2200,4400
73680,19432,2,2,1800,3600
73681,19432,8,1,1500,1500
73682,19432,5,2,1600,3200
73683,19432,6,3,750,2250
73684,19433,6,1,750,750
73685,19434,2,1,1800,1800
73686,19434,8,3,1500,4500
73687,19434,5,2,1600,3200
73688,19434,3,2,2200,4400
73689,19435,1,1,1100,1100
73690,19436,6,2,750,1500
73691,19436,1,3,1100,3300
73692,19436,4,1,900,900
73693,19436,3,2,2200,4400
73694,19436,8,3,1500,4500
73695,19437,4,1,900,900
73696,19438,7,1,3800,3800
73697,19438,3,2,2200,4400
73698,19438,4,2,900,1800
73699,19438,5,1,1600,1600
73700,19438,2,2,1800,3600
73701,19438,6,2,750,1500
73702,19438,1,2,1100,2200
73703,19438,8,2,1500,3000
73704,19439,2,3,1800,5400
73705,19439,3,1,2200,2200
73706,19439,5,2,1600,3200
73707,19439,4,2,900,1800
73708,19439,7,3,3800,11400
73709,19439,8,3,1500,4500
73710,19439,6,3,750,2250
73711,19440,8,1,1500,1500
73712,19440,4,1,900,900
73713,19440,7,3,3800,11400
73714,19440,5,3,1600,4800
73715,19441,2,1,1800,1800
73716,19441,1,3,1100,3300
73717,19441,4,1,900,900
73718,19441,7,1,3800,3800
73719,19441,8,2,1500,3000
73720,19442,2,2,1800,3600
73721,19442,7,3,3800,11400
73722,19442,4,1,900,900
73723,19442,3,1,2200,2200
73724,19443,3,3,2200,6600
73725,19443,6,3,750,2250
73726,19443,5,1,1600,1600
73727,19443,7,1,3800,3800
73728,19443,8,2,1500,3000
73729,19443,2,3,1800,5400
73730,19443,4,3,900,2700
73731,19444,6,1,750,750
73732,19444,8,2,1500,3000
73733,19444,7,2,3800,7600
73734,19444,5,3,1600,4800
73735,19444,4,3,900,2700
73736,19444,3,2,2200,4400
73737,19444,1,1,1100,1100
73738,19445,1,3,1100,3300
73739,19445,7,3,3800,11400
73740,19446,3,1,2200,2200
73741,19446,7,2,3800,7600
73742,19447,2,3,1800,5400
73743,19447,4,2,900,1800
73744,19447,3,1,2200,2200
73745,19447,5,3,1600,4800
73746,19447,8,2,1500,3000
73747,19448,1,1,1100,1100
73748,19448,2,3,1800,5400
73749,19448,7,3,3800,11400
73750,19448,3,1,2200,2200
73751,19448,5,3,1600,4800
73752,19449,6,1,750,750
73753,19449,2,3,1800,5400
73754,19449,4,3,900,2700
73755,19449,8,2,1500,3000
73756,19449,7,1,3800,3800
73757,19450,5,1,1600,1600
73758,19450,8,2,1500,3000
73759,19450,3,2,2200,4400
73760,19450,4,2,900,1800
73761,19450,2,3,1800,5400
73762,19450,7,1,3800,3800
73763,19450,6,1,750,750
73764,19451,3,3,2200,6600
73765,19452,8,2,1500,3000
73766,19452,3,1,2200,2200
73767,19452,1,3,1100,3300
73768,19452,2,1,1800,1800
73769,19453,3,3,2200,6600
73770,19454,1,1,1100,1100
73771,19455,4,3,900,2700
73772,19456,1,1,1100,1100
73773,19456,4,1,900,900
73774,19457,6,1,750,750
73775,19457,4,1,900,900
73776,19458,8,2,1500,3000
73777,19458,5,2,1600,3200
73778,19459,6,3,750,2250
73779,19460,1,1,1100,1100
73780,19460,5,3,1600,4800
73781,19460,6,2,750,1500
73782,19460,8,2,1500,3000
73783,19460,3,2,2200,4400
73784,19461,3,3,2200,6600
73785,19462,3,3,2200,6600
73786,19463,7,2,3800,7600
73787,19463,6,1,750,750
73788,19463,4,3,900,2700
73789,19463,2,3,1800,5400
73790,19463,3,2,2200,4400
73791,19464,6,3,750,2250
73792,19464,1,3,1100,3300
73793,19464,4,2,900,1800
73794,19464,2,3,1800,5400
73795,19465,5,2,1600,3200
73796,19465,1,3,1100,3300
73797,19465,7,1,3800,3800
73798,19465,3,2,2200,4400
73799,19465,8,3,1500,4500
73800,19466,3,1,2200,2200
73801,19466,1,1,1100,1100
73802,19466,7,3,3800,11400
73803,19466,5,3,1600,4800
73804,19466,2,3,1800,5400
73805,19466,4,1,900,900
73806,19466,8,3,1500,4500
73807,19467,2,1,1800,1800
73808,19467,3,3,2200,6600
73809,19468,3,1,2200,2200
73810,19468,7,2,3800,7600
73811,19469,4,2,900,1800
73812,19470,5,3,1600,4800
73813,19470,7,1,3800,3800
73814,19470,8,2,1500,3000
73815,19470,4,1,900,900
73816,19470,1,1,1100,1100
73817,19471,5,1,1600,1600
73818,19471,2,1,1800,1800
73819,19471,4,2,900,1800
73820,19471,7,2,3800,7600
73821,19471,8,1,1500,1500
73822,19472,3,3,2200,6600
73823,19472,4,3,900,2700
73824,19472,2,3,1800,5400
73825,19472,7,3,3800,11400
73826,19473,5,1,1600,1600
73827,19473,3,3,2200,6600
73828,19473,4,3,900,2700
73829,19473,1,2,1100,2200
73830,19474,4,2,900,1800
73831,19474,2,1,1800,1800
73832,19474,7,3,3800,11400
73833,19474,6,2,750,1500
73834,19474,3,2,2200,4400
73835,19475,8,3,1500,4500
73836,19475,7,2,3800,7600
73837,19475,5,2,1600,3200
73838,19475,2,2,1800,3600
73839,19475,3,1,2200,2200
73840,19476,2,1,1800,1800
73841,19476,4,2,900,1800
73842,19477,1,2,1100,2200
73843,19477,8,2,1500,3000
73844,19477,3,3,2200,6600
73845,19477,6,1,750,750
73846,19478,4,3,900,2700
73847,19478,7,1,3800,3800
73848,19479,8,1,1500,1500
73849,19480,7,2,3800,7600
73850,19481,3,3,2200,6600
73851,19481,7,1,3800,3800
73852,19481,1,2,1100,2200
73853,19481,2,3,1800,5400
73854,19482,8,3,1500,4500
73855,19482,2,3,1800,5400
73856,19482,4,1,900,900
73857,19482,1,3,1100,3300
73858,19482,7,3,3800,11400
73859,19482,3,2,2200,4400
73860,19482,6,1,750,750
73861,19483,8,2,1500,3000
73862,19483,1,1,1100,1100
73863,19484,3,1,2200,2200
73864,19484,8,2,1500,3000
73865,19485,4,2,900,1800
73866,19485,7,2,3800,7600
73867,19486,5,1,1600,1600
73868,19486,6,3,750,2250
73869,19486,8,3,1500,4500
73870,19486,1,2,1100,2200
73871,19486,7,1,3800,3800
73872,19486,4,2,900,1800
73873,19486,3,3,2200,6600
73874,19487,1,2,1100,2200
73875,19488,1,3,1100,3300
73876,19488,7,1,3800,3800
73877,19489,2,2,1800,3600
73878,19489,3,2,2200,4400
73879,19489,6,2,750,1500
73880,19489,1,2,1100,2200
73881,19489,4,3,900,2700
73882,19489,8,3,1500,4500
73883,19489,5,3,1600,4800
73884,19489,7,2,3800,7600
73885,19490,2,2,1800,3600
73886,19490,8,3,1500,4500
73887,19490,1,1,1100,1100
73888,19490,6,1,750,750
73889,19491,4,1,900,900
73890,19491,5,1,1600,1600
73891,19491,8,1,1500,1500
73892,19491,7,1,3800,3800
73893,19491,3,1,2200,2200
73894,19492,4,2,900,1800
73895,19492,2,2,1800,3600
73896,19493,8,2,1500,3000
73897,19494,3,2,2200,4400
73898,19495,1,3,1100,3300
73899,19495,5,2,1600,3200
73900,19495,4,3,900,2700
73901,19495,3,3,2200,6600
73902,19496,7,3,3800,11400
73903,19496,1,2,1100,2200
73904,19496,8,1,1500,1500
73905,19496,4,2,900,1800
73906,19497,8,1,1500,1500
73907,19498,4,3,900,2700
73908,19498,8,3,1500,4500
73909,19498,1,2,1100,2200
73910,19498,7,3,3800,11400
73911,19498,6,1,750,750
73912,19499,4,1,900,900
73913,19499,3,2,2200,4400
73914,19500,5,2,1600,3200
73915,19500,1,3,1100,3300
73916,19500,3,2,2200,4400
73917,19500,4,3,900,2700
73918,19501,5,2,1600,3200
73919,19502,7,2,3800,7600
73920,19502,8,3,1500,4500
73921,19502,6,3,750,2250
73922,19502,4,3,900,2700
73923,19502,5,2,1600,3200
73924,19503,4,3,900,2700
73925,19503,2,2,1800,3600
73926,19503,7,2,3800,7600
73927,19503,1,3,1100,3300
73928,19504,5,1,1600,1600
73929,19504,2,2,1800,3600
73930,19505,4,1,900,900
73931,19506,6,2,750,1500
73932,19507,1,2,1100,2200
73933,19507,3,2,2200,4400
73934,19507,6,2,750,1500
73935,19507,4,2,900,1800
73936,19507,7,2,3800,7600
73937,19508,8,3,1500,4500
73938,19509,7,2,3800,7600
73939,19509,2,2,1800,3600
73940,19509,4,2,900,1800
73941,19509,3,1,2200,2200
73942,19510,3,2,2200,4400
73943,19510,4,3,900,2700
73944,19510,2,2,1800,3600
73945,19510,8,3,1500,4500
73946,19511,6,3,750,2250
73947,19511,5,1,1600,1600
73948,19511,4,1,900,900
73949,19511,2,2,1800,3600
73950,19512,8,3,1500,4500
73951,19513,8,2,1500,3000
73952,19514,2,2,1800,3600
73953,19514,8,1,1500,1500
73954,19514,7,3,3800,11400
73955,19514,6,1,750,750
73956,19515,4,3,900,2700
73957,19515,2,2,1800,3600
73958,19516,1,1,1100,1100
73959,19517,1,1,1100,1100
73960,19517,7,3,3800,11400
73961,19517,3,1,2200,2200
73962,19517,6,3,750,2250
73963,19517,4,3,900,2700
73964,19517,8,1,1500,1500
73965,19517,2,2,1800,3600
73966,19517,5,2,1600,3200
73967,19518,5,2,1600,3200
73968,19519,3,1,2200,2200
73969,19519,4,1,900,900
73970,19519,7,2,3800,7600
73971,19519,6,2,750,1500
73972,19520,3,3,2200,6600
73973,19520,7,3,3800,11400
73974,19520,2,1,1800,1800
73975,19520,8,2,1500,3000
73976,19521,1,1,1100,1100
73977,19522,2,3,1800,5400
73978,19522,5,3,1600,4800
73979,19522,1,3,1100,3300
73980,19522,8,3,1500,4500
73981,19523,5,2,1600,3200
73982,19524,2,3,1800,5400
73983,19524,5,2,1600,3200
73984,19525,8,2,1500,3000
73985,19525,4,1,900,900
73986,19525,6,1,750,750
73987,19525,5,1,1600,1600
73988,19525,7,1,3800,3800
73989,19525,3,1,2200,2200
73990,19525,1,2,1100,2200
73991,19526,4,2,900,1800
73992,19526,2,3,1800,5400
73993,19526,6,1,750,750
73994,19526,3,1,2200,2200
73995,19526,1,3,1100,3300
73996,19527,7,3,3800,11400
73997,19527,3,3,2200,6600
73998,19528,8,3,1500,4500
73999,19528,6,1,750,750
74000,19529,4,1,900,900
74001,19529,7,1,3800,3800
74002,19530,7,1,3800,3800
74003,19531,6,1,750,750
74004,19532,1,2,1100,2200
74005,19532,5,2,1600,3200
74006,19532,3,3,2200,6600
74007,19532,8,3,1500,4500
74008,19532,2,1,1800,1800
74009,19533,7,1,3800,3800
74010,19533,6,3,750,2250
74011,19533,4,1,900,900
74012,19533,3,3,2200,6600
74013,19533,8,3,1500,4500
74014,19534,2,2,1800,3600
74015,19535,8,3,1500,4500
74016,19536,1,3,1100,3300
74017,19537,6,1,750,750
74018,19537,4,3,900,2700
74019,19537,8,2,1500,3000
74020,19537,7,3,3800,11400
74021,19538,6,2,750,1500
74022,19539,8,3,1500,4500
74023,19539,4,1,900,900
74024,19539,3,3,2200,6600
74025,19539,2,2,1800,3600
74026,19539,1,3,1100,3300
74027,19540,1,3,1100,3300
74028,19541,3,3,2200,6600
74029,19542,4,3,900,2700
74030,19542,3,1,2200,2200
74031,19542,8,2,1500,3000
74032,19542,7,1,3800,3800
74033,19542,5,3,1600,4800
74034,19543,1,3,1100,3300
74035,19543,4,1,900,900
74036,19543,7,2,3800,7600
74037,19543,3,3,2200,6600
74038,19543,6,3,750,2250
74039,19544,6,1,750,750
74040,19544,5,1,1600,1600
74041,19544,2,3,1800,5400
74042,19544,1,2,1100,2200
74043,19544,7,2,3800,7600
74044,19545,5,1,1600,1600
74045,19545,3,1,2200,2200
74046,19545,4,2,900,1800
74047,19545,8,3,1500,4500
74048,19545,2,1,1800,1800
74049,19545,6,1,750,750
74050,19545,1,2,1100,2200
74051,19546,2,1,1800,1800
74052,19546,7,3,3800,11400
74053,19546,1,2,1100,2200
74054,19546,4,1,900,900
74055,19547,8,1,1500,1500
74056,19547,1,2,1100,2200
74057,19548,3,1,2200,2200
74058,19548,1,2,1100,2200
74059,19548,6,2,750,1500
74060,19548,2,3,1800,5400
74061,19549,7,1,3800,3800
74062,19550,2,1,1800,1800
74063,19551,7,2,3800,7600
74064,19551,8,2,1500,3000
74065,19551,6,2,750,1500
74066,19551,4,3,900,2700
74067,19552,6,2,750,1500
74068,19552,8,3,1500,4500
74069,19552,5,1,1600,1600
74070,19552,2,1,1800,1800
74071,19552,1,1,1100,1100
74072,19552,7,2,3800,7600
74073,19552,3,3,2200,6600
74074,19552,4,3,900,2700
74075,19553,6,3,750,2250
74076,19553,3,1,2200,2200
74077,19553,2,2,1800,3600
74078,19553,4,3,900,2700
74079,19554,5,2,1600,3200
74080,19555,8,1,1500,1500
74081,19556,4,3,900,2700
74082,19556,8,3,1500,4500
74083,19556,1,2,1100,2200
74084,19556,6,2,750,1500
74085,19557,4,2,900,1800
74086,19557,2,3,1800,5400
74087,19557,8,2,1500,3000
74088,19557,7,1,3800,3800
74089,19558,3,2,2200,4400
74090,19558,4,1,900,900
74091,19558,5,2,1600,3200
74092,19558,7,3,3800,11400
74093,19559,8,1,1500,1500
74094,19559,1,1,1100,1100
74095,19559,2,2,1800,3600
74096,19559,6,3,750,2250
74097,19559,5,3,1600,4800
74098,19559,4,2,900,1800
74099,19559,7,1,3800,3800
74100,19559,3,1,2200,2200
74101,19560,6,3,750,2250
74102,19560,3,2,2200,4400
74103,19560,2,2,1800,3600
74104,19560,1,2,1100,2200
74105,19561,5,2,1600,3200
74106,19562,8,1,1500,1500
74107,19563,7,1,3800,3800
74108,19563,8,2,1500,3000
74109,19563,4,1,900,900
74110,19563,2,2,1800,3600
74111,19563,5,3,1600,4800
74112,19564,4,3,900,2700
74113,19564,6,1,750,750
74114,19564,2,2,1800,3600
74115,19564,5,3,1600,4800
74116,19565,6,2,750,1500
74117,19565,8,2,1500,3000
74118,19565,1,3,1100,3300
74119,19565,7,3,3800,11400
74120,19565,4,3,900,2700
74121,19565,3,1,2200,2200
74122,19565,5,1,1600,1600
74123,19566,3,2,2200,4400
74124,19566,7,3,3800,11400
74125,19566,5,2,1600,3200
74126,19566,4,3,900,2700
74127,19566,2,3,1800,5400
74128,19567,4,1,900,900
74129,19567,6,1,750,750
74130,19568,8,1,1500,1500
74131,19569,1,3,1100,3300
74132,19570,3,2,2200,4400
74133,19570,5,1,1600,1600
74134,19571,3,3,2200,6600
74135,19571,4,1,900,900
74136,19572,1,2,1100,2200
74137,19572,8,2,1500,3000
74138,19572,5,2,1600,3200
74139,19572,7,2,3800,7600
74140,19573,3,1,2200,2200
74141,19573,5,3,1600,4800
74142,19574,1,1,1100,1100
74143,19574,8,1,1500,1500
74144,19574,2,1,1800,1800
74145,19574,5,3,1600,4800
74146,19574,3,2,2200,4400
74147,19575,5,2,1600,3200
74148,19575,3,2,2200,4400
74149,19575,1,3,1100,3300
74150,19575,7,3,3800,11400
74151,19576,2,2,1800,3600
74152,19577,1,3,1100,3300
74153,19577,3,1,2200,2200
74154,19578,2,1,1800,1800
74155,19579,3,2,2200,4400
74156,19579,4,3,900,2700
74157,19579,8,1,1500,1500
74158,19579,2,2,1800,3600
74159,19580,1,1,1100,1100
74160,19580,4,1,900,900
74161,19581,6,1,750,750
74162,19582,1,2,1100,2200
74163,19583,3,3,2200,6600
74164,19583,7,3,3800,11400
74165,19584,1,3,1100,3300
74166,19585,3,3,2200,6600
74167,19585,4,3,900,2700
74168,19585,5,2,1600,3200
74169,19585,8,3,1500,4500
74170,19585,6,3,750,2250
74171,19585,7,3,3800,11400
74172,19585,2,2,1800,3600
74173,19585,1,3,1100,3300
74174,19586,7,2,3800,7600
74175,19586,5,1,1600,1600
74176,19587,4,3,900,2700
74177,19587,5,3,1600,4800
74178,19587,2,1,1800,1800
74179,19587,3,3,2200,6600
74180,19588,4,3,900,2700
74181,19588,3,1,2200,2200
74182,19589,6,1,750,750
74183,19590,7,2,3800,7600
74184,19590,6,3,750,2250
74185,19590,1,2,1100,2200
74186,19590,3,1,2200,2200
74187,19591,8,1,1500,1500
74188,19591,3,1,2200,2200
74189,19592,2,3,1800,5400
74190,19592,7,3,3800,11400
74191,19592,4,2,900,1800
74192,19592,3,1,2200,2200
74193,19592,8,2,1500,3000
74194,19593,3,1,2200,2200
74195,19593,8,1,1500,1500
74196,19594,1,3,1100,3300
74197,19595,7,1,3800,3800
74198,19595,8,1,1500,1500
74199,19595,4,3,900,2700
74200,19595,3,3,2200,6600
74201,19596,1,1,1100,1100
74202,19597,2,2,1800,3600
74203,19597,7,2,3800,7600
74204,19597,1,1,1100,1100
74205,19597,3,2,2200,4400
74206,19597,4,3,900,2700
74207,19598,2,2,1800,3600
74208,19598,7,1,3800,3800
74209,19598,1,2,1100,2200
74210,19598,5,3,1600,4800
74211,19598,3,1,2200,2200
74212,19598,4,3,900,2700
74213,19598,8,3,1500,4500
74214,19599,3,2,2200,4400
74215,19600,5,3,1600,4800
74216,19601,6,2,750,1500
74217,19601,8,1,1500,1500
74218,19602,2,2,1800,3600
74219,19602,6,1,750,750
74220,19603,1,2,1100,2200
74221,19604,4,3,900,2700
74222,19605,3,1,2200,2200
74223,19605,5,1,1600,1600
74224,19605,1,3,1100,3300
74225,19605,8,3,1500,4500
74226,19606,6,2,750,1500
74227,19606,7,1,3800,3800
74228,19607,4,3,900,2700
74229,19607,7,2,3800,7600
74230,19608,3,3,2200,6600
74231,19608,4,1,900,900
74232,19608,2,1,1800,1800
74233,19608,6,1,750,750
74234,19608,8,1,1500,1500
74235,19608,7,3,3800,11400
74236,19608,5,3,1600,4800
74237,19609,6,3,750,2250
74238,19609,5,3,1600,4800
74239,19609,8,3,1500,4500
74240,19609,2,1,1800,1800
74241,19610,7,3,3800,11400
74242,19610,8,2,1500,3000
74243,19611,2,2,1800,3600
74244,19611,7,2,3800,7600
74245,19612,2,1,1800,1800
74246,19613,4,1,900,900
74247,19613,6,3,750,2250
74248,19614,1,2,1100,2200
74249,19615,8,2,1500,3000
74250,19616,2,3,1800,5400
74251,19616,5,3,1600,4800
74252,19616,7,3,3800,11400
74253,19616,4,3,900,2700
74254,19616,3,1,2200,2200
74255,19617,7,2,3800,7600
74256,19618,8,1,1500,1500
74257,19619,4,1,900,900
74258,19619,3,3,2200,6600
74259,19619,1,1,1100,1100
74260,19619,2,2,1800,3600
74261,19620,5,3,1600,4800
74262,19620,6,3,750,2250
74263,19621,3,1,2200,2200
74264,19622,7,2,3800,7600
74265,19623,8,1,1500,1500
74266,19623,5,3,1600,4800
74267,19623,7,2,3800,7600
74268,19623,1,1,1100,1100
74269,19623,4,1,900,900
74270,19623,3,2,2200,4400
74271,19623,2,1,1800,1800
74272,19624,6,1,750,750
74273,19624,4,1,900,900
74274,19624,1,3,1100,3300
74275,19624,7,3,3800,11400
74276,19625,7,3,3800,11400
74277,19625,3,1,2200,2200
74278,19626,2,1,1800,1800
74279,19626,1,2,1100,2200
74280,19626,8,3,1500,4500
74281,19626,5,2,1600,3200
74282,19626,4,1,900,900
74283,19626,3,3,2200,6600
74284,19626,6,2,750,1500
74285,19627,3,1,2200,2200
74286,19628,6,2,750,1500
74287,19628,7,3,3800,11400
74288,19629,3,3,2200,6600
74289,19629,6,2,750,1500
74290,19629,7,1,3800,3800
74291,19629,5,1,1600,1600
74292,19629,2,3,1800,5400
74293,19630,4,2,900,1800
74294,19630,5,3,1600,4800
74295,19631,1,2,1100,2200
74296,19631,7,1,3800,3800
74297,19631,4,2,900,1800
74298,19631,3,1,2200,2200
74299,19631,6,3,750,2250
74300,19631,8,3,1500,4500
74301,19631,2,3,1800,5400
74302,19631,5,1,1600,1600
74303,19632,7,3,3800,11400
74304,19632,6,2,750,1500
74305,19632,4,3,900,2700
74306,19632,1,2,1100,2200
74307,19633,5,1,1600,1600
74308,19633,8,3,1500,4500
74309,19634,1,3,1100,3300
74310,19635,8,2,1500,3000
74311,19635,4,2,900,1800
74312,19636,5,2,1600,3200
74313,19637,4,1,900,900
74314,19637,7,1,3800,3800
74315,19637,8,3,1500,4500
74316,19637,1,2,1100,2200
74317,19637,3,1,2200,2200
74318,19637,5,2,1600,3200
74319,19637,2,3,1800,5400
74320,19638,3,2,2200,4400
74321,19638,7,2,3800,7600
74322,19638,5,3,1600,4800
74323,19638,1,3,1100,3300
74324,19638,8,3,1500,4500
74325,19639,7,3,3800,11400
74326,19639,4,3,900,2700
74327,19639,8,2,1500,3000
74328,19639,6,2,750,1500
74329,19640,3,3,2200,6600
74330,19640,5,3,1600,4800
74331,19640,6,1,750,750
74332,19640,7,2,3800,7600
74333,19641,2,3,1800,5400
74334,19642,4,3,900,2700
74335,19642,2,1,1800,1800
74336,19642,8,3,1500,4500
74337,19642,3,3,2200,6600
74338,19642,7,1,3800,3800
74339,19643,3,3,2200,6600
74340,19644,3,3,2200,6600
74341,19644,5,1,1600,1600
74342,19644,7,3,3800,11400
74343,19644,8,1,1500,1500
74344,19644,1,1,1100,1100
74345,19645,8,3,1500,4500
74346,19645,6,1,750,750
74347,19646,4,3,900,2700
74348,19646,5,2,1600,3200
74349,19646,3,1,2200,2200
74350,19646,6,1,750,750
74351,19647,5,1,1600,1600
74352,19647,6,3,750,2250
74353,19647,2,2,1800,3600
74354,19647,7,3,3800,11400
74355,19647,4,1,900,900
74356,19647,3,3,2200,6600
74357,19647,8,2,1500,3000
74358,19648,6,1,750,750
74359,19648,7,1,3800,3800
74360,19648,2,2,1800,3600
74361,19648,5,3,1600,4800
74362,19648,1,3,1100,3300
74363,19648,4,2,900,1800
74364,19648,3,3,2200,6600
74365,19649,6,3,750,2250
74366,19650,4,3,900,2700
74367,19650,3,2,2200,4400
74368,19651,8,3,1500,4500
74369,19652,2,2,1800,3600
74370,19652,5,1,1600,1600
74371,19653,2,2,1800,3600
74372,19653,5,3,1600,4800
74373,19653,4,2,900,1800
74374,19653,1,3,1100,3300
74375,19654,1,2,1100,2200
74376,19654,2,2,1800,3600
74377,19654,5,3,1600,4800
74378,19654,8,2,1500,3000
74379,19655,2,1,1800,1800
74380,19655,3,3,2200,6600
74381,19655,8,2,1500,3000
74382,19655,1,3,1100,3300
74383,19655,7,3,3800,11400
74384,19656,1,2,1100,2200
74385,19656,2,1,1800,1800
74386,19656,6,2,750,1500
74387,19656,4,1,900,900
74388,19657,4,3,900,2700
74389,19657,5,2,1600,3200
74390,19657,8,1,1500,1500
74391,19657,3,1,2200,2200
74392,19657,2,2,1800,3600
74393,19658,1,2,1100,2200
74394,19658,4,1,900,900
74395,19658,3,1,2200,2200
74396,19658,6,1,750,750
74397,19658,7,3,3800,11400
74398,19659,4,3,900,2700
74399,19659,7,1,3800,3800
74400,19659,3,2,2200,4400
74401,19659,6,2,750,1500
74402,19659,2,3,1800,5400
74403,19660,2,2,1800,3600
74404,19660,6,3,750,2250
74405,19660,1,2,1100,2200
74406,19660,8,1,1500,1500
74407,19660,7,1,3800,3800
74408,19660,5,3,1600,4800
74409,19660,4,3,900,2700
74410,19661,4,1,900,900
74411,19661,6,1,750,750
74412,19661,1,3,1100,3300
74413,19661,8,3,1500,4500
74414,19661,2,2,1800,3600
74415,19662,7,1,3800,3800
74416,19662,8,1,1500,1500
74417,19662,2,1,1800,1800
74418,19662,5,1,1600,1600
74419,19662,1,1,1100,1100
74420,19662,4,2,900,1800
74421,19662,3,2,2200,4400
74422,19663,6,1,750,750
74423,19663,1,2,1100,2200
74424,19664,5,1,1600,1600
74425,19664,8,3,1500,4500
74426,19664,4,1,900,900
74427,19664,1,3,1100,3300
74428,19665,3,1,2200,2200
74429,19665,4,1,900,900
74430,19665,2,1,1800,1800
74431,19665,6,2,750,1500
74432,19666,6,3,750,2250
74433,19666,1,2,1100,2200
74434,19667,1,3,1100,3300
74435,19667,2,1,1800,1800
74436,19667,8,1,1500,1500
74437,19667,6,3,750,2250
74438,19668,4,3,900,2700
74439,19668,7,1,3800,3800
74440,19669,4,2,900,1800
74441,19670,3,1,2200,2200
74442,19671,1,3,1100,3300
74443,19672,4,3,900,2700
74444,19672,7,2,3800,7600
74445,19672,1,3,1100,3300
74446,19672,8,2,1500,3000
74447,19673,1,3,1100,3300
74448,19673,2,3,1800,5400
74449,19674,6,2,750,1500
74450,19675,7,1,3800,3800
74451,19676,1,1,1100,1100
74452,19676,2,1,1800,1800
74453,19676,8,1,1500,1500
74454,19676,4,3,900,2700
74455,19677,5,2,1600,3200
74456,19677,8,3,1500,4500
74457,19677,2,1,1800,1800
74458,19677,4,2,900,1800
74459,19677,3,3,2200,6600
74460,19677,1,1,1100,1100
74461,19677,7,1,3800,3800
74462,19677,6,3,750,2250
74463,19678,6,3,750,2250
74464,19678,7,3,3800,11400
74465,19678,8,3,1500,4500
74466,19678,1,3,1100,3300
74467,19679,2,2,1800,3600
74468,19679,8,2,1500,3000
74469,19679,4,2,900,1800
74470,19679,7,3,3800,11400
74471,19680,1,3,1100,3300
74472,19680,7,1,3800,3800
74473,19680,8,1,1500,1500
74474,19680,5,2,1600,3200
74475,19680,3,1,2200,2200
74476,19680,6,3,750,2250
74477,19680,4,2,900,1800
74478,19681,5,2,1600,3200
74479,19681,7,2,3800,7600
74480,19681,3,1,2200,2200
74481,19681,2,2,1800,3600
74482,19681,6,3,750,2250
74483,19682,3,2,2200,4400
74484,19682,5,3,1600,4800
74485,19683,5,2,1600,3200
74486,19684,3,1,2200,2200
74487,19684,6,2,750,1500
74488,19685,7,2,3800,7600
74489,19686,1,3,1100,3300
74490,19686,7,1,3800,3800
74491,19686,3,3,2200,6600
74492,19686,6,2,750,1500
74493,19686,2,1,1800,1800
74494,19686,4,3,900,2700
74495,19686,8,3,1500,4500
74496,19687,3,1,2200,2200
74497,19688,1,1,1100,1100
74498,19688,2,1,1800,1800
74499,19689,8,1,1500,1500
74500,19690,3,1,2200,2200
74501,19691,5,1,1600,1600
74502,19692,2,2,1800,3600
74503,19692,4,3,900,2700
74504,19692,5,2,1600,3200
74505,19692,8,3,1500,4500
74506,19693,8,2,1500,3000
74507,19693,5,2,1600,3200
74508,19694,5,1,1600,1600
74509,19694,7,2,3800,7600
74510,19694,8,1,1500,1500
74511,19694,2,3,1800,5400
74512,19695,7,2,3800,7600
74513,19695,5,3,1600,4800
74514,19696,4,3,900,2700
74515,19697,1,3,1100,3300
74516,19697,8,1,1500,1500
74517,19698,7,2,3800,7600
74518,19698,2,3,1800,5400
74519,19698,6,3,750,2250
74520,19698,8,2,1500,3000
74521,19699,5,3,1600,4800
74522,19700,4,3,900,2700
74523,19700,3,1,2200,2200
74524,19700,8,3,1500,4500
74525,19700,5,2,1600,3200
74526,19700,1,2,1100,2200
74527,19700,6,2,750,1500
74528,19700,2,3,1800,5400
74529,19701,1,3,1100,3300
74530,19702,8,3,1500,4500
74531,19702,1,1,1100,1100
74532,19702,3,2,2200,4400
74533,19702,7,2,3800,7600
74534,19702,5,1,1600,1600
74535,19703,4,2,900,1800
74536,19703,2,3,1800,5400
74537,19703,1,1,1100,1100
74538,19703,3,2,2200,4400
74539,19703,7,3,3800,11400
74540,19704,1,2,1100,2200
74541,19704,5,1,1600,1600
74542,19705,2,2,1800,3600
74543,19705,4,3,900,2700
74544,19706,8,1,1500,1500
74545,19706,5,1,1600,1600
74546,19706,2,1,1800,1800
74547,19706,3,1,2200,2200
74548,19706,7,1,3800,3800
74549,19706,1,3,1100,3300
74550,19706,6,2,750,1500
74551,19707,7,1,3800,3800
74552,19708,7,3,3800,11400
74553,19708,8,1,1500,1500
74554,19708,4,3,900,2700
74555,19708,5,2,1600,3200
74556,19709,7,3,3800,11400
74557,19709,3,3,2200,6600
74558,19709,5,2,1600,3200
74559,19709,6,2,750,1500
74560,19710,7,3,3800,11400
74561,19711,2,2,1800,3600
74562,19711,3,2,2200,4400
74563,19712,7,1,3800,3800
74564,19712,5,1,1600,1600
74565,19712,6,1,750,750
74566,19712,4,1,900,900
74567,19712,3,2,2200,4400
74568,19712,2,3,1800,5400
74569,19712,8,2,1500,3000
74570,19712,1,1,1100,1100
74571,19713,8,1,1500,1500
74572,19714,2,3,1800,5400
74573,19714,6,1,750,750
74574,19714,8,3,1500,4500
74575,19714,1,1,1100,1100
74576,19715,2,2,1800,3600
74577,19715,8,2,1500,3000
74578,19715,1,1,1100,1100
74579,19715,5,1,1600,1600
74580,19715,3,2,2200,4400
74581,19715,6,1,750,750
74582,19715,4,1,900,900
74583,19716,2,3,1800,5400
74584,19717,4,1,900,900
74585,19718,7,3,3800,11400
74586,19719,6,3,750,2250
74587,19720,5,3,1600,4800
74588,19720,7,3,3800,11400
74589,19721,1,1,1100,1100
74590,19721,2,3,1800,5400
74591,19721,4,3,900,2700
74592,19721,7,1,3800,3800
74593,19721,5,2,1600,3200
74594,19721,8,1,1500,1500
74595,19721,6,2,750,1500
74596,19721,3,3,2200,6600
74597,19722,2,3,1800,5400
74598,19722,7,3,3800,11400
74599,19723,7,2,3800,7600
74600,19723,2,1,1800,1800
74601,19723,1,3,1100,3300
74602,19723,4,3,900,2700
74603,19723,5,2,1600,3200
74604,19723,3,3,2200,6600
74605,19723,8,3,1500,4500
74606,19724,2,1,1800,1800
74607,19724,5,3,1600,4800
74608,19725,5,3,1600,4800
74609,19725,4,1,900,900
74610,19725,6,3,750,2250
74611,19725,7,2,3800,7600
74612,19725,1,3,1100,3300
74613,19726,3,1,2200,2200
74614,19726,7,2,3800,7600
74615,19726,6,2,750,1500
74616,19726,1,3,1100,3300
74617,19727,5,3,1600,4800
74618,19727,8,3,1500,4500
74619,19727,3,1,2200,2200
74620,19727,6,3,750,2250
74621,19728,1,1,1100,1100
74622,19728,7,1,3800,3800
74623,19728,4,1,900,900
74624,19728,2,3,1800,5400
74625,19728,3,1,2200,2200
74626,19728,6,2,750,1500
74627,19728,5,2,1600,3200
74628,19728,8,1,1500,1500
74629,19729,3,1,2200,2200
74630,19730,4,2,900,1800
74631,19730,8,2,1500,3000
74632,19731,3,2,2200,4400
74633,19732,3,1,2200,2200
74634,19732,2,1,1800,1800
74635,19732,6,3,750,2250
74636,19732,1,3,1100,3300
74637,19733,4,1,900,900
74638,19733,3,2,2200,4400
74639,19734,6,3,750,2250
74640,19735,6,3,750,2250
74641,19735,3,1,2200,2200
74642,19735,2,3,1800,5400
74643,19735,5,1,1600,1600
74644,19736,7,2,3800,7600
74645,19737,4,2,900,1800
74646,19737,8,3,1500,4500
74647,19738,2,2,1800,3600
74648,19739,4,2,900,1800
74649,19740,1,3,1100,3300
74650,19740,2,1,1800,1800
74651,19740,8,2,1500,3000
74652,19740,4,3,900,2700
74653,19740,7,1,3800,3800
74654,19741,3,1,2200,2200
74655,19741,4,1,900,900
74656,19742,8,1,1500,1500
74657,19742,1,2,1100,2200
74658,19743,6,2,750,1500
74659,19744,3,1,2200,2200
74660,19744,8,3,1500,4500
74661,19744,7,2,3800,7600
74662,19744,1,1,1100,1100
74663,19745,2,1,1800,1800
74664,19746,7,3,3800,11400
74665,19746,5,1,1600,1600
74666,19746,8,1,1500,1500
74667,19746,2,1,1800,1800
74668,19746,4,1,900,900
74669,19746,6,3,750,2250
74670,19746,1,2,1100,2200
74671,19747,1,3,1100,3300
74672,19747,2,1,1800,1800
74673,19748,3,1,2200,2200
74674,19748,8,1,1500,1500
74675,19748,6,3,750,2250
74676,19748,1,3,1100,3300
74677,19748,2,2,1800,3600
74678,19748,4,2,900,1800
74679,19748,5,1,1600,1600
74680,19748,7,2,3800,7600
74681,19749,4,2,900,1800
74682,19750,8,3,1500,4500
74683,19751,7,1,3800,3800
74684,19752,6,3,750,2250
74685,19752,5,2,1600,3200
74686,19753,5,2,1600,3200
74687,19753,3,1,2200,2200
74688,19753,7,2,3800,7600
74689,19753,2,3,1800,5400
74690,19753,6,2,750,1500
74691,19753,8,1,1500,1500
74692,19753,1,2,1100,2200
74693,19753,4,3,900,2700
74694,19754,5,3,1600,4800
74695,19755,3,3,2200,6600
74696,19756,4,1,900,900
74697,19757,3,2,2200,4400
74698,19757,8,2,1500,3000
74699,19758,1,2,1100,2200
74700,19758,4,1,900,900
74701,19758,7,1,3800,3800
74702,19758,3,3,2200,6600
74703,19758,2,2,1800,3600
74704,19758,6,2,750,1500
74705,19758,5,1,1600,1600
74706,19758,8,2,1500,3000
74707,19759,3,1,2200,2200
74708,19759,6,3,750,2250
74709,19760,8,3,1500,4500
74710,19761,1,3,1100,3300
74711,19761,4,1,900,900
74712,19762,7,2,3800,7600
74713,19762,5,1,1600,1600
74714,19762,1,3,1100,3300
74715,19762,8,2,1500,3000
74716,19762,2,1,1800,1800
74717,19763,8,3,1500,4500
74718,19764,7,1,3800,3800
74719,19765,3,3,2200,6600
74720,19766,1,2,1100,2200
74721,19767,4,2,900,1800
74722,19767,2,2,1800,3600
74723,19768,8,3,1500,4500
74724,19768,6,3,750,2250
74725,19769,6,2,750,1500
74726,19769,4,2,900,1800
74727,19769,3,1,2200,2200
74728,19769,8,2,1500,3000
74729,19769,5,3,1600,4800
74730,19769,7,3,3800,11400
74731,19769,1,3,1100,3300
74732,19770,1,1,1100,1100
74733,19770,4,1,900,900
74734,19771,6,2,750,1500
74735,19771,3,1,2200,2200
74736,19771,2,1,1800,1800
74737,19771,4,3,900,2700
74738,19772,4,1,900,900
74739,19772,5,3,1600,4800
74740,19772,1,2,1100,2200
74741,19772,7,3,3800,11400
74742,19773,6,2,750,1500
74743,19773,1,2,1100,2200
74744,19774,7,2,3800,7600
74745,19775,7,3,3800,11400
74746,19775,2,3,1800,5400
74747,19776,2,1,1800,1800
74748,19776,6,1,750,750
74749,19776,8,3,1500,4500
74750,19776,4,1,900,900
74751,19776,3,3,2200,6600
74752,19776,7,2,3800,7600
74753,19776,1,1,1100,1100
74754,19777,5,1,1600,1600
74755,19778,2,1,1800,1800
74756,19778,3,3,2200,6600
74757,19779,5,1,1600,1600
74758,19779,1,1,1100,1100
74759,19779,6,2,750,1500
74760,19779,4,2,900,1800
74761,19779,2,1,1800,1800
74762,19780,2,3,1800,5400
74763,19780,7,2,3800,7600
74764,19780,1,2,1100,2200
74765,19780,4,2,900,1800
74766,19781,6,2,750,1500
74767,19781,7,2,3800,7600
74768,19782,4,1,900,900
74769,19783,1,3,1100,3300
74770,19784,1,2,1100,2200
74771,19784,7,2,3800,7600
74772,19784,2,2,1800,3600
74773,19784,4,2,900,1800
74774,19785,4,2,900,1800
74775,19785,7,3,3800,11400
74776,19785,1,2,1100,2200
74777,19785,2,2,1800,3600
74778,19786,6,1,750,750
74779,19786,2,3,1800,5400
74780,19787,8,3,1500,4500
74781,19788,4,1,900,900
74782,19788,7,1,3800,3800
74783,19788,8,3,1500,4500
74784,19788,6,1,750,750
74785,19788,5,3,1600,4800
74786,19789,3,3,2200,6600
74787,19789,6,3,750,2250
74788,19789,1,1,1100,1100
74789,19789,5,3,1600,4800
74790,19789,8,2,1500,3000
74791,19790,7,3,3800,11400
74792,19790,1,2,1100,2200
74793,19790,4,2,900,1800
74794,19790,2,1,1800,1800
74795,19790,6,2,750,1500
74796,19790,3,2,2200,4400
74797,19790,5,1,1600,1600
74798,19791,7,2,3800,7600
74799,19791,2,3,1800,5400
74800,19791,1,1,1100,1100
74801,19791,5,1,1600,1600
74802,19791,4,3,900,2700
74803,19791,6,3,750,2250
74804,19791,3,1,2200,2200
74805,19791,8,3,1500,4500
74806,19792,2,1,1800,1800
74807,19793,6,3,750,2250
74808,19793,5,3,1600,4800
74809,19793,2,2,1800,3600
74810,19793,8,1,1500,1500
74811,19793,4,1,900,900
74812,19794,7,3,3800,11400
74813,19794,6,2,750,1500
74814,19795,2,3,1800,5400
74815,19795,8,1,1500,1500
74816,19795,7,3,3800,11400
74817,19795,1,1,1100,1100
74818,19795,3,3,2200,6600
74819,19795,4,1,900,900
74820,19795,6,1,750,750
74821,19796,1,2,1100,2200
74822,19797,4,3,900,2700
74823,19798,5,2,1600,3200
74824,19799,5,3,1600,4800
74825,19799,7,2,3800,7600
74826,19799,4,1,900,900
74827,19799,1,2,1100,2200
74828,19799,8,1,1500,1500
74829,19799,2,1,1800,1800
74830,19799,6,2,750,1500
74831,19799,3,1,2200,2200
74832,19800,7,3,3800,11400
74833,19800,6,1,750,750
74834,19800,3,2,2200,4400
74835,19800,8,2,1500,3000
74836,19800,5,2,1600,3200
74837,19800,1,1,1100,1100
74838,19800,2,2,1800,3600
74839,19800,4,3,900,2700
74840,19801,5,3,1600,4800
74841,19802,7,2,3800,7600
74842,19802,6,1,750,750
74843,19802,1,1,1100,1100
74844,19802,8,3,1500,4500
74845,19803,4,2,900,1800
74846,19803,7,2,3800,7600
74847,19803,1,1,1100,1100
74848,19803,8,3,1500,4500
74849,19804,8,2,1500,3000
74850,19804,7,1,3800,3800
74851,19804,3,1,2200,2200
74852,19804,6,3,750,2250
74853,19805,8,3,1500,4500
74854,19805,5,3,1600,4800
74855,19805,3,2,2200,4400
74856,19805,6,3,750,2250
74857,19805,4,2,900,1800
74858,19805,7,1,3800,3800
74859,19805,2,3,1800,5400
74860,19806,5,2,1600,3200
74861,19806,7,2,3800,7600
74862,19806,6,1,750,750
74863,19806,1,1,1100,1100
74864,19807,6,3,750,2250
74865,19807,7,1,3800,3800
74866,19808,5,3,1600,4800
74867,19808,2,2,1800,3600
74868,19809,3,3,2200,6600
74869,19809,4,1,900,900
74870,19809,8,2,1500,3000
74871,19809,5,3,1600,4800
74872,19810,6,1,750,750
74873,19810,3,1,2200,2200
74874,19810,2,2,1800,3600
74875,19810,4,3,900,2700
74876,19810,5,2,1600,3200
74877,19811,6,3,750,2250
74878,19811,5,3,1600,4800
74879,19811,8,2,1500,3000
74880,19811,2,2,1800,3600
74881,19811,4,2,900,1800
74882,19812,6,2,750,1500
74883,19812,5,1,1600,1600
74884,19812,7,2,3800,7600
74885,19812,3,3,2200,6600
74886,19813,1,2,1100,2200
74887,19813,4,1,900,900
74888,19814,7,3,3800,11400
74889,19814,4,3,900,2700
74890,19814,3,1,2200,2200
74891,19814,6,1,750,750
74892,19814,5,2,1600,3200
74893,19815,1,1,1100,1100
74894,19816,5,3,1600,4800
74895,19816,1,1,1100,1100
74896,19816,6,1,750,750
74897,19816,2,1,1800,1800
74898,19816,4,3,900,2700
74899,19816,8,3,1500,4500
74900,19816,7,1,3800,3800
74901,19817,2,3,1800,5400
74902,19817,6,3,750,2250
74903,19817,7,2,3800,7600
74904,19817,4,3,900,2700
74905,19817,5,3,1600,4800
74906,19818,5,2,1600,3200
74907,19818,4,3,900,2700
74908,19818,7,2,3800,7600
74909,19818,3,1,2200,2200
74910,19818,1,1,1100,1100
74911,19819,6,1,750,750
74912,19819,4,3,900,2700
74913,19819,8,3,1500,4500
74914,19819,5,1,1600,1600
74915,19819,2,1,1800,1800
74916,19820,8,1,1500,1500
74917,19820,6,1,750,750
74918,19821,7,1,3800,3800
74919,19821,3,1,2200,2200
74920,19821,6,1,750,750
74921,19821,4,3,900,2700
74922,19822,2,1,1800,1800
74923,19822,4,1,900,900
74924,19822,3,3,2200,6600
74925,19822,5,1,1600,1600
74926,19823,6,1,750,750
74927,19824,7,3,3800,11400
74928,19824,1,2,1100,2200
74929,19824,5,1,1600,1600
74930,19824,4,1,900,900
74931,19824,2,3,1800,5400
74932,19825,5,2,1600,3200
74933,19826,6,3,750,2250
74934,19826,7,1,3800,3800
74935,19826,8,3,1500,4500
74936,19826,3,2,2200,4400
74937,19827,7,1,3800,3800
74938,19827,1,3,1100,3300
74939,19827,3,1,2200,2200
74940,19827,8,3,1500,4500
74941,19827,4,2,900,1800
74942,19828,5,3,1600,4800
74943,19828,8,1,1500,1500
74944,19828,6,3,750,2250
74945,19828,4,1,900,900
74946,19829,6,2,750,1500
74947,19829,3,1,2200,2200
74948,19829,8,3,1500,4500
74949,19829,4,1,900,900
74950,19829,1,2,1100,2200
74951,19830,7,3,3800,11400
74952,19831,8,2,1500,3000
74953,19832,8,2,1500,3000
74954,19833,3,2,2200,4400
74955,19834,7,3,3800,11400
74956,19835,8,2,1500,3000
74957,19835,2,3,1800,5400
74958,19835,7,3,3800,11400
74959,19835,1,2,1100,2200
74960,19836,1,3,1100,3300
74961,19837,1,3,1100,3300
74962,19838,7,1,3800,3800
74963,19839,3,1,2200,2200
74964,19839,2,2,1800,3600
74965,19839,1,3,1100,3300
74966,19839,8,2,1500,3000
74967,19839,4,3,900,2700
74968,19840,1,2,1100,2200
74969,19840,2,3,1800,5400
74970,19840,5,2,1600,3200
74971,19840,8,3,1500,4500
74972,19841,6,3,750,2250
74973,19841,8,1,1500,1500
74974,19842,2,1,1800,1800
74975,19842,6,2,750,1500
74976,19842,5,2,1600,3200
74977,19842,3,3,2200,6600
74978,19843,3,3,2200,6600
74979,19843,4,3,900,2700
74980,19844,5,2,1600,3200
74981,19844,6,3,750,2250
74982,19844,7,3,3800,11400
74983,19844,2,2,1800,3600
74984,19845,2,3,1800,5400
74985,19845,8,1,1500,1500
74986,19846,6,1,750,750
74987,19846,2,2,1800,3600
74988,19846,5,1,1600,1600
74989,19846,8,1,1500,1500
74990,19846,7,1,3800,3800
74991,19846,4,1,900,900
74992,19846,3,1,2200,2200
74993,19847,6,2,750,1500
74994,19847,7,2,3800,7600
74995,19847,8,1,1500,1500
74996,19847,4,1,900,900
74997,19847,1,1,1100,1100
74998,19847,2,3,1800,5400
74999,19847,3,1,2200,2200
75000,19848,5,2,1600,3200
75001,19848,3,2,2200,4400
75002,19849,5,3,1600,4800
75003,19850,2,2,1800,3600
75004,19851,1,1,1100,1100
75005,19851,5,3,1600,4800
75006,19851,6,3,750,2250
75007,19851,3,2,2200,4400
75008,19851,7,1,3800,3800
75009,19851,4,1,900,900
75010,19851,2,1,1800,1800
75011,19852,3,1,2200,2200
75012,19852,7,1,3800,3800
75013,19853,8,2,1500,3000
75014,19853,1,3,1100,3300
75015,19854,8,2,1500,3000
75016,19854,6,1,750,750
75017,19855,6,2,750,1500
75018,19856,6,3,750,2250
75019,19856,1,3,1100,3300
75020,19857,2,1,1800,1800
75021,19857,8,1,1500,1500
75022,19858,8,3,1500,4500
75023,19858,6,3,750,2250
75024,19859,4,3,900,2700
75025,19860,7,1,3800,3800
75026,19860,8,1,1500,1500
75027,19860,3,1,2200,2200
75028,19860,4,2,900,1800
75029,19860,2,2,1800,3600
75030,19860,1,3,1100,3300
75031,19860,6,3,750,2250
75032,19861,7,3,3800,11400
75033,19861,8,1,1500,1500
75034,19862,6,3,750,2250
75035,19863,5,2,1600,3200
75036,19863,2,2,1800,3600
75037,19863,4,1,900,900
75038,19863,6,1,750,750
75039,19863,3,2,2200,4400
75040,19864,7,1,3800,3800
75041,19865,1,1,1100,1100
75042,19866,3,2,2200,4400
75043,19866,2,3,1800,5400
75044,19866,1,3,1100,3300
75045,19866,7,3,3800,11400
75046,19867,2,1,1800,1800
75047,19868,7,1,3800,3800
75048,19868,6,1,750,750
75049,19868,3,1,2200,2200
75050,19868,2,1,1800,1800
75051,19869,6,1,750,750
75052,19870,8,3,1500,4500
75053,19871,5,3,1600,4800
75054,19871,4,2,900,1800
75055,19871,7,3,3800,11400
75056,19871,6,3,750,2250
75057,19871,3,2,2200,4400
75058,19871,2,2,1800,3600
75059,19871,8,3,1500,4500
75060,19872,7,3,3800,11400
75061,19873,6,2,750,1500
75062,19874,3,3,2200,6600
75063,19874,8,1,1500,1500
75064,19874,1,2,1100,2200
75065,19874,7,1,3800,3800
75066,19875,6,3,750,2250
75067,19875,5,3,1600,4800
75068,19876,8,3,1500,4500
75069,19876,5,2,1600,3200
75070,19876,6,3,750,2250
75071,19876,3,1,2200,2200
75072,19876,2,2,1800,3600
75073,19876,4,3,900,2700
75074,19876,7,1,3800,3800
75075,19877,3,2,2200,4400
75076,19877,2,3,1800,5400
75077,19878,2,1,1800,1800
75078,19879,5,1,1600,1600
75079,19879,3,1,2200,2200
75080,19879,4,1,900,900
75081,19879,1,2,1100,2200
75082,19879,6,3,750,2250
75083,19879,8,2,1500,3000
75084,19879,7,2,3800,7600
75085,19880,8,1,1500,1500
75086,19880,5,1,1600,1600
75087,19881,2,2,1800,3600
75088,19882,3,3,2200,6600
75089,19882,7,2,3800,7600
75090,19882,6,3,750,2250
75091,19882,5,2,1600,3200
75092,19883,8,3,1500,4500
75093,19883,7,3,3800,11400
75094,19884,1,1,1100,1100
75095,19884,3,2,2200,4400
75096,19885,7,2,3800,7600
75097,19885,6,3,750,2250
75098,19886,7,1,3800,3800
75099,19886,2,3,1800,5400
75100,19887,4,2,900,1800
75101,19887,5,3,1600,4800
75102,19887,7,1,3800,3800
75103,19887,1,2,1100,2200
75104,19888,2,2,1800,3600
75105,19889,3,2,2200,4400
75106,19889,7,1,3800,3800
75107,19889,4,1,900,900
75108,19889,1,1,1100,1100
75109,19889,2,1,1800,1800
75110,19889,8,3,1500,4500
75111,19889,6,3,750,2250
75112,19889,5,2,1600,3200
75113,19890,7,3,3800,11400
75114,19890,1,1,1100,1100
75115,19890,6,1,750,750
75116,19890,2,2,1800,3600
75117,19890,4,1,900,900
75118,19890,8,3,1500,4500
75119,19890,3,3,2200,6600
75120,19891,8,3,1500,4500
75121,19891,2,3,1800,5400
75122,19891,1,3,1100,3300
75123,19891,5,1,1600,1600
75124,19891,4,3,900,2700
75125,19892,7,1,3800,3800
75126,19892,1,1,1100,1100
75127,19892,6,3,750,2250
75128,19892,8,3,1500,4500
75129,19893,3,3,2200,6600
75130,19894,8,2,1500,3000
75131,19894,5,3,1600,4800
75132,19894,4,1,900,900
75133,19894,2,1,1800,1800
75134,19894,1,2,1100,2200
75135,19894,6,1,750,750
75136,19894,7,2,3800,7600
75137,19895,4,2,900,1800
75138,19896,8,2,1500,3000
75139,19896,5,2,1600,3200
75140,19896,7,2,3800,7600
75141,19896,6,1,750,750
75142,19897,2,3,1800,5400
75143,19897,4,1,900,900
75144,19897,5,2,1600,3200
75145,19897,1,2,1100,2200
75146,19897,3,1,2200,2200
75147,19897,6,2,750,1500
75148,19897,8,3,1500,4500
75149,19898,4,1,900,900
75150,19898,1,3,1100,3300
75151,19898,5,1,1600,1600
75152,19898,3,2,2200,4400
75153,19899,3,2,2200,4400
75154,19899,7,2,3800,7600
75155,19900,5,1,1600,1600
75156,19900,1,1,1100,1100
75157,19900,2,3,1800,5400
75158,19900,8,3,1500,4500
75159,19901,2,3,1800,5400
75160,19901,7,3,3800,11400
75161,19901,5,3,1600,4800
75162,19901,6,2,750,1500
75163,19902,5,1,1600,1600
75164,19903,2,1,1800,1800
75165,19904,6,3,750,2250
75166,19904,8,2,1500,3000
75167,19904,7,1,3800,3800
75168,19904,4,2,900,1800
75169,19904,5,1,1600,1600
75170,19905,1,2,1100,2200
75171,19906,8,3,1500,4500
75172,19907,3,1,2200,2200
75173,19908,5,2,1600,3200
75174,19909,1,1,1100,1100
75175,19910,1,3,1100,3300
75176,19910,8,2,1500,3000
75177,19910,5,1,1600,1600
75178,19910,6,1,750,750
75179,19910,2,3,1800,5400
75180,19911,2,3,1800,5400
75181,19911,5,2,1600,3200
75182,19912,3,1,2200,2200
75183,19913,2,3,1800,5400
75184,19913,6,3,750,2250
75185,19913,7,3,3800,11400
75186,19913,3,2,2200,4400
75187,19913,5,3,1600,4800
75188,19914,2,1,1800,1800
75189,19914,4,3,900,2700
75190,19915,2,3,1800,5400
75191,19915,3,1,2200,2200
75192,19915,4,3,900,2700
75193,19915,1,2,1100,2200
75194,19916,2,3,1800,5400
75195,19916,6,3,750,2250
75196,19916,3,2,2200,4400
75197,19916,7,1,3800,3800
75198,19916,1,1,1100,1100
75199,19917,4,2,900,1800
75200,19917,6,3,750,2250
75201,19917,2,3,1800,5400
75202,19917,8,1,1500,1500
75203,19918,4,2,900,1800
75204,19918,1,3,1100,3300
75205,19918,7,2,3800,7600
75206,19918,6,3,750,2250
75207,19919,7,2,3800,7600
75208,19919,1,3,1100,3300
75209,19920,4,3,900,2700
75210,19921,7,1,3800,3800
75211,19921,8,1,1500,1500
75212,19921,4,2,900,1800
75213,19921,3,3,2200,6600
75214,19922,7,2,3800,7600
75215,19922,8,1,1500,1500
75216,19923,2,2,1800,3600
75217,19923,5,3,1600,4800
75218,19924,5,3,1600,4800
75219,19925,2,3,1800,5400
75220,19926,2,1,1800,1800
75221,19927,2,1,1800,1800
75222,19927,5,3,1600,4800
75223,19928,5,3,1600,4800
75224,19928,4,3,900,2700
75225,19929,8,3,1500,4500
75226,19929,5,3,1600,4800
75227,19930,4,1,900,900
75228,19930,8,3,1500,4500
75229,19930,1,3,1100,3300
75230,19930,6,3,750,2250
75231,19930,7,2,3800,7600
75232,19931,6,2,750,1500
75233,19932,8,2,1500,3000
75234,19932,2,3,1800,5400
75235,19932,1,3,1100,3300
75236,19932,3,1,2200,2200
75237,19933,7,3,3800,11400
75238,19933,3,3,2200,6600
75239,19934,5,2,1600,3200
75240,19935,4,3,900,2700
75241,19935,2,3,1800,5400
75242,19935,8,1,1500,1500
75243,19935,3,1,2200,2200
75244,19935,6,3,750,2250
75245,19935,1,3,1100,3300
75246,19935,7,2,3800,7600
75247,19936,1,2,1100,2200
75248,19936,6,1,750,750
75249,19936,8,3,1500,4500
75250,19936,5,1,1600,1600
75251,19937,4,3,900,2700
75252,19937,5,2,1600,3200
75253,19938,6,1,750,750
75254,19938,4,2,900,1800
75255,19938,7,1,3800,3800
75256,19938,2,1,1800,1800
75257,19939,3,3,2200,6600
75258,19939,7,3,3800,11400
75259,19939,5,2,1600,3200
75260,19939,1,1,1100,1100
75261,19939,6,2,750,1500
75262,19940,6,1,750,750
75263,19941,7,1,3800,3800
75264,19941,8,3,1500,4500
75265,19942,1,3,1100,3300
75266,19942,3,3,2200,6600
75267,19942,8,2,1500,3000
75268,19942,5,1,1600,1600
75269,19943,4,2,900,1800
75270,19943,2,2,1800,3600
75271,19944,8,3,1500,4500
75272,19945,3,3,2200,6600
75273,19945,4,2,900,1800
75274,19945,6,1,750,750
75275,19945,8,1,1500,1500
75276,19946,2,3,1800,5400
75277,19947,2,3,1800,5400
75278,19947,8,2,1500,3000
75279,19947,7,3,3800,11400
75280,19947,3,3,2200,6600
75281,19947,1,2,1100,2200
75282,19947,4,1,900,900
75283,19947,6,1,750,750
75284,19948,3,3,2200,6600
75285,19948,8,2,1500,3000
75286,19949,6,3,750,2250
75287,19949,5,1,1600,1600
75288,19950,5,3,1600,4800
75289,19950,6,2,750,1500
75290,19951,3,1,2200,2200
75291,19951,7,1,3800,3800
75292,19951,2,1,1800,1800
75293,19951,5,3,1600,4800
75294,19952,6,2,750,1500
75295,19952,8,2,1500,3000
75296,19953,7,2,3800,7600
75297,19953,8,2,1500,3000
75298,19953,3,1,2200,2200
75299,19953,2,2,1800,3600
75300,19953,1,2,1100,2200
75301,19953,6,3,750,2250
75302,19953,5,2,1600,3200
75303,19954,6,2,750,1500
75304,19954,4,1,900,900
75305,19955,4,1,900,900
75306,19955,2,2,1800,3600
75307,19956,1,2,1100,2200
75308,19957,4,3,900,2700
75309,19958,5,1,1600,1600
75310,19958,6,3,750,2250
75311,19958,2,3,1800,5400
75312,19958,7,1,3800,3800
75313,19959,1,2,1100,2200
75314,19960,3,3,2200,6600
75315,19960,1,1,1100,1100
75316,19961,1,3,1100,3300
75317,19961,2,1,1800,1800
75318,19961,6,1,750,750
75319,19961,5,2,1600,3200
75320,19961,7,2,3800,7600
75321,19962,1,1,1100,1100
75322,19962,8,1,1500,1500
75323,19962,2,2,1800,3600
75324,19962,6,2,750,1500
75325,19962,3,1,2200,2200
75326,19963,8,3,1500,4500
75327,19963,1,2,1100,2200
75328,19963,4,2,900,1800
75329,19963,2,1,1800,1800
75330,19963,6,3,750,2250
75331,19964,6,2,750,1500
75332,19964,2,1,1800,1800
75333,19964,8,3,1500,4500
75334,19964,3,2,2200,4400
75335,19964,1,3,1100,3300
75336,19964,5,1,1600,1600
75337,19964,7,1,3800,3800
75338,19965,3,3,2200,6600
75339,19965,1,2,1100,2200
75340,19965,5,1,1600,1600
75341,19965,4,3,900,2700
75342,19965,2,2,1800,3600
75343,19965,7,3,3800,11400
75344,19965,6,3,750,2250
75345,19965,8,1,1500,1500
75346,19966,6,3,750,2250
75347,19966,1,3,1100,3300
75348,19966,2,2,1800,3600
75349,19966,5,2,1600,3200
75350,19967,7,2,3800,7600
75351,19967,1,1,1100,1100
75352,19967,3,1,2200,2200
75353,19967,8,3,1500,4500
75354,19967,4,3,900,2700
75355,19967,6,3,750,2250
75356,19967,2,2,1800,3600
75357,19968,6,1,750,750
75358,19968,8,1,1500,1500
75359,19969,1,1,1100,1100
75360,19970,3,2,2200,4400
75361,19970,7,3,3800,11400
75362,19970,6,3,750,2250
75363,19970,4,3,900,2700
75364,19970,8,2,1500,3000
75365,19970,1,3,1100,3300
75366,19970,2,1,1800,1800
75367,19971,3,1,2200,2200
75368,19971,4,2,900,1800
75369,19972,2,3,1800,5400
75370,19972,3,3,2200,6600
75371,19972,7,1,3800,3800
75372,19972,8,2,1500,3000
75373,19973,8,3,1500,4500
75374,19974,5,3,1600,4800
75375,19975,6,1,750,750
75376,19975,4,3,900,2700
75377,19975,2,2,1800,3600
75378,19975,1,3,1100,3300
75379,19975,3,3,2200,6600
75380,19975,8,1,1500,1500
75381,19975,5,2,1600,3200
75382,19975,7,2,3800,7600
75383,19976,2,2,1800,3600
75384,19977,7,2,3800,7600
75385,19977,1,1,1100,1100
75386,19977,8,1,1500,1500
75387,19977,3,1,2200,2200
75388,19978,2,2,1800,3600
75389,19978,4,3,900,2700
75390,19978,8,3,1500,4500
75391,19978,7,1,3800,3800
75392,19979,1,3,1100,3300
75393,19980,6,2,750,1500
75394,19980,1,2,1100,2200
75395,19980,2,1,1800,1800
75396,19980,4,2,900,1800
75397,19981,7,1,3800,3800
75398,19981,2,1,1800,1800
75399,19981,5,3,1600,4800
75400,19981,6,2,750,1500
75401,19981,8,1,1500,1500
75402,19981,4,1,900,900
75403,19981,3,1,2200,2200
75404,19981,1,2,1100,2200
75405,19982,5,1,1600,1600
75406,19982,4,2,900,1800
75407,19982,3,1,2200,2200
75408,19982,7,3,3800,11400
75409,19983,2,2,1800,3600
75410,19983,3,3,2200,6600
75411,19983,7,1,3800,3800
75412,19983,5,1,1600,1600
75413,19984,3,2,2200,4400
75414,19985,6,3,750,2250
75415,19986,5,1,1600,1600
75416,19986,3,2,2200,4400
75417,19987,7,2,3800,7600
75418,19987,1,2,1100,2200
75419,19987,3,3,2200,6600
75420,19987,6,1,750,750
75421,19987,4,2,900,1800
75422,19988,6,1,750,750
75423,19988,7,1,3800,3800
75424,19988,8,1,1500,1500
75425,19988,1,3,1100,3300
75426,19988,4,2,900,1800
75427,19988,5,2,1600,3200
75428,19988,3,2,2200,4400
75429,19989,4,3,900,2700
75430,19989,6,2,750,1500
75431,19990,1,3,1100,3300
75432,19990,8,2,1500,3000
75433,19991,1,3,1100,3300
75434,19991,2,1,1800,1800
75435,19991,8,2,1500,3000
75436,19991,4,3,900,2700
75437,19992,2,2,1800,3600
75438,19993,8,1,1500,1500
75439,19993,1,3,1100,3300
75440,19994,5,1,1600,1600
75441,19995,3,3,2200,6600
75442,19995,8,3,1500,4500
75443,19995,6,1,750,750
75444,19995,1,2,1100,2200
75445,19995,2,3,1800,5400
75446,19995,4,3,900,2700
75447,19995,5,1,1600,1600
75448,19995,7,2,3800,7600
75449,19996,6,3,750,2250
75450,19996,4,2,900,1800
75451,19996,3,2,2200,4400
75452,19996,1,3,1100,3300
75453,19996,2,3,1800,5400
75454,19996,5,2,1600,3200
75455,19996,8,2,1500,3000
75456,19997,1,3,1100,3300
75457,19998,1,1,1100,1100
75458,19999,3,2,2200,4400
75459,19999,4,1,900,900
75460,20000,6,3,750,2250
75461,20000,4,1,900,900
75462,20001,5,2,1600,3200
75463,20001,4,2,900,1800
75464,20002,1,2,1100,2200
75465,20002,5,3,1600,4800
75466,20003,4,1,900,900
75467,20003,6,2,750,1500
75468,20004,8,2,1500,3000
75469,20004,7,1,3800,3800
75470,20004,3,1,2200,2200
75471,20004,5,1,1600,1600
75472,20004,4,1,900,900
75473,20005,7,2,3800,7600
75474,20005,5,3,1600,4800
75475,20005,1,2,1100,2200
75476,20005,2,2,1800,3600
75477,20006,4,3,900,2700
75478,20006,5,2,1600,3200
75479,20006,2,3,1800,5400
75480,20006,6,1,750,750
75481,20006,3,1,2200,2200
75482,20007,7,3,3800,11400
75483,20007,1,2,1100,2200
75484,20008,7,2,3800,7600
75485,20008,2,1,1800,1800
75486,20009,3,1,2200,2200
75487,20010,5,1,1600,1600
75488,20010,4,3,900,2700
75489,20010,1,1,1100,1100
75490,20010,8,2,1500,3000
75491,20011,8,3,1500,4500
75492,20011,3,2,2200,4400
75493,20011,5,3,1600,4800
75494,20011,1,1,1100,1100
75495,20012,3,3,2200,6600
75496,20012,1,3,1100,3300
75497,20013,8,3,1500,4500
75498,20013,3,1,2200,2200
75499,20013,5,3,1600,4800
75500,20013,6,3,750,2250
75501,20014,4,3,900,2700
75502,20014,3,2,2200,4400
75503,20014,5,1,1600,1600
75504,20014,6,2,750,1500
75505,20015,7,3,3800,11400
75506,20015,6,1,750,750
75507,20015,5,2,1600,3200
75508,20015,2,2,1800,3600
75509,20015,4,1,900,900
75510,20015,1,3,1100,3300
75511,20015,8,1,1500,1500
75512,20015,3,1,2200,2200
75513,20016,6,3,750,2250
75514,20016,3,3,2200,6600
75515,20017,2,2,1800,3600
75516,20017,6,3,750,2250
75517,20017,1,1,1100,1100
75518,20017,3,3,2200,6600
75519,20017,7,3,3800,11400
75520,20018,6,1,750,750
75521,20019,5,1,1600,1600
75522,20019,1,2,1100,2200
75523,20020,4,3,900,2700
75524,20021,6,1,750,750
75525,20021,4,2,900,1800
75526,20021,7,3,3800,11400
75527,20021,8,2,1500,3000
75528,20021,2,1,1800,1800
75529,20022,1,3,1100,3300
75530,20022,7,1,3800,3800
75531,20023,8,1,1500,1500
75532,20024,5,3,1600,4800
75533,20024,3,3,2200,6600
75534,20025,5,1,1600,1600
75535,20026,4,1,900,900
75536,20026,7,1,3800,3800
75537,20026,6,2,750,1500
75538,20026,1,2,1100,2200
75539,20026,3,2,2200,4400
75540,20026,2,2,1800,3600
75541,20026,5,3,1600,4800
75542,20027,8,1,1500,1500
75543,20027,5,2,1600,3200
75544,20027,6,3,750,2250
75545,20027,4,2,900,1800
75546,20027,7,3,3800,11400
75547,20028,4,3,900,2700
75548,20029,3,2,2200,4400
75549,20029,4,1,900,900
75550,20029,1,1,1100,1100
75551,20029,8,1,1500,1500
75552,20029,2,1,1800,1800
75553,20030,7,2,3800,7600
75554,20030,6,2,750,1500
75555,20031,3,1,2200,2200
75556,20031,7,2,3800,7600
75557,20031,4,3,900,2700
75558,20031,1,3,1100,3300
75559,20031,2,2,1800,3600
75560,20031,5,1,1600,1600
75561,20031,6,2,750,1500
75562,20031,8,3,1500,4500
75563,20032,5,2,1600,3200
75564,20032,7,2,3800,7600
75565,20033,1,3,1100,3300
75566,20033,3,2,2200,4400
75567,20034,8,3,1500,4500
75568,20035,1,2,1100,2200
75569,20036,1,2,1100,2200
75570,20036,5,1,1600,1600
75571,20036,7,3,3800,11400
75572,20036,6,3,750,2250
75573,20036,8,3,1500,4500
75574,20037,2,2,1800,3600
75575,20037,8,1,1500,1500
75576,20038,8,3,1500,4500
75577,20038,4,2,900,1800
75578,20038,7,1,3800,3800
75579,20038,1,2,1100,2200
75580,20038,3,3,2200,6600
75581,20039,5,2,1600,3200
75582,20040,7,2,3800,7600
75583,20040,8,3,1500,4500
75584,20040,6,1,750,750
75585,20040,5,1,1600,1600
75586,20040,2,3,1800,5400
75587,20040,3,3,2200,6600
75588,20040,4,2,900,1800
75589,20041,7,3,3800,11400
75590,20041,4,2,900,1800
75591,20042,2,3,1800,5400
75592,20042,1,3,1100,3300
75593,20042,8,3,1500,4500
75594,20042,3,3,2200,6600
75595,20042,7,2,3800,7600
75596,20042,5,1,1600,1600
75597,20042,6,1,750,750
75598,20043,3,2,2200,4400
75599,20044,5,3,1600,4800
75600,20044,2,2,1800,3600
75601,20045,6,1,750,750
75602,20045,1,3,1100,3300
75603,20046,5,1,1600,1600
75604,20046,7,2,3800,7600
75605,20047,4,3,900,2700
75606,20048,5,3,1600,4800
75607,20048,4,3,900,2700
75608,20048,1,2,1100,2200
75609,20048,7,1,3800,3800
75610,20049,3,1,2200,2200
75611,20050,6,3,750,2250
75612,20050,4,1,900,900
75613,20050,1,2,1100,2200
75614,20050,2,2,1800,3600
75615,20050,5,3,1600,4800
75616,20050,3,2,2200,4400
75617,20050,8,1,1500,1500
75618,20050,7,3,3800,11400
75619,20051,3,2,2200,4400
75620,20051,6,2,750,1500
75621,20051,4,2,900,1800
75622,20051,8,2,1500,3000
75623,20051,5,3,1600,4800
75624,20051,1,2,1100,2200
75625,20051,2,1,1800,1800
75626,20052,8,1,1500,1500
75627,20052,1,2,1100,2200
75628,20053,8,1,1500,1500
75629,20053,3,2,2200,4400
75630,20054,8,1,1500,1500
75631,20055,4,2,900,1800
75632,20056,7,3,3800,11400
75633,20057,2,2,1800,3600
75634,20057,8,2,1500,3000
75635,20058,8,3,1500,4500
75636,20058,6,3,750,2250
75637,20058,3,1,2200,2200
75638,20058,5,2,1600,3200
75639,20058,1,3,1100,3300
75640,20059,1,1,1100,1100
75641,20059,7,2,3800,7600
75642,20060,8,1,1500,1500
75643,20061,4,1,900,900
75644,20061,7,1,3800,3800
75645,20062,4,1,900,900
75646,20062,7,3,3800,11400
75647,20063,4,1,900,900
75648,20063,6,1,750,750
75649,20064,2,2,1800,3600
75650,20064,1,1,1100,1100
75651,20065,1,3,1100,3300
75652,20065,7,1,3800,3800
75653,20066,2,2,1800,3600
75654,20066,7,3,3800,11400
75655,20066,3,1,2200,2200
75656,20066,5,1,1600,1600
75657,20067,5,1,1600,1600
75658,20067,4,2,900,1800
75659,20067,6,2,750,1500
75660,20067,1,1,1100,1100
75661,20068,1,1,1100,1100
75662,20068,8,3,1500,4500
75663,20068,7,3,3800,11400
75664,20068,5,3,1600,4800
75665,20069,5,3,1600,4800
75666,20070,1,1,1100,1100
75667,20070,6,3,750,2250
75668,20070,3,1,2200,2200
75669,20070,2,2,1800,3600
75670,20070,8,1,1500,1500
75671,20071,4,2,900,1800
75672,20071,2,1,1800,1800
75673,20071,8,3,1500,4500
75674,20071,1,2,1100,2200
75675,20072,4,1,900,900
75676,20072,5,2,1600,3200
75677,20072,3,1,2200,2200
75678,20072,7,3,3800,11400
75679,20072,1,3,1100,3300
75680,20073,8,3,1500,4500
75681,20074,1,1,1100,1100
75682,20075,2,1,1800,1800
75683,20076,4,1,900,900
75684,20077,2,2,1800,3600
75685,20077,4,1,900,900
75686,20077,3,1,2200,2200
75687,20077,5,3,1600,4800
75688,20078,8,1,1500,1500
75689,20079,4,3,900,2700
75690,20079,8,3,1500,4500
75691,20080,7,1,3800,3800
75692,20081,1,2,1100,2200
75693,20081,2,1,1800,1800
75694,20082,5,1,1600,1600
75695,20082,3,3,2200,6600
75696,20082,4,2,900,1800
75697,20082,6,3,750,2250
75698,20083,7,2,3800,7600
75699,20083,6,2,750,1500
75700,20083,3,3,2200,6600
75701,20083,1,2,1100,2200
75702,20084,5,1,1600,1600
75703,20084,8,1,1500,1500
75704,20084,6,2,750,1500
75705,20084,4,3,900,2700
75706,20084,2,3,1800,5400
75707,20084,7,1,3800,3800
75708,20084,3,1,2200,2200
75709,20084,1,1,1100,1100
75710,20085,1,2,1100,2200
75711,20086,5,2,1600,3200
75712,20086,1,2,1100,2200
75713,20086,7,2,3800,7600
75714,20086,4,3,900,2700
75715,20087,3,3,2200,6600
75716,20087,2,1,1800,1800
75717,20087,4,3,900,2700
75718,20087,6,2,750,1500
75719,20088,6,3,750,2250
75720,20088,7,1,3800,3800
75721,20089,7,3,3800,11400
75722,20090,2,1,1800,1800
75723,20090,6,3,750,2250
75724,20090,5,3,1600,4800
75725,20090,8,3,1500,4500
75726,20090,4,2,900,1800
75727,20091,1,1,1100,1100
75728,20091,3,3,2200,6600
75729,20091,7,2,3800,7600
75730,20091,4,1,900,900
75731,20091,5,2,1600,3200
75732,20092,4,2,900,1800
75733,20092,5,1,1600,1600
75734,20092,3,2,2200,4400
75735,20092,6,1,750,750
75736,20092,2,3,1800,5400
75737,20093,3,3,2200,6600
75738,20094,8,3,1500,4500
75739,20094,7,1,3800,3800
75740,20094,5,2,1600,3200
75741,20094,6,2,750,1500
75742,20094,1,2,1100,2200
75743,20095,1,1,1100,1100
75744,20095,5,1,1600,1600
75745,20095,2,2,1800,3600
75746,20095,6,2,750,1500
75747,20095,3,1,2200,2200
75748,20096,6,2,750,1500
75749,20096,4,3,900,2700
75750,20096,1,1,1100,1100
75751,20096,2,2,1800,3600
75752,20096,5,1,1600,1600
75753,20097,1,3,1100,3300
75754,20098,5,1,1600,1600
75755,20099,1,3,1100,3300
75756,20099,3,3,2200,6600
75757,20099,6,3,750,2250
75758,20099,4,1,900,900
75759,20100,4,2,900,1800
75760,20100,1,1,1100,1100
75761,20100,5,2,1600,3200
75762,20100,3,2,2200,4400
75763,20100,8,2,1500,3000
75764,20101,8,1,1500,1500
75765,20101,7,1,3800,3800
75766,20102,5,3,1600,4800
75767,20102,7,3,3800,11400
75768,20102,3,1,2200,2200
75769,20102,4,2,900,1800
75770,20102,2,3,1800,5400
75771,20103,7,1,3800,3800
75772,20104,7,3,3800,11400
75773,20104,3,1,2200,2200
75774,20104,8,2,1500,3000
75775,20104,4,2,900,1800
75776,20105,6,3,750,2250
75777,20105,3,3,2200,6600
75778,20106,6,3,750,2250
75779,20106,2,2,1800,3600
75780,20106,8,2,1500,3000
75781,20106,5,2,1600,3200
75782,20106,3,3,2200,6600
75783,20107,8,3,1500,4500
75784,20107,4,2,900,1800
75785,20108,4,2,900,1800
75786,20109,1,1,1100,1100
75787,20109,3,2,2200,4400
75788,20109,6,1,750,750
75789,20109,2,1,1800,1800
75790,20110,7,2,3800,7600
75791,20110,3,3,2200,6600
75792,20111,6,1,750,750
75793,20112,4,2,900,1800
75794,20113,3,2,2200,4400
75795,20113,2,3,1800,5400
75796,20113,7,1,3800,3800
75797,20113,1,1,1100,1100
75798,20113,8,3,1500,4500
75799,20113,4,2,900,1800
75800,20113,5,1,1600,1600
75801,20114,1,1,1100,1100
75802,20114,2,1,1800,1800
75803,20114,6,3,750,2250
75804,20114,5,1,1600,1600
75805,20114,7,3,3800,11400
75806,20115,3,1,2200,2200
75807,20115,7,1,3800,3800
75808,20115,2,3,1800,5400
75809,20115,8,3,1500,4500
75810,20116,8,2,1500,3000
75811,20117,8,2,1500,3000
75812,20117,6,1,750,750
75813,20117,1,1,1100,1100
75814,20117,5,1,1600,1600
75815,20117,2,2,1800,3600
75816,20117,4,1,900,900
75817,20117,7,3,3800,11400
75818,20118,6,1,750,750
75819,20118,2,3,1800,5400
75820,20119,5,2,1600,3200
75821,20120,8,1,1500,1500
75822,20121,4,1,900,900
75823,20122,1,1,1100,1100
75824,20122,8,3,1500,4500
75825,20123,6,2,750,1500
75826,20124,5,1,1600,1600
75827,20125,5,1,1600,1600
75828,20125,6,2,750,1500
75829,20125,4,2,900,1800
75830,20125,3,1,2200,2200
75831,20125,8,2,1500,3000
75832,20126,1,1,1100,1100
75833,20127,5,3,1600,4800
75834,20128,7,1,3800,3800
75835,20129,6,3,750,2250
75836,20130,3,2,2200,4400
75837,20130,1,3,1100,3300
75838,20130,5,1,1600,1600
75839,20130,4,1,900,900
75840,20130,6,1,750,750
75841,20130,2,2,1800,3600
75842,20130,8,1,1500,1500
75843,20131,1,2,1100,2200
75844,20131,8,3,1500,4500
75845,20131,7,2,3800,7600
75846,20131,4,1,900,900
75847,20132,2,3,1800,5400
75848,20132,3,3,2200,6600
75849,20133,2,1,1800,1800
75850,20133,6,2,750,1500
75851,20133,1,1,1100,1100
75852,20133,3,2,2200,4400
75853,20134,7,2,3800,7600
75854,20134,1,3,1100,3300
75855,20135,6,1,750,750
75856,20135,8,3,1500,4500
75857,20135,2,2,1800,3600
75858,20135,3,1,2200,2200
75859,20135,5,1,1600,1600
75860,20135,4,2,900,1800
75861,20135,7,1,3800,3800
75862,20135,1,2,1100,2200
75863,20136,3,3,2200,6600
75864,20136,5,2,1600,3200
75865,20137,4,1,900,900
75866,20137,5,1,1600,1600
75867,20137,7,1,3800,3800
75868,20137,8,2,1500,3000
75869,20138,8,3,1500,4500
75870,20138,2,2,1800,3600
75871,20139,8,3,1500,4500
75872,20140,4,3,900,2700
75873,20140,6,1,750,750
75874,20141,1,1,1100,1100
75875,20142,1,2,1100,2200
75876,20142,2,2,1800,3600
75877,20143,1,1,1100,1100
75878,20143,4,2,900,1800
75879,20144,7,1,3800,3800
75880,20144,6,1,750,750
75881,20145,4,2,900,1800
75882,20145,2,3,1800,5400
75883,20146,2,3,1800,5400
75884,20146,6,2,750,1500
75885,20146,1,3,1100,3300
75886,20146,3,1,2200,2200
75887,20146,8,1,1500,1500
75888,20147,2,1,1800,1800
75889,20147,1,2,1100,2200
75890,20147,7,2,3800,7600
75891,20147,8,2,1500,3000
75892,20148,4,1,900,900
75893,20148,2,2,1800,3600
75894,20148,8,2,1500,3000
75895,20148,7,1,3800,3800
75896,20149,8,3,1500,4500
75897,20150,5,2,1600,3200
75898,20150,3,3,2200,6600
75899,20150,1,1,1100,1100
75900,20150,2,2,1800,3600
75901,20150,7,2,3800,7600
75902,20150,4,1,900,900
75903,20150,8,2,1500,3000
75904,20150,6,1,750,750
75905,20151,8,3,1500,4500
75906,20152,1,1,1100,1100
75907,20152,6,1,750,750
75908,20152,5,2,1600,3200
75909,20152,2,2,1800,3600
75910,20153,6,1,750,750
75911,20153,3,3,2200,6600
75912,20153,1,1,1100,1100
75913,20153,5,3,1600,4800
75914,20154,7,3,3800,11400
75915,20154,4,2,900,1800
75916,20154,3,1,2200,2200
75917,20154,5,2,1600,3200
75918,20154,8,1,1500,1500
75919,20155,7,3,3800,11400
75920,20155,3,3,2200,6600
75921,20156,2,3,1800,5400
75922,20157,4,2,900,1800
75923,20157,8,1,1500,1500
75924,20157,7,2,3800,7600
75925,20157,3,2,2200,4400
75926,20157,1,2,1100,2200
75927,20157,6,3,750,2250
75928,20157,2,3,1800,5400
75929,20158,4,3,900,2700
75930,20158,2,3,1800,5400
75931,20159,2,1,1800,1800
75932,20160,4,2,900,1800
75933,20160,7,1,3800,3800
75934,20161,8,1,1500,1500
75935,20161,7,3,3800,11400
75936,20161,1,3,1100,3300
75937,20161,5,1,1600,1600
75938,20161,2,1,1800,1800
75939,20162,2,2,1800,3600
75940,20162,6,2,750,1500
75941,20162,3,2,2200,4400
75942,20162,8,3,1500,4500
75943,20162,1,3,1100,3300
75944,20163,1,3,1100,3300
75945,20163,3,2,2200,4400
75946,20163,8,3,1500,4500
75947,20163,6,1,750,750
75948,20163,4,1,900,900
75949,20164,6,3,750,2250
75950,20164,5,2,1600,3200
75951,20164,1,1,1100,1100
75952,20164,3,3,2200,6600
75953,20164,7,3,3800,11400
75954,20165,3,2,2200,4400
75955,20165,8,2,1500,3000
75956,20165,1,2,1100,2200
75957,20165,2,3,1800,5400
75958,20165,6,2,750,1500
75959,20165,7,1,3800,3800
75960,20165,4,2,900,1800
75961,20165,5,3,1600,4800
75962,20166,3,2,2200,4400
75963,20166,6,1,750,750
75964,20166,2,1,1800,1800
75965,20166,7,1,3800,3800
75966,20166,8,2,1500,3000
75967,20167,4,1,900,900
75968,20167,2,2,1800,3600
75969,20168,4,2,900,1800
75970,20168,8,2,1500,3000
75971,20169,4,2,900,1800
75972,20170,1,2,1100,2200
75973,20170,7,1,3800,3800
75974,20170,2,2,1800,3600
75975,20170,6,2,750,1500
75976,20170,4,3,900,2700
75977,20171,1,2,1100,2200
75978,20172,4,2,900,1800
75979,20172,8,2,1500,3000
75980,20172,1,2,1100,2200
75981,20172,5,1,1600,1600
75982,20173,6,2,750,1500
75983,20174,7,2,3800,7600
75984,20174,2,1,1800,1800
75985,20174,5,3,1600,4800
75986,20174,3,1,2200,2200
75987,20174,8,1,1500,1500
75988,20175,7,2,3800,7600
75989,20176,8,2,1500,3000
75990,20176,5,3,1600,4800
75991,20177,3,2,2200,4400
75992,20178,1,2,1100,2200
75993,20179,2,2,1800,3600
75994,20179,1,3,1100,3300
75995,20179,3,1,2200,2200
75996,20179,5,1,1600,1600
75997,20179,7,1,3800,3800
75998,20179,4,3,900,2700
75999,20179,8,3,1500,4500
76000,20179,6,3,750,2250
76001,20180,2,1,1800,1800
76002,20181,6,2,750,1500
76003,20181,7,3,3800,11400
76004,20182,7,2,3800,7600
76005,20183,1,2,1100,2200
76006,20183,7,3,3800,11400
76007,20183,3,3,2200,6600
76008,20183,5,3,1600,4800
76009,20183,6,2,750,1500
76010,20184,1,2,1100,2200
76011,20184,3,2,2200,4400
76012,20184,6,3,750,2250
76013,20184,5,3,1600,4800
76014,20184,8,1,1500,1500
76015,20185,2,3,1800,5400
76016,20185,7,2,3800,7600
76017,20185,6,3,750,2250
76018,20185,1,1,1100,1100
76019,20186,2,1,1800,1800
76020,20186,5,2,1600,3200
76021,20187,2,3,1800,5400
76022,20187,1,1,1100,1100
76023,20188,4,3,900,2700
76024,20188,8,1,1500,1500
76025,20188,5,3,1600,4800
76026,20188,1,2,1100,2200
76027,20188,3,2,2200,4400
76028,20188,2,1,1800,1800
76029,20188,7,2,3800,7600
76030,20188,6,2,750,1500
76031,20189,8,1,1500,1500
76032,20190,3,3,2200,6600
76033,20191,3,2,2200,4400
76034,20191,2,3,1800,5400
76035,20191,6,1,750,750
76036,20191,5,2,1600,3200
76037,20191,7,3,3800,11400
76038,20191,8,2,1500,3000
76039,20191,1,3,1100,3300
76040,20192,6,3,750,2250
76041,20192,8,2,1500,3000
76042,20193,1,2,1100,2200
76043,20194,4,2,900,1800
76044,20194,7,3,3800,11400
76045,20194,6,3,750,2250
76046,20194,8,2,1500,3000
76047,20194,3,1,2200,2200
76048,20195,4,3,900,2700
76049,20195,6,1,750,750
76050,20196,2,3,1800,5400
76051,20196,4,3,900,2700
76052,20196,6,2,750,1500
76053,20196,3,3,2200,6600
76054,20197,4,1,900,900
76055,20198,3,3,2200,6600
76056,20198,5,3,1600,4800
76057,20198,6,3,750,2250
76058,20198,8,3,1500,4500
76059,20199,5,1,1600,1600
76060,20199,7,2,3800,7600
76061,20200,3,2,2200,4400
76062,20200,2,2,1800,3600
76063,20200,6,2,750,1500
76064,20200,1,2,1100,2200
76065,20200,7,2,3800,7600
76066,20200,5,1,1600,1600
76067,20200,8,2,1500,3000
76068,20201,4,2,900,1800
76069,20201,5,2,1600,3200
76070,20201,8,3,1500,4500
76071,20201,3,3,2200,6600
76072,20202,8,3,1500,4500
76073,20202,6,2,750,1500
76074,20202,5,3,1600,4800
76075,20202,7,1,3800,3800
76076,20202,3,3,2200,6600
76077,20202,4,3,900,2700
76078,20202,2,1,1800,1800
76079,20203,3,2,2200,4400
76080,20203,6,2,750,1500
76081,20203,1,1,1100,1100
76082,20203,2,2,1800,3600
76083,20203,4,1,900,900
76084,20204,2,1,1800,1800
76085,20204,1,1,1100,1100
76086,20204,6,1,750,750
76087,20204,3,2,2200,4400
76088,20204,8,2,1500,3000
76089,20205,4,1,900,900
76090,20206,5,3,1600,4800
76091,20206,8,2,1500,3000
76092,20206,3,2,2200,4400
76093,20206,6,1,750,750
76094,20207,1,3,1100,3300
76095,20207,8,3,1500,4500
76096,20207,7,2,3800,7600
76097,20207,4,2,900,1800
76098,20208,2,1,1800,1800
76099,20209,8,1,1500,1500
76100,20209,6,3,750,2250
76101,20210,5,2,1600,3200
76102,20211,5,2,1600,3200
76103,20211,6,3,750,2250
76104,20211,2,3,1800,5400
76105,20211,3,2,2200,4400
76106,20211,8,1,1500,1500
76107,20212,3,2,2200,4400
76108,20212,6,2,750,1500
76109,20212,8,2,1500,3000
76110,20212,1,1,1100,1100
76111,20213,4,3,900,2700
76112,20213,1,2,1100,2200
76113,20213,7,1,3800,3800
76114,20213,6,1,750,750
76115,20213,5,1,1600,1600
76116,20214,6,3,750,2250
76117,20214,8,3,1500,4500
76118,20214,2,2,1800,3600
76119,20214,5,2,1600,3200
76120,20215,2,2,1800,3600
76121,20216,2,1,1800,1800
76122,20216,8,1,1500,1500
76123,20217,4,1,900,900
76124,20217,2,1,1800,1800
76125,20218,6,1,750,750
76126,20219,2,2,1800,3600
76127,20219,6,3,750,2250
76128,20219,5,2,1600,3200
76129,20219,7,1,3800,3800
76130,20219,4,3,900,2700
76131,20220,8,2,1500,3000
76132,20221,6,2,750,1500
76133,20222,1,3,1100,3300
76134,20223,3,3,2200,6600
76135,20223,7,2,3800,7600
76136,20224,6,3,750,2250
76137,20224,4,3,900,2700
76138,20224,5,2,1600,3200
76139,20224,1,1,1100,1100
76140,20225,4,1,900,900
76141,20226,5,3,1600,4800
76142,20227,2,2,1800,3600
76143,20227,4,1,900,900
76144,20227,1,2,1100,2200
76145,20227,3,2,2200,4400
76146,20228,1,3,1100,3300
76147,20228,6,2,750,1500
76148,20228,8,2,1500,3000
76149,20228,7,3,3800,11400
76150,20228,2,2,1800,3600
76151,20228,4,3,900,2700
76152,20228,3,2,2200,4400
76153,20229,3,2,2200,4400
76154,20229,4,1,900,900
76155,20230,4,3,900,2700
76156,20230,8,2,1500,3000
76157,20230,1,3,1100,3300
76158,20230,7,2,3800,7600
76159,20231,3,1,2200,2200
76160,20231,2,1,1800,1800
76161,20231,5,2,1600,3200
76162,20231,7,2,3800,7600
76163,20231,4,2,900,1800
76164,20231,6,3,750,2250
76165,20231,1,2,1100,2200
76166,20232,5,1,1600,1600
76167,20232,8,2,1500,3000
76168,20233,5,1,1600,1600
76169,20233,2,3,1800,5400
76170,20233,3,1,2200,2200
76171,20233,7,1,3800,3800
76172,20233,1,1,1100,1100
76173,20234,4,3,900,2700
76174,20234,8,1,1500,1500
76175,20234,6,2,750,1500
76176,20234,5,3,1600,4800
76177,20234,1,1,1100,1100
76178,20235,4,3,900,2700
76179,20235,8,2,1500,3000
76180,20235,2,2,1800,3600
76181,20235,6,3,750,2250
76182,20236,6,2,750,1500
76183,20237,3,3,2200,6600
76184,20237,2,1,1800,1800
76185,20237,6,1,750,750
76186,20237,4,1,900,900
76187,20237,8,2,1500,3000
76188,20237,5,1,1600,1600
76189,20237,1,1,1100,1100
76190,20238,4,1,900,900
76191,20238,1,2,1100,2200
76192,20239,6,2,750,1500
76193,20240,8,3,1500,4500
76194,20240,7,2,3800,7600
76195,20240,4,1,900,900
76196,20240,2,3,1800,5400
76197,20240,6,1,750,750
76198,20240,5,2,1600,3200
76199,20240,1,1,1100,1100
76200,20241,1,2,1100,2200
76201,20242,7,1,3800,3800
76202,20242,8,3,1500,4500
76203,20243,6,2,750,1500
76204,20243,2,2,1800,3600
76205,20244,5,3,1600,4800
76206,20245,7,3,3800,11400
76207,20245,3,3,2200,6600
76208,20245,1,1,1100,1100
76209,20245,5,3,1600,4800
76210,20246,1,2,1100,2200
76211,20247,5,3,1600,4800
76212,20247,7,1,3800,3800
76213,20247,4,2,900,1800
76214,20247,2,2,1800,3600
76215,20247,3,2,2200,4400
76216,20247,1,1,1100,1100
76217,20247,6,1,750,750
76218,20247,8,3,1500,4500
76219,20248,5,3,1600,4800
76220,20248,1,1,1100,1100
76221,20248,4,2,900,1800
76222,20248,3,1,2200,2200
76223,20248,2,1,1800,1800
76224,20248,7,3,3800,11400
76225,20248,8,2,1500,3000
76226,20249,7,2,3800,7600
76227,20249,5,3,1600,4800
76228,20250,6,2,750,1500
76229,20250,7,3,3800,11400
76230,20250,2,3,1800,5400
76231,20250,8,2,1500,3000
76232,20251,5,3,1600,4800
76233,20252,6,1,750,750
76234,20252,8,2,1500,3000
76235,20253,2,2,1800,3600
76236,20254,6,1,750,750
76237,20255,8,1,1500,1500
76238,20255,5,2,1600,3200
76239,20256,5,1,1600,1600
76240,20257,8,2,1500,3000
76241,20257,1,2,1100,2200
76242,20258,4,3,900,2700
76243,20259,3,3,2200,6600
76244,20260,1,1,1100,1100
76245,20260,5,3,1600,4800
76246,20260,4,3,900,2700
76247,20260,6,1,750,750
76248,20261,5,1,1600,1600
76249,20261,6,3,750,2250
76250,20261,7,2,3800,7600
76251,20261,1,2,1100,2200
76252,20261,2,2,1800,3600
76253,20262,6,2,750,1500
76254,20262,4,1,900,900
76255,20262,3,1,2200,2200
76256,20262,1,2,1100,2200
76257,20263,5,2,1600,3200
76258,20263,2,1,1800,1800
76259,20263,4,1,900,900
76260,20263,8,1,1500,1500
76261,20263,3,1,2200,2200
76262,20264,5,1,1600,1600
76263,20265,7,3,3800,11400
76264,20265,8,2,1500,3000
76265,20266,1,1,1100,1100
76266,20266,4,1,900,900
76267,20266,8,2,1500,3000
76268,20266,2,1,1800,1800
76269,20267,7,1,3800,3800
76270,20268,1,2,1100,2200
76271,20269,4,3,900,2700
76272,20269,1,2,1100,2200
76273,20270,4,3,900,2700
76274,20270,3,2,2200,4400
76275,20270,7,2,3800,7600
76276,20270,5,1,1600,1600
76277,20270,2,3,1800,5400
76278,20271,4,1,900,900
76279,20271,5,3,1600,4800
76280,20272,7,3,3800,11400
76281,20272,2,2,1800,3600
76282,20273,4,1,900,900
76283,20273,2,1,1800,1800
76284,20273,6,3,750,2250
76285,20273,3,1,2200,2200
76286,20274,8,2,1500,3000
76287,20274,3,1,2200,2200
76288,20275,4,3,900,2700
76289,20275,6,2,750,1500
76290,20275,3,3,2200,6600
76291,20275,8,3,1500,4500
76292,20275,5,1,1600,1600
76293,20276,3,1,2200,2200
76294,20276,6,2,750,1500
76295,20276,8,2,1500,3000
76296,20276,7,2,3800,7600
76297,20276,1,2,1100,2200
76298,20276,4,2,900,1800
76299,20276,2,3,1800,5400
76300,20277,8,1,1500,1500
76301,20278,5,2,1600,3200
76302,20278,3,2,2200,4400
76303,20278,4,3,900,2700
76304,20278,1,2,1100,2200
76305,20278,6,3,750,2250
76306,20278,8,3,1500,4500
76307,20278,2,1,1800,1800
76308,20279,6,1,750,750
76309,20280,8,3,1500,4500
76310,20280,6,3,750,2250
76311,20280,2,3,1800,5400
76312,20280,4,2,900,1800
76313,20280,1,3,1100,3300
76314,20281,8,3,1500,4500
76315,20281,1,2,1100,2200
76316,20282,3,2,2200,4400
76317,20283,4,2,900,1800
76318,20284,6,3,750,2250
76319,20284,8,2,1500,3000
76320,20285,8,3,1500,4500
76321,20286,8,2,1500,3000
76322,20286,5,2,1600,3200
76323,20286,6,3,750,2250
76324,20286,3,3,2200,6600
76325,20287,1,2,1100,2200
76326,20287,3,1,2200,2200
76327,20288,4,2,900,1800
76328,20288,6,1,750,750
76329,20288,2,1,1800,1800
76330,20288,8,3,1500,4500
76331,20289,3,1,2200,2200
76332,20289,8,1,1500,1500
76333,20289,6,2,750,1500
76334,20289,5,3,1600,4800
76335,20289,2,2,1800,3600
76336,20289,7,2,3800,7600
76337,20289,1,3,1100,3300
76338,20289,4,1,900,900
76339,20290,7,1,3800,3800
76340,20291,6,1,750,750
76341,20291,2,2,1800,3600
76342,20291,7,1,3800,3800
76343,20291,8,1,1500,1500
76344,20291,4,3,900,2700
76345,20291,3,2,2200,4400
76346,20291,5,2,1600,3200
76347,20292,6,1,750,750
76348,20292,2,3,1800,5400
76349,20292,4,1,900,900
76350,20292,3,2,2200,4400
76351,20292,7,3,3800,11400
76352,20292,8,1,1500,1500
76353,20292,1,1,1100,1100
76354,20293,1,3,1100,3300
76355,20293,7,3,3800,11400
76356,20293,3,1,2200,2200
76357,20293,8,1,1500,1500
76358,20293,2,2,1800,3600
76359,20294,4,3,900,2700
76360,20294,2,2,1800,3600
76361,20295,2,2,1800,3600
76362,20295,7,1,3800,3800
76363,20295,8,3,1500,4500
76364,20295,6,1,750,750
76365,20295,5,1,1600,1600
76366,20296,6,1,750,750
76367,20296,7,3,3800,11400
76368,20296,2,1,1800,1800
76369,20296,3,3,2200,6600
76370,20297,4,1,900,900
76371,20297,5,1,1600,1600
76372,20297,2,2,1800,3600
76373,20297,6,2,750,1500
76374,20298,7,2,3800,7600
76375,20298,1,1,1100,1100
76376,20298,2,1,1800,1800
76377,20298,5,2,1600,3200
76378,20298,6,1,750,750
76379,20299,4,1,900,900
76380,20299,7,1,3800,3800
76381,20300,5,2,1600,3200
76382,20300,8,2,1500,3000
76383,20300,6,3,750,2250
76384,20300,1,2,1100,2200
76385,20301,7,2,3800,7600
76386,20301,8,1,1500,1500
76387,20302,8,1,1500,1500
76388,20302,2,2,1800,3600
76389,20302,7,1,3800,3800
76390,20302,1,2,1100,2200
76391,20302,4,2,900,1800
76392,20302,5,2,1600,3200
76393,20302,3,3,2200,6600
76394,20303,5,3,1600,4800
76395,20303,8,2,1500,3000
76396,20303,2,2,1800,3600
76397,20303,1,3,1100,3300
76398,20303,3,2,2200,4400
76399,20303,4,2,900,1800
76400,20303,7,3,3800,11400
76401,20303,6,3,750,2250
76402,20304,1,2,1100,2200
76403,20305,8,2,1500,3000
76404,20305,2,3,1800,5400
76405,20305,5,1,1600,1600
76406,20305,3,1,2200,2200
76407,20306,6,3,750,2250
76408,20306,4,2,900,1800
76409,20306,8,3,1500,4500
76410,20306,3,3,2200,6600
76411,20306,1,1,1100,1100
76412,20307,5,1,1600,1600
76413,20307,8,2,1500,3000
76414,20307,2,2,1800,3600
76415,20307,7,2,3800,7600
76416,20307,3,2,2200,4400
76417,20308,4,2,900,1800
76418,20308,6,2,750,1500
76419,20308,7,1,3800,3800
76420,20308,1,2,1100,2200
76421,20309,1,2,1100,2200
76422,20309,6,3,750,2250
76423,20310,4,1,900,900
76424,20310,8,1,1500,1500
76425,20310,2,2,1800,3600
76426,20310,5,2,1600,3200
76427,20311,5,3,1600,4800
76428,20311,1,1,1100,1100
76429,20311,6,2,750,1500
76430,20311,2,2,1800,3600
76431,20311,3,1,2200,2200
76432,20311,7,2,3800,7600
76433,20311,4,3,900,2700
76434,20312,2,1,1800,1800
76435,20313,5,2,1600,3200
76436,20314,1,2,1100,2200
76437,20314,4,3,900,2700
76438,20315,4,3,900,2700
76439,20315,8,2,1500,3000
76440,20315,7,2,3800,7600
76441,20315,3,1,2200,2200
76442,20316,8,2,1500,3000
76443,20317,2,3,1800,5400
76444,20317,1,2,1100,2200
76445,20318,5,1,1600,1600
76446,20318,2,3,1800,5400
76447,20318,8,2,1500,3000
76448,20318,7,2,3800,7600
76449,20318,1,1,1100,1100
76450,20318,3,1,2200,2200
76451,20318,4,3,900,2700
76452,20318,6,3,750,2250
76453,20319,7,3,3800,11400
76454,20319,2,3,1800,5400
76455,20320,6,1,750,750
76456,20320,1,1,1100,1100
76457,20321,7,1,3800,3800
76458,20322,2,2,1800,3600
76459,20322,6,3,750,2250
76460,20323,8,2,1500,3000
76461,20323,1,1,1100,1100
76462,20324,7,1,3800,3800
76463,20324,8,1,1500,1500
76464,20324,3,3,2200,6600
76465,20324,4,1,900,900
76466,20324,2,1,1800,1800
76467,20325,3,2,2200,4400
76468,20325,7,1,3800,3800
76469,20325,2,3,1800,5400
76470,20325,1,1,1100,1100
76471,20325,6,2,750,1500
76472,20326,3,3,2200,6600
76473,20327,6,1,750,750
76474,20327,3,3,2200,6600
76475,20328,8,3,1500,4500
76476,20329,2,3,1800,5400
76477,20329,3,2,2200,4400
76478,20329,8,3,1500,4500
76479,20329,1,1,1100,1100
76480,20329,4,3,900,2700
76481,20330,6,2,750,1500
76482,20330,4,2,900,1800
76483,20330,5,2,1600,3200
76484,20330,1,3,1100,3300
76485,20330,8,3,1500,4500
76486,20330,2,3,1800,5400
76487,20330,7,2,3800,7600
76488,20330,3,3,2200,6600
76489,20331,7,3,3800,11400
76490,20332,1,2,1100,2200
76491,20333,2,1,1800,1800
76492,20333,3,3,2200,6600
76493,20333,7,1,3800,3800
76494,20333,8,3,1500,4500
76495,20333,6,1,750,750
76496,20334,8,3,1500,4500
76497,20335,6,2,750,1500
76498,20335,7,2,3800,7600
76499,20336,7,2,3800,7600
76500,20336,3,3,2200,6600
76501,20337,6,1,750,750
76502,20337,8,2,1500,3000
76503,20337,4,3,900,2700
76504,20337,2,3,1800,5400
76505,20338,8,2,1500,3000
76506,20338,5,2,1600,3200
76507,20338,4,3,900,2700
76508,20338,3,3,2200,6600
76509,20339,1,1,1100,1100
76510,20340,6,3,750,2250
76511,20341,8,3,1500,4500
76512,20341,4,1,900,900
76513,20341,1,1,1100,1100
76514,20341,2,1,1800,1800
76515,20341,6,2,750,1500
76516,20342,7,1,3800,3800
76517,20342,3,1,2200,2200
76518,20342,6,1,750,750
76519,20342,5,2,1600,3200
76520,20342,2,1,1800,1800
76521,20342,8,1,1500,1500
76522,20342,4,1,900,900
76523,20342,1,1,1100,1100
76524,20343,1,3,1100,3300
76525,20343,3,3,2200,6600
76526,20344,4,2,900,1800
76527,20344,5,1,1600,1600
76528,20344,6,1,750,750
76529,20344,3,1,2200,2200
76530,20345,1,3,1100,3300
76531,20346,7,1,3800,3800
76532,20346,6,3,750,2250
76533,20347,2,1,1800,1800
76534,20347,7,3,3800,11400
76535,20348,4,2,900,1800
76536,20349,6,1,750,750
76537,20349,5,1,1600,1600
76538,20349,8,3,1500,4500
76539,20349,1,3,1100,3300
76540,20350,6,2,750,1500
76541,20350,7,2,3800,7600
76542,20350,5,2,1600,3200
76543,20350,8,3,1500,4500
76544,20350,1,2,1100,2200
76545,20351,6,3,750,2250
76546,20351,7,3,3800,11400
76547,20352,4,2,900,1800
76548,20352,8,3,1500,4500
76549,20352,3,2,2200,4400
76550,20352,1,2,1100,2200
76551,20352,5,2,1600,3200
76552,20352,6,1,750,750
76553,20352,7,1,3800,3800
76554,20353,4,2,900,1800
76555,20353,8,1,1500,1500
76556,20353,2,1,1800,1800
76557,20353,3,3,2200,6600
76558,20354,5,3,1600,4800
76559,20354,7,3,3800,11400
76560,20355,5,2,1600,3200
76561,20355,4,3,900,2700
76562,20355,3,2,2200,4400
76563,20355,7,1,3800,3800
76564,20355,6,1,750,750
76565,20356,6,3,750,2250
76566,20356,8,1,1500,1500
76567,20356,1,3,1100,3300
76568,20356,7,1,3800,3800
76569,20357,3,1,2200,2200
76570,20357,4,1,900,900
76571,20357,2,3,1800,5400
76572,20357,8,1,1500,1500
76573,20357,7,3,3800,11400
76574,20358,3,2,2200,4400
76575,20359,3,2,2200,4400
76576,20360,1,3,1100,3300
76577,20360,3,2,2200,4400
76578,20360,7,3,3800,11400
76579,20360,4,1,900,900
76580,20360,5,3,1600,4800
76581,20361,7,3,3800,11400
76582,20362,7,1,3800,3800
76583,20362,5,3,1600,4800
76584,20363,1,1,1100,1100
76585,20364,8,2,1500,3000
76586,20365,3,1,2200,2200
76587,20365,7,1,3800,3800
76588,20366,6,1,750,750
76589,20367,1,3,1100,3300
76590,20368,5,1,1600,1600
76591,20369,8,2,1500,3000
76592,20370,1,1,1100,1100
76593,20370,4,3,900,2700
76594,20370,8,1,1500,1500
76595,20370,2,3,1800,5400
76596,20370,5,1,1600,1600
76597,20371,3,1,2200,2200
76598,20372,7,2,3800,7600
76599,20372,5,3,1600,4800
76600,20372,8,3,1500,4500
76601,20372,4,3,900,2700
76602,20372,1,2,1100,2200
76603,20372,3,1,2200,2200
76604,20372,2,1,1800,1800
76605,20372,6,2,750,1500
76606,20373,1,1,1100,1100
76607,20373,4,1,900,900
76608,20373,8,1,1500,1500
76609,20373,5,3,1600,4800
76610,20373,6,3,750,2250
76611,20373,3,3,2200,6600
76612,20373,2,1,1800,1800
76613,20373,7,3,3800,11400
76614,20374,2,3,1800,5400
76615,20374,6,3,750,2250
76616,20374,4,1,900,900
76617,20374,5,3,1600,4800
76618,20375,3,2,2200,4400
76619,20375,1,1,1100,1100
76620,20375,4,3,900,2700
76621,20375,2,2,1800,3600
76622,20375,7,2,3800,7600
76623,20376,2,1,1800,1800
76624,20376,4,3,900,2700
76625,20376,7,1,3800,3800
76626,20376,5,3,1600,4800
76627,20377,5,1,1600,1600
76628,20377,8,2,1500,3000
76629,20377,6,3,750,2250
76630,20377,1,2,1100,2200
76631,20378,2,1,1800,1800
76632,20378,7,2,3800,7600
76633,20378,6,1,750,750
76634,20378,1,3,1100,3300
76635,20379,1,1,1100,1100
76636,20380,3,2,2200,4400
76637,20380,8,3,1500,4500
76638,20380,7,1,3800,3800
76639,20380,5,3,1600,4800
76640,20380,6,2,750,1500
76641,20381,7,3,3800,11400
76642,20382,5,2,1600,3200
76643,20382,7,3,3800,11400
76644,20383,4,3,900,2700
76645,20383,8,2,1500,3000
76646,20383,6,3,750,2250
76647,20383,2,1,1800,1800
76648,20384,3,1,2200,2200
76649,20385,5,3,1600,4800
76650,20385,4,2,900,1800
76651,20385,6,1,750,750
76652,20385,1,2,1100,2200
76653,20385,7,2,3800,7600
76654,20386,3,3,2200,6600
76655,20386,7,3,3800,11400
76656,20386,6,3,750,2250
76657,20386,2,2,1800,3600
76658,20387,1,3,1100,3300
76659,20388,8,1,1500,1500
76660,20388,2,2,1800,3600
76661,20388,3,2,2200,4400
76662,20388,4,2,900,1800
76663,20388,6,1,750,750
76664,20389,7,3,3800,11400
76665,20389,5,1,1600,1600
76666,20390,3,2,2200,4400
76667,20391,6,2,750,1500
76668,20391,2,2,1800,3600
76669,20391,5,2,1600,3200
76670,20391,7,3,3800,11400
76671,20392,4,2,900,1800
76672,20392,3,1,2200,2200
76673,20392,1,2,1100,2200
76674,20392,6,3,750,2250
76675,20392,7,2,3800,7600
76676,20393,4,1,900,900
76677,20393,7,1,3800,3800
76678,20394,1,2,1100,2200
76679,20394,2,3,1800,5400
76680,20394,5,2,1600,3200
76681,20394,3,3,2200,6600
76682,20394,8,1,1500,1500
76683,20395,4,1,900,900
76684,20395,3,3,2200,6600
76685,20396,8,1,1500,1500
76686,20397,7,2,3800,7600
76687,20398,2,3,1800,5400
76688,20398,5,2,1600,3200
76689,20398,4,3,900,2700
76690,20398,7,1,3800,3800
76691,20398,8,1,1500,1500
76692,20399,3,1,2200,2200
76693,20399,8,2,1500,3000
76694,20399,7,2,3800,7600
76695,20399,1,1,1100,1100
76696,20400,3,2,2200,4400
76697,20401,8,3,1500,4500
76698,20401,5,2,1600,3200
76699,20401,2,2,1800,3600
76700,20401,6,2,750,1500
76701,20402,1,3,1100,3300
76702,20402,2,3,1800,5400
76703,20402,3,3,2200,6600
76704,20402,8,3,1500,4500
76705,20403,7,1,3800,3800
76706,20403,5,3,1600,4800
76707,20403,3,3,2200,6600
76708,20403,4,2,900,1800
76709,20404,6,2,750,1500
76710,20405,2,3,1800,5400
76711,20405,1,2,1100,2200
76712,20406,2,2,1800,3600
76713,20406,8,3,1500,4500
76714,20407,7,1,3800,3800
76715,20407,6,1,750,750
76716,20408,1,2,1100,2200
76717,20409,4,3,900,2700
76718,20409,5,2,1600,3200
76719,20409,1,3,1100,3300
76720,20409,6,3,750,2250
76721,20410,8,2,1500,3000
76722,20410,7,3,3800,11400
76723,20411,6,3,750,2250
76724,20412,8,3,1500,4500
76725,20412,6,1,750,750
76726,20412,2,2,1800,3600
76727,20412,7,2,3800,7600
76728,20412,3,2,2200,4400
76729,20412,5,2,1600,3200
76730,20412,1,1,1100,1100
76731,20413,6,2,750,1500
76732,20413,8,1,1500,1500
76733,20413,5,1,1600,1600
76734,20413,3,3,2200,6600
76735,20414,2,3,1800,5400
76736,20414,1,2,1100,2200
76737,20414,8,1,1500,1500
76738,20414,3,1,2200,2200
76739,20415,1,3,1100,3300
76740,20415,8,3,1500,4500
76741,20416,3,1,2200,2200
76742,20416,1,2,1100,2200
76743,20417,5,3,1600,4800
76744,20417,8,3,1500,4500
76745,20417,3,2,2200,4400
76746,20417,1,3,1100,3300
76747,20417,4,3,900,2700
76748,20418,6,3,750,2250
76749,20418,2,2,1800,3600
76750,20419,6,2,750,1500
76751,20419,3,1,2200,2200
76752,20419,1,3,1100,3300
76753,20419,8,2,1500,3000
76754,20419,7,1,3800,3800
76755,20419,5,3,1600,4800
76756,20419,4,2,900,1800
76757,20419,2,1,1800,1800
76758,20420,3,2,2200,4400
76759,20420,4,1,900,900
76760,20421,2,3,1800,5400
76761,20421,6,2,750,1500
76762,20422,7,3,3800,11400
76763,20422,5,2,1600,3200
76764,20422,1,3,1100,3300
76765,20422,2,1,1800,1800
76766,20423,4,3,900,2700
76767,20424,2,3,1800,5400
76768,20424,5,3,1600,4800
76769,20424,8,1,1500,1500
76770,20424,6,2,750,1500
76771,20424,1,1,1100,1100
76772,20424,3,3,2200,6600
76773,20424,4,3,900,2700
76774,20425,5,1,1600,1600
76775,20425,6,3,750,2250
76776,20425,8,2,1500,3000
76777,20425,7,3,3800,11400
76778,20425,1,2,1100,2200
76779,20426,2,2,1800,3600
76780,20426,3,3,2200,6600
76781,20426,6,3,750,2250
76782,20426,4,3,900,2700
76783,20427,6,1,750,750
76784,20428,6,3,750,2250
76785,20428,2,2,1800,3600
76786,20428,3,3,2200,6600
76787,20428,1,2,1100,2200
76788,20429,5,3,1600,4800
76789,20429,2,3,1800,5400
76790,20430,2,2,1800,3600
76791,20430,1,1,1100,1100
76792,20430,8,3,1500,4500
76793,20430,7,1,3800,3800
76794,20430,6,3,750,2250
76795,20431,2,3,1800,5400
76796,20431,8,3,1500,4500
76797,20432,8,2,1500,3000
76798,20432,5,1,1600,1600
76799,20433,4,1,900,900
76800,20433,6,3,750,2250
76801,20433,7,3,3800,11400
76802,20433,8,1,1500,1500
76803,20433,3,2,2200,4400
76804,20434,3,2,2200,4400
76805,20434,2,2,1800,3600
76806,20434,7,1,3800,3800
76807,20434,6,3,750,2250
76808,20434,5,2,1600,3200
76809,20434,4,3,900,2700
76810,20434,1,2,1100,2200
76811,20435,8,2,1500,3000
76812,20435,1,1,1100,1100
76813,20436,8,1,1500,1500
76814,20436,6,1,750,750
76815,20436,3,3,2200,6600
76816,20436,4,1,900,900
76817,20436,2,3,1800,5400
76818,20436,1,2,1100,2200
76819,20436,7,2,3800,7600
76820,20436,5,2,1600,3200
76821,20437,1,2,1100,2200
76822,20438,4,1,900,900
76823,20438,5,3,1600,4800
76824,20439,8,1,1500,1500
76825,20439,3,1,2200,2200
76826,20439,2,1,1800,1800
76827,20439,4,3,900,2700
76828,20440,6,2,750,1500
76829,20440,7,3,3800,11400
76830,20440,1,1,1100,1100
76831,20440,5,2,1600,3200
76832,20441,1,2,1100,2200
76833,20441,3,3,2200,6600
76834,20442,8,3,1500,4500
76835,20442,3,2,2200,4400
76836,20442,5,3,1600,4800
76837,20442,6,1,750,750
76838,20443,3,3,2200,6600
76839,20443,7,1,3800,3800
76840,20444,2,1,1800,1800
76841,20445,3,2,2200,4400
76842,20445,5,2,1600,3200
76843,20445,7,2,3800,7600
76844,20445,6,1,750,750
76845,20445,1,2,1100,2200
76846,20446,1,2,1100,2200
76847,20446,5,1,1600,1600
76848,20447,4,2,900,1800
76849,20448,5,2,1600,3200
76850,20448,7,1,3800,3800
76851,20448,2,1,1800,1800
76852,20448,8,3,1500,4500
76853,20449,8,3,1500,4500
76854,20450,5,2,1600,3200
76855,20451,8,2,1500,3000
76856,20451,4,2,900,1800
76857,20452,3,1,2200,2200
76858,20453,5,1,1600,1600
76859,20453,8,3,1500,4500
76860,20454,8,2,1500,3000
76861,20455,7,3,3800,11400
76862,20455,8,1,1500,1500
76863,20456,5,3,1600,4800
76864,20456,4,2,900,1800
76865,20456,3,3,2200,6600
76866,20456,8,2,1500,3000
76867,20457,3,1,2200,2200
76868,20457,8,1,1500,1500
76869,20457,6,2,750,1500
76870,20457,1,1,1100,1100
76871,20458,5,3,1600,4800
76872,20458,3,1,2200,2200
76873,20458,1,2,1100,2200
76874,20458,7,1,3800,3800
76875,20459,8,2,1500,3000
76876,20459,2,2,1800,3600
76877,20459,4,2,900,1800
76878,20459,5,2,1600,3200
76879,20460,1,2,1100,2200
76880,20461,3,1,2200,2200
76881,20461,4,2,900,1800
76882,20461,1,1,1100,1100
76883,20461,5,3,1600,4800
76884,20462,3,1,2200,2200
76885,20462,4,2,900,1800
76886,20462,8,1,1500,1500
76887,20462,2,2,1800,3600
76888,20463,1,2,1100,2200
76889,20463,8,3,1500,4500
76890,20464,8,2,1500,3000
76891,20465,8,2,1500,3000
76892,20466,7,2,3800,7600
76893,20466,6,3,750,2250
76894,20466,2,1,1800,1800
76895,20466,4,2,900,1800
76896,20467,8,2,1500,3000
76897,20467,6,1,750,750
76898,20468,6,2,750,1500
76899,20468,2,2,1800,3600
76900,20469,3,2,2200,4400
76901,20469,8,2,1500,3000
76902,20469,7,2,3800,7600
76903,20469,6,3,750,2250
76904,20470,3,1,2200,2200
76905,20470,4,3,900,2700
76906,20471,6,2,750,1500
76907,20472,3,2,2200,4400
76908,20472,6,1,750,750
76909,20472,1,2,1100,2200
76910,20472,5,2,1600,3200
76911,20473,3,3,2200,6600
76912,20474,1,2,1100,2200
76913,20475,5,2,1600,3200
76914,20475,1,2,1100,2200
76915,20475,4,1,900,900
76916,20475,2,3,1800,5400
76917,20476,3,2,2200,4400
76918,20476,1,3,1100,3300
76919,20476,5,3,1600,4800
76920,20476,6,2,750,1500
76921,20477,4,2,900,1800
76922,20477,7,3,3800,11400
76923,20477,1,2,1100,2200
76924,20477,2,1,1800,1800
76925,20478,6,3,750,2250
76926,20478,2,3,1800,5400
76927,20479,6,1,750,750
76928,20479,3,2,2200,4400
76929,20479,8,2,1500,3000
76930,20479,4,1,900,900
76931,20479,2,1,1800,1800
76932,20480,1,1,1100,1100
76933,20480,4,1,900,900
76934,20480,2,2,1800,3600
76935,20480,5,3,1600,4800
76936,20480,8,2,1500,3000
76937,20481,2,3,1800,5400
76938,20482,4,2,900,1800
76939,20482,3,2,2200,4400
76940,20482,5,1,1600,1600
76941,20482,6,3,750,2250
76942,20483,8,2,1500,3000
76943,20483,4,3,900,2700
76944,20483,1,2,1100,2200
76945,20483,3,3,2200,6600
76946,20483,7,1,3800,3800
76947,20483,5,1,1600,1600
76948,20483,6,3,750,2250
76949,20484,7,3,3800,11400
76950,20484,2,3,1800,5400
76951,20485,2,3,1800,5400
76952,20486,2,2,1800,3600
76953,20486,6,1,750,750
76954,20487,4,3,900,2700
76955,20487,3,2,2200,4400
76956,20487,6,2,750,1500
76957,20487,1,3,1100,3300
76958,20488,4,2,900,1800
76959,20488,5,2,1600,3200
76960,20489,7,1,3800,3800
76961,20489,5,2,1600,3200
76962,20489,3,3,2200,6600
76963,20489,2,3,1800,5400
76964,20490,4,3,900,2700
76965,20490,2,2,1800,3600
76966,20490,7,1,3800,3800
76967,20490,1,1,1100,1100
76968,20490,3,2,2200,4400
76969,20491,1,2,1100,2200
76970,20491,6,1,750,750
76971,20491,2,1,1800,1800
76972,20491,5,1,1600,1600
76973,20491,4,3,900,2700
76974,20492,3,3,2200,6600
76975,20492,5,2,1600,3200
76976,20492,7,2,3800,7600
76977,20492,4,1,900,900
76978,20493,3,2,2200,4400
76979,20493,5,2,1600,3200
76980,20493,6,1,750,750
76981,20493,2,1,1800,1800
76982,20494,2,1,1800,1800
76983,20495,6,2,750,1500
76984,20496,6,1,750,750
76985,20496,2,1,1800,1800
76986,20497,5,3,1600,4800
76987,20497,7,3,3800,11400
76988,20497,1,3,1100,3300
76989,20497,4,2,900,1800
76990,20497,3,1,2200,2200
76991,20497,6,3,750,2250
76992,20497,8,2,1500,3000
76993,20498,1,2,1100,2200
76994,20498,2,1,1800,1800
76995,20499,1,3,1100,3300
76996,20499,6,1,750,750
76997,20499,4,3,900,2700
76998,20499,2,2,1800,3600
76999,20499,3,3,2200,6600
77000,20500,8,2,1500,3000
77001,20500,6,1,750,750
77002,20500,2,1,1800,1800
77003,20500,4,1,900,900
77004,20500,3,1,2200,2200
77005,20500,5,3,1600,4800
77006,20500,7,1,3800,3800
77007,20500,1,2,1100,2200
77008,20501,1,1,1100,1100
77009,20502,5,2,1600,3200
77010,20502,6,2,750,1500
77011,20502,7,1,3800,3800
77012,20502,4,3,900,2700
77013,20503,4,3,900,2700
77014,20503,8,2,1500,3000
77015,20504,6,2,750,1500
77016,20504,1,1,1100,1100
77017,20504,2,1,1800,1800
77018,20504,4,1,900,900
77019,20504,3,2,2200,4400
77020,20505,4,1,900,900
77021,20506,8,3,1500,4500
77022,20506,3,1,2200,2200
77023,20507,6,2,750,1500
77024,20507,7,1,3800,3800
77025,20508,4,3,900,2700
77026,20508,1,2,1100,2200
77027,20509,4,1,900,900
77028,20509,1,2,1100,2200
77029,20509,8,1,1500,1500
77030,20509,3,2,2200,4400
77031,20509,2,3,1800,5400
77032,20510,5,1,1600,1600
77033,20511,6,2,750,1500
77034,20512,1,1,1100,1100
77035,20512,7,2,3800,7600
77036,20513,7,2,3800,7600
77037,20513,8,1,1500,1500
77038,20513,4,2,900,1800
77039,20513,2,1,1800,1800
77040,20513,3,3,2200,6600
77041,20514,2,1,1800,1800
77042,20514,4,3,900,2700
77043,20515,6,3,750,2250
77044,20516,3,2,2200,4400
77045,20516,1,3,1100,3300
77046,20516,5,3,1600,4800
77047,20516,4,2,900,1800
77048,20516,2,1,1800,1800
77049,20516,8,3,1500,4500
77050,20516,6,2,750,1500
77051,20517,1,1,1100,1100
77052,20517,3,1,2200,2200
77053,20517,6,2,750,1500
77054,20517,7,3,3800,11400
77055,20518,5,3,1600,4800
77056,20518,4,1,900,900
77057,20519,6,2,750,1500
77058,20519,7,1,3800,3800
77059,20519,5,2,1600,3200
77060,20519,4,3,900,2700
77061,20520,4,2,900,1800
77062,20520,1,3,1100,3300
77063,20520,7,2,3800,7600
77064,20520,5,3,1600,4800
77065,20521,5,3,1600,4800
77066,20522,8,2,1500,3000
77067,20522,6,2,750,1500
77068,20522,1,1,1100,1100
77069,20522,2,3,1800,5400
77070,20523,8,2,1500,3000
77071,20523,4,1,900,900
77072,20523,7,1,3800,3800
77073,20523,5,1,1600,1600
77074,20524,7,2,3800,7600
77075,20524,6,2,750,1500
77076,20524,1,3,1100,3300
77077,20524,5,3,1600,4800
77078,20525,5,2,1600,3200
77079,20526,6,2,750,1500
77080,20526,8,1,1500,1500
77081,20526,2,3,1800,5400
77082,20526,5,3,1600,4800
77083,20527,5,1,1600,1600
77084,20528,1,2,1100,2200
77085,20529,5,1,1600,1600
77086,20529,4,3,900,2700
77087,20529,1,2,1100,2200
77088,20529,8,1,1500,1500
77089,20529,3,3,2200,6600
77090,20530,8,2,1500,3000
77091,20530,6,1,750,750
77092,20530,5,1,1600,1600
77093,20530,1,2,1100,2200
77094,20531,6,2,750,1500
77095,20531,7,3,3800,11400
77096,20531,8,1,1500,1500
77097,20531,4,2,900,1800
77098,20531,2,1,1800,1800
77099,20532,8,3,1500,4500
77100,20533,4,1,900,900
77101,20533,6,1,750,750
77102,20533,8,1,1500,1500
77103,20533,1,1,1100,1100
77104,20533,3,3,2200,6600
77105,20534,5,2,1600,3200
77106,20535,1,1,1100,1100
77107,20535,8,1,1500,1500
77108,20535,5,3,1600,4800
77109,20535,2,3,1800,5400
77110,20536,8,2,1500,3000
77111,20537,6,1,750,750
77112,20537,7,3,3800,11400
77113,20537,5,3,1600,4800
77114,20537,8,1,1500,1500
77115,20538,7,2,3800,7600
77116,20539,4,2,900,1800
77117,20539,6,2,750,1500
77118,20540,6,1,750,750
77119,20540,3,3,2200,6600
77120,20541,1,3,1100,3300
77121,20542,7,1,3800,3800
77122,20542,2,3,1800,5400
77123,20542,6,2,750,1500
77124,20542,8,2,1500,3000
77125,20543,7,2,3800,7600
77126,20543,4,1,900,900
77127,20543,2,1,1800,1800
77128,20543,1,2,1100,2200
77129,20543,6,3,750,2250
77130,20543,5,2,1600,3200
77131,20543,3,1,2200,2200
77132,20543,8,1,1500,1500
77133,20544,6,3,750,2250
77134,20544,2,2,1800,3600
77135,20545,4,2,900,1800
77136,20546,1,2,1100,2200
77137,20546,2,2,1800,3600
77138,20546,8,1,1500,1500
77139,20546,5,3,1600,4800
77140,20547,3,3,2200,6600
77141,20548,8,3,1500,4500
77142,20548,4,1,900,900
77143,20548,5,3,1600,4800
77144,20548,7,2,3800,7600
77145,20549,3,2,2200,4400
77146,20549,8,2,1500,3000
77147,20550,4,3,900,2700
77148,20551,4,3,900,2700
77149,20551,8,3,1500,4500
77150,20551,1,2,1100,2200
77151,20551,5,3,1600,4800
77152,20552,7,3,3800,11400
77153,20553,3,2,2200,4400
77154,20554,1,1,1100,1100
77155,20555,6,2,750,1500
77156,20556,7,3,3800,11400
77157,20557,5,2,1600,3200
77158,20557,8,1,1500,1500
77159,20557,1,3,1100,3300
77160,20557,3,2,2200,4400
77161,20557,7,1,3800,3800
77162,20557,2,2,1800,3600
77163,20557,6,2,750,1500
77164,20557,4,2,900,1800
77165,20558,8,3,1500,4500
77166,20558,5,1,1600,1600
77167,20558,4,1,900,900
77168,20558,2,3,1800,5400
77169,20558,7,1,3800,3800
77170,20559,5,1,1600,1600
77171,20559,6,3,750,2250
77172,20560,6,2,750,1500
77173,20561,1,2,1100,2200
77174,20561,6,2,750,1500
77175,20561,2,1,1800,1800
77176,20561,8,1,1500,1500
77177,20561,5,2,1600,3200
77178,20561,7,2,3800,7600
77179,20561,3,2,2200,4400
77180,20561,4,2,900,1800
77181,20562,5,1,1600,1600
77182,20562,3,2,2200,4400
77183,20563,6,2,750,1500
77184,20564,1,2,1100,2200
77185,20564,4,2,900,1800
77186,20564,3,3,2200,6600
77187,20564,8,2,1500,3000
77188,20565,7,2,3800,7600
77189,20565,1,3,1100,3300
77190,20566,8,1,1500,1500
77191,20566,2,3,1800,5400
77192,20566,5,3,1600,4800
77193,20566,6,3,750,2250
77194,20566,1,1,1100,1100
77195,20567,8,2,1500,3000
77196,20567,4,2,900,1800
77197,20568,7,3,3800,11400
77198,20569,8,2,1500,3000
77199,20570,8,1,1500,1500
77200,20570,1,1,1100,1100
77201,20570,4,2,900,1800
77202,20570,7,1,3800,3800
77203,20571,5,2,1600,3200
77204,20571,1,1,1100,1100
77205,20572,6,3,750,2250
77206,20572,5,1,1600,1600
77207,20572,2,3,1800,5400
77208,20572,7,2,3800,7600
77209,20572,4,1,900,900
77210,20572,1,2,1100,2200
77211,20572,3,3,2200,6600
77212,20573,6,1,750,750
77213,20574,8,2,1500,3000
77214,20574,6,3,750,2250
77215,20575,8,3,1500,4500
77216,20575,7,3,3800,11400
77217,20576,3,2,2200,4400
77218,20576,4,1,900,900
77219,20576,7,2,3800,7600
77220,20576,6,3,750,2250
77221,20576,8,2,1500,3000
77222,20576,1,1,1100,1100
77223,20576,5,2,1600,3200
77224,20576,2,1,1800,1800
77225,20577,7,2,3800,7600
77226,20577,1,2,1100,2200
77227,20577,3,1,2200,2200
77228,20577,4,2,900,1800
77229,20578,6,3,750,2250
77230,20578,7,2,3800,7600
77231,20578,1,2,1100,2200
77232,20578,8,3,1500,4500
77233,20579,1,3,1100,3300
77234,20580,1,1,1100,1100
77235,20580,3,3,2200,6600
77236,20580,7,1,3800,3800
77237,20580,6,3,750,2250
77238,20580,5,2,1600,3200
77239,20581,4,2,900,1800
77240,20582,5,3,1600,4800
77241,20582,4,1,900,900
77242,20582,6,2,750,1500
77243,20582,1,1,1100,1100
77244,20583,7,2,3800,7600
77245,20584,3,2,2200,4400
77246,20584,2,2,1800,3600
77247,20584,6,3,750,2250
77248,20584,7,3,3800,11400
77249,20584,1,2,1100,2200
77250,20584,5,3,1600,4800
77251,20584,8,3,1500,4500
77252,20584,4,3,900,2700
77253,20585,8,1,1500,1500
77254,20585,2,2,1800,3600
77255,20586,7,1,3800,3800
77256,20586,8,3,1500,4500
77257,20586,6,3,750,2250
77258,20586,1,1,1100,1100
77259,20586,5,1,1600,1600
77260,20587,2,1,1800,1800
77261,20587,1,2,1100,2200
77262,20587,7,3,3800,11400
77263,20587,5,3,1600,4800
77264,20587,8,1,1500,1500
77265,20587,6,3,750,2250
77266,20587,4,1,900,900
77267,20588,3,1,2200,2200
77268,20588,8,2,1500,3000
77269,20588,6,1,750,750
77270,20588,2,1,1800,1800
77271,20589,4,3,900,2700
77272,20590,3,2,2200,4400
77273,20590,5,1,1600,1600
77274,20590,7,1,3800,3800
77275,20590,6,3,750,2250
77276,20591,5,1,1600,1600
77277,20591,1,1,1100,1100
77278,20592,6,2,750,1500
77279,20592,7,3,3800,11400
77280,20593,5,1,1600,1600
77281,20594,1,1,1100,1100
77282,20594,2,3,1800,5400
77283,20594,6,1,750,750
77284,20594,3,2,2200,4400
77285,20594,8,3,1500,4500
77286,20594,4,3,900,2700
77287,20594,7,2,3800,7600
77288,20595,7,2,3800,7600
77289,20595,5,1,1600,1600
77290,20595,1,1,1100,1100
77291,20595,2,1,1800,1800
77292,20595,8,3,1500,4500
77293,20595,6,2,750,1500
77294,20595,3,3,2200,6600
77295,20596,7,1,3800,3800
77296,20596,6,2,750,1500
77297,20597,8,2,1500,3000
77298,20597,1,3,1100,3300
77299,20597,4,2,900,1800
77300,20597,2,2,1800,3600
77301,20598,7,1,3800,3800
77302,20598,8,3,1500,4500
77303,20598,3,3,2200,6600
77304,20598,5,1,1600,1600
77305,20598,2,3,1800,5400
77306,20598,6,1,750,750
77307,20598,1,1,1100,1100
77308,20598,4,3,900,2700
77309,20599,3,2,2200,4400
77310,20599,1,1,1100,1100
77311,20599,2,2,1800,3600
77312,20599,8,2,1500,3000
77313,20600,2,1,1800,1800
77314,20600,8,1,1500,1500
77315,20600,1,2,1100,2200
77316,20600,7,1,3800,3800
77317,20600,5,1,1600,1600
77318,20601,3,1,2200,2200
77319,20601,2,1,1800,1800
77320,20601,8,2,1500,3000
77321,20601,1,3,1100,3300
77322,20601,5,3,1600,4800
77323,20602,6,3,750,2250
77324,20602,4,3,900,2700
77325,20603,7,1,3800,3800
77326,20603,6,1,750,750
77327,20603,1,3,1100,3300
77328,20603,5,1,1600,1600
77329,20604,5,3,1600,4800
77330,20604,1,2,1100,2200
77331,20604,4,3,900,2700
77332,20604,3,1,2200,2200
77333,20604,6,3,750,2250
77334,20605,4,1,900,900
77335,20605,3,2,2200,4400
77336,20605,5,2,1600,3200
77337,20605,8,1,1500,1500
77338,20605,7,3,3800,11400
77339,20605,6,3,750,2250
77340,20605,1,3,1100,3300
77341,20606,3,1,2200,2200
77342,20606,5,2,1600,3200
77343,20606,1,1,1100,1100
77344,20606,4,2,900,1800
77345,20607,7,1,3800,3800
77346,20607,1,3,1100,3300
77347,20607,2,3,1800,5400
77348,20607,3,1,2200,2200
77349,20607,4,3,900,2700
77350,20608,2,1,1800,1800
77351,20608,3,3,2200,6600
77352,20608,5,3,1600,4800
77353,20608,8,1,1500,1500
77354,20608,1,3,1100,3300
77355,20609,4,1,900,900
77356,20610,1,2,1100,2200
77357,20610,6,1,750,750
77358,20611,8,2,1500,3000
77359,20611,6,3,750,2250
77360,20611,3,3,2200,6600
77361,20611,7,1,3800,3800
77362,20611,1,1,1100,1100
77363,20612,3,1,2200,2200
77364,20612,2,2,1800,3600
77365,20612,1,3,1100,3300
77366,20612,8,2,1500,3000
77367,20612,5,3,1600,4800
77368,20612,7,3,3800,11400
77369,20612,6,3,750,2250
77370,20612,4,2,900,1800
77371,20613,8,2,1500,3000
77372,20613,7,1,3800,3800
77373,20613,3,3,2200,6600
77374,20613,4,2,900,1800
77375,20614,2,1,1800,1800
77376,20614,3,1,2200,2200
77377,20614,1,3,1100,3300
77378,20614,5,3,1600,4800
77379,20614,6,1,750,750
77380,20614,7,3,3800,11400
77381,20614,8,3,1500,4500
77382,20615,5,2,1600,3200
77383,20616,3,3,2200,6600
77384,20617,4,3,900,2700
77385,20617,3,2,2200,4400
77386,20618,4,3,900,2700
77387,20618,1,2,1100,2200
77388,20619,2,2,1800,3600
77389,20620,2,2,1800,3600
77390,20621,1,3,1100,3300
77391,20621,7,2,3800,7600
77392,20622,1,1,1100,1100
77393,20622,6,2,750,1500
77394,20622,5,2,1600,3200
77395,20622,4,2,900,1800
77396,20622,7,1,3800,3800
77397,20622,2,2,1800,3600
77398,20622,8,3,1500,4500
77399,20623,8,2,1500,3000
77400,20623,4,2,900,1800
77401,20623,5,3,1600,4800
77402,20623,1,1,1100,1100
77403,20623,3,2,2200,4400
77404,20623,6,2,750,1500
77405,20623,2,3,1800,5400
77406,20624,7,3,3800,11400
77407,20624,8,3,1500,4500
77408,20624,4,2,900,1800
77409,20624,5,2,1600,3200
77410,20625,8,1,1500,1500
77411,20626,5,2,1600,3200
77412,20626,1,2,1100,2200
77413,20626,3,1,2200,2200
77414,20626,2,1,1800,1800
77415,20627,3,1,2200,2200
77416,20627,4,1,900,900
77417,20627,6,1,750,750
77418,20627,1,1,1100,1100
77419,20628,1,3,1100,3300
77420,20628,7,1,3800,3800
77421,20629,7,2,3800,7600
77422,20629,6,3,750,2250
77423,20630,1,3,1100,3300
77424,20631,5,1,1600,1600
77425,20631,1,3,1100,3300
77426,20632,1,2,1100,2200
77427,20633,1,2,1100,2200
77428,20633,4,3,900,2700
77429,20633,8,1,1500,1500
77430,20633,5,1,1600,1600
77431,20633,6,2,750,1500
77432,20634,4,2,900,1800
77433,20635,2,2,1800,3600
77434,20635,1,3,1100,3300
77435,20636,5,2,1600,3200
77436,20637,2,3,1800,5400
77437,20637,5,3,1600,4800
77438,20637,6,2,750,1500
77439,20637,1,1,1100,1100
77440,20638,1,3,1100,3300
77441,20638,2,2,1800,3600
77442,20638,4,3,900,2700
77443,20638,7,3,3800,11400
77444,20639,4,2,900,1800
77445,20639,5,3,1600,4800
77446,20640,6,3,750,2250
77447,20640,2,2,1800,3600
77448,20641,5,1,1600,1600
77449,20642,1,2,1100,2200
77450,20643,4,2,900,1800
77451,20643,6,2,750,1500
77452,20643,7,2,3800,7600
77453,20643,8,1,1500,1500
77454,20644,1,1,1100,1100
77455,20645,1,1,1100,1100
77456,20645,7,1,3800,3800
77457,20646,2,1,1800,1800
77458,20646,1,3,1100,3300
77459,20646,3,2,2200,4400
77460,20646,8,3,1500,4500
77461,20647,6,2,750,1500
77462,20647,2,2,1800,3600
77463,20648,1,2,1100,2200
77464,20648,4,3,900,2700
77465,20648,2,3,1800,5400
77466,20648,6,2,750,1500
77467,20649,1,3,1100,3300
77468,20649,7,2,3800,7600
77469,20649,4,2,900,1800
77470,20649,2,2,1800,3600
77471,20649,5,2,1600,3200
77472,20650,8,2,1500,3000
77473,20650,6,2,750,1500
77474,20650,5,3,1600,4800
77475,20650,2,2,1800,3600
77476,20650,7,1,3800,3800
77477,20651,1,3,1100,3300
77478,20652,8,1,1500,1500
77479,20653,3,1,2200,2200
77480,20654,6,2,750,1500
77481,20654,3,3,2200,6600
77482,20654,7,2,3800,7600
77483,20654,4,2,900,1800
77484,20654,5,3,1600,4800
77485,20654,1,1,1100,1100
77486,20654,2,1,1800,1800
77487,20654,8,2,1500,3000
77488,20655,2,2,1800,3600
77489,20655,4,3,900,2700
77490,20656,5,2,1600,3200
77491,20656,8,2,1500,3000
77492,20657,6,1,750,750
77493,20657,5,2,1600,3200
77494,20657,7,2,3800,7600
77495,20657,1,1,1100,1100
77496,20657,2,3,1800,5400
77497,20657,8,1,1500,1500
77498,20657,4,2,900,1800
77499,20658,1,1,1100,1100
77500,20658,8,2,1500,3000
77501,20659,7,1,3800,3800
77502,20660,8,3,1500,4500
77503,20660,7,3,3800,11400
77504,20661,8,1,1500,1500
77505,20661,5,1,1600,1600
77506,20662,1,3,1100,3300
77507,20663,1,3,1100,3300
77508,20663,8,3,1500,4500
77509,20664,3,1,2200,2200
77510,20664,8,2,1500,3000
77511,20664,2,2,1800,3600
77512,20664,4,2,900,1800
77513,20664,1,2,1100,2200
77514,20665,2,2,1800,3600
77515,20665,5,1,1600,1600
77516,20666,4,2,900,1800
77517,20666,2,1,1800,1800
77518,20666,5,1,1600,1600
77519,20666,7,1,3800,3800
77520,20666,1,2,1100,2200
77521,20666,6,1,750,750
77522,20666,3,3,2200,6600
77523,20666,8,3,1500,4500
77524,20667,8,1,1500,1500
77525,20667,1,2,1100,2200
77526,20667,4,3,900,2700
77527,20667,2,2,1800,3600
77528,20667,5,1,1600,1600
77529,20668,1,2,1100,2200
77530,20669,8,2,1500,3000
77531,20669,7,2,3800,7600
77532,20669,1,2,1100,2200
77533,20669,3,3,2200,6600
77534,20669,2,1,1800,1800
77535,20669,4,2,900,1800
77536,20669,5,3,1600,4800
77537,20670,7,2,3800,7600
77538,20671,1,3,1100,3300
77539,20671,5,2,1600,3200
77540,20671,2,2,1800,3600
77541,20671,3,1,2200,2200
77542,20671,4,1,900,900
77543,20672,6,2,750,1500
77544,20672,1,3,1100,3300
77545,20672,5,3,1600,4800
77546,20672,4,3,900,2700
77547,20672,7,2,3800,7600
77548,20673,2,2,1800,3600
77549,20673,1,2,1100,2200
77550,20674,6,3,750,2250
77551,20674,2,1,1800,1800
77552,20674,7,3,3800,11400
77553,20674,4,1,900,900
77554,20675,6,3,750,2250
77555,20676,2,1,1800,1800
77556,20676,1,1,1100,1100
77557,20676,7,2,3800,7600
77558,20676,4,3,900,2700
77559,20676,3,2,2200,4400
77560,20677,5,3,1600,4800
77561,20677,7,2,3800,7600
77562,20677,6,2,750,1500
77563,20677,8,2,1500,3000
77564,20677,4,2,900,1800
77565,20677,3,2,2200,4400
77566,20677,2,2,1800,3600
77567,20677,1,3,1100,3300
77568,20678,7,2,3800,7600
77569,20679,1,1,1100,1100
77570,20680,2,3,1800,5400
77571,20680,3,1,2200,2200
77572,20680,8,1,1500,1500
77573,20680,1,2,1100,2200
77574,20680,4,1,900,900
77575,20681,4,2,900,1800
77576,20681,7,3,3800,11400
77577,20681,8,1,1500,1500
77578,20681,1,3,1100,3300
77579,20682,5,3,1600,4800
77580,20682,8,2,1500,3000
77581,20683,2,2,1800,3600
77582,20683,4,3,900,2700
77583,20683,6,3,750,2250
77584,20683,3,2,2200,4400
77585,20683,7,1,3800,3800
77586,20684,3,3,2200,6600
77587,20684,5,1,1600,1600
77588,20684,7,1,3800,3800
77589,20684,1,3,1100,3300
77590,20685,1,2,1100,2200
77591,20685,2,1,1800,1800
77592,20685,5,2,1600,3200
77593,20685,7,2,3800,7600
77594,20685,4,1,900,900
77595,20686,7,1,3800,3800
77596,20686,1,2,1100,2200
77597,20686,6,3,750,2250
77598,20686,4,1,900,900
77599,20686,2,2,1800,3600
77600,20686,5,1,1600,1600
77601,20686,8,1,1500,1500
77602,20686,3,3,2200,6600
77603,20687,3,3,2200,6600
77604,20687,7,2,3800,7600
77605,20687,5,1,1600,1600
77606,20687,4,2,900,1800
77607,20688,5,1,1600,1600
77608,20689,4,1,900,900
77609,20689,2,1,1800,1800
77610,20689,8,3,1500,4500
77611,20689,6,3,750,2250
77612,20690,6,2,750,1500
77613,20690,3,2,2200,4400
77614,20691,5,2,1600,3200
77615,20692,1,2,1100,2200
77616,20693,2,1,1800,1800
77617,20693,6,1,750,750
77618,20694,6,2,750,1500
77619,20694,5,3,1600,4800
77620,20694,3,1,2200,2200
77621,20694,4,3,900,2700
77622,20694,2,2,1800,3600
77623,20695,3,3,2200,6600
77624,20696,6,3,750,2250
77625,20697,7,2,3800,7600
77626,20697,2,2,1800,3600
77627,20698,3,1,2200,2200
77628,20699,7,1,3800,3800
77629,20699,4,2,900,1800
77630,20700,8,3,1500,4500
77631,20700,3,3,2200,6600
77632,20700,1,1,1100,1100
77633,20700,6,2,750,1500
77634,20700,2,2,1800,3600
77635,20701,1,2,1100,2200
77636,20701,3,2,2200,4400
77637,20701,7,2,3800,7600
77638,20701,6,2,750,1500
77639,20702,2,2,1800,3600
77640,20702,4,1,900,900
77641,20703,2,3,1800,5400
77642,20703,8,2,1500,3000
77643,20703,3,3,2200,6600
77644,20703,4,2,900,1800
77645,20703,6,1,750,750
77646,20704,3,1,2200,2200
77647,20705,7,1,3800,3800
77648,20705,4,3,900,2700
77649,20705,1,2,1100,2200
77650,20705,2,3,1800,5400
77651,20706,4,1,900,900
77652,20706,7,3,3800,11400
77653,20706,8,2,1500,3000
77654,20706,2,2,1800,3600
77655,20707,3,1,2200,2200
77656,20707,5,2,1600,3200
77657,20707,8,3,1500,4500
77658,20707,2,3,1800,5400
77659,20707,4,2,900,1800
77660,20707,6,2,750,1500
77661,20707,7,1,3800,3800
77662,20707,1,1,1100,1100
77663,20708,7,1,3800,3800
77664,20709,8,3,1500,4500
77665,20709,4,3,900,2700
77666,20710,1,1,1100,1100
77667,20710,4,2,900,1800
77668,20710,2,2,1800,3600
77669,20710,7,2,3800,7600
77670,20710,6,2,750,1500
77671,20710,8,1,1500,1500
77672,20710,3,3,2200,6600
77673,20711,5,2,1600,3200
77674,20711,4,3,900,2700
77675,20711,3,3,2200,6600
77676,20711,1,1,1100,1100
77677,20711,8,2,1500,3000
77678,20711,2,3,1800,5400
77679,20711,6,3,750,2250
77680,20712,1,1,1100,1100
77681,20712,8,1,1500,1500
77682,20713,3,3,2200,6600
77683,20713,7,3,3800,11400
77684,20713,4,1,900,900
77685,20713,8,3,1500,4500
77686,20713,5,3,1600,4800
77687,20713,2,3,1800,5400
77688,20713,6,3,750,2250
77689,20714,3,1,2200,2200
77690,20715,8,3,1500,4500
77691,20715,4,2,900,1800
77692,20715,5,2,1600,3200
77693,20715,1,2,1100,2200
77694,20715,3,3,2200,6600
77695,20716,4,1,900,900
77696,20716,1,2,1100,2200
77697,20716,3,2,2200,4400
77698,20716,7,2,3800,7600
77699,20717,1,1,1100,1100
77700,20717,3,1,2200,2200
77701,20717,4,1,900,900
77702,20717,2,1,1800,1800
77703,20717,5,2,1600,3200
77704,20717,6,1,750,750
77705,20717,8,3,1500,4500
77706,20718,6,2,750,1500
77707,20718,5,1,1600,1600
77708,20719,1,2,1100,2200
77709,20719,2,3,1800,5400
77710,20719,3,2,2200,4400
77711,20719,8,1,1500,1500
77712,20720,5,1,1600,1600
77713,20721,6,1,750,750
77714,20721,4,1,900,900
77715,20721,2,3,1800,5400
77716,20721,7,3,3800,11400
77717,20722,3,2,2200,4400
77718,20722,4,1,900,900
77719,20722,7,2,3800,7600
77720,20722,8,1,1500,1500
77721,20723,6,3,750,2250
77722,20723,5,2,1600,3200
77723,20723,1,2,1100,2200
77724,20723,4,1,900,900
77725,20723,3,1,2200,2200
77726,20723,7,1,3800,3800
77727,20723,8,3,1500,4500
77728,20724,2,3,1800,5400
77729,20725,7,1,3800,3800
77730,20726,5,1,1600,1600
77731,20726,6,1,750,750
77732,20726,3,3,2200,6600
77733,20726,7,1,3800,3800
77734,20727,7,1,3800,3800
77735,20728,2,2,1800,3600
77736,20728,4,3,900,2700
77737,20728,1,2,1100,2200
77738,20728,5,3,1600,4800
77739,20728,7,3,3800,11400
77740,20729,7,3,3800,11400
77741,20729,8,1,1500,1500
77742,20730,5,2,1600,3200
77743,20730,1,1,1100,1100
77744,20730,8,3,1500,4500
77745,20730,6,3,750,2250
77746,20731,4,2,900,1800
77747,20731,2,3,1800,5400
77748,20731,8,2,1500,3000
77749,20731,1,2,1100,2200
77750,20732,5,2,1600,3200
77751,20733,6,2,750,1500
77752,20734,6,3,750,2250
77753,20734,3,3,2200,6600
77754,20734,4,1,900,900
77755,20734,2,3,1800,5400
77756,20734,1,3,1100,3300
77757,20735,3,2,2200,4400
77758,20735,7,1,3800,3800
77759,20736,1,3,1100,3300
77760,20737,2,3,1800,5400
77761,20738,5,3,1600,4800
77762,20738,7,2,3800,7600
77763,20739,3,2,2200,4400
77764,20740,5,1,1600,1600
77765,20741,1,1,1100,1100
77766,20741,4,1,900,900
77767,20742,4,1,900,900
77768,20742,5,2,1600,3200
77769,20743,2,3,1800,5400
77770,20743,4,3,900,2700
77771,20744,4,3,900,2700
77772,20744,1,1,1100,1100
77773,20744,6,1,750,750
77774,20744,8,3,1500,4500
77775,20745,7,3,3800,11400
77776,20745,1,3,1100,3300
77777,20745,5,1,1600,1600
77778,20745,6,3,750,2250
77779,20745,2,1,1800,1800
77780,20745,3,2,2200,4400
77781,20745,4,3,900,2700
77782,20745,8,2,1500,3000
77783,20746,4,3,900,2700
77784,20746,6,3,750,2250
77785,20746,3,1,2200,2200
77786,20746,7,1,3800,3800
77787,20746,2,2,1800,3600
77788,20747,1,3,1100,3300
77789,20748,5,2,1600,3200
77790,20748,6,1,750,750
77791,20748,7,2,3800,7600
77792,20748,2,3,1800,5400
77793,20749,4,3,900,2700
77794,20749,2,2,1800,3600
77795,20750,3,3,2200,6600
77796,20751,7,3,3800,11400
77797,20751,3,1,2200,2200
77798,20751,4,3,900,2700
77799,20751,1,2,1100,2200
77800,20751,2,1,1800,1800
77801,20751,5,2,1600,3200
77802,20751,8,3,1500,4500
77803,20752,6,2,750,1500
77804,20752,8,3,1500,4500
77805,20753,5,3,1600,4800
77806,20753,6,2,750,1500
77807,20754,8,2,1500,3000
77808,20755,7,1,3800,3800
77809,20755,3,2,2200,4400
77810,20755,8,1,1500,1500
77811,20755,6,1,750,750
77812,20756,4,3,900,2700
77813,20757,7,1,3800,3800
77814,20758,8,2,1500,3000
77815,20758,2,3,1800,5400
77816,20759,2,3,1800,5400
77817,20759,3,2,2200,4400
77818,20760,7,3,3800,11400
77819,20760,6,3,750,2250
77820,20760,4,2,900,1800
77821,20760,1,1,1100,1100
77822,20761,6,2,750,1500
77823,20761,5,2,1600,3200
77824,20761,4,2,900,1800
77825,20761,7,2,3800,7600
77826,20762,4,1,900,900
77827,20762,3,3,2200,6600
77828,20762,8,2,1500,3000
77829,20762,7,2,3800,7600
77830,20762,1,3,1100,3300
77831,20762,6,1,750,750
77832,20762,5,3,1600,4800
77833,20763,6,1,750,750
77834,20763,4,2,900,1800
77835,20763,8,2,1500,3000
77836,20763,1,3,1100,3300
77837,20763,7,2,3800,7600
77838,20764,3,1,2200,2200
77839,20764,5,2,1600,3200
77840,20764,2,2,1800,3600
77841,20764,4,2,900,1800
77842,20764,6,2,750,1500
77843,20765,2,1,1800,1800
77844,20765,6,1,750,750
77845,20765,5,3,1600,4800
77846,20765,7,2,3800,7600
77847,20765,3,1,2200,2200
77848,20765,1,2,1100,2200
77849,20765,4,2,900,1800
77850,20765,8,2,1500,3000
77851,20766,8,2,1500,3000
77852,20767,8,3,1500,4500
77853,20767,7,2,3800,7600
77854,20767,6,2,750,1500
77855,20767,1,3,1100,3300
77856,20767,3,2,2200,4400
77857,20767,4,1,900,900
77858,20767,2,2,1800,3600
77859,20768,6,3,750,2250
77860,20768,2,2,1800,3600
77861,20768,3,1,2200,2200
77862,20768,1,2,1100,2200
77863,20768,4,2,900,1800
77864,20768,7,1,3800,3800
77865,20768,8,3,1500,4500
77866,20769,7,1,3800,3800
77867,20770,1,1,1100,1100
77868,20770,6,2,750,1500
77869,20770,7,3,3800,11400
77870,20770,5,3,1600,4800
77871,20770,2,3,1800,5400
77872,20771,3,2,2200,4400
77873,20771,5,1,1600,1600
77874,20771,1,2,1100,2200
77875,20771,2,1,1800,1800
77876,20771,6,3,750,2250
77877,20772,1,2,1100,2200
77878,20772,6,1,750,750
77879,20773,8,1,1500,1500
77880,20774,4,2,900,1800
77881,20774,5,2,1600,3200
77882,20775,8,1,1500,1500
77883,20775,5,2,1600,3200
77884,20775,6,2,750,1500
77885,20775,2,3,1800,5400
77886,20775,4,2,900,1800
77887,20775,7,2,3800,7600
77888,20775,1,2,1100,2200
77889,20775,3,2,2200,4400
77890,20776,8,2,1500,3000
77891,20777,3,1,2200,2200
77892,20777,5,3,1600,4800
77893,20778,4,2,900,1800
77894,20778,6,2,750,1500
77895,20778,3,1,2200,2200
77896,20778,1,3,1100,3300
77897,20779,2,3,1800,5400
77898,20779,4,1,900,900
77899,20780,4,2,900,1800
77900,20781,8,1,1500,1500
77901,20782,5,1,1600,1600
77902,20782,6,2,750,1500
77903,20783,2,1,1800,1800
77904,20783,4,2,900,1800
77905,20783,3,2,2200,4400
77906,20783,1,2,1100,2200
77907,20784,6,3,750,2250
77908,20784,4,3,900,2700
77909,20784,1,3,1100,3300
77910,20784,8,2,1500,3000
77911,20784,2,3,1800,5400
77912,20785,3,1,2200,2200
77913,20785,7,2,3800,7600
77914,20785,6,3,750,2250
77915,20785,8,2,1500,3000
77916,20785,1,1,1100,1100
77917,20785,4,2,900,1800
77918,20785,2,2,1800,3600
77919,20786,5,2,1600,3200
77920,20787,2,3,1800,5400
77921,20787,6,3,750,2250
77922,20788,7,3,3800,11400
77923,20788,3,3,2200,6600
77924,20789,6,1,750,750
77925,20789,7,2,3800,7600
77926,20789,1,1,1100,1100
77927,20789,4,1,900,900
77928,20789,5,2,1600,3200
77929,20790,3,1,2200,2200
77930,20790,8,1,1500,1500
77931,20791,5,3,1600,4800
77932,20791,7,1,3800,3800
77933,20792,2,2,1800,3600
77934,20792,4,3,900,2700
77935,20792,7,3,3800,11400
77936,20792,1,2,1100,2200
77937,20793,6,3,750,2250
77938,20793,5,3,1600,4800
77939,20794,2,3,1800,5400
77940,20794,6,2,750,1500
77941,20794,3,2,2200,4400
77942,20794,7,1,3800,3800
77943,20794,4,2,900,1800
77944,20795,6,1,750,750
77945,20795,5,1,1600,1600
77946,20795,8,1,1500,1500
77947,20795,3,2,2200,4400
77948,20795,4,3,900,2700
77949,20795,7,3,3800,11400
77950,20795,1,2,1100,2200
77951,20795,2,3,1800,5400
77952,20796,6,1,750,750
77953,20796,3,1,2200,2200
77954,20796,1,3,1100,3300
77955,20796,8,2,1500,3000
77956,20797,5,1,1600,1600
77957,20797,2,2,1800,3600
77958,20798,6,3,750,2250
77959,20798,4,3,900,2700
77960,20798,2,2,1800,3600
77961,20798,8,2,1500,3000
77962,20799,8,1,1500,1500
77963,20800,6,2,750,1500
77964,20801,1,1,1100,1100
77965,20801,8,1,1500,1500
77966,20801,7,3,3800,11400
77967,20801,2,1,1800,1800
77968,20801,4,3,900,2700
77969,20802,5,1,1600,1600
77970,20803,3,2,2200,4400
77971,20804,7,1,3800,3800
77972,20804,6,3,750,2250
77973,20804,3,2,2200,4400
77974,20804,8,1,1500,1500
77975,20804,4,3,900,2700
77976,20805,6,1,750,750
77977,20805,7,3,3800,11400
77978,20806,7,1,3800,3800
77979,20806,3,2,2200,4400
77980,20807,2,1,1800,1800
77981,20808,1,3,1100,3300
77982,20808,3,3,2200,6600
77983,20809,1,1,1100,1100
77984,20809,7,2,3800,7600
77985,20809,5,3,1600,4800
77986,20809,4,2,900,1800
77987,20810,2,1,1800,1800
77988,20810,6,1,750,750
77989,20810,1,1,1100,1100
77990,20810,3,2,2200,4400
77991,20811,1,1,1100,1100
77992,20811,2,3,1800,5400
77993,20812,6,1,750,750
77994,20812,2,3,1800,5400
77995,20812,1,3,1100,3300
77996,20812,3,2,2200,4400
77997,20812,5,2,1600,3200
77998,20812,4,2,900,1800
77999,20812,8,1,1500,1500
78000,20812,7,1,3800,3800
78001,20813,1,1,1100,1100
78002,20814,8,2,1500,3000
78003,20814,1,3,1100,3300
78004,20814,2,3,1800,5400
78005,20814,5,2,1600,3200
78006,20814,7,3,3800,11400
78007,20814,4,3,900,2700
78008,20814,6,2,750,1500
78009,20815,3,3,2200,6600
78010,20815,8,3,1500,4500
78011,20815,4,1,900,900
78012,20815,7,3,3800,11400
78013,20816,1,2,1100,2200
78014,20817,5,3,1600,4800
78015,20818,6,2,750,1500
78016,20818,5,2,1600,3200
78017,20819,4,3,900,2700
78018,20819,5,3,1600,4800
78019,20820,8,1,1500,1500
78020,20821,2,2,1800,3600
78021,20822,6,3,750,2250
78022,20823,1,2,1100,2200
78023,20823,3,2,2200,4400
78024,20823,7,2,3800,7600
78025,20823,2,3,1800,5400
78026,20824,1,1,1100,1100
78027,20825,3,3,2200,6600
78028,20826,1,3,1100,3300
78029,20826,8,3,1500,4500
78030,20826,5,1,1600,1600
78031,20826,7,3,3800,11400
78032,20827,5,1,1600,1600
78033,20827,7,1,3800,3800
78034,20828,6,3,750,2250
78035,20828,2,1,1800,1800
78036,20828,4,3,900,2700
78037,20828,3,2,2200,4400
78038,20828,8,3,1500,4500
78039,20828,5,3,1600,4800
78040,20828,1,3,1100,3300
78041,20828,7,1,3800,3800
78042,20829,6,3,750,2250
78043,20829,7,2,3800,7600
78044,20829,5,3,1600,4800
78045,20829,2,3,1800,5400
78046,20829,1,1,1100,1100
78047,20829,4,2,900,1800
78048,20829,8,2,1500,3000
78049,20829,3,2,2200,4400
78050,20830,6,3,750,2250
78051,20830,8,2,1500,3000
78052,20830,3,2,2200,4400
78053,20830,1,1,1100,1100
78054,20831,3,3,2200,6600
78055,20831,5,1,1600,1600
78056,20832,4,1,900,900
78057,20832,3,2,2200,4400
78058,20832,2,3,1800,5400
78059,20832,7,1,3800,3800
78060,20833,8,1,1500,1500
78061,20833,1,1,1100,1100
78062,20834,6,1,750,750
78063,20834,3,2,2200,4400
78064,20834,1,2,1100,2200
78065,20834,2,1,1800,1800
78066,20835,7,2,3800,7600
78067,20835,4,1,900,900
78068,20835,6,1,750,750
78069,20835,5,1,1600,1600
78070,20835,1,1,1100,1100
78071,20836,4,2,900,1800
78072,20836,8,3,1500,4500
78073,20837,7,2,3800,7600
78074,20837,3,1,2200,2200
78075,20838,5,3,1600,4800
78076,20838,7,1,3800,3800
78077,20838,1,3,1100,3300
78078,20838,4,2,900,1800
78079,20838,2,2,1800,3600
78080,20838,6,2,750,1500
78081,20838,3,2,2200,4400
78082,20839,3,2,2200,4400
78083,20839,4,2,900,1800
78084,20839,8,3,1500,4500
78085,20839,7,1,3800,3800
78086,20840,4,1,900,900
78087,20840,6,1,750,750
78088,20840,3,3,2200,6600
78089,20840,8,3,1500,4500
78090,20840,2,1,1800,1800
78091,20841,7,1,3800,3800
78092,20842,8,2,1500,3000
78093,20843,6,1,750,750
78094,20844,7,1,3800,3800
78095,20844,6,3,750,2250
78096,20845,1,3,1100,3300
78097,20845,5,2,1600,3200
78098,20845,6,2,750,1500
78099,20845,8,3,1500,4500
78100,20846,4,1,900,900
78101,20846,2,2,1800,3600
78102,20846,3,3,2200,6600
78103,20846,7,2,3800,7600
78104,20847,1,1,1100,1100
78105,20847,7,3,3800,11400
78106,20848,4,3,900,2700
78107,20848,5,2,1600,3200
78108,20849,4,2,900,1800
78109,20849,8,3,1500,4500
78110,20849,2,1,1800,1800
78111,20849,6,2,750,1500
78112,20849,7,3,3800,11400
78113,20850,2,2,1800,3600
78114,20850,1,1,1100,1100
78115,20850,3,2,2200,4400
78116,20850,8,1,1500,1500
78117,20851,3,3,2200,6600
78118,20851,8,2,1500,3000
78119,20851,1,2,1100,2200
78120,20851,5,3,1600,4800
78121,20851,2,1,1800,1800
78122,20851,4,3,900,2700
78123,20851,6,2,750,1500
78124,20852,2,2,1800,3600
78125,20853,4,3,900,2700
78126,20854,1,1,1100,1100
78127,20855,8,1,1500,1500
78128,20855,2,3,1800,5400
78129,20856,7,2,3800,7600
78130,20857,4,2,900,1800
78131,20857,8,2,1500,3000
78132,20858,2,2,1800,3600
78133,20858,5,1,1600,1600
78134,20858,4,3,900,2700
78135,20858,7,1,3800,3800
78136,20858,1,2,1100,2200
78137,20859,8,2,1500,3000
78138,20859,3,2,2200,4400
78139,20859,4,2,900,1800
78140,20859,2,2,1800,3600
78141,20859,1,2,1100,2200
78142,20860,8,3,1500,4500
78143,20860,3,3,2200,6600
78144,20861,3,2,2200,4400
78145,20861,4,3,900,2700
78146,20861,8,1,1500,1500
78147,20861,1,1,1100,1100
78148,20861,2,1,1800,1800
78149,20862,3,3,2200,6600
78150,20862,2,3,1800,5400
78151,20862,1,3,1100,3300
78152,20862,6,3,750,2250
78153,20863,8,1,1500,1500
78154,20863,1,3,1100,3300
78155,20863,7,1,3800,3800
78156,20863,6,1,750,750
78157,20863,3,3,2200,6600
78158,20863,5,1,1600,1600
78159,20863,2,2,1800,3600
78160,20863,4,1,900,900
78161,20864,3,3,2200,6600
78162,20865,4,3,900,2700
78163,20865,5,2,1600,3200
78164,20866,5,1,1600,1600
78165,20867,5,1,1600,1600
78166,20868,1,2,1100,2200
78167,20868,5,1,1600,1600
78168,20868,7,1,3800,3800
78169,20868,4,2,900,1800
78170,20869,3,2,2200,4400
78171,20870,3,1,2200,2200
78172,20871,6,2,750,1500
78173,20872,7,1,3800,3800
78174,20872,2,2,1800,3600
78175,20872,6,1,750,750
78176,20872,1,2,1100,2200
78177,20873,1,2,1100,2200
78178,20874,1,1,1100,1100
78179,20874,6,2,750,1500
78180,20874,4,1,900,900
78181,20874,7,3,3800,11400
78182,20874,3,2,2200,4400
78183,20874,8,1,1500,1500
78184,20874,5,2,1600,3200
78185,20874,2,2,1800,3600
78186,20875,1,3,1100,3300
78187,20875,4,3,900,2700
78188,20875,3,1,2200,2200
78189,20875,8,3,1500,4500
78190,20876,7,1,3800,3800
78191,20876,5,2,1600,3200
78192,20877,8,1,1500,1500
78193,20877,2,3,1800,5400
78194,20878,5,3,1600,4800
78195,20878,6,2,750,1500
78196,20879,8,1,1500,1500
78197,20879,3,1,2200,2200
78198,20879,7,1,3800,3800
78199,20879,5,2,1600,3200
78200,20880,4,1,900,900
78201,20880,3,3,2200,6600
78202,20880,2,3,1800,5400
78203,20880,7,2,3800,7600
78204,20881,4,3,900,2700
78205,20881,6,3,750,2250
78206,20882,1,2,1100,2200
78207,20883,7,1,3800,3800
78208,20883,8,1,1500,1500
78209,20883,1,2,1100,2200
78210,20883,4,1,900,900
78211,20884,7,1,3800,3800
78212,20884,3,1,2200,2200
78213,20884,1,2,1100,2200
78214,20884,8,3,1500,4500
78215,20884,2,2,1800,3600
78216,20884,5,3,1600,4800
78217,20884,4,3,900,2700
78218,20885,4,2,900,1800
78219,20885,7,3,3800,11400
78220,20885,2,3,1800,5400
78221,20885,8,2,1500,3000
78222,20886,8,1,1500,1500
78223,20886,4,1,900,900
78224,20886,5,2,1600,3200
78225,20886,7,3,3800,11400
78226,20887,4,1,900,900
78227,20888,5,3,1600,4800
78228,20888,1,2,1100,2200
78229,20888,8,1,1500,1500
78230,20888,6,2,750,1500
78231,20888,7,3,3800,11400
78232,20889,5,1,1600,1600
78233,20890,1,1,1100,1100
78234,20890,6,2,750,1500
78235,20890,5,2,1600,3200
78236,20890,3,1,2200,2200
78237,20891,7,2,3800,7600
78238,20891,8,1,1500,1500
78239,20891,4,3,900,2700
78240,20891,2,1,1800,1800
78241,20892,8,2,1500,3000
78242,20892,6,1,750,750
78243,20892,7,1,3800,3800
78244,20892,2,3,1800,5400
78245,20892,5,1,1600,1600
78246,20892,1,3,1100,3300
78247,20892,4,2,900,1800
78248,20893,6,1,750,750
78249,20893,1,1,1100,1100
78250,20893,2,1,1800,1800
78251,20893,5,2,1600,3200
78252,20894,4,1,900,900
78253,20895,2,1,1800,1800
78254,20895,6,2,750,1500
78255,20895,8,3,1500,4500
78256,20895,7,1,3800,3800
78257,20895,5,1,1600,1600
78258,20895,3,3,2200,6600
78259,20895,1,3,1100,3300
78260,20896,1,2,1100,2200
78261,20896,4,1,900,900
78262,20897,1,1,1100,1100
78263,20898,5,2,1600,3200
78264,20898,3,2,2200,4400
78265,20899,8,1,1500,1500
78266,20899,2,1,1800,1800
78267,20899,5,2,1600,3200
78268,20899,6,3,750,2250
78269,20900,5,1,1600,1600
78270,20900,4,3,900,2700
78271,20900,6,1,750,750
78272,20900,2,2,1800,3600
78273,20900,1,1,1100,1100
78274,20900,3,1,2200,2200
78275,20900,8,2,1500,3000
78276,20900,7,3,3800,11400
78277,20901,6,2,750,1500
78278,20901,4,2,900,1800
78279,20901,8,3,1500,4500
78280,20901,1,1,1100,1100
78281,20901,5,2,1600,3200
78282,20902,1,2,1100,2200
78283,20902,6,3,750,2250
78284,20903,8,2,1500,3000
78285,20903,1,1,1100,1100
78286,20903,3,3,2200,6600
78287,20903,5,2,1600,3200
78288,20904,1,1,1100,1100
78289,20904,4,3,900,2700
78290,20905,4,1,900,900
78291,20905,7,2,3800,7600
78292,20906,4,3,900,2700
78293,20906,2,2,1800,3600
78294,20906,6,1,750,750
78295,20906,7,1,3800,3800
78296,20907,2,3,1800,5400
78297,20907,4,1,900,900
78298,20907,1,1,1100,1100
78299,20907,6,3,750,2250
78300,20907,7,2,3800,7600
78301,20907,3,1,2200,2200
78302,20907,5,3,1600,4800
78303,20908,3,3,2200,6600
78304,20908,2,1,1800,1800
78305,20908,5,3,1600,4800
78306,20908,4,2,900,1800
78307,20908,6,1,750,750
78308,20908,1,2,1100,2200
78309,20908,8,1,1500,1500
78310,20909,4,1,900,900
78311,20910,2,3,1800,5400
78312,20910,6,2,750,1500
78313,20910,7,3,3800,11400
78314,20910,5,1,1600,1600
78315,20910,1,1,1100,1100
78316,20910,4,1,900,900
78317,20910,3,3,2200,6600
78318,20910,8,2,1500,3000
78319,20911,6,2,750,1500
78320,20911,5,2,1600,3200
78321,20912,5,1,1600,1600
78322,20912,3,2,2200,4400
78323,20912,2,2,1800,3600
78324,20912,7,1,3800,3800
78325,20913,2,3,1800,5400
78326,20913,7,3,3800,11400
78327,20914,3,1,2200,2200
78328,20914,4,3,900,2700
78329,20914,1,1,1100,1100
78330,20914,7,3,3800,11400
78331,20915,4,2,900,1800
78332,20916,6,2,750,1500
78333,20916,1,1,1100,1100
78334,20916,5,2,1600,3200
78335,20916,2,3,1800,5400
78336,20917,1,2,1100,2200
78337,20917,8,2,1500,3000
78338,20918,2,3,1800,5400
78339,20918,1,3,1100,3300
78340,20918,5,1,1600,1600
78341,20918,4,3,900,2700
78342,20919,8,1,1500,1500
78343,20919,4,3,900,2700
78344,20919,1,1,1100,1100
78345,20919,2,3,1800,5400
78346,20920,7,2,3800,7600
78347,20920,5,2,1600,3200
78348,20920,2,2,1800,3600
78349,20920,1,2,1100,2200
78350,20920,6,3,750,2250
78351,20921,2,2,1800,3600
78352,20921,1,3,1100,3300
78353,20922,7,3,3800,11400
78354,20922,6,1,750,750
78355,20922,3,3,2200,6600
78356,20922,1,1,1100,1100
78357,20922,5,2,1600,3200
78358,20923,2,2,1800,3600
78359,20923,4,3,900,2700
78360,20923,6,2,750,1500
78361,20923,5,1,1600,1600
78362,20923,7,1,3800,3800
78363,20924,4,3,900,2700
78364,20924,2,1,1800,1800
78365,20925,6,3,750,2250
78366,20925,2,1,1800,1800
78367,20926,1,2,1100,2200
78368,20926,8,3,1500,4500
78369,20927,3,3,2200,6600
78370,20928,3,2,2200,4400
78371,20929,6,3,750,2250
78372,20929,3,2,2200,4400
78373,20929,8,3,1500,4500
78374,20929,5,3,1600,4800
78375,20929,7,1,3800,3800
78376,20930,2,1,1800,1800
78377,20930,8,1,1500,1500
78378,20930,3,1,2200,2200
78379,20930,1,2,1100,2200
78380,20930,7,1,3800,3800
78381,20930,4,3,900,2700
78382,20930,5,2,1600,3200
78383,20930,6,2,750,1500
78384,20931,1,1,1100,1100
78385,20931,6,3,750,2250
78386,20931,4,1,900,900
78387,20931,8,1,1500,1500
78388,20931,5,2,1600,3200
78389,20931,2,3,1800,5400
78390,20931,7,1,3800,3800
78391,20932,2,2,1800,3600
78392,20932,3,2,2200,4400
78393,20932,6,3,750,2250
78394,20932,1,3,1100,3300
78395,20933,4,3,900,2700
78396,20933,1,3,1100,3300
78397,20934,3,3,2200,6600
78398,20934,4,3,900,2700
78399,20935,3,1,2200,2200
78400,20935,1,2,1100,2200
78401,20936,1,2,1100,2200
78402,20936,2,3,1800,5400
78403,20937,3,3,2200,6600
78404,20938,8,3,1500,4500
78405,20938,4,1,900,900
78406,20938,2,3,1800,5400
78407,20938,7,3,3800,11400
78408,20938,3,1,2200,2200
78409,20938,1,1,1100,1100
78410,20938,6,1,750,750
78411,20938,5,3,1600,4800
78412,20939,2,1,1800,1800
78413,20939,7,3,3800,11400
78414,20939,5,1,1600,1600
78415,20939,4,3,900,2700
78416,20940,4,2,900,1800
78417,20940,1,2,1100,2200
78418,20940,8,3,1500,4500
78419,20940,2,2,1800,3600
78420,20940,6,3,750,2250
78421,20941,3,1,2200,2200
78422,20941,4,1,900,900
78423,20941,5,3,1600,4800
78424,20941,8,3,1500,4500
78425,20941,2,3,1800,5400
78426,20942,7,2,3800,7600
78427,20942,8,2,1500,3000
78428,20942,5,1,1600,1600
78429,20942,2,1,1800,1800
78430,20942,1,2,1100,2200
78431,20942,4,1,900,900
78432,20942,6,3,750,2250
78433,20942,3,1,2200,2200
78434,20943,6,1,750,750
78435,20943,8,1,1500,1500
78436,20944,7,2,3800,7600
78437,20944,8,2,1500,3000
78438,20944,3,3,2200,6600
78439,20944,6,1,750,750
78440,20944,2,3,1800,5400
78441,20944,5,3,1600,4800
78442,20944,4,2,900,1800
78443,20945,4,3,900,2700
78444,20945,6,2,750,1500
78445,20945,2,2,1800,3600
78446,20945,1,1,1100,1100
78447,20945,7,3,3800,11400
78448,20946,8,2,1500,3000
78449,20946,5,3,1600,4800
78450,20947,1,1,1100,1100
78451,20947,6,3,750,2250
78452,20947,3,1,2200,2200
78453,20947,4,1,900,900
78454,20947,5,1,1600,1600
78455,20948,3,2,2200,4400
78456,20949,4,1,900,900
78457,20950,5,1,1600,1600
78458,20950,1,3,1100,3300
78459,20950,3,1,2200,2200
78460,20950,6,1,750,750
78461,20951,1,3,1100,3300
78462,20951,5,1,1600,1600
78463,20952,6,1,750,750
78464,20952,4,2,900,1800
78465,20953,2,3,1800,5400
78466,20954,7,1,3800,3800
78467,20954,1,1,1100,1100
78468,20954,8,2,1500,3000
78469,20954,2,1,1800,1800
78470,20954,4,1,900,900
78471,20955,4,1,900,900
78472,20955,5,2,1600,3200
78473,20956,3,1,2200,2200
78474,20956,4,2,900,1800
78475,20956,7,1,3800,3800
78476,20956,6,3,750,2250
78477,20956,1,1,1100,1100
78478,20956,5,2,1600,3200
78479,20956,2,1,1800,1800
78480,20957,6,2,750,1500
78481,20957,8,1,1500,1500
78482,20957,3,2,2200,4400
78483,20957,2,2,1800,3600
78484,20957,1,1,1100,1100
78485,20957,7,3,3800,11400
78486,20957,4,2,900,1800
78487,20958,4,1,900,900
78488,20958,3,1,2200,2200
78489,20958,2,1,1800,1800
78490,20958,7,2,3800,7600
78491,20959,1,3,1100,3300
78492,20959,7,2,3800,7600
78493,20959,3,3,2200,6600
78494,20959,6,1,750,750
78495,20960,5,1,1600,1600
78496,20960,2,3,1800,5400
78497,20960,4,3,900,2700
78498,20960,7,2,3800,7600
78499,20960,6,1,750,750
78500,20961,4,2,900,1800
78501,20961,5,1,1600,1600
78502,20962,2,2,1800,3600
78503,20962,6,1,750,750
78504,20962,7,3,3800,11400
78505,20962,3,1,2200,2200
78506,20962,8,2,1500,3000
78507,20963,6,3,750,2250
78508,20964,2,3,1800,5400
78509,20964,1,2,1100,2200
78510,20964,4,3,900,2700
78511,20964,6,3,750,2250
78512,20964,7,2,3800,7600
78513,20965,5,2,1600,3200
78514,20965,8,2,1500,3000
78515,20965,2,1,1800,1800
78516,20965,6,2,750,1500
78517,20965,1,1,1100,1100
78518,20965,4,1,900,900
78519,20965,7,2,3800,7600
78520,20966,6,1,750,750
78521,20966,3,1,2200,2200
78522,20966,8,1,1500,1500
78523,20966,1,2,1100,2200
78524,20966,7,3,3800,11400
78525,20966,2,1,1800,1800
78526,20966,5,3,1600,4800
78527,20967,2,3,1800,5400
78528,20967,4,2,900,1800
78529,20968,4,2,900,1800
78530,20968,6,2,750,1500
78531,20968,7,2,3800,7600
78532,20968,5,3,1600,4800
78533,20968,8,1,1500,1500
78534,20968,1,1,1100,1100
78535,20968,3,1,2200,2200
78536,20968,2,1,1800,1800
78537,20969,5,3,1600,4800
78538,20969,3,3,2200,6600
78539,20970,8,2,1500,3000
78540,20970,2,3,1800,5400
78541,20970,4,2,900,1800
78542,20970,6,3,750,2250
78543,20970,5,1,1600,1600
78544,20970,7,3,3800,11400
78545,20970,3,3,2200,6600
78546,20970,1,1,1100,1100
78547,20971,8,1,1500,1500
78548,20971,6,1,750,750
78549,20971,2,2,1800,3600
78550,20971,5,2,1600,3200
78551,20971,7,1,3800,3800
78552,20971,1,1,1100,1100
78553,20971,4,2,900,1800
78554,20972,8,1,1500,1500
78555,20973,6,3,750,2250
78556,20973,2,3,1800,5400
78557,20973,1,3,1100,3300
78558,20973,3,1,2200,2200
78559,20974,8,1,1500,1500
78560,20974,4,2,900,1800
78561,20975,2,3,1800,5400
78562,20975,3,2,2200,4400
78563,20975,8,3,1500,4500
78564,20975,6,2,750,1500
78565,20975,1,1,1100,1100
78566,20976,3,2,2200,4400
78567,20976,1,1,1100,1100
78568,20976,2,3,1800,5400
78569,20976,6,1,750,750
78570,20977,3,1,2200,2200
78571,20977,2,2,1800,3600
78572,20978,8,1,1500,1500
78573,20978,5,3,1600,4800
78574,20978,7,2,3800,7600
78575,20978,1,3,1100,3300
78576,20979,7,2,3800,7600
78577,20979,1,3,1100,3300
78578,20979,4,3,900,2700
78579,20979,8,1,1500,1500
78580,20980,2,2,1800,3600
78581,20980,6,3,750,2250
78582,20980,4,1,900,900
78583,20980,7,3,3800,11400
78584,20981,3,3,2200,6600
78585,20981,2,1,1800,1800
78586,20981,8,2,1500,3000
78587,20981,6,3,750,2250
78588,20981,7,2,3800,7600
78589,20981,5,3,1600,4800
78590,20981,4,1,900,900
78591,20982,2,2,1800,3600
78592,20982,4,1,900,900
78593,20982,8,1,1500,1500
78594,20982,5,2,1600,3200
78595,20982,7,1,3800,3800
78596,20983,2,1,1800,1800
78597,20983,3,2,2200,4400
78598,20984,6,2,750,1500
78599,20984,5,1,1600,1600
78600,20984,7,2,3800,7600
78601,20984,4,1,900,900
78602,20985,1,1,1100,1100
78603,20985,3,1,2200,2200
78604,20985,8,3,1500,4500
78605,20985,5,2,1600,3200
78606,20986,6,1,750,750
78607,20986,5,3,1600,4800
78608,20986,2,2,1800,3600
78609,20986,7,1,3800,3800
78610,20987,3,1,2200,2200
78611,20987,7,3,3800,11400
78612,20987,2,2,1800,3600
78613,20987,6,1,750,750
78614,20988,5,1,1600,1600
78615,20988,2,2,1800,3600
78616,20989,6,2,750,1500
78617,20989,8,1,1500,1500
78618,20989,2,3,1800,5400
78619,20989,1,3,1100,3300
78620,20989,3,2,2200,4400
78621,20989,7,1,3800,3800
78622,20989,5,3,1600,4800
78623,20990,5,3,1600,4800
78624,20991,7,3,3800,11400
78625,20991,4,3,900,2700
78626,20991,3,1,2200,2200
78627,20991,8,2,1500,3000
78628,20991,1,1,1100,1100
78629,20992,5,2,1600,3200
78630,20992,7,3,3800,11400
78631,20992,2,2,1800,3600
78632,20992,3,2,2200,4400
78633,20992,6,2,750,1500
78634,20993,7,2,3800,7600
78635,20994,6,1,750,750
78636,20994,4,2,900,1800
78637,20995,5,2,1600,3200
78638,20995,2,3,1800,5400
78639,20995,7,3,3800,11400
78640,20995,1,1,1100,1100
78641,20995,3,1,2200,2200
78642,20995,8,2,1500,3000
78643,20995,6,2,750,1500
78644,20995,4,1,900,900
78645,20996,6,1,750,750
78646,20996,2,1,1800,1800
78647,20996,3,1,2200,2200
78648,20996,7,2,3800,7600
78649,20996,4,3,900,2700
78650,20997,8,3,1500,4500
78651,20997,5,2,1600,3200
78652,20997,7,3,3800,11400
78653,20997,2,2,1800,3600
78654,20997,1,1,1100,1100
78655,20997,6,1,750,750
78656,20997,3,1,2200,2200
78657,20997,4,1,900,900
78658,20998,2,1,1800,1800
78659,20999,6,1,750,750
78660,20999,5,2,1600,3200
78661,21000,7,3,3800,11400
78662,21000,5,3,1600,4800
78663,21000,4,3,900,2700
78664,21000,2,3,1800,5400
78665,21001,3,3,2200,6600
78666,21001,5,1,1600,1600
78667,21002,4,2,900,1800
78668,21003,4,2,900,1800
78669,21004,2,3,1800,5400
78670,21004,1,1,1100,1100
78671,21004,4,2,900,1800
78672,21004,7,3,3800,11400
78673,21005,8,3,1500,4500
78674,21005,4,2,900,1800
78675,21006,1,2,1100,2200
78676,21006,5,3,1600,4800
78677,21006,8,1,1500,1500
78678,21006,7,1,3800,3800
78679,21007,5,2,1600,3200
78680,21007,7,3,3800,11400
78681,21008,2,2,1800,3600
78682,21008,8,1,1500,1500
78683,21009,5,2,1600,3200
78684,21009,8,3,1500,4500
78685,21009,7,2,3800,7600
78686,21009,4,3,900,2700
78687,21010,6,3,750,2250
78688,21010,8,1,1500,1500
78689,21010,3,1,2200,2200
78690,21010,4,2,900,1800
78691,21011,5,2,1600,3200
78692,21012,5,1,1600,1600
78693,21012,8,1,1500,1500
78694,21012,3,2,2200,4400
78695,21012,4,1,900,900
78696,21013,6,3,750,2250
78697,21013,8,2,1500,3000
78698,21013,2,2,1800,3600
78699,21013,7,2,3800,7600
78700,21013,3,1,2200,2200
78701,21013,5,2,1600,3200
78702,21013,1,2,1100,2200
78703,21014,4,1,900,900
78704,21014,1,2,1100,2200
78705,21015,4,1,900,900
78706,21016,4,3,900,2700
78707,21017,1,3,1100,3300
78708,21018,2,3,1800,5400
78709,21018,7,3,3800,11400
78710,21018,6,3,750,2250
78711,21018,4,3,900,2700
78712,21018,5,1,1600,1600
78713,21018,8,3,1500,4500
78714,21018,1,3,1100,3300
78715,21019,3,3,2200,6600
78716,21019,4,2,900,1800
78717,21019,1,3,1100,3300
78718,21019,8,2,1500,3000
78719,21019,5,2,1600,3200
78720,21020,3,3,2200,6600
78721,21020,8,3,1500,4500
78722,21020,2,2,1800,3600
78723,21020,6,3,750,2250
78724,21020,4,3,900,2700
78725,21021,1,1,1100,1100
78726,21021,7,2,3800,7600
78727,21021,3,3,2200,6600
78728,21021,5,1,1600,1600
78729,21021,2,2,1800,3600
78730,21021,4,2,900,1800
78731,21021,6,2,750,1500
78732,21021,8,2,1500,3000
78733,21022,6,1,750,750
78734,21022,4,1,900,900
78735,21023,1,1,1100,1100
78736,21023,5,1,1600,1600
78737,21024,5,1,1600,1600
78738,21024,7,1,3800,3800
78739,21024,2,2,1800,3600
78740,21024,3,2,2200,4400
78741,21024,6,2,750,1500
78742,21024,1,2,1100,2200
78743,21024,8,2,1500,3000
78744,21025,6,1,750,750
78745,21025,7,2,3800,7600
78746,21026,3,1,2200,2200
78747,21026,5,2,1600,3200
78748,21027,8,2,1500,3000
78749,21027,2,2,1800,3600
78750,21027,4,3,900,2700
78751,21027,7,3,3800,11400
78752,21028,8,1,1500,1500
78753,21028,1,2,1100,2200
78754,21028,7,2,3800,7600
78755,21028,4,3,900,2700
78756,21028,5,2,1600,3200
78757,21029,8,1,1500,1500
78758,21030,3,1,2200,2200
78759,21030,8,3,1500,4500
78760,21030,1,1,1100,1100
78761,21030,2,1,1800,1800
78762,21031,1,3,1100,3300
78763,21032,3,2,2200,4400
78764,21032,7,1,3800,3800
78765,21032,2,2,1800,3600
78766,21032,5,1,1600,1600
78767,21033,5,1,1600,1600
78768,21034,7,2,3800,7600
78769,21034,4,2,900,1800
78770,21034,3,3,2200,6600
78771,21034,6,3,750,2250
78772,21034,5,3,1600,4800
78773,21034,1,1,1100,1100
78774,21034,8,3,1500,4500
78775,21034,2,2,1800,3600
78776,21035,3,1,2200,2200
78777,21036,7,3,3800,11400
78778,21036,2,2,1800,3600
78779,21037,5,3,1600,4800
78780,21037,6,3,750,2250
78781,21038,1,3,1100,3300
78782,21039,8,2,1500,3000
78783,21039,1,2,1100,2200
78784,21040,3,2,2200,4400
78785,21040,1,3,1100,3300
78786,21040,5,1,1600,1600
78787,21040,8,2,1500,3000
78788,21041,8,3,1500,4500
78789,21041,5,2,1600,3200
78790,21042,4,2,900,1800
78791,21043,4,2,900,1800
78792,21043,3,3,2200,6600
78793,21043,1,3,1100,3300
78794,21043,2,1,1800,1800
78795,21043,5,2,1600,3200
78796,21044,3,1,2200,2200
78797,21044,6,1,750,750
78798,21044,1,1,1100,1100
78799,21044,8,2,1500,3000
78800,21044,4,3,900,2700
78801,21044,7,3,3800,11400
78802,21044,5,3,1600,4800
78803,21045,7,2,3800,7600
78804,21045,2,2,1800,3600
78805,21045,5,3,1600,4800
78806,21045,1,2,1100,2200
78807,21045,4,3,900,2700
78808,21046,1,1,1100,1100
78809,21046,5,1,1600,1600
78810,21046,7,3,3800,11400
78811,21046,3,1,2200,2200
78812,21047,2,2,1800,3600
78813,21047,4,2,900,1800
78814,21048,2,1,1800,1800
78815,21048,5,1,1600,1600
78816,21048,4,3,900,2700
78817,21048,1,1,1100,1100
78818,21049,2,3,1800,5400
78819,21049,8,3,1500,4500
78820,21049,7,1,3800,3800
78821,21049,3,1,2200,2200
78822,21050,7,2,3800,7600
78823,21050,8,1,1500,1500
78824,21050,4,3,900,2700
78825,21050,5,3,1600,4800
78826,21050,1,3,1100,3300
78827,21051,6,1,750,750
78828,21051,5,2,1600,3200
78829,21051,4,1,900,900
78830,21051,3,1,2200,2200
78831,21051,7,3,3800,11400
78832,21051,8,3,1500,4500
78833,21051,2,1,1800,1800
78834,21052,1,2,1100,2200
78835,21052,5,1,1600,1600
78836,21052,3,1,2200,2200
78837,21052,4,3,900,2700
78838,21052,7,1,3800,3800
78839,21052,2,3,1800,5400
78840,21052,8,2,1500,3000
78841,21052,6,3,750,2250
78842,21053,8,3,1500,4500
78843,21053,6,1,750,750
78844,21053,5,2,1600,3200
78845,21053,3,1,2200,2200
78846,21053,1,1,1100,1100
78847,21054,8,1,1500,1500
78848,21054,3,3,2200,6600
78849,21054,7,3,3800,11400
78850,21054,1,2,1100,2200
78851,21054,5,3,1600,4800
78852,21054,4,1,900,900
78853,21054,2,2,1800,3600
78854,21055,2,3,1800,5400
78855,21056,4,3,900,2700
78856,21056,1,3,1100,3300
78857,21056,7,3,3800,11400
78858,21056,5,2,1600,3200
78859,21057,5,3,1600,4800
78860,21057,7,2,3800,7600
78861,21057,2,1,1800,1800
78862,21057,6,1,750,750
78863,21057,1,3,1100,3300
78864,21057,4,2,900,1800
78865,21057,3,2,2200,4400
78866,21058,7,3,3800,11400
78867,21058,6,3,750,2250
78868,21058,5,3,1600,4800
78869,21058,8,2,1500,3000
78870,21059,6,3,750,2250
78871,21059,7,3,3800,11400
78872,21060,5,1,1600,1600
78873,21061,7,3,3800,11400
78874,21061,3,2,2200,4400
78875,21061,2,1,1800,1800
78876,21061,5,3,1600,4800
78877,21061,6,3,750,2250
78878,21061,1,1,1100,1100
78879,21061,8,3,1500,4500
78880,21062,8,3,1500,4500
78881,21063,5,1,1600,1600
78882,21063,2,3,1800,5400
78883,21063,4,3,900,2700
78884,21063,8,1,1500,1500
78885,21063,6,1,750,750
78886,21063,1,3,1100,3300
78887,21063,7,2,3800,7600
78888,21063,3,1,2200,2200
78889,21064,6,1,750,750
78890,21064,4,2,900,1800
78891,21064,7,2,3800,7600
78892,21064,1,1,1100,1100
78893,21065,7,3,3800,11400
78894,21065,4,3,900,2700
78895,21066,5,2,1600,3200
78896,21066,1,1,1100,1100
78897,21066,8,1,1500,1500
78898,21066,7,3,3800,11400
78899,21067,5,3,1600,4800
78900,21067,6,2,750,1500
78901,21067,2,2,1800,3600
78902,21067,1,2,1100,2200
78903,21067,3,2,2200,4400
78904,21067,8,2,1500,3000
78905,21067,4,2,900,1800
78906,21067,7,3,3800,11400
78907,21068,2,2,1800,3600
78908,21068,8,1,1500,1500
78909,21068,5,3,1600,4800
78910,21068,1,2,1100,2200
78911,21068,7,3,3800,11400
78912,21068,3,1,2200,2200
78913,21068,6,2,750,1500
78914,21068,4,3,900,2700
78915,21069,3,3,2200,6600
78916,21069,8,3,1500,4500
78917,21069,5,2,1600,3200
78918,21069,2,1,1800,1800
78919,21069,6,3,750,2250
78920,21069,7,1,3800,3800
78921,21069,1,1,1100,1100
78922,21070,8,1,1500,1500
78923,21070,5,2,1600,3200
78924,21071,2,1,1800,1800
78925,21072,1,3,1100,3300
78926,21072,8,2,1500,3000
78927,21073,2,2,1800,3600
78928,21073,8,1,1500,1500
78929,21074,2,2,1800,3600
78930,21075,6,1,750,750
78931,21076,5,1,1600,1600
78932,21076,1,1,1100,1100
78933,21076,4,3,900,2700
78934,21076,2,2,1800,3600
78935,21077,6,1,750,750
78936,21077,3,1,2200,2200
78937,21077,4,2,900,1800
78938,21077,2,1,1800,1800
78939,21077,5,1,1600,1600
78940,21078,1,3,1100,3300
78941,21078,2,2,1800,3600
78942,21079,7,2,3800,7600
78943,21079,6,1,750,750
78944,21079,3,3,2200,6600
78945,21079,2,3,1800,5400
78946,21080,5,1,1600,1600
78947,21080,6,2,750,1500
78948,21080,4,1,900,900
78949,21080,7,2,3800,7600
78950,21081,5,1,1600,1600
78951,21081,3,1,2200,2200
78952,21081,7,1,3800,3800
78953,21081,1,1,1100,1100
78954,21081,2,2,1800,3600
78955,21081,8,3,1500,4500
78956,21081,6,3,750,2250
78957,21081,4,1,900,900
78958,21082,8,1,1500,1500
78959,21083,7,2,3800,7600
78960,21083,1,2,1100,2200
78961,21084,3,2,2200,4400
78962,21084,5,2,1600,3200
78963,21084,7,1,3800,3800
78964,21084,4,2,900,1800
78965,21084,2,1,1800,1800
78966,21084,1,2,1100,2200
78967,21084,8,3,1500,4500
78968,21085,5,3,1600,4800
78969,21085,7,2,3800,7600
78970,21086,6,1,750,750
78971,21086,8,2,1500,3000
78972,21086,5,3,1600,4800
78973,21086,1,3,1100,3300
78974,21086,3,1,2200,2200
78975,21086,2,3,1800,5400
78976,21086,4,2,900,1800
78977,21087,6,3,750,2250
78978,21088,7,2,3800,7600
78979,21088,8,1,1500,1500
78980,21088,2,3,1800,5400
78981,21088,6,3,750,2250
78982,21089,3,3,2200,6600
78983,21089,5,2,1600,3200
78984,21090,3,3,2200,6600
78985,21090,4,1,900,900
78986,21090,6,1,750,750
78987,21090,5,3,1600,4800
78988,21090,8,1,1500,1500
78989,21090,2,3,1800,5400
78990,21090,7,2,3800,7600
78991,21091,7,2,3800,7600
78992,21091,5,2,1600,3200
78993,21092,7,1,3800,3800
78994,21092,3,1,2200,2200
78995,21092,5,3,1600,4800
78996,21092,6,1,750,750
78997,21093,5,1,1600,1600
78998,21093,4,2,900,1800
78999,21093,6,1,750,750
79000,21093,8,1,1500,1500
79001,21094,6,2,750,1500
79002,21094,1,2,1100,2200
79003,21094,2,2,1800,3600
79004,21094,5,1,1600,1600
79005,21094,4,3,900,2700
79006,21094,8,2,1500,3000
79007,21094,3,1,2200,2200
79008,21094,7,2,3800,7600
79009,21095,7,2,3800,7600
79010,21095,6,1,750,750
79011,21096,7,2,3800,7600
79012,21096,8,3,1500,4500
79013,21096,1,2,1100,2200
79014,21096,6,3,750,2250
79015,21096,2,2,1800,3600
79016,21096,3,2,2200,4400
79017,21096,4,2,900,1800
79018,21097,4,3,900,2700
79019,21097,2,2,1800,3600
79020,21097,5,1,1600,1600
79021,21097,7,1,3800,3800
79022,21097,8,1,1500,1500
79023,21097,6,2,750,1500
79024,21097,1,1,1100,1100
79025,21097,3,1,2200,2200
79026,21098,7,1,3800,3800
79027,21098,4,3,900,2700
79028,21098,8,2,1500,3000
79029,21098,1,3,1100,3300
79030,21099,6,1,750,750
79031,21099,1,3,1100,3300
79032,21100,3,1,2200,2200
79033,21100,7,3,3800,11400
79034,21100,4,3,900,2700
79035,21100,2,2,1800,3600
79036,21101,4,3,900,2700
79037,21102,4,1,900,900
79038,21102,3,3,2200,6600
79039,21102,6,2,750,1500
79040,21102,1,2,1100,2200
79041,21103,3,2,2200,4400
79042,21103,7,2,3800,7600
79043,21103,6,3,750,2250
79044,21103,5,2,1600,3200
79045,21104,5,1,1600,1600
79046,21104,4,1,900,900
79047,21105,8,2,1500,3000
79048,21105,4,1,900,900
79049,21105,5,3,1600,4800
79050,21105,2,2,1800,3600
79051,21105,7,2,3800,7600
79052,21105,3,3,2200,6600
79053,21105,6,2,750,1500
79054,21105,1,3,1100,3300
79055,21106,4,2,900,1800
79056,21106,7,3,3800,11400
79057,21107,8,2,1500,3000
79058,21107,6,1,750,750
79059,21107,2,1,1800,1800
79060,21107,7,1,3800,3800
79061,21108,4,2,900,1800
79062,21108,8,3,1500,4500
79063,21108,6,3,750,2250
79064,21108,7,2,3800,7600
79065,21108,1,3,1100,3300
79066,21108,5,2,1600,3200
79067,21108,3,3,2200,6600
79068,21109,6,2,750,1500
79069,21109,5,2,1600,3200
79070,21109,1,3,1100,3300
79071,21109,8,1,1500,1500
79072,21110,8,2,1500,3000
79073,21111,7,1,3800,3800
79074,21111,5,1,1600,1600
79075,21112,4,3,900,2700
79076,21113,8,3,1500,4500
79077,21113,7,2,3800,7600
79078,21113,1,2,1100,2200
79079,21113,6,2,750,1500
79080,21114,7,3,3800,11400
79081,21114,1,3,1100,3300
79082,21114,5,1,1600,1600
79083,21114,3,2,2200,4400
79084,21115,6,2,750,1500
79085,21115,7,2,3800,7600
79086,21116,1,3,1100,3300
79087,21117,3,3,2200,6600
79088,21117,5,2,1600,3200
79089,21117,6,2,750,1500
79090,21117,8,2,1500,3000
79091,21117,1,3,1100,3300
79092,21117,7,1,3800,3800
79093,21117,2,1,1800,1800
79094,21117,4,3,900,2700
79095,21118,5,2,1600,3200
79096,21118,3,1,2200,2200
79097,21119,8,2,1500,3000
79098,21119,3,2,2200,4400
79099,21120,5,3,1600,4800
79100,21121,2,3,1800,5400
79101,21122,5,2,1600,3200
79102,21122,4,2,900,1800
79103,21122,6,2,750,1500
79104,21122,7,3,3800,11400
79105,21123,1,2,1100,2200
79106,21123,5,2,1600,3200
79107,21123,7,2,3800,7600
79108,21123,4,2,900,1800
79109,21123,8,3,1500,4500
79110,21123,2,3,1800,5400
79111,21123,6,2,750,1500
79112,21124,6,2,750,1500
79113,21124,7,3,3800,11400
79114,21124,1,1,1100,1100
79115,21124,3,3,2200,6600
79116,21124,5,2,1600,3200
79117,21125,7,1,3800,3800
79118,21125,1,2,1100,2200
79119,21126,1,2,1100,2200
79120,21127,6,2,750,1500
79121,21128,4,3,900,2700
79122,21128,8,2,1500,3000
79123,21128,3,3,2200,6600
79124,21128,5,3,1600,4800
79125,21128,6,3,750,2250
79126,21129,5,1,1600,1600
79127,21129,4,1,900,900
79128,21129,2,3,1800,5400
79129,21129,3,3,2200,6600
79130,21129,7,1,3800,3800
79131,21129,8,1,1500,1500
79132,21129,6,3,750,2250
79133,21130,5,1,1600,1600
79134,21131,8,2,1500,3000
79135,21131,6,2,750,1500
79136,21131,1,2,1100,2200
79137,21131,7,3,3800,11400
79138,21131,2,3,1800,5400
79139,21131,5,1,1600,1600
79140,21131,4,2,900,1800
79141,21132,5,3,1600,4800
79142,21132,4,3,900,2700
79143,21133,6,1,750,750
79144,21133,5,2,1600,3200
79145,21133,4,1,900,900
79146,21133,1,1,1100,1100
79147,21133,8,2,1500,3000
79148,21133,2,2,1800,3600
79149,21133,7,2,3800,7600
79150,21134,2,2,1800,3600
79151,21134,3,2,2200,4400
79152,21134,8,1,1500,1500
79153,21134,7,2,3800,7600
79154,21135,5,1,1600,1600
79155,21136,7,3,3800,11400
79156,21136,8,1,1500,1500
79157,21136,4,2,900,1800
79158,21136,2,2,1800,3600
79159,21136,6,1,750,750
79160,21137,3,1,2200,2200
79161,21138,4,1,900,900
79162,21138,8,2,1500,3000
79163,21138,6,3,750,2250
79164,21138,1,1,1100,1100
79165,21138,5,1,1600,1600
79166,21138,3,2,2200,4400
79167,21138,7,3,3800,11400
79168,21138,2,2,1800,3600
79169,21139,5,2,1600,3200
79170,21139,2,3,1800,5400
79171,21139,6,2,750,1500
79172,21139,1,3,1100,3300
79173,21139,4,1,900,900
79174,21140,6,1,750,750
79175,21141,8,3,1500,4500
79176,21141,3,2,2200,4400
79177,21141,1,1,1100,1100
79178,21141,7,2,3800,7600
79179,21141,4,3,900,2700
79180,21142,3,3,2200,6600
79181,21142,5,2,1600,3200
79182,21142,7,1,3800,3800
79183,21142,4,3,900,2700
79184,21142,1,1,1100,1100
79185,21143,7,1,3800,3800
79186,21144,4,2,900,1800
79187,21145,7,1,3800,3800
79188,21146,6,2,750,1500
79189,21146,1,1,1100,1100
79190,21146,7,2,3800,7600
79191,21146,3,1,2200,2200
79192,21147,7,1,3800,3800
79193,21147,6,1,750,750
79194,21147,2,3,1800,5400
79195,21147,3,3,2200,6600
79196,21147,1,1,1100,1100
79197,21147,8,3,1500,4500
79198,21147,4,1,900,900
79199,21147,5,1,1600,1600
79200,21148,1,2,1100,2200
79201,21148,5,3,1600,4800
79202,21149,6,2,750,1500
79203,21149,1,2,1100,2200
79204,21149,8,3,1500,4500
79205,21149,5,3,1600,4800
79206,21150,6,2,750,1500
79207,21150,1,3,1100,3300
79208,21150,4,2,900,1800
79209,21150,5,3,1600,4800
79210,21150,3,1,2200,2200
79211,21151,2,2,1800,3600
79212,21151,5,2,1600,3200
79213,21151,6,3,750,2250
79214,21151,3,3,2200,6600
79215,21152,3,2,2200,4400
79216,21153,8,2,1500,3000
79217,21154,7,1,3800,3800
79218,21155,7,2,3800,7600
79219,21155,8,1,1500,1500
79220,21155,4,3,900,2700
79221,21155,3,2,2200,4400
79222,21156,4,2,900,1800
79223,21157,1,1,1100,1100
79224,21157,8,2,1500,3000
79225,21157,2,1,1800,1800
79226,21157,4,1,900,900
79227,21158,6,1,750,750
79228,21158,3,3,2200,6600
79229,21159,7,1,3800,3800
79230,21159,5,1,1600,1600
79231,21159,4,3,900,2700
79232,21159,1,2,1100,2200
79233,21160,4,1,900,900
79234,21160,7,2,3800,7600
79235,21161,8,2,1500,3000
79236,21161,3,2,2200,4400
79237,21161,2,1,1800,1800
79238,21161,1,1,1100,1100
79239,21162,8,2,1500,3000
79240,21162,1,3,1100,3300
79241,21163,1,1,1100,1100
79242,21163,3,1,2200,2200
79243,21163,5,3,1600,4800
79244,21163,4,3,900,2700
79245,21164,4,3,900,2700
79246,21164,7,3,3800,11400
79247,21165,6,2,750,1500
79248,21166,3,2,2200,4400
79249,21166,2,3,1800,5400
79250,21166,4,3,900,2700
79251,21166,6,3,750,2250
79252,21166,5,1,1600,1600
79253,21167,2,2,1800,3600
79254,21167,5,2,1600,3200
79255,21167,3,1,2200,2200
79256,21167,6,1,750,750
79257,21167,7,3,3800,11400
79258,21168,2,1,1800,1800
79259,21169,8,2,1500,3000
79260,21169,7,1,3800,3800
79261,21170,4,3,900,2700
79262,21170,8,3,1500,4500
79263,21170,5,2,1600,3200
79264,21170,7,3,3800,11400
79265,21171,1,3,1100,3300
79266,21171,7,1,3800,3800
79267,21172,1,2,1100,2200
79268,21172,6,3,750,2250
79269,21172,4,3,900,2700
79270,21172,8,1,1500,1500
79271,21172,7,2,3800,7600
79272,21173,2,3,1800,5400
79273,21174,3,3,2200,6600
79274,21175,3,2,2200,4400
79275,21176,4,3,900,2700
79276,21177,4,3,900,2700
79277,21177,5,1,1600,1600
79278,21177,1,2,1100,2200
79279,21177,2,3,1800,5400
79280,21177,7,1,3800,3800
79281,21178,8,1,1500,1500
79282,21179,7,1,3800,3800
79283,21179,4,1,900,900
79284,21180,6,2,750,1500
79285,21180,7,2,3800,7600
79286,21181,8,3,1500,4500
79287,21182,5,2,1600,3200
79288,21182,2,1,1800,1800
79289,21182,6,1,750,750
79290,21182,7,2,3800,7600
79291,21183,6,1,750,750
79292,21184,8,1,1500,1500
79293,21185,2,2,1800,3600
79294,21185,1,3,1100,3300
79295,21186,6,3,750,2250
79296,21186,3,1,2200,2200
79297,21186,5,3,1600,4800
79298,21186,4,1,900,900
79299,21186,8,3,1500,4500
79300,21187,4,2,900,1800
79301,21187,1,3,1100,3300
79302,21187,5,2,1600,3200
79303,21187,2,1,1800,1800
79304,21188,8,3,1500,4500
79305,21188,7,1,3800,3800
79306,21189,7,1,3800,3800
79307,21190,3,2,2200,4400
79308,21191,5,2,1600,3200
79309,21191,2,3,1800,5400
79310,21192,7,2,3800,7600
79311,21192,4,3,900,2700
79312,21193,6,1,750,750
79313,21193,3,2,2200,4400
79314,21193,7,3,3800,11400
79315,21193,2,1,1800,1800
79316,21194,1,2,1100,2200
79317,21194,6,1,750,750
79318,21195,1,3,1100,3300
79319,21195,4,1,900,900
79320,21195,3,1,2200,2200
79321,21195,8,2,1500,3000
79322,21195,7,3,3800,11400
79323,21195,2,2,1800,3600
79324,21195,5,2,1600,3200
79325,21195,6,1,750,750
79326,21196,6,3,750,2250
79327,21196,8,2,1500,3000
79328,21197,1,3,1100,3300
79329,21197,6,2,750,1500
79330,21198,5,3,1600,4800
79331,21198,8,3,1500,4500
79332,21199,4,1,900,900
79333,21200,2,2,1800,3600
79334,21200,1,3,1100,3300
79335,21200,6,1,750,750
79336,21200,8,1,1500,1500
79337,21200,4,3,900,2700
79338,21201,4,2,900,1800
79339,21201,2,2,1800,3600
79340,21202,6,1,750,750
79341,21203,4,1,900,900
79342,21203,7,1,3800,3800
79343,21204,6,3,750,2250
79344,21204,3,3,2200,6600
79345,21205,3,2,2200,4400
79346,21205,6,2,750,1500
79347,21205,5,3,1600,4800
79348,21205,4,2,900,1800
79349,21206,4,2,900,1800
79350,21206,5,2,1600,3200
79351,21206,3,2,2200,4400
79352,21206,6,2,750,1500
79353,21207,3,2,2200,4400
79354,21207,6,2,750,1500
79355,21207,1,2,1100,2200
79356,21207,2,1,1800,1800
79357,21208,8,3,1500,4500
79358,21208,6,2,750,1500
79359,21209,6,1,750,750
79360,21209,5,3,1600,4800
79361,21210,7,3,3800,11400
79362,21210,3,2,2200,4400
79363,21210,1,2,1100,2200
79364,21210,6,2,750,1500
79365,21211,4,1,900,900
79366,21212,2,1,1800,1800
79367,21212,4,1,900,900
79368,21213,3,1,2200,2200
79369,21213,7,3,3800,11400
79370,21213,6,3,750,2250
79371,21213,1,3,1100,3300
79372,21213,4,1,900,900
79373,21214,2,1,1800,1800
79374,21214,4,1,900,900
79375,21215,8,1,1500,1500
79376,21215,1,3,1100,3300
79377,21216,6,3,750,2250
79378,21217,3,2,2200,4400
79379,21218,1,1,1100,1100
79380,21218,6,1,750,750
79381,21218,3,3,2200,6600
79382,21218,7,3,3800,11400
79383,21219,2,2,1800,3600
79384,21219,7,1,3800,3800
79385,21220,5,3,1600,4800
79386,21220,2,3,1800,5400
79387,21221,4,2,900,1800
79388,21221,5,2,1600,3200
79389,21222,1,3,1100,3300
79390,21223,6,3,750,2250
79391,21223,5,2,1600,3200
79392,21223,2,2,1800,3600
79393,21223,4,1,900,900
79394,21224,7,3,3800,11400
79395,21225,3,1,2200,2200
79396,21225,4,1,900,900
79397,21225,2,3,1800,5400
79398,21225,5,1,1600,1600
79399,21225,6,1,750,750
79400,21225,8,3,1500,4500
79401,21225,1,2,1100,2200
79402,21226,3,1,2200,2200
79403,21227,6,2,750,1500
79404,21227,4,1,900,900
79405,21228,3,1,2200,2200
79406,21229,8,1,1500,1500
79407,21229,3,2,2200,4400
79408,21230,8,3,1500,4500
79409,21231,2,2,1800,3600
79410,21231,3,2,2200,4400
79411,21231,8,2,1500,3000
79412,21231,1,1,1100,1100
79413,21232,2,2,1800,3600
79414,21233,8,2,1500,3000
79415,21233,1,1,1100,1100
79416,21234,8,1,1500,1500
79417,21234,7,3,3800,11400
79418,21234,3,3,2200,6600
79419,21234,2,3,1800,5400
79420,21235,5,2,1600,3200
79421,21235,4,1,900,900
79422,21236,4,3,900,2700
79423,21237,5,3,1600,4800
79424,21237,3,3,2200,6600
79425,21237,6,1,750,750
79426,21237,4,1,900,900
79427,21237,1,2,1100,2200
79428,21237,8,1,1500,1500
79429,21237,7,1,3800,3800
79430,21237,2,3,1800,5400
79431,21238,2,2,1800,3600
79432,21238,1,3,1100,3300
79433,21238,5,1,1600,1600
79434,21238,4,2,900,1800
79435,21238,8,1,1500,1500
79436,21238,6,1,750,750
79437,21238,3,1,2200,2200
79438,21239,2,3,1800,5400
79439,21240,7,2,3800,7600
79440,21240,1,2,1100,2200
79441,21241,6,1,750,750
79442,21241,5,3,1600,4800
79443,21241,1,3,1100,3300
79444,21241,3,1,2200,2200
79445,21241,7,3,3800,11400
79446,21241,2,2,1800,3600
79447,21241,8,1,1500,1500
79448,21242,1,2,1100,2200
79449,21242,7,3,3800,11400
79450,21243,3,2,2200,4400
79451,21243,5,1,1600,1600
79452,21244,4,3,900,2700
79453,21245,4,1,900,900
79454,21246,1,1,1100,1100
79455,21246,3,3,2200,6600
79456,21247,7,1,3800,3800
79457,21247,5,3,1600,4800
79458,21248,7,2,3800,7600
79459,21249,6,2,750,1500
79460,21249,2,3,1800,5400
79461,21249,7,3,3800,11400
79462,21249,4,1,900,900
79463,21250,2,1,1800,1800
79464,21251,8,3,1500,4500
79465,21252,5,2,1600,3200
79466,21252,4,2,900,1800
79467,21253,4,3,900,2700
79468,21254,4,1,900,900
79469,21254,2,2,1800,3600
79470,21254,8,3,1500,4500
79471,21254,3,2,2200,4400
79472,21254,6,1,750,750
79473,21255,3,1,2200,2200
79474,21255,2,1,1800,1800
79475,21256,2,3,1800,5400
79476,21256,4,1,900,900
79477,21257,3,3,2200,6600
79478,21257,8,2,1500,3000
79479,21257,2,2,1800,3600
79480,21257,6,1,750,750
79481,21258,1,2,1100,2200
79482,21258,4,2,900,1800
79483,21259,6,3,750,2250
79484,21259,2,2,1800,3600
79485,21259,4,1,900,900
79486,21259,1,3,1100,3300
79487,21260,3,1,2200,2200
79488,21260,6,3,750,2250
79489,21260,7,3,3800,11400
79490,21260,1,2,1100,2200
79491,21261,1,2,1100,2200
79492,21262,5,3,1600,4800
79493,21262,1,2,1100,2200
79494,21262,7,3,3800,11400
79495,21262,8,2,1500,3000
79496,21262,3,3,2200,6600
79497,21263,4,1,900,900
79498,21264,5,3,1600,4800
79499,21265,8,1,1500,1500
79500,21266,1,1,1100,1100
79501,21266,4,3,900,2700
79502,21267,1,2,1100,2200
79503,21267,2,3,1800,5400
79504,21267,4,2,900,1800
79505,21267,6,3,750,2250
79506,21268,3,1,2200,2200
79507,21269,2,1,1800,1800
79508,21270,6,3,750,2250
79509,21270,3,3,2200,6600
79510,21270,2,3,1800,5400
79511,21270,5,1,1600,1600
79512,21271,6,1,750,750
79513,21271,4,2,900,1800
79514,21271,8,1,1500,1500
79515,21271,7,1,3800,3800
79516,21271,5,1,1600,1600
79517,21271,1,1,1100,1100
79518,21271,2,1,1800,1800
79519,21272,8,1,1500,1500
79520,21272,3,2,2200,4400
79521,21272,6,2,750,1500
79522,21272,2,3,1800,5400
79523,21272,5,3,1600,4800
79524,21272,1,3,1100,3300
79525,21272,4,1,900,900
79526,21273,8,2,1500,3000
79527,21273,5,2,1600,3200
79528,21273,4,1,900,900
79529,21273,6,1,750,750
79530,21273,2,2,1800,3600
79531,21274,3,2,2200,4400
79532,21274,1,1,1100,1100
79533,21274,6,1,750,750
79534,21274,2,2,1800,3600
79535,21274,7,3,3800,11400
79536,21275,7,2,3800,7600
79537,21276,8,1,1500,1500
79538,21277,3,3,2200,6600
79539,21278,8,2,1500,3000
79540,21278,4,1,900,900
79541,21278,2,2,1800,3600
79542,21278,3,1,2200,2200
79543,21278,5,2,1600,3200
79544,21278,1,1,1100,1100
79545,21278,7,1,3800,3800
79546,21278,6,3,750,2250
79547,21279,4,2,900,1800
79548,21279,8,1,1500,1500
79549,21280,5,3,1600,4800
79550,21280,6,2,750,1500
79551,21280,8,1,1500,1500
79552,21280,4,1,900,900
79553,21280,1,1,1100,1100
79554,21281,2,2,1800,3600
79555,21282,2,1,1800,1800
79556,21282,3,3,2200,6600
79557,21282,5,2,1600,3200
79558,21282,6,2,750,1500
79559,21282,7,2,3800,7600
79560,21283,8,3,1500,4500
79561,21283,3,1,2200,2200
79562,21284,8,2,1500,3000
79563,21285,1,2,1100,2200
79564,21286,7,2,3800,7600
79565,21286,2,1,1800,1800
79566,21287,1,2,1100,2200
79567,21287,6,3,750,2250
79568,21288,5,2,1600,3200
79569,21288,2,3,1800,5400
79570,21288,4,1,900,900
79571,21288,8,3,1500,4500
79572,21288,7,2,3800,7600
79573,21289,3,3,2200,6600
79574,21289,4,1,900,900
79575,21290,5,2,1600,3200
79576,21290,1,3,1100,3300
79577,21290,2,1,1800,1800
79578,21290,7,3,3800,11400
79579,21290,4,1,900,900
79580,21291,3,3,2200,6600
79581,21292,3,1,2200,2200
79582,21292,8,1,1500,1500
79583,21293,2,2,1800,3600
79584,21293,3,1,2200,2200
79585,21293,1,2,1100,2200
79586,21293,7,1,3800,3800
79587,21293,6,2,750,1500
79588,21293,4,1,900,900
79589,21293,8,3,1500,4500
79590,21294,1,2,1100,2200
79591,21294,8,2,1500,3000
79592,21294,5,1,1600,1600
79593,21294,4,2,900,1800
79594,21294,6,3,750,2250
79595,21294,2,3,1800,5400
79596,21294,7,2,3800,7600
79597,21295,1,1,1100,1100
79598,21296,1,1,1100,1100
79599,21297,2,1,1800,1800
79600,21297,4,3,900,2700
79601,21297,6,2,750,1500
79602,21297,8,2,1500,3000
79603,21297,7,3,3800,11400
79604,21297,5,3,1600,4800
79605,21297,3,3,2200,6600
79606,21298,1,1,1100,1100
79607,21298,8,2,1500,3000
79608,21298,5,2,1600,3200
79609,21298,2,3,1800,5400
79610,21299,2,1,1800,1800
79611,21300,6,3,750,2250
79612,21301,8,1,1500,1500
79613,21301,5,1,1600,1600
79614,21301,3,1,2200,2200
79615,21301,1,2,1100,2200
79616,21302,7,3,3800,11400
79617,21303,3,3,2200,6600
79618,21303,5,3,1600,4800
79619,21303,8,2,1500,3000
79620,21303,4,3,900,2700
79621,21304,3,3,2200,6600
79622,21304,2,2,1800,3600
79623,21305,3,2,2200,4400
79624,21305,2,1,1800,1800
79625,21305,8,2,1500,3000
79626,21305,1,1,1100,1100
79627,21306,2,3,1800,5400
79628,21306,5,3,1600,4800
79629,21307,8,1,1500,1500
79630,21307,6,2,750,1500
79631,21308,2,1,1800,1800
79632,21308,5,1,1600,1600
79633,21308,7,2,3800,7600
79634,21308,6,2,750,1500
79635,21308,8,3,1500,4500
79636,21309,8,2,1500,3000
79637,21310,1,3,1100,3300
79638,21310,3,1,2200,2200
79639,21311,1,3,1100,3300
79640,21311,4,1,900,900
79641,21312,3,3,2200,6600
79642,21312,5,3,1600,4800
79643,21312,8,2,1500,3000
79644,21312,7,2,3800,7600
79645,21313,4,1,900,900
79646,21313,3,3,2200,6600
79647,21313,5,2,1600,3200
79648,21313,6,3,750,2250
79649,21313,1,1,1100,1100
79650,21313,7,3,3800,11400
79651,21313,2,3,1800,5400
79652,21314,8,3,1500,4500
79653,21314,6,1,750,750
79654,21314,7,3,3800,11400
79655,21314,3,1,2200,2200
79656,21314,4,1,900,900
79657,21314,1,2,1100,2200
79658,21314,5,2,1600,3200
79659,21315,7,2,3800,7600
79660,21315,8,1,1500,1500
79661,21315,1,1,1100,1100
79662,21315,6,2,750,1500
79663,21315,2,2,1800,3600
79664,21315,4,3,900,2700
79665,21315,3,3,2200,6600
79666,21316,2,2,1800,3600
79667,21316,1,1,1100,1100
79668,21316,7,3,3800,11400
79669,21316,6,2,750,1500
79670,21316,8,3,1500,4500
79671,21317,6,1,750,750
79672,21317,3,2,2200,4400
79673,21317,5,2,1600,3200
79674,21317,2,3,1800,5400
79675,21317,4,3,900,2700
79676,21318,7,1,3800,3800
79677,21318,5,1,1600,1600
79678,21319,5,3,1600,4800
79679,21319,3,1,2200,2200
79680,21320,1,1,1100,1100
79681,21320,8,3,1500,4500
79682,21320,7,3,3800,11400
79683,21320,2,1,1800,1800
79684,21320,6,1,750,750
79685,21320,5,2,1600,3200
79686,21320,3,3,2200,6600
79687,21321,7,2,3800,7600
79688,21322,2,3,1800,5400
79689,21323,5,3,1600,4800
79690,21323,7,1,3800,3800
79691,21323,6,1,750,750
79692,21323,3,1,2200,2200
79693,21323,2,3,1800,5400
79694,21323,8,3,1500,4500
79695,21323,1,2,1100,2200
79696,21324,6,3,750,2250
79697,21325,4,1,900,900
79698,21325,7,3,3800,11400
79699,21325,6,2,750,1500
79700,21325,1,1,1100,1100
79701,21325,3,2,2200,4400
79702,21326,7,2,3800,7600
79703,21327,1,1,1100,1100
79704,21327,8,3,1500,4500
79705,21328,5,1,1600,1600
79706,21328,3,3,2200,6600
79707,21329,7,2,3800,7600
79708,21330,1,3,1100,3300
79709,21331,1,3,1100,3300
79710,21331,3,1,2200,2200
79711,21331,5,1,1600,1600
79712,21331,4,1,900,900
79713,21332,7,2,3800,7600
79714,21332,1,2,1100,2200
79715,21332,2,2,1800,3600
79716,21332,3,2,2200,4400
79717,21332,4,2,900,1800
79718,21333,2,1,1800,1800
79719,21334,8,3,1500,4500
79720,21334,1,1,1100,1100
79721,21334,7,1,3800,3800
79722,21334,2,2,1800,3600
79723,21334,6,1,750,750
79724,21335,8,2,1500,3000
79725,21335,2,2,1800,3600
79726,21336,2,2,1800,3600
79727,21336,5,3,1600,4800
79728,21337,1,1,1100,1100
79729,21337,5,3,1600,4800
79730,21337,7,2,3800,7600
79731,21337,3,3,2200,6600
79732,21337,6,2,750,1500
79733,21337,8,2,1500,3000
79734,21337,4,3,900,2700
79735,21338,5,1,1600,1600
79736,21339,3,2,2200,4400
79737,21339,7,1,3800,3800
79738,21340,3,2,2200,4400
79739,21340,8,3,1500,4500
79740,21340,7,3,3800,11400
79741,21340,5,2,1600,3200
79742,21341,4,3,900,2700
79743,21341,3,2,2200,4400
79744,21342,1,3,1100,3300
79745,21342,2,2,1800,3600
79746,21342,5,2,1600,3200
79747,21342,6,1,750,750
79748,21343,1,2,1100,2200
79749,21343,4,3,900,2700
79750,21344,8,2,1500,3000
79751,21344,2,2,1800,3600
79752,21344,5,3,1600,4800
79753,21344,1,3,1100,3300
79754,21344,6,2,750,1500
79755,21345,7,3,3800,11400
79756,21345,5,1,1600,1600
79757,21345,1,2,1100,2200
79758,21345,2,1,1800,1800
79759,21346,5,3,1600,4800
79760,21346,4,2,900,1800
79761,21346,1,2,1100,2200
79762,21346,3,2,2200,4400
79763,21346,7,1,3800,3800
79764,21347,7,1,3800,3800
79765,21347,3,2,2200,4400
79766,21347,6,2,750,1500
79767,21347,1,2,1100,2200
79768,21348,1,1,1100,1100
79769,21348,2,1,1800,1800
79770,21348,3,2,2200,4400
79771,21348,4,1,900,900
79772,21348,5,1,1600,1600
79773,21348,7,2,3800,7600
79774,21348,6,3,750,2250
79775,21349,6,2,750,1500
79776,21349,3,2,2200,4400
79777,21350,5,1,1600,1600
79778,21350,2,2,1800,3600
79779,21351,5,2,1600,3200
79780,21352,6,2,750,1500
79781,21353,5,2,1600,3200
79782,21353,3,2,2200,4400
79783,21353,1,2,1100,2200
79784,21353,8,3,1500,4500
79785,21353,7,3,3800,11400
79786,21353,2,2,1800,3600
79787,21353,6,1,750,750
79788,21354,4,2,900,1800
79789,21354,2,1,1800,1800
79790,21355,3,3,2200,6600
79791,21355,1,2,1100,2200
79792,21355,8,3,1500,4500
79793,21355,2,3,1800,5400
79794,21356,2,3,1800,5400
79795,21357,6,2,750,1500
79796,21357,5,3,1600,4800
79797,21357,4,2,900,1800
79798,21357,2,3,1800,5400
79799,21358,8,2,1500,3000
79800,21359,6,2,750,1500
79801,21359,3,3,2200,6600
79802,21360,6,1,750,750
79803,21360,7,2,3800,7600
79804,21360,3,1,2200,2200
79805,21360,4,3,900,2700
79806,21360,5,2,1600,3200
79807,21361,8,2,1500,3000
79808,21361,5,2,1600,3200
79809,21362,5,3,1600,4800
79810,21362,1,2,1100,2200
79811,21363,8,1,1500,1500
79812,21363,3,2,2200,4400
79813,21364,3,1,2200,2200
79814,21364,4,3,900,2700
79815,21364,8,3,1500,4500
79816,21364,5,1,1600,1600
79817,21364,2,1,1800,1800
79818,21365,8,1,1500,1500
79819,21365,7,2,3800,7600
79820,21366,2,1,1800,1800
79821,21366,1,3,1100,3300
79822,21367,5,3,1600,4800
79823,21367,4,3,900,2700
79824,21368,2,2,1800,3600
79825,21368,6,3,750,2250
79826,21368,4,2,900,1800
79827,21368,8,3,1500,4500
79828,21368,5,1,1600,1600
79829,21368,3,2,2200,4400
79830,21368,1,3,1100,3300
79831,21369,1,1,1100,1100
79832,21369,3,2,2200,4400
79833,21369,7,2,3800,7600
79834,21369,6,2,750,1500
79835,21370,7,1,3800,3800
79836,21370,8,2,1500,3000
79837,21370,3,3,2200,6600
79838,21370,6,1,750,750
79839,21371,8,1,1500,1500
79840,21371,1,1,1100,1100
79841,21371,7,1,3800,3800
79842,21371,2,3,1800,5400
79843,21372,2,2,1800,3600
79844,21373,6,1,750,750
79845,21373,2,2,1800,3600
79846,21373,8,2,1500,3000
79847,21373,1,1,1100,1100
79848,21374,1,3,1100,3300
79849,21374,7,3,3800,11400
79850,21374,5,3,1600,4800
79851,21374,4,3,900,2700
79852,21374,2,1,1800,1800
79853,21374,6,1,750,750
79854,21374,8,3,1500,4500
79855,21374,3,1,2200,2200
79856,21375,6,1,750,750
79857,21376,5,3,1600,4800
79858,21376,3,1,2200,2200
79859,21377,8,1,1500,1500
79860,21377,1,1,1100,1100
79861,21378,6,1,750,750
79862,21378,8,1,1500,1500
79863,21379,1,3,1100,3300
79864,21379,3,1,2200,2200
79865,21380,5,2,1600,3200
79866,21381,8,1,1500,1500
79867,21381,5,1,1600,1600
79868,21381,7,1,3800,3800
79869,21381,2,2,1800,3600
79870,21381,4,3,900,2700
79871,21381,3,2,2200,4400
79872,21381,1,2,1100,2200
79873,21382,2,1,1800,1800
79874,21383,7,1,3800,3800
79875,21383,5,3,1600,4800
79876,21384,7,3,3800,11400
79877,21384,5,2,1600,3200
79878,21384,4,1,900,900
79879,21384,8,2,1500,3000
79880,21385,7,2,3800,7600
79881,21385,5,2,1600,3200
79882,21385,4,2,900,1800
79883,21385,3,2,2200,4400
79884,21386,3,3,2200,6600
79885,21386,8,3,1500,4500
79886,21387,4,3,900,2700
79887,21388,2,3,1800,5400
79888,21389,7,2,3800,7600
79889,21389,5,1,1600,1600
79890,21389,3,1,2200,2200
79891,21389,4,2,900,1800
79892,21389,6,2,750,1500
79893,21390,2,2,1800,3600
79894,21391,3,2,2200,4400
79895,21391,8,3,1500,4500
79896,21392,7,1,3800,3800
79897,21393,4,1,900,900
79898,21393,5,2,1600,3200
79899,21393,7,1,3800,3800
79900,21393,2,2,1800,3600
79901,21393,8,3,1500,4500
79902,21393,1,1,1100,1100
79903,21393,6,3,750,2250
79904,21394,2,1,1800,1800
79905,21395,3,3,2200,6600
79906,21395,1,3,1100,3300
79907,21395,2,2,1800,3600
79908,21395,7,3,3800,11400
79909,21396,8,1,1500,1500
79910,21396,7,3,3800,11400
79911,21396,3,1,2200,2200
79912,21396,1,3,1100,3300
79913,21396,5,2,1600,3200
79914,21396,4,2,900,1800
79915,21396,2,3,1800,5400
79916,21396,6,2,750,1500
79917,21397,1,1,1100,1100
79918,21397,5,2,1600,3200
79919,21398,8,3,1500,4500
79920,21398,1,1,1100,1100
79921,21398,3,2,2200,4400
79922,21398,7,1,3800,3800
79923,21398,6,3,750,2250
79924,21399,1,2,1100,2200
79925,21399,3,3,2200,6600
79926,21399,2,3,1800,5400
79927,21399,6,2,750,1500
79928,21399,8,2,1500,3000
79929,21399,5,3,1600,4800
79930,21399,7,1,3800,3800
79931,21399,4,1,900,900
79932,21400,4,3,900,2700
79933,21401,3,1,2200,2200
79934,21401,7,1,3800,3800
79935,21401,6,1,750,750
79936,21401,2,1,1800,1800
79937,21401,8,3,1500,4500
79938,21402,4,1,900,900
79939,21402,7,1,3800,3800
79940,21402,1,2,1100,2200
79941,21402,5,3,1600,4800
79942,21402,3,1,2200,2200
79943,21403,6,3,750,2250
79944,21403,3,3,2200,6600
79945,21404,1,1,1100,1100
79946,21405,8,1,1500,1500
79947,21406,5,3,1600,4800
79948,21406,8,3,1500,4500
79949,21407,7,2,3800,7600
79950,21407,6,2,750,1500
79951,21407,1,1,1100,1100
79952,21407,8,3,1500,4500
79953,21408,5,2,1600,3200
79954,21409,1,1,1100,1100
79955,21409,8,2,1500,3000
79956,21409,5,1,1600,1600
79957,21409,6,3,750,2250
79958,21410,5,1,1600,1600
79959,21411,6,3,750,2250
79960,21411,7,2,3800,7600
79961,21411,4,1,900,900
79962,21411,8,2,1500,3000
79963,21411,2,2,1800,3600
79964,21411,3,3,2200,6600
79965,21411,1,3,1100,3300
79966,21412,3,1,2200,2200
79967,21412,7,1,3800,3800
79968,21412,2,3,1800,5400
79969,21412,6,2,750,1500
79970,21413,6,2,750,1500
79971,21414,6,3,750,2250
79972,21415,1,3,1100,3300
79973,21415,2,2,1800,3600
79974,21415,3,1,2200,2200
79975,21415,8,3,1500,4500
79976,21416,7,2,3800,7600
79977,21417,8,1,1500,1500
79978,21417,5,2,1600,3200
79979,21417,2,2,1800,3600
79980,21417,6,1,750,750
79981,21417,7,3,3800,11400
79982,21418,3,2,2200,4400
79983,21419,3,3,2200,6600
79984,21419,1,2,1100,2200
79985,21419,2,2,1800,3600
79986,21419,6,1,750,750
79987,21420,8,2,1500,3000
79988,21421,2,2,1800,3600
79989,21422,8,1,1500,1500
79990,21422,1,1,1100,1100
79991,21422,2,1,1800,1800
79992,21422,3,1,2200,2200
79993,21423,1,1,1100,1100
79994,21423,3,1,2200,2200
79995,21423,5,1,1600,1600
79996,21423,4,1,900,900
79997,21423,2,3,1800,5400
79998,21424,8,2,1500,3000
79999,21425,7,3,3800,11400
80000,21425,1,1,1100,1100
80001,21425,8,1,1500,1500
80002,21425,3,1,2200,2200
80003,21426,5,3,1600,4800
80004,21426,7,3,3800,11400
80005,21426,4,3,900,2700
80006,21426,8,3,1500,4500
80007,21426,2,1,1800,1800
80008,21427,2,1,1800,1800
80009,21428,5,1,1600,1600
80010,21428,7,1,3800,3800
80011,21429,2,3,1800,5400
80012,21430,4,1,900,900
80013,21430,2,2,1800,3600
80014,21430,1,3,1100,3300
80015,21430,7,3,3800,11400
80016,21431,6,3,750,2250
80017,21431,4,3,900,2700
80018,21431,7,1,3800,3800
80019,21431,1,2,1100,2200
80020,21431,2,1,1800,1800
80021,21431,5,1,1600,1600
80022,21431,3,2,2200,4400
80023,21432,2,1,1800,1800
80024,21432,4,1,900,900
80025,21432,6,3,750,2250
80026,21432,7,1,3800,3800
80027,21432,3,3,2200,6600
80028,21433,2,2,1800,3600
80029,21434,1,3,1100,3300
80030,21435,2,3,1800,5400
80031,21436,8,2,1500,3000
80032,21436,2,2,1800,3600
80033,21436,1,1,1100,1100
80034,21436,5,1,1600,1600
80035,21436,7,2,3800,7600
80036,21436,6,2,750,1500
80037,21436,3,3,2200,6600
80038,21436,4,2,900,1800
80039,21437,6,3,750,2250
80040,21438,5,1,1600,1600
80041,21438,7,2,3800,7600
80042,21439,4,2,900,1800
80043,21439,2,1,1800,1800
80044,21439,6,3,750,2250
80045,21439,3,2,2200,4400
80046,21440,6,1,750,750
80047,21440,1,3,1100,3300
80048,21440,4,3,900,2700
80049,21440,8,2,1500,3000
80050,21441,7,1,3800,3800
80051,21441,4,3,900,2700
80052,21442,8,2,1500,3000
80053,21442,4,2,900,1800
80054,21442,1,1,1100,1100
80055,21442,5,3,1600,4800
80056,21443,4,1,900,900
80057,21444,7,3,3800,11400
80058,21444,2,1,1800,1800
80059,21445,4,2,900,1800
80060,21446,1,3,1100,3300
80061,21447,5,3,1600,4800
80062,21447,4,1,900,900
80063,21448,3,3,2200,6600
80064,21448,6,3,750,2250
80065,21449,7,3,3800,11400
80066,21449,4,1,900,900
80067,21450,1,1,1100,1100
80068,21451,5,3,1600,4800
80069,21452,1,1,1100,1100
80070,21452,8,3,1500,4500
80071,21452,7,1,3800,3800
80072,21452,4,3,900,2700
80073,21453,7,2,3800,7600
80074,21453,6,2,750,1500
80075,21454,4,3,900,2700
80076,21454,7,2,3800,7600
80077,21455,4,1,900,900
80078,21455,6,1,750,750
80079,21456,8,1,1500,1500
80080,21457,8,2,1500,3000
80081,21457,7,3,3800,11400
80082,21457,3,1,2200,2200
80083,21457,4,3,900,2700
80084,21458,2,1,1800,1800
80085,21458,4,2,900,1800
80086,21458,6,1,750,750
80087,21458,1,3,1100,3300
80088,21458,3,2,2200,4400
80089,21458,7,2,3800,7600
80090,21458,8,3,1500,4500
80091,21458,5,2,1600,3200
80092,21459,6,3,750,2250
80093,21459,2,1,1800,1800
80094,21460,7,2,3800,7600
80095,21460,6,2,750,1500
80096,21460,4,1,900,900
80097,21460,3,1,2200,2200
80098,21461,4,1,900,900
80099,21461,1,1,1100,1100
80100,21461,2,2,1800,3600
80101,21461,8,3,1500,4500
80102,21461,5,1,1600,1600
80103,21462,4,1,900,900
80104,21462,8,3,1500,4500
80105,21462,1,3,1100,3300
80106,21462,6,2,750,1500
80107,21462,7,1,3800,3800
80108,21462,5,1,1600,1600
80109,21462,2,2,1800,3600
80110,21463,7,3,3800,11400
80111,21464,2,2,1800,3600
80112,21464,4,1,900,900
80113,21464,6,2,750,1500
80114,21464,8,2,1500,3000
80115,21465,6,1,750,750
80116,21465,8,2,1500,3000
80117,21466,4,3,900,2700
80118,21466,1,1,1100,1100
80119,21466,8,3,1500,4500
80120,21466,5,2,1600,3200
80121,21466,3,1,2200,2200
80122,21467,8,1,1500,1500
80123,21467,6,3,750,2250
80124,21467,4,2,900,1800
80125,21467,7,3,3800,11400
80126,21467,3,1,2200,2200
80127,21468,8,1,1500,1500
80128,21468,4,3,900,2700
80129,21468,5,1,1600,1600
80130,21468,1,2,1100,2200
80131,21468,6,2,750,1500
80132,21469,8,2,1500,3000
80133,21469,7,3,3800,11400
80134,21469,2,2,1800,3600
80135,21469,1,2,1100,2200
80136,21469,4,1,900,900
80137,21470,6,3,750,2250
80138,21470,4,1,900,900
80139,21470,3,3,2200,6600
80140,21470,2,3,1800,5400
80141,21470,8,2,1500,3000
80142,21470,7,1,3800,3800
80143,21470,5,2,1600,3200
80144,21470,1,3,1100,3300
80145,21471,8,1,1500,1500
80146,21472,4,1,900,900
80147,21473,7,2,3800,7600
80148,21473,6,3,750,2250
80149,21474,1,2,1100,2200
80150,21475,7,1,3800,3800
80151,21475,3,3,2200,6600
80152,21475,1,3,1100,3300
80153,21475,8,3,1500,4500
80154,21475,5,2,1600,3200
80155,21476,1,1,1100,1100
80156,21476,3,3,2200,6600
80157,21476,6,1,750,750
80158,21476,8,2,1500,3000
80159,21476,7,3,3800,11400
80160,21476,4,1,900,900
80161,21476,5,2,1600,3200
80162,21476,2,3,1800,5400
80163,21477,7,3,3800,11400
80164,21477,2,3,1800,5400
80165,21478,8,1,1500,1500
80166,21478,5,2,1600,3200
80167,21478,1,1,1100,1100
80168,21478,6,1,750,750
80169,21479,3,1,2200,2200
80170,21479,4,1,900,900
80171,21480,6,1,750,750
80172,21480,1,2,1100,2200
80173,21481,1,3,1100,3300
80174,21482,7,3,3800,11400
80175,21483,1,1,1100,1100
80176,21483,8,3,1500,4500
80177,21484,1,2,1100,2200
80178,21484,2,2,1800,3600
80179,21485,6,3,750,2250
80180,21485,5,1,1600,1600
80181,21485,8,3,1500,4500
80182,21485,1,3,1100,3300
80183,21485,7,1,3800,3800
80184,21485,4,2,900,1800
80185,21485,3,2,2200,4400
80186,21486,3,3,2200,6600
80187,21486,5,2,1600,3200
80188,21486,4,2,900,1800
80189,21486,8,1,1500,1500
80190,21486,7,3,3800,11400
80191,21487,3,3,2200,6600
80192,21488,3,1,2200,2200
80193,21488,8,2,1500,3000
80194,21489,7,1,3800,3800
80195,21490,5,3,1600,4800
80196,21491,1,1,1100,1100
80197,21491,2,3,1800,5400
80198,21491,7,2,3800,7600
80199,21491,8,1,1500,1500
80200,21492,2,3,1800,5400
80201,21492,5,2,1600,3200
80202,21492,8,3,1500,4500
80203,21492,1,1,1100,1100
80204,21492,3,1,2200,2200
80205,21492,7,3,3800,11400
80206,21492,4,3,900,2700
80207,21492,6,1,750,750
80208,21493,8,1,1500,1500
80209,21493,7,3,3800,11400
80210,21493,1,3,1100,3300
80211,21493,6,1,750,750
80212,21494,7,2,3800,7600
80213,21494,1,1,1100,1100
80214,21494,3,2,2200,4400
80215,21494,5,3,1600,4800
80216,21494,2,2,1800,3600
80217,21495,5,3,1600,4800
80218,21496,8,3,1500,4500
80219,21496,5,3,1600,4800
80220,21496,3,2,2200,4400
80221,21496,6,1,750,750
80222,21496,1,1,1100,1100
80223,21496,4,2,900,1800
80224,21496,7,3,3800,11400
80225,21496,2,2,1800,3600
80226,21497,1,2,1100,2200
80227,21497,4,2,900,1800
80228,21498,4,1,900,900
80229,21498,7,1,3800,3800
80230,21498,6,1,750,750
80231,21498,8,1,1500,1500
80232,21498,1,3,1100,3300
80233,21499,1,1,1100,1100
80234,21499,7,2,3800,7600
80235,21499,3,3,2200,6600
80236,21499,2,3,1800,5400
80237,21499,6,3,750,2250
80238,21499,8,1,1500,1500
80239,21499,4,3,900,2700
80240,21499,5,3,1600,4800
80241,21500,5,1,1600,1600
80242,21500,2,2,1800,3600
80243,21501,8,1,1500,1500
80244,21502,7,3,3800,11400
80245,21502,8,2,1500,3000
80246,21503,6,2,750,1500
80247,21503,1,2,1100,2200
80248,21504,6,1,750,750
80249,21505,8,3,1500,4500
80250,21506,1,3,1100,3300
80251,21506,7,1,3800,3800
80252,21507,6,2,750,1500
80253,21507,4,1,900,900
80254,21507,3,3,2200,6600
80255,21507,1,1,1100,1100
80256,21508,3,3,2200,6600
80257,21509,6,1,750,750
80258,21509,8,2,1500,3000
80259,21510,2,2,1800,3600
80260,21510,6,2,750,1500
80261,21510,4,2,900,1800
80262,21510,1,1,1100,1100
80263,21511,8,2,1500,3000
80264,21511,7,2,3800,7600
80265,21512,7,3,3800,11400
80266,21512,1,3,1100,3300
80267,21512,3,1,2200,2200
80268,21512,8,3,1500,4500
80269,21512,5,2,1600,3200
80270,21513,5,3,1600,4800
80271,21513,6,2,750,1500
80272,21513,7,1,3800,3800
80273,21513,1,1,1100,1100
80274,21514,8,1,1500,1500
80275,21514,6,3,750,2250
80276,21515,1,2,1100,2200
80277,21516,6,3,750,2250
80278,21516,1,1,1100,1100
80279,21516,3,3,2200,6600
80280,21516,4,3,900,2700
80281,21517,7,3,3800,11400
80282,21518,8,2,1500,3000
80283,21518,4,2,900,1800
80284,21518,5,3,1600,4800
80285,21518,7,2,3800,7600
80286,21518,3,3,2200,6600
80287,21519,6,2,750,1500
80288,21519,7,3,3800,11400
80289,21519,2,1,1800,1800
80290,21519,5,3,1600,4800
80291,21520,2,3,1800,5400
80292,21520,8,1,1500,1500
80293,21520,5,2,1600,3200
80294,21520,1,1,1100,1100
80295,21520,3,1,2200,2200
80296,21520,7,3,3800,11400
80297,21520,4,2,900,1800
80298,21521,4,3,900,2700
80299,21521,1,2,1100,2200
80300,21522,4,1,900,900
80301,21523,7,3,3800,11400
80302,21523,1,1,1100,1100
80303,21523,8,2,1500,3000
80304,21523,4,2,900,1800
80305,21523,2,2,1800,3600
80306,21523,3,2,2200,4400
80307,21523,6,1,750,750
80308,21524,7,1,3800,3800
80309,21524,6,2,750,1500
80310,21524,5,1,1600,1600
80311,21524,8,2,1500,3000
80312,21525,7,1,3800,3800
80313,21525,8,2,1500,3000
80314,21525,3,3,2200,6600
80315,21525,4,3,900,2700
80316,21525,6,2,750,1500
80317,21525,2,1,1800,1800
80318,21525,1,2,1100,2200
80319,21526,8,1,1500,1500
80320,21526,7,3,3800,11400
80321,21526,4,1,900,900
80322,21526,1,3,1100,3300
80323,21526,2,1,1800,1800
80324,21527,5,3,1600,4800
80325,21528,7,3,3800,11400
80326,21528,6,2,750,1500
80327,21528,8,2,1500,3000
80328,21528,5,3,1600,4800
80329,21529,6,2,750,1500
80330,21530,5,2,1600,3200
80331,21531,5,1,1600,1600
80332,21531,6,3,750,2250
80333,21531,8,2,1500,3000
80334,21531,1,3,1100,3300
80335,21531,2,1,1800,1800
80336,21532,1,1,1100,1100
80337,21533,2,1,1800,1800
80338,21533,3,2,2200,4400
80339,21534,7,3,3800,11400
80340,21534,3,2,2200,4400
80341,21534,1,2,1100,2200
80342,21534,6,1,750,750
80343,21534,2,3,1800,5400
80344,21534,8,2,1500,3000
80345,21534,5,3,1600,4800
80346,21535,1,1,1100,1100
80347,21535,3,1,2200,2200
80348,21535,4,3,900,2700
80349,21535,6,1,750,750
80350,21536,8,1,1500,1500
80351,21536,1,3,1100,3300
80352,21536,4,3,900,2700
80353,21536,3,2,2200,4400
80354,21537,1,1,1100,1100
80355,21538,6,1,750,750
80356,21538,3,3,2200,6600
80357,21539,7,2,3800,7600
80358,21540,8,3,1500,4500
80359,21540,3,3,2200,6600
80360,21541,3,3,2200,6600
80361,21541,2,2,1800,3600
80362,21542,4,1,900,900
80363,21542,8,2,1500,3000
80364,21543,1,3,1100,3300
80365,21543,7,3,3800,11400
80366,21544,4,2,900,1800
80367,21545,6,1,750,750
80368,21546,5,1,1600,1600
80369,21546,8,1,1500,1500
80370,21547,6,2,750,1500
80371,21547,3,1,2200,2200
80372,21547,5,3,1600,4800
80373,21547,8,3,1500,4500
80374,21547,2,2,1800,3600
80375,21547,4,2,900,1800
80376,21547,1,2,1100,2200
80377,21547,7,1,3800,3800
80378,21548,4,2,900,1800
80379,21548,1,3,1100,3300
80380,21548,8,3,1500,4500
80381,21548,6,2,750,1500
80382,21549,8,2,1500,3000
80383,21550,7,2,3800,7600
80384,21550,4,3,900,2700
80385,21550,2,2,1800,3600
80386,21550,1,1,1100,1100
80387,21551,1,2,1100,2200
80388,21552,4,3,900,2700
80389,21553,6,1,750,750
80390,21554,5,1,1600,1600
80391,21554,1,3,1100,3300
80392,21555,6,3,750,2250
80393,21555,5,3,1600,4800
80394,21555,7,1,3800,3800
80395,21555,1,3,1100,3300
80396,21555,2,1,1800,1800
80397,21555,3,2,2200,4400
80398,21555,4,1,900,900
80399,21556,2,1,1800,1800
80400,21556,3,3,2200,6600
80401,21557,7,2,3800,7600
80402,21557,6,2,750,1500
80403,21557,2,2,1800,3600
80404,21557,5,2,1600,3200
80405,21557,1,2,1100,2200
80406,21557,4,2,900,1800
80407,21557,3,1,2200,2200
80408,21557,8,2,1500,3000
80409,21558,2,2,1800,3600
80410,21558,7,1,3800,3800
80411,21559,5,2,1600,3200
80412,21559,7,3,3800,11400
80413,21560,3,1,2200,2200
80414,21560,1,2,1100,2200
80415,21561,8,2,1500,3000
80416,21561,6,1,750,750
80417,21561,3,1,2200,2200
80418,21561,7,2,3800,7600
80419,21561,4,3,900,2700
80420,21561,1,2,1100,2200
80421,21561,2,3,1800,5400
80422,21562,3,3,2200,6600
80423,21563,1,1,1100,1100
80424,21564,6,2,750,1500
80425,21565,2,3,1800,5400
80426,21566,2,2,1800,3600
80427,21566,6,2,750,1500
80428,21567,5,3,1600,4800
80429,21567,3,2,2200,4400
80430,21567,7,3,3800,11400
80431,21567,2,2,1800,3600
80432,21567,6,2,750,1500
80433,21567,8,3,1500,4500
80434,21567,4,3,900,2700
80435,21567,1,1,1100,1100
80436,21568,6,3,750,2250
80437,21569,8,1,1500,1500
80438,21570,4,2,900,1800
80439,21570,2,1,1800,1800
80440,21571,3,2,2200,4400
80441,21571,7,2,3800,7600
80442,21571,1,1,1100,1100
80443,21571,8,3,1500,4500
80444,21571,4,3,900,2700
80445,21571,5,1,1600,1600
80446,21571,6,2,750,1500
80447,21572,1,3,1100,3300
80448,21573,8,1,1500,1500
80449,21573,4,3,900,2700
80450,21573,1,2,1100,2200
80451,21573,7,3,3800,11400
80452,21573,5,1,1600,1600
80453,21573,3,2,2200,4400
80454,21573,6,2,750,1500
80455,21574,8,3,1500,4500
80456,21575,5,1,1600,1600
80457,21575,8,3,1500,4500
80458,21575,1,3,1100,3300
80459,21575,3,3,2200,6600
80460,21575,2,2,1800,3600
80461,21576,6,1,750,750
80462,21576,2,3,1800,5400
80463,21577,7,2,3800,7600
80464,21577,3,3,2200,6600
80465,21577,1,1,1100,1100
80466,21577,4,2,900,1800
80467,21578,1,3,1100,3300
80468,21579,2,3,1800,5400
80469,21579,1,2,1100,2200
80470,21579,5,3,1600,4800
80471,21579,3,2,2200,4400
80472,21580,4,3,900,2700
80473,21580,1,3,1100,3300
80474,21580,5,3,1600,4800
80475,21580,8,1,1500,1500
80476,21581,7,2,3800,7600
80477,21581,2,1,1800,1800
80478,21582,2,1,1800,1800
80479,21583,4,2,900,1800
80480,21584,6,1,750,750
80481,21584,4,1,900,900
80482,21584,3,2,2200,4400
80483,21584,5,2,1600,3200
80484,21585,4,3,900,2700
80485,21585,6,3,750,2250
80486,21586,2,2,1800,3600
80487,21586,4,2,900,1800
80488,21586,8,1,1500,1500
80489,21586,1,3,1100,3300
80490,21586,5,3,1600,4800
80491,21586,6,3,750,2250
80492,21586,7,2,3800,7600
80493,21586,3,3,2200,6600
80494,21587,4,3,900,2700
80495,21587,2,2,1800,3600
80496,21587,1,1,1100,1100
80497,21587,5,1,1600,1600
80498,21587,3,1,2200,2200
80499,21587,6,2,750,1500
80500,21587,8,2,1500,3000
80501,21588,5,3,1600,4800
80502,21588,7,1,3800,3800
80503,21588,1,3,1100,3300
80504,21588,8,3,1500,4500
80505,21589,8,1,1500,1500
80506,21589,4,3,900,2700
80507,21590,7,1,3800,3800
80508,21590,5,3,1600,4800
80509,21590,8,3,1500,4500
80510,21590,3,1,2200,2200
80511,21590,1,3,1100,3300
80512,21590,2,1,1800,1800
80513,21590,6,3,750,2250
80514,21591,6,1,750,750
80515,21591,4,3,900,2700
80516,21592,8,2,1500,3000
80517,21593,3,2,2200,4400
80518,21594,4,3,900,2700
80519,21595,6,1,750,750
80520,21596,2,3,1800,5400
80521,21597,1,1,1100,1100
80522,21597,7,3,3800,11400
80523,21597,2,1,1800,1800
80524,21597,3,3,2200,6600
80525,21598,7,3,3800,11400
80526,21598,4,1,900,900
80527,21598,1,3,1100,3300
80528,21598,6,2,750,1500
80529,21598,5,2,1600,3200
80530,21598,8,1,1500,1500
80531,21598,2,3,1800,5400
80532,21598,3,1,2200,2200
80533,21599,7,1,3800,3800
80534,21600,6,3,750,2250
80535,21600,4,2,900,1800
80536,21601,7,1,3800,3800
80537,21601,2,3,1800,5400
80538,21601,5,1,1600,1600
80539,21601,3,2,2200,4400
80540,21602,8,1,1500,1500
80541,21602,5,3,1600,4800
80542,21603,1,3,1100,3300
80543,21603,8,1,1500,1500
80544,21603,5,3,1600,4800
80545,21603,4,2,900,1800
80546,21603,2,1,1800,1800
80547,21604,3,1,2200,2200
80548,21604,4,2,900,1800
80549,21604,8,3,1500,4500
80550,21604,1,1,1100,1100
80551,21605,4,1,900,900
80552,21605,2,3,1800,5400
80553,21605,8,2,1500,3000
80554,21605,6,2,750,1500
80555,21605,5,1,1600,1600
80556,21606,8,3,1500,4500
80557,21606,6,3,750,2250
80558,21606,4,2,900,1800
80559,21606,2,2,1800,3600
80560,21606,1,1,1100,1100
80561,21606,3,3,2200,6600
80562,21606,7,2,3800,7600
80563,21607,3,2,2200,4400
80564,21607,8,2,1500,3000
80565,21607,4,2,900,1800
80566,21607,7,1,3800,3800
80567,21608,2,2,1800,3600
80568,21608,5,2,1600,3200
80569,21609,7,3,3800,11400
80570,21609,4,2,900,1800
80571,21609,2,3,1800,5400
80572,21609,3,1,2200,2200
80573,21610,5,3,1600,4800
80574,21610,7,3,3800,11400
80575,21611,3,1,2200,2200
80576,21611,8,3,1500,4500
80577,21611,1,3,1100,3300
80578,21611,2,3,1800,5400
80579,21611,7,3,3800,11400
80580,21612,3,3,2200,6600
80581,21612,6,3,750,2250
80582,21612,1,2,1100,2200
80583,21612,5,1,1600,1600
80584,21612,7,3,3800,11400
80585,21613,5,1,1600,1600
80586,21614,8,1,1500,1500
80587,21614,1,3,1100,3300
80588,21614,2,2,1800,3600
80589,21614,6,2,750,1500
80590,21615,1,3,1100,3300
80591,21616,1,2,1100,2200
80592,21616,8,1,1500,1500
80593,21617,3,3,2200,6600
80594,21618,3,2,2200,4400
80595,21618,5,2,1600,3200
80596,21618,7,1,3800,3800
80597,21618,4,3,900,2700
80598,21618,6,3,750,2250
80599,21618,2,3,1800,5400
80600,21618,8,1,1500,1500
80601,21618,1,1,1100,1100
80602,21619,4,3,900,2700
80603,21619,7,2,3800,7600
80604,21620,2,2,1800,3600
80605,21620,5,3,1600,4800
80606,21620,7,3,3800,11400
80607,21620,3,2,2200,4400
80608,21620,6,3,750,2250
80609,21621,7,1,3800,3800
80610,21621,4,1,900,900
80611,21621,8,1,1500,1500
80612,21621,6,1,750,750
80613,21622,3,1,2200,2200
80614,21623,1,3,1100,3300
80615,21623,2,2,1800,3600
80616,21623,4,3,900,2700
80617,21623,8,3,1500,4500
80618,21623,5,1,1600,1600
80619,21624,8,2,1500,3000
80620,21624,1,3,1100,3300
80621,21624,7,1,3800,3800
80622,21624,3,2,2200,4400
80623,21625,1,2,1100,2200
80624,21626,4,2,900,1800
80625,21626,8,3,1500,4500
80626,21627,6,1,750,750
80627,21627,1,1,1100,1100
80628,21627,7,1,3800,3800
80629,21627,5,3,1600,4800
80630,21628,6,2,750,1500
80631,21628,7,3,3800,11400
80632,21628,3,1,2200,2200
80633,21628,1,1,1100,1100
80634,21629,8,1,1500,1500
80635,21630,2,2,1800,3600
80636,21630,5,1,1600,1600
80637,21631,8,2,1500,3000
80638,21631,5,1,1600,1600
80639,21631,2,1,1800,1800
80640,21631,7,3,3800,11400
80641,21632,8,3,1500,4500
80642,21632,2,3,1800,5400
80643,21633,5,2,1600,3200
80644,21634,2,1,1800,1800
80645,21634,8,2,1500,3000
80646,21635,1,3,1100,3300
80647,21636,5,1,1600,1600
80648,21636,6,3,750,2250
80649,21636,2,1,1800,1800
80650,21636,4,1,900,900
80651,21637,2,1,1800,1800
80652,21637,5,2,1600,3200
80653,21638,4,3,900,2700
80654,21638,2,2,1800,3600
80655,21639,3,1,2200,2200
80656,21639,6,3,750,2250
80657,21639,7,3,3800,11400
80658,21639,4,3,900,2700
80659,21639,8,1,1500,1500
80660,21640,1,1,1100,1100
80661,21641,4,1,900,900
80662,21642,2,2,1800,3600
80663,21642,3,3,2200,6600
80664,21642,6,3,750,2250
80665,21642,4,1,900,900
80666,21642,1,1,1100,1100
80667,21643,8,2,1500,3000
80668,21643,6,1,750,750
80669,21643,7,1,3800,3800
80670,21643,1,3,1100,3300
80671,21643,5,2,1600,3200
80672,21643,3,2,2200,4400
80673,21643,2,2,1800,3600
80674,21644,2,2,1800,3600
80675,21644,3,2,2200,4400
80676,21644,6,1,750,750
80677,21644,1,2,1100,2200
80678,21644,5,3,1600,4800
80679,21645,3,2,2200,4400
80680,21646,8,1,1500,1500
80681,21647,2,3,1800,5400
80682,21647,1,3,1100,3300
80683,21647,6,3,750,2250
80684,21647,8,2,1500,3000
80685,21647,7,1,3800,3800
80686,21647,5,1,1600,1600
80687,21647,3,2,2200,4400
80688,21647,4,2,900,1800
80689,21648,8,3,1500,4500
80690,21648,5,1,1600,1600
80691,21649,3,2,2200,4400
80692,21649,4,3,900,2700
80693,21650,6,2,750,1500
80694,21650,3,1,2200,2200
80695,21650,1,3,1100,3300
80696,21650,7,2,3800,7600
80697,21650,8,2,1500,3000
80698,21651,3,1,2200,2200
80699,21652,1,2,1100,2200
80700,21652,7,3,3800,11400
80701,21652,8,1,1500,1500
80702,21652,5,1,1600,1600
80703,21653,7,1,3800,3800
80704,21653,6,1,750,750
80705,21653,2,2,1800,3600
80706,21653,5,3,1600,4800
80707,21654,3,1,2200,2200
80708,21654,7,2,3800,7600
80709,21654,5,3,1600,4800
80710,21654,8,3,1500,4500
80711,21655,3,1,2200,2200
80712,21655,7,2,3800,7600
80713,21655,4,1,900,900
80714,21655,5,3,1600,4800
80715,21655,8,3,1500,4500
80716,21655,6,1,750,750
80717,21655,1,1,1100,1100
80718,21655,2,2,1800,3600
80719,21656,8,2,1500,3000
80720,21656,7,2,3800,7600
80721,21656,5,1,1600,1600
80722,21656,1,1,1100,1100
80723,21657,7,3,3800,11400
80724,21657,5,1,1600,1600
80725,21657,6,2,750,1500
80726,21657,4,2,900,1800
80727,21657,3,3,2200,6600
80728,21658,6,1,750,750
80729,21658,3,3,2200,6600
80730,21659,1,2,1100,2200
80731,21660,5,3,1600,4800
80732,21661,7,1,3800,3800
80733,21661,3,3,2200,6600
80734,21661,6,2,750,1500
80735,21661,4,1,900,900
80736,21662,8,3,1500,4500
80737,21662,3,1,2200,2200
80738,21662,5,3,1600,4800
80739,21662,7,3,3800,11400
80740,21662,4,2,900,1800
80741,21663,8,1,1500,1500
80742,21664,5,2,1600,3200
80743,21664,4,3,900,2700
80744,21664,3,1,2200,2200
80745,21664,7,3,3800,11400
80746,21664,6,3,750,2250
80747,21664,8,1,1500,1500
80748,21664,2,2,1800,3600
80749,21664,1,1,1100,1100
80750,21665,1,1,1100,1100
80751,21665,5,2,1600,3200
80752,21666,3,2,2200,4400
80753,21666,2,3,1800,5400
80754,21666,8,1,1500,1500
80755,21666,1,2,1100,2200
80756,21666,6,1,750,750
80757,21666,5,2,1600,3200
80758,21666,7,1,3800,3800
80759,21666,4,2,900,1800
80760,21667,8,2,1500,3000
80761,21667,6,3,750,2250
80762,21667,4,2,900,1800
80763,21667,1,1,1100,1100
80764,21667,2,2,1800,3600
80765,21667,7,2,3800,7600
80766,21667,5,1,1600,1600
80767,21668,4,2,900,1800
80768,21668,8,2,1500,3000
80769,21669,5,2,1600,3200
80770,21670,2,1,1800,1800
80771,21670,7,1,3800,3800
80772,21670,3,2,2200,4400
80773,21670,1,2,1100,2200
80774,21671,2,1,1800,1800
80775,21671,5,2,1600,3200
80776,21671,8,1,1500,1500
80777,21671,1,3,1100,3300
80778,21672,7,3,3800,11400
80779,21673,1,3,1100,3300
80780,21674,5,3,1600,4800
80781,21675,1,3,1100,3300
80782,21676,2,2,1800,3600
80783,21676,6,2,750,1500
80784,21676,8,1,1500,1500
80785,21676,5,3,1600,4800
80786,21676,7,3,3800,11400
80787,21677,4,1,900,900
80788,21677,3,3,2200,6600
80789,21677,5,3,1600,4800
80790,21677,8,1,1500,1500
80791,21677,1,1,1100,1100
80792,21677,2,2,1800,3600
80793,21677,6,2,750,1500
80794,21677,7,2,3800,7600
80795,21678,5,2,1600,3200
80796,21679,6,3,750,2250
80797,21679,4,1,900,900
80798,21679,8,2,1500,3000
80799,21679,2,3,1800,5400
80800,21679,5,1,1600,1600
80801,21680,8,3,1500,4500
80802,21680,4,3,900,2700
80803,21680,6,3,750,2250
80804,21680,2,1,1800,1800
80805,21681,7,2,3800,7600
80806,21681,1,2,1100,2200
80807,21681,8,3,1500,4500
80808,21681,6,2,750,1500
80809,21682,7,1,3800,3800
80810,21682,8,3,1500,4500
80811,21682,2,1,1800,1800
80812,21682,3,1,2200,2200
80813,21682,6,1,750,750
80814,21682,1,1,1100,1100
80815,21682,5,1,1600,1600
80816,21682,4,3,900,2700
80817,21683,4,1,900,900
80818,21683,7,2,3800,7600
80819,21684,2,1,1800,1800
80820,21684,1,2,1100,2200
80821,21684,7,3,3800,11400
80822,21684,4,1,900,900
80823,21685,8,2,1500,3000
80824,21685,3,2,2200,4400
80825,21685,5,2,1600,3200
80826,21685,4,1,900,900
80827,21685,7,1,3800,3800
80828,21686,2,2,1800,3600
80829,21686,5,3,1600,4800
80830,21686,8,3,1500,4500
80831,21686,7,3,3800,11400
80832,21687,2,3,1800,5400
80833,21688,7,2,3800,7600
80834,21688,1,2,1100,2200
80835,21689,1,2,1100,2200
80836,21689,6,1,750,750
80837,21690,7,2,3800,7600
80838,21690,5,3,1600,4800
80839,21691,2,2,1800,3600
80840,21692,5,1,1600,1600
80841,21692,1,1,1100,1100
80842,21692,8,1,1500,1500
80843,21692,6,1,750,750
80844,21693,8,3,1500,4500
80845,21693,5,1,1600,1600
80846,21693,2,2,1800,3600
80847,21693,4,1,900,900
80848,21694,1,1,1100,1100
80849,21694,3,2,2200,4400
80850,21694,2,2,1800,3600
80851,21694,5,2,1600,3200
80852,21694,7,3,3800,11400
80853,21695,4,2,900,1800
80854,21695,8,3,1500,4500
80855,21695,1,1,1100,1100
80856,21695,2,2,1800,3600
80857,21695,6,2,750,1500
80858,21696,1,2,1100,2200
80859,21697,2,2,1800,3600
80860,21697,1,2,1100,2200
80861,21697,6,1,750,750
80862,21697,8,2,1500,3000
80863,21698,3,1,2200,2200
80864,21698,6,2,750,1500
80865,21698,8,2,1500,3000
80866,21698,5,3,1600,4800
80867,21699,7,3,3800,11400
80868,21700,6,3,750,2250
80869,21701,1,2,1100,2200
80870,21702,4,1,900,900
80871,21702,5,3,1600,4800
80872,21702,3,3,2200,6600
80873,21702,1,1,1100,1100
80874,21703,7,2,3800,7600
80875,21703,8,1,1500,1500
80876,21703,2,3,1800,5400
80877,21703,5,3,1600,4800
80878,21703,4,3,900,2700
80879,21704,3,1,2200,2200
80880,21705,2,1,1800,1800
80881,21706,3,1,2200,2200
80882,21706,4,2,900,1800
80883,21706,8,2,1500,3000
80884,21706,5,1,1600,1600
80885,21706,2,2,1800,3600
80886,21706,6,1,750,750
80887,21706,1,1,1100,1100
80888,21707,6,3,750,2250
80889,21707,8,3,1500,4500
80890,21707,1,3,1100,3300
80891,21707,2,3,1800,5400
80892,21707,7,1,3800,3800
80893,21708,7,1,3800,3800
80894,21709,4,3,900,2700
80895,21709,3,3,2200,6600
80896,21709,5,3,1600,4800
80897,21709,2,1,1800,1800
80898,21709,7,1,3800,3800
80899,21710,7,3,3800,11400
80900,21711,2,3,1800,5400
80901,21712,2,2,1800,3600
80902,21712,5,1,1600,1600
80903,21712,3,1,2200,2200
80904,21712,1,1,1100,1100
80905,21713,8,2,1500,3000
80906,21713,3,3,2200,6600
80907,21713,2,1,1800,1800
80908,21713,5,3,1600,4800
80909,21713,4,3,900,2700
80910,21714,7,1,3800,3800
80911,21715,1,2,1100,2200
80912,21715,7,3,3800,11400
80913,21715,4,2,900,1800
80914,21715,2,1,1800,1800
80915,21715,3,2,2200,4400
80916,21716,6,2,750,1500
80917,21716,1,3,1100,3300
80918,21717,2,1,1800,1800
80919,21717,4,1,900,900
80920,21717,5,1,1600,1600
80921,21717,1,3,1100,3300
80922,21717,8,1,1500,1500
80923,21718,3,3,2200,6600
80924,21718,1,1,1100,1100
80925,21719,8,2,1500,3000
80926,21719,2,2,1800,3600
80927,21720,1,2,1100,2200
80928,21721,3,3,2200,6600
80929,21721,6,1,750,750
80930,21721,8,1,1500,1500
80931,21721,5,3,1600,4800
80932,21721,2,2,1800,3600
80933,21721,7,3,3800,11400
80934,21721,4,2,900,1800
80935,21722,4,3,900,2700
80936,21722,2,2,1800,3600
80937,21722,7,1,3800,3800
80938,21722,3,2,2200,4400
80939,21722,1,1,1100,1100
80940,21722,5,1,1600,1600
80941,21722,6,3,750,2250
80942,21723,6,3,750,2250
80943,21723,7,2,3800,7600
80944,21723,1,1,1100,1100
80945,21723,8,2,1500,3000
80946,21723,2,1,1800,1800
80947,21724,3,2,2200,4400
80948,21724,1,1,1100,1100
80949,21724,6,1,750,750
80950,21724,7,1,3800,3800
80951,21725,2,1,1800,1800
80952,21725,4,1,900,900
80953,21725,1,2,1100,2200
80954,21725,3,1,2200,2200
80955,21726,1,3,1100,3300
80956,21726,7,3,3800,11400
80957,21727,6,3,750,2250
80958,21728,4,1,900,900
80959,21729,8,3,1500,4500
80960,21729,5,2,1600,3200
80961,21730,7,1,3800,3800
80962,21731,5,1,1600,1600
80963,21731,2,1,1800,1800
80964,21731,4,3,900,2700
80965,21731,7,3,3800,11400
80966,21732,8,2,1500,3000
80967,21732,6,3,750,2250
80968,21732,3,3,2200,6600
80969,21732,1,1,1100,1100
80970,21733,8,2,1500,3000
80971,21733,6,3,750,2250
80972,21733,2,1,1800,1800
80973,21733,1,1,1100,1100
80974,21733,5,1,1600,1600
80975,21734,7,2,3800,7600
80976,21735,4,2,900,1800
80977,21735,5,1,1600,1600
80978,21735,1,2,1100,2200
80979,21735,8,1,1500,1500
80980,21736,4,2,900,1800
80981,21736,6,2,750,1500
80982,21736,1,3,1100,3300
80983,21736,7,1,3800,3800
80984,21737,3,1,2200,2200
80985,21738,2,1,1800,1800
80986,21738,3,1,2200,2200
80987,21738,8,3,1500,4500
80988,21738,1,3,1100,3300
80989,21739,4,2,900,1800
80990,21739,6,3,750,2250
80991,21739,1,2,1100,2200
80992,21739,2,2,1800,3600
80993,21740,3,2,2200,4400
80994,21741,6,1,750,750
80995,21741,2,2,1800,3600
80996,21741,1,2,1100,2200
80997,21741,7,2,3800,7600
80998,21742,8,2,1500,3000
80999,21742,1,3,1100,3300
81000,21742,7,3,3800,11400
81001,21742,5,3,1600,4800
81002,21742,3,2,2200,4400
81003,21743,8,2,1500,3000
81004,21743,5,2,1600,3200
81005,21743,4,2,900,1800
81006,21743,2,3,1800,5400
81007,21744,6,2,750,1500
81008,21744,4,3,900,2700
81009,21745,8,2,1500,3000
81010,21745,1,1,1100,1100
81011,21745,5,2,1600,3200
81012,21745,7,2,3800,7600
81013,21745,4,1,900,900
81014,21746,8,3,1500,4500
81015,21746,6,3,750,2250
81016,21747,6,3,750,2250
81017,21747,1,1,1100,1100
81018,21747,3,3,2200,6600
81019,21747,4,2,900,1800
81020,21747,2,1,1800,1800
81021,21748,5,1,1600,1600
81022,21748,7,2,3800,7600
81023,21748,8,2,1500,3000
81024,21748,6,1,750,750
81025,21749,5,2,1600,3200
81026,21749,7,2,3800,7600
81027,21749,3,3,2200,6600
81028,21749,4,1,900,900
81029,21749,2,2,1800,3600
81030,21750,3,1,2200,2200
81031,21750,1,1,1100,1100
81032,21751,4,1,900,900
81033,21752,4,1,900,900
81034,21753,8,3,1500,4500
81035,21754,6,2,750,1500
81036,21755,4,1,900,900
81037,21755,3,2,2200,4400
81038,21755,1,2,1100,2200
81039,21755,6,2,750,1500
81040,21756,3,2,2200,4400
81041,21757,8,1,1500,1500
81042,21757,4,1,900,900
81043,21757,6,2,750,1500
81044,21757,1,2,1100,2200
81045,21758,5,1,1600,1600
81046,21759,2,3,1800,5400
81047,21760,2,1,1800,1800
81048,21760,4,2,900,1800
81049,21760,8,1,1500,1500
81050,21760,1,3,1100,3300
81051,21761,1,3,1100,3300
81052,21761,4,1,900,900
81053,21762,7,1,3800,3800
81054,21762,3,1,2200,2200
81055,21763,4,2,900,1800
81056,21763,1,3,1100,3300
81057,21763,5,3,1600,4800
81058,21763,6,1,750,750
81059,21764,5,2,1600,3200
81060,21765,2,1,1800,1800
81061,21765,7,2,3800,7600
81062,21765,5,1,1600,1600
81063,21765,6,2,750,1500
81064,21766,1,3,1100,3300
81065,21767,3,3,2200,6600
81066,21767,8,1,1500,1500
81067,21767,7,3,3800,11400
81068,21767,4,3,900,2700
81069,21767,5,3,1600,4800
81070,21768,4,3,900,2700
81071,21769,2,2,1800,3600
81072,21769,4,3,900,2700
81073,21769,6,3,750,2250
81074,21769,3,2,2200,4400
81075,21769,5,3,1600,4800
81076,21770,5,1,1600,1600
81077,21770,6,2,750,1500
81078,21771,6,2,750,1500
81079,21771,2,3,1800,5400
81080,21771,3,3,2200,6600
81081,21771,1,3,1100,3300
81082,21772,6,1,750,750
81083,21772,2,1,1800,1800
81084,21773,5,2,1600,3200
81085,21773,1,3,1100,3300
81086,21774,6,2,750,1500
81087,21774,3,2,2200,4400
81088,21775,4,2,900,1800
81089,21776,1,3,1100,3300
81090,21776,3,3,2200,6600
81091,21776,8,1,1500,1500
81092,21776,5,2,1600,3200
81093,21777,3,2,2200,4400
81094,21777,2,1,1800,1800
81095,21777,6,2,750,1500
81096,21777,5,2,1600,3200
81097,21778,5,3,1600,4800
81098,21778,4,1,900,900
81099,21778,3,3,2200,6600
81100,21778,1,2,1100,2200
81101,21779,7,1,3800,3800
81102,21780,7,2,3800,7600
81103,21780,3,1,2200,2200
81104,21780,2,3,1800,5400
81105,21780,5,1,1600,1600
81106,21781,4,3,900,2700
81107,21782,1,2,1100,2200
81108,21783,6,1,750,750
81109,21783,1,1,1100,1100
81110,21784,1,1,1100,1100
81111,21785,3,2,2200,4400
81112,21785,4,1,900,900
81113,21785,7,3,3800,11400
81114,21785,5,3,1600,4800
81115,21785,8,1,1500,1500
81116,21786,1,1,1100,1100
81117,21786,8,2,1500,3000
81118,21786,6,3,750,2250
81119,21786,2,3,1800,5400
81120,21786,5,1,1600,1600
81121,21787,4,2,900,1800
81122,21787,8,1,1500,1500
81123,21788,6,2,750,1500
81124,21789,1,3,1100,3300
81125,21790,2,1,1800,1800
81126,21790,6,2,750,1500
81127,21790,5,1,1600,1600
81128,21790,7,2,3800,7600
81129,21791,8,2,1500,3000
81130,21791,5,3,1600,4800
81131,21791,2,2,1800,3600
81132,21791,3,3,2200,6600
81133,21791,1,2,1100,2200
81134,21792,4,2,900,1800
81135,21792,3,3,2200,6600
81136,21793,3,2,2200,4400
81137,21793,5,3,1600,4800
81138,21794,6,2,750,1500
81139,21794,2,1,1800,1800
81140,21794,1,1,1100,1100
81141,21794,8,1,1500,1500
81142,21795,6,3,750,2250
81143,21795,7,1,3800,3800
81144,21796,6,2,750,1500
81145,21796,5,1,1600,1600
81146,21797,2,2,1800,3600
81147,21797,3,1,2200,2200
81148,21797,5,2,1600,3200
81149,21797,7,1,3800,3800
81150,21797,8,1,1500,1500
81151,21798,8,1,1500,1500
81152,21799,8,2,1500,3000
81153,21799,4,1,900,900
81154,21799,1,3,1100,3300
81155,21799,2,1,1800,1800
81156,21800,6,2,750,1500
81157,21800,2,2,1800,3600
81158,21800,3,1,2200,2200
81159,21800,8,2,1500,3000
81160,21801,1,1,1100,1100
81161,21801,7,3,3800,11400
81162,21801,8,3,1500,4500
81163,21801,2,1,1800,1800
81164,21801,3,1,2200,2200
81165,21802,4,1,900,900
81166,21802,5,2,1600,3200
81167,21802,3,1,2200,2200
81168,21802,2,2,1800,3600
81169,21803,1,2,1100,2200
81170,21803,2,3,1800,5400
81171,21804,5,2,1600,3200
81172,21805,1,2,1100,2200
81173,21805,5,2,1600,3200
81174,21806,7,1,3800,3800
81175,21806,5,1,1600,1600
81176,21807,7,2,3800,7600
81177,21807,4,1,900,900
81178,21807,1,1,1100,1100
81179,21807,2,1,1800,1800
81180,21807,3,2,2200,4400
81181,21807,8,3,1500,4500
81182,21807,6,1,750,750
81183,21807,5,3,1600,4800
81184,21808,5,2,1600,3200
81185,21809,2,2,1800,3600
81186,21810,8,2,1500,3000
81187,21810,4,3,900,2700
81188,21810,7,1,3800,3800
81189,21810,5,3,1600,4800
81190,21811,2,3,1800,5400
81191,21811,8,1,1500,1500
81192,21812,6,1,750,750
81193,21812,8,1,1500,1500
81194,21813,1,2,1100,2200
81195,21813,2,2,1800,3600
81196,21814,8,1,1500,1500
81197,21814,3,3,2200,6600
81198,21814,2,2,1800,3600
81199,21814,5,2,1600,3200
81200,21814,6,1,750,750
81201,21815,5,1,1600,1600
81202,21816,8,2,1500,3000
81203,21817,5,2,1600,3200
81204,21817,8,3,1500,4500
81205,21818,4,1,900,900
81206,21818,7,3,3800,11400
81207,21818,8,2,1500,3000
81208,21818,1,3,1100,3300
81209,21818,2,1,1800,1800
81210,21818,6,1,750,750
81211,21818,3,1,2200,2200
81212,21819,6,3,750,2250
81213,21820,7,3,3800,11400
81214,21820,8,2,1500,3000
81215,21820,1,3,1100,3300
81216,21820,5,1,1600,1600
81217,21821,7,1,3800,3800
81218,21821,1,1,1100,1100
81219,21822,5,3,1600,4800
81220,21822,6,3,750,2250
81221,21822,1,1,1100,1100
81222,21822,3,3,2200,6600
81223,21823,1,3,1100,3300
81224,21823,4,2,900,1800
81225,21824,7,2,3800,7600
81226,21825,8,2,1500,3000
81227,21825,5,3,1600,4800
81228,21825,2,2,1800,3600
81229,21825,7,2,3800,7600
81230,21825,6,3,750,2250
81231,21825,4,1,900,900
81232,21825,3,2,2200,4400
81233,21826,4,3,900,2700
81234,21826,7,1,3800,3800
81235,21827,2,1,1800,1800
81236,21827,5,3,1600,4800
81237,21827,8,3,1500,4500
81238,21827,4,3,900,2700
81239,21828,5,1,1600,1600
81240,21828,4,3,900,2700
81241,21828,1,1,1100,1100
81242,21828,2,3,1800,5400
81243,21828,8,1,1500,1500
81244,21829,6,2,750,1500
81245,21829,3,3,2200,6600
81246,21830,2,1,1800,1800
81247,21831,4,3,900,2700
81248,21832,5,2,1600,3200
81249,21833,3,3,2200,6600
81250,21833,2,3,1800,5400
81251,21834,7,3,3800,11400
81252,21834,8,1,1500,1500
81253,21835,3,3,2200,6600
81254,21835,8,3,1500,4500
81255,21836,8,3,1500,4500
81256,21836,2,3,1800,5400
81257,21837,6,3,750,2250
81258,21838,8,3,1500,4500
81259,21838,2,2,1800,3600
81260,21838,4,1,900,900
81261,21838,5,3,1600,4800
81262,21839,1,3,1100,3300
81263,21839,2,2,1800,3600
81264,21839,6,1,750,750
81265,21839,4,2,900,1800
81266,21839,8,1,1500,1500
81267,21839,7,3,3800,11400
81268,21839,3,2,2200,4400
81269,21840,8,1,1500,1500
81270,21841,5,1,1600,1600
81271,21842,7,3,3800,11400
81272,21843,7,2,3800,7600
81273,21843,1,1,1100,1100
81274,21844,8,1,1500,1500
81275,21844,3,1,2200,2200
81276,21845,2,1,1800,1800
81277,21846,1,2,1100,2200
81278,21847,7,2,3800,7600
81279,21848,1,3,1100,3300
81280,21849,8,1,1500,1500
81281,21850,7,1,3800,3800
81282,21850,8,2,1500,3000
81283,21851,1,3,1100,3300
81284,21851,6,2,750,1500
81285,21851,3,3,2200,6600
81286,21851,7,1,3800,3800
81287,21851,4,2,900,1800
81288,21852,3,2,2200,4400
81289,21852,8,3,1500,4500
81290,21852,6,2,750,1500
81291,21852,2,1,1800,1800
81292,21852,1,2,1100,2200
81293,21852,5,3,1600,4800
81294,21852,4,3,900,2700
81295,21852,7,3,3800,11400
81296,21853,4,3,900,2700
81297,21853,7,1,3800,3800
81298,21853,3,2,2200,4400
81299,21853,2,1,1800,1800
81300,21854,7,3,3800,11400
81301,21854,3,1,2200,2200
81302,21854,5,3,1600,4800
81303,21854,2,2,1800,3600
81304,21854,4,1,900,900
81305,21855,3,1,2200,2200
81306,21856,2,2,1800,3600
81307,21856,1,3,1100,3300
81308,21857,6,2,750,1500
81309,21858,6,3,750,2250
81310,21858,7,3,3800,11400
81311,21858,1,1,1100,1100
81312,21858,4,3,900,2700
81313,21858,3,3,2200,6600
81314,21859,2,2,1800,3600
81315,21860,2,2,1800,3600
81316,21860,1,1,1100,1100
81317,21860,4,2,900,1800
81318,21860,8,3,1500,4500
81319,21860,5,2,1600,3200
81320,21861,6,2,750,1500
81321,21861,7,2,3800,7600
81322,21861,8,3,1500,4500
81323,21861,1,2,1100,2200
81324,21862,4,1,900,900
81325,21863,7,2,3800,7600
81326,21864,8,1,1500,1500
81327,21864,4,3,900,2700
81328,21864,2,3,1800,5400
81329,21864,3,2,2200,4400
81330,21865,2,1,1800,1800
81331,21865,3,2,2200,4400
81332,21865,6,2,750,1500
81333,21865,1,2,1100,2200
81334,21865,5,3,1600,4800
81335,21866,7,1,3800,3800
81336,21866,6,2,750,1500
81337,21866,5,1,1600,1600
81338,21866,8,2,1500,3000
81339,21867,2,3,1800,5400
81340,21868,4,3,900,2700
81341,21868,8,3,1500,4500
81342,21868,5,1,1600,1600
81343,21868,2,3,1800,5400
81344,21868,1,3,1100,3300
81345,21869,3,2,2200,4400
81346,21870,4,3,900,2700
81347,21870,8,1,1500,1500
81348,21871,4,1,900,900
81349,21871,1,3,1100,3300
81350,21871,5,1,1600,1600
81351,21871,8,3,1500,4500
81352,21871,7,2,3800,7600
81353,21871,6,1,750,750
81354,21871,3,3,2200,6600
81355,21872,6,2,750,1500
81356,21872,1,1,1100,1100
81357,21872,2,3,1800,5400
81358,21872,7,2,3800,7600
81359,21873,1,2,1100,2200
81360,21874,7,1,3800,3800
81361,21875,5,3,1600,4800
81362,21875,3,3,2200,6600
81363,21875,4,1,900,900
81364,21875,2,1,1800,1800
81365,21875,8,3,1500,4500
81366,21876,7,3,3800,11400
81367,21876,1,3,1100,3300
81368,21877,6,3,750,2250
81369,21878,5,1,1600,1600
81370,21878,3,1,2200,2200
81371,21878,7,1,3800,3800
81372,21878,6,3,750,2250
81373,21879,3,3,2200,6600
81374,21879,7,2,3800,7600
81375,21879,6,2,750,1500
81376,21879,4,3,900,2700
81377,21879,2,3,1800,5400
81378,21880,7,3,3800,11400
81379,21880,5,2,1600,3200
81380,21880,2,1,1800,1800
81381,21880,4,2,900,1800
81382,21880,6,3,750,2250
81383,21881,8,1,1500,1500
81384,21881,7,1,3800,3800
81385,21881,3,3,2200,6600
81386,21881,5,1,1600,1600
81387,21881,1,1,1100,1100
81388,21881,6,3,750,2250
81389,21881,4,3,900,2700
81390,21882,4,1,900,900
81391,21882,8,3,1500,4500
81392,21882,3,3,2200,6600
81393,21882,5,1,1600,1600
81394,21882,2,2,1800,3600
81395,21882,6,1,750,750
81396,21882,1,2,1100,2200
81397,21883,8,2,1500,3000
81398,21883,5,2,1600,3200
81399,21883,1,3,1100,3300
81400,21883,3,3,2200,6600
81401,21884,5,1,1600,1600
81402,21884,2,3,1800,5400
81403,21885,4,3,900,2700
81404,21885,3,3,2200,6600
81405,21885,2,2,1800,3600
81406,21885,8,1,1500,1500
81407,21886,6,2,750,1500
81408,21886,5,1,1600,1600
81409,21886,4,1,900,900
81410,21886,7,2,3800,7600
81411,21886,3,2,2200,4400
81412,21886,2,3,1800,5400
81413,21886,8,2,1500,3000
81414,21887,7,2,3800,7600
81415,21888,2,2,1800,3600
81416,21888,8,2,1500,3000
81417,21889,6,2,750,1500
81418,21889,5,3,1600,4800
81419,21889,1,2,1100,2200
81420,21889,7,1,3800,3800
81421,21890,2,3,1800,5400
81422,21890,6,1,750,750
81423,21891,7,1,3800,3800
81424,21891,4,2,900,1800
81425,21891,1,2,1100,2200
81426,21891,3,2,2200,4400
81427,21892,5,3,1600,4800
81428,21892,3,1,2200,2200
81429,21892,4,3,900,2700
81430,21892,6,3,750,2250
81431,21893,5,1,1600,1600
81432,21894,5,3,1600,4800
81433,21895,3,2,2200,4400
81434,21895,5,2,1600,3200
81435,21896,4,3,900,2700
81436,21896,6,3,750,2250
81437,21897,8,1,1500,1500
81438,21897,1,3,1100,3300
81439,21898,8,1,1500,1500
81440,21898,3,2,2200,4400
81441,21898,1,1,1100,1100
81442,21898,6,1,750,750
81443,21899,8,3,1500,4500
81444,21899,5,1,1600,1600
81445,21900,6,1,750,750
81446,21900,1,1,1100,1100
81447,21901,6,2,750,1500
81448,21901,4,3,900,2700
81449,21902,5,2,1600,3200
81450,21902,2,3,1800,5400
81451,21902,4,3,900,2700
81452,21902,7,3,3800,11400
81453,21903,5,3,1600,4800
81454,21904,6,2,750,1500
81455,21905,6,2,750,1500
81456,21905,8,1,1500,1500
81457,21906,8,2,1500,3000
81458,21906,1,1,1100,1100
81459,21906,7,1,3800,3800
81460,21906,6,3,750,2250
81461,21907,3,3,2200,6600
81462,21908,2,1,1800,1800
81463,21909,2,2,1800,3600
81464,21910,4,3,900,2700
81465,21910,7,3,3800,11400
81466,21910,6,3,750,2250
81467,21910,5,3,1600,4800
81468,21910,2,3,1800,5400
81469,21911,8,1,1500,1500
81470,21911,2,1,1800,1800
81471,21911,7,2,3800,7600
81472,21911,6,1,750,750
81473,21912,6,2,750,1500
81474,21913,3,1,2200,2200
81475,21913,8,3,1500,4500
81476,21913,4,3,900,2700
81477,21913,1,1,1100,1100
81478,21913,2,1,1800,1800
81479,21913,7,2,3800,7600
81480,21913,6,3,750,2250
81481,21913,5,2,1600,3200
81482,21914,4,3,900,2700
81483,21914,8,2,1500,3000
81484,21914,3,2,2200,4400
81485,21914,5,1,1600,1600
81486,21914,2,2,1800,3600
81487,21914,7,3,3800,11400
81488,21914,6,3,750,2250
81489,21914,1,3,1100,3300
81490,21915,4,3,900,2700
81491,21915,8,2,1500,3000
81492,21915,5,2,1600,3200
81493,21915,2,2,1800,3600
81494,21915,3,3,2200,6600
81495,21915,6,3,750,2250
81496,21915,7,2,3800,7600
81497,21915,1,2,1100,2200
81498,21916,2,1,1800,1800
81499,21916,1,3,1100,3300
81500,21916,3,1,2200,2200
81501,21916,7,2,3800,7600
81502,21916,8,1,1500,1500
81503,21917,5,2,1600,3200
81504,21918,7,2,3800,7600
81505,21918,5,1,1600,1600
81506,21919,4,1,900,900
81507,21919,5,2,1600,3200
81508,21920,4,2,900,1800
81509,21920,1,2,1100,2200
81510,21921,8,2,1500,3000
81511,21921,2,1,1800,1800
81512,21921,4,3,900,2700
81513,21921,6,1,750,750
81514,21921,5,3,1600,4800
81515,21921,1,1,1100,1100
81516,21921,3,3,2200,6600
81517,21922,3,3,2200,6600
81518,21923,3,2,2200,4400
81519,21923,5,2,1600,3200
81520,21923,1,1,1100,1100
81521,21923,7,2,3800,7600
81522,21923,8,1,1500,1500
81523,21924,4,2,900,1800
81524,21924,3,3,2200,6600
81525,21925,6,3,750,2250
81526,21925,1,2,1100,2200
81527,21926,5,3,1600,4800
81528,21927,4,1,900,900
81529,21927,6,2,750,1500
81530,21927,7,3,3800,11400
81531,21927,1,3,1100,3300
81532,21927,3,3,2200,6600
81533,21928,1,2,1100,2200
81534,21929,3,1,2200,2200
81535,21929,7,1,3800,3800
81536,21930,8,3,1500,4500
81537,21931,7,2,3800,7600
81538,21931,6,1,750,750
81539,21931,4,1,900,900
81540,21931,8,2,1500,3000
81541,21931,1,3,1100,3300
81542,21931,2,1,1800,1800
81543,21931,5,2,1600,3200
81544,21932,3,3,2200,6600
81545,21933,8,1,1500,1500
81546,21933,2,1,1800,1800
81547,21933,6,3,750,2250
81548,21933,5,1,1600,1600
81549,21934,3,2,2200,4400
81550,21934,4,3,900,2700
81551,21934,6,2,750,1500
81552,21934,7,1,3800,3800
81553,21934,8,2,1500,3000
81554,21934,2,3,1800,5400
81555,21934,5,2,1600,3200
81556,21935,4,3,900,2700
81557,21935,8,1,1500,1500
81558,21935,6,3,750,2250
81559,21935,2,3,1800,5400
81560,21936,3,1,2200,2200
81561,21936,1,1,1100,1100
81562,21937,3,2,2200,4400
81563,21937,8,2,1500,3000
81564,21938,6,2,750,1500
81565,21939,3,3,2200,6600
81566,21940,1,3,1100,3300
81567,21940,2,1,1800,1800
81568,21940,3,1,2200,2200
81569,21940,4,1,900,900
81570,21941,3,2,2200,4400
81571,21941,4,3,900,2700
81572,21941,1,3,1100,3300
81573,21941,7,3,3800,11400
81574,21942,8,3,1500,4500
81575,21942,5,3,1600,4800
81576,21942,1,2,1100,2200
81577,21942,7,1,3800,3800
81578,21942,6,2,750,1500
81579,21942,3,3,2200,6600
81580,21942,2,3,1800,5400
81581,21943,6,2,750,1500
81582,21943,8,1,1500,1500
81583,21944,6,2,750,1500
81584,21944,2,3,1800,5400
81585,21945,4,1,900,900
81586,21945,2,2,1800,3600
81587,21945,5,2,1600,3200
81588,21945,6,1,750,750
81589,21946,6,2,750,1500
81590,21946,5,3,1600,4800
81591,21946,2,2,1800,3600
81592,21946,4,1,900,900
81593,21947,1,1,1100,1100
81594,21947,2,3,1800,5400
81595,21948,3,3,2200,6600
81596,21949,6,3,750,2250
81597,21949,5,3,1600,4800
81598,21950,6,3,750,2250
81599,21950,4,3,900,2700
81600,21950,3,3,2200,6600
81601,21950,2,3,1800,5400
81602,21950,5,1,1600,1600
81603,21951,6,2,750,1500
81604,21951,3,1,2200,2200
81605,21951,5,3,1600,4800
81606,21951,1,1,1100,1100
81607,21952,4,3,900,2700
81608,21953,5,2,1600,3200
81609,21953,1,1,1100,1100
81610,21953,3,3,2200,6600
81611,21953,4,1,900,900
81612,21953,8,3,1500,4500
81613,21954,4,2,900,1800
81614,21954,5,3,1600,4800
81615,21955,5,1,1600,1600
81616,21956,4,2,900,1800
81617,21957,5,2,1600,3200
81618,21957,3,2,2200,4400
81619,21957,8,2,1500,3000
81620,21957,6,2,750,1500
81621,21957,7,1,3800,3800
81622,21957,4,2,900,1800
81623,21957,1,3,1100,3300
81624,21958,5,3,1600,4800
81625,21958,3,2,2200,4400
81626,21958,2,2,1800,3600
81627,21958,8,2,1500,3000
81628,21958,1,2,1100,2200
81629,21958,7,1,3800,3800
81630,21958,4,1,900,900
81631,21959,5,3,1600,4800
81632,21960,1,1,1100,1100
81633,21960,4,3,900,2700
81634,21961,7,3,3800,11400
81635,21961,6,2,750,1500
81636,21962,3,2,2200,4400
81637,21962,2,2,1800,3600
81638,21962,7,3,3800,11400
81639,21962,1,1,1100,1100
81640,21963,5,3,1600,4800
81641,21963,8,2,1500,3000
81642,21963,7,3,3800,11400
81643,21963,2,2,1800,3600
81644,21964,3,2,2200,4400
81645,21965,6,2,750,1500
81646,21966,1,3,1100,3300
81647,21967,2,3,1800,5400
81648,21967,8,2,1500,3000
81649,21967,1,1,1100,1100
81650,21967,3,3,2200,6600
81651,21967,5,1,1600,1600
81652,21967,4,3,900,2700
81653,21967,7,3,3800,11400
81654,21968,7,1,3800,3800
81655,21968,8,2,1500,3000
81656,21968,4,3,900,2700
81657,21968,3,2,2200,4400
81658,21968,1,2,1100,2200
81659,21968,2,1,1800,1800
81660,21968,5,3,1600,4800
81661,21969,5,3,1600,4800
81662,21970,7,2,3800,7600
81663,21971,7,3,3800,11400
81664,21971,1,3,1100,3300
81665,21971,5,3,1600,4800
81666,21971,4,1,900,900
81667,21972,6,1,750,750
81668,21972,3,2,2200,4400
81669,21973,7,2,3800,7600
81670,21973,4,1,900,900
81671,21974,7,1,3800,3800
81672,21974,8,3,1500,4500
81673,21974,1,3,1100,3300
81674,21974,5,3,1600,4800
81675,21974,4,2,900,1800
81676,21974,3,3,2200,6600
81677,21974,6,3,750,2250
81678,21974,2,1,1800,1800
81679,21975,1,2,1100,2200
81680,21975,8,1,1500,1500
81681,21975,2,1,1800,1800
81682,21975,5,1,1600,1600
81683,21975,4,3,900,2700
81684,21976,4,2,900,1800
81685,21976,8,2,1500,3000
81686,21977,1,1,1100,1100
81687,21977,5,2,1600,3200
81688,21977,8,2,1500,3000
81689,21977,4,2,900,1800
81690,21977,7,3,3800,11400
81691,21977,2,3,1800,5400
81692,21977,6,2,750,1500
81693,21977,3,1,2200,2200
81694,21978,3,3,2200,6600
81695,21978,5,3,1600,4800
81696,21978,7,2,3800,7600
81697,21978,6,3,750,2250
81698,21979,2,2,1800,3600
81699,21980,6,1,750,750
81700,21980,7,1,3800,3800
81701,21980,2,3,1800,5400
81702,21980,3,2,2200,4400
81703,21981,6,2,750,1500
81704,21982,8,1,1500,1500
81705,21982,3,2,2200,4400
81706,21983,2,3,1800,5400
81707,21983,8,3,1500,4500
81708,21984,2,3,1800,5400
81709,21984,5,3,1600,4800
81710,21984,1,2,1100,2200
81711,21984,3,3,2200,6600
81712,21984,6,2,750,1500
81713,21985,7,2,3800,7600
81714,21985,8,3,1500,4500
81715,21985,4,2,900,1800
81716,21985,6,2,750,1500
81717,21985,2,1,1800,1800
81718,21985,1,1,1100,1100
81719,21985,3,3,2200,6600
81720,21986,1,3,1100,3300
81721,21986,6,3,750,2250
81722,21987,1,3,1100,3300
81723,21988,4,2,900,1800
81724,21988,3,1,2200,2200
81725,21989,5,2,1600,3200
81726,21989,6,1,750,750
81727,21989,4,3,900,2700
81728,21989,1,1,1100,1100
81729,21989,8,1,1500,1500
81730,21989,2,3,1800,5400
81731,21989,7,2,3800,7600
81732,21989,3,3,2200,6600
81733,21990,8,2,1500,3000
81734,21991,2,3,1800,5400
81735,21991,8,2,1500,3000
81736,21991,6,3,750,2250
81737,21991,4,1,900,900
81738,21991,5,2,1600,3200
81739,21992,2,2,1800,3600
81740,21992,6,1,750,750
81741,21992,8,1,1500,1500
81742,21992,5,3,1600,4800
81743,21993,1,3,1100,3300
81744,21993,2,3,1800,5400
81745,21993,8,1,1500,1500
81746,21993,4,3,900,2700
81747,21994,4,2,900,1800
81748,21995,6,3,750,2250
81749,21995,1,2,1100,2200
81750,21995,5,3,1600,4800
81751,21995,4,2,900,1800
81752,21995,7,3,3800,11400
81753,21996,4,3,900,2700
81754,21997,5,3,1600,4800
81755,21997,6,2,750,1500
81756,21998,1,1,1100,1100
81757,21999,2,3,1800,5400
81758,21999,4,3,900,2700
81759,21999,6,2,750,1500
81760,21999,8,3,1500,4500
81761,21999,5,3,1600,4800
81762,21999,7,3,3800,11400
81763,21999,1,3,1100,3300
81764,22000,4,3,900,2700
81765,22000,3,3,2200,6600
81766,22000,7,1,3800,3800
81767,22000,5,1,1600,1600
81768,22001,5,3,1600,4800
81769,22001,8,3,1500,4500
81770,22001,6,1,750,750
81771,22001,4,2,900,1800
81772,22001,3,1,2200,2200
81773,22001,7,1,3800,3800
81774,22001,1,2,1100,2200
81775,22001,2,2,1800,3600
81776,22002,1,2,1100,2200
81777,22003,2,3,1800,5400
81778,22004,8,3,1500,4500
81779,22004,6,2,750,1500
81780,22004,1,2,1100,2200
81781,22004,3,2,2200,4400
81782,22004,5,3,1600,4800
81783,22004,4,3,900,2700
81784,22004,7,1,3800,3800
81785,22005,3,3,2200,6600
81786,22005,2,3,1800,5400
81787,22005,7,3,3800,11400
81788,22005,4,1,900,900
81789,22005,5,3,1600,4800
81790,22006,2,3,1800,5400
81791,22006,5,3,1600,4800
81792,22007,1,3,1100,3300
81793,22007,5,1,1600,1600
81794,22007,3,3,2200,6600
81795,22007,6,2,750,1500
81796,22007,8,3,1500,4500
81797,22007,7,3,3800,11400
81798,22007,2,1,1800,1800
81799,22008,1,2,1100,2200
81800,22008,6,2,750,1500
81801,22009,3,1,2200,2200
81802,22009,6,2,750,1500
81803,22010,4,2,900,1800
81804,22010,7,3,3800,11400
81805,22011,7,1,3800,3800
81806,22011,3,3,2200,6600
81807,22011,8,3,1500,4500
81808,22011,1,2,1100,2200
81809,22011,4,1,900,900
81810,22011,6,3,750,2250
81811,22011,5,1,1600,1600
81812,22011,2,1,1800,1800
81813,22012,6,1,750,750
81814,22012,7,1,3800,3800
81815,22012,3,2,2200,4400
81816,22012,8,3,1500,4500
81817,22013,2,1,1800,1800
81818,22014,8,1,1500,1500
81819,22015,6,3,750,2250
81820,22015,2,2,1800,3600
81821,22015,3,1,2200,2200
81822,22015,7,3,3800,11400
81823,22015,8,1,1500,1500
81824,22016,4,2,900,1800
81825,22017,1,1,1100,1100
81826,22017,3,3,2200,6600
81827,22017,4,2,900,1800
81828,22017,6,2,750,1500
81829,22018,5,2,1600,3200
81830,22018,4,1,900,900
81831,22019,5,2,1600,3200
81832,22019,2,2,1800,3600
81833,22019,4,1,900,900
81834,22019,1,3,1100,3300
81835,22020,6,2,750,1500
81836,22020,5,2,1600,3200
81837,22021,8,2,1500,3000
81838,22021,2,3,1800,5400
81839,22022,4,1,900,900
81840,22022,8,3,1500,4500
81841,22023,1,3,1100,3300
81842,22023,4,3,900,2700
81843,22023,6,3,750,2250
81844,22023,3,1,2200,2200
81845,22023,5,1,1600,1600
81846,22023,2,1,1800,1800
81847,22023,7,2,3800,7600
81848,22024,2,3,1800,5400
81849,22024,7,3,3800,11400
81850,22024,5,3,1600,4800
81851,22024,6,3,750,2250
81852,22024,3,1,2200,2200
81853,22024,8,2,1500,3000
81854,22024,1,3,1100,3300
81855,22024,4,1,900,900
81856,22025,4,1,900,900
81857,22026,8,3,1500,4500
81858,22026,4,2,900,1800
81859,22026,1,3,1100,3300
81860,22026,6,1,750,750
81861,22027,4,2,900,1800
81862,22027,7,1,3800,3800
81863,22027,5,1,1600,1600
81864,22027,3,3,2200,6600
81865,22028,4,3,900,2700
81866,22028,7,2,3800,7600
81867,22029,6,1,750,750
81868,22029,8,2,1500,3000
81869,22030,3,3,2200,6600
81870,22030,2,2,1800,3600
81871,22031,7,2,3800,7600
81872,22031,6,1,750,750
81873,22031,3,1,2200,2200
81874,22031,4,3,900,2700
81875,22032,5,1,1600,1600
81876,22033,8,1,1500,1500
81877,22033,6,1,750,750
81878,22034,5,2,1600,3200
81879,22034,2,3,1800,5400
81880,22035,2,3,1800,5400
81881,22036,5,2,1600,3200
81882,22036,3,1,2200,2200
81883,22036,6,3,750,2250
81884,22036,8,3,1500,4500
81885,22037,1,1,1100,1100
81886,22038,8,2,1500,3000
81887,22039,2,2,1800,3600
81888,22039,8,2,1500,3000
81889,22039,3,1,2200,2200
81890,22039,4,1,900,900
81891,22040,3,3,2200,6600
81892,22041,8,3,1500,4500
81893,22041,4,3,900,2700
81894,22042,2,1,1800,1800
81895,22043,6,1,750,750
81896,22043,1,2,1100,2200
81897,22043,8,3,1500,4500
81898,22043,5,1,1600,1600
81899,22044,8,1,1500,1500
81900,22045,7,2,3800,7600
81901,22046,7,2,3800,7600
81902,22046,1,3,1100,3300
81903,22047,1,3,1100,3300
81904,22047,2,3,1800,5400
81905,22047,8,2,1500,3000
81906,22047,6,3,750,2250
81907,22047,3,3,2200,6600
81908,22047,5,3,1600,4800
81909,22047,4,1,900,900
81910,22048,1,2,1100,2200
81911,22049,1,2,1100,2200
81912,22049,3,2,2200,4400
81913,22049,5,3,1600,4800
81914,22049,2,1,1800,1800
81915,22049,7,2,3800,7600
81916,22050,2,2,1800,3600
81917,22050,6,3,750,2250
81918,22051,8,2,1500,3000
81919,22051,7,1,3800,3800
81920,22051,2,3,1800,5400
81921,22051,5,3,1600,4800
81922,22051,6,1,750,750
81923,22052,6,3,750,2250
81924,22052,8,1,1500,1500
81925,22053,2,2,1800,3600
81926,22053,5,3,1600,4800
81927,22053,6,1,750,750
81928,22053,1,3,1100,3300
81929,22054,2,1,1800,1800
81930,22055,8,1,1500,1500
81931,22055,2,3,1800,5400
81932,22056,6,1,750,750
81933,22056,4,2,900,1800
81934,22057,8,3,1500,4500
81935,22058,1,1,1100,1100
81936,22058,4,2,900,1800
81937,22058,2,3,1800,5400
81938,22058,3,1,2200,2200
81939,22058,5,2,1600,3200
81940,22058,8,1,1500,1500
81941,22058,7,3,3800,11400
81942,22059,4,2,900,1800
81943,22060,6,1,750,750
81944,22060,1,2,1100,2200
81945,22060,7,2,3800,7600
81946,22060,3,1,2200,2200
81947,22061,4,3,900,2700
81948,22061,2,2,1800,3600
81949,22061,5,1,1600,1600
81950,22061,8,2,1500,3000
81951,22061,7,3,3800,11400
81952,22061,3,1,2200,2200
81953,22061,6,3,750,2250
81954,22062,4,1,900,900
81955,22062,3,2,2200,4400
81956,22062,1,3,1100,3300
81957,22062,6,2,750,1500
81958,22062,5,3,1600,4800
81959,22063,1,3,1100,3300
81960,22063,6,3,750,2250
81961,22064,1,2,1100,2200
81962,22065,4,3,900,2700
81963,22065,1,2,1100,2200
81964,22065,6,1,750,750
81965,22065,8,3,1500,4500
81966,22066,2,3,1800,5400
81967,22066,7,1,3800,3800
81968,22067,2,2,1800,3600
81969,22067,7,1,3800,3800
81970,22067,1,2,1100,2200
81971,22067,5,3,1600,4800
81972,22067,3,2,2200,4400
81973,22068,3,1,2200,2200
81974,22068,5,3,1600,4800
81975,22068,7,3,3800,11400
81976,22068,8,1,1500,1500
81977,22068,2,1,1800,1800
81978,22068,4,1,900,900
81979,22068,1,2,1100,2200
81980,22069,7,3,3800,11400
81981,22070,3,3,2200,6600
81982,22070,2,1,1800,1800
81983,22070,6,1,750,750
81984,22070,4,3,900,2700
81985,22070,8,1,1500,1500
81986,22071,3,3,2200,6600
81987,22072,8,1,1500,1500
81988,22073,4,1,900,900
81989,22073,7,1,3800,3800
81990,22073,2,2,1800,3600
81991,22073,3,3,2200,6600
81992,22074,4,3,900,2700
81993,22075,1,1,1100,1100
81994,22076,5,1,1600,1600
81995,22076,7,3,3800,11400
81996,22076,8,2,1500,3000
81997,22076,1,2,1100,2200
81998,22076,2,2,1800,3600
81999,22077,7,2,3800,7600
82000,22077,8,2,1500,3000
82001,22078,3,1,2200,2200
82002,22078,2,1,1800,1800
82003,22079,3,1,2200,2200
82004,22080,6,2,750,1500
82005,22080,5,2,1600,3200
82006,22080,1,1,1100,1100
82007,22080,2,1,1800,1800
82008,22080,3,1,2200,2200
82009,22080,4,1,900,900
82010,22080,8,3,1500,4500
82011,22080,7,1,3800,3800
82012,22081,8,1,1500,1500
82013,22081,3,3,2200,6600
82014,22081,1,1,1100,1100
82015,22081,5,2,1600,3200
82016,22082,4,3,900,2700
82017,22082,1,1,1100,1100
82018,22082,6,3,750,2250
82019,22082,2,2,1800,3600
82020,22082,3,1,2200,2200
82021,22083,2,2,1800,3600
82022,22083,8,2,1500,3000
82023,22083,6,1,750,750
82024,22083,1,1,1100,1100
82025,22083,5,2,1600,3200
82026,22084,6,3,750,2250
82027,22084,8,2,1500,3000
82028,22085,4,2,900,1800
82029,22085,7,1,3800,3800
82030,22085,5,3,1600,4800
82031,22085,3,2,2200,4400
82032,22085,8,2,1500,3000
82033,22086,2,1,1800,1800
82034,22087,7,1,3800,3800
82035,22087,4,1,900,900
82036,22088,8,1,1500,1500
82037,22088,7,3,3800,11400
82038,22089,7,2,3800,7600
82039,22089,6,3,750,2250
82040,22089,1,3,1100,3300
82041,22089,2,1,1800,1800
82042,22090,1,1,1100,1100
82043,22091,8,2,1500,3000
82044,22091,6,2,750,1500
82045,22091,2,1,1800,1800
82046,22091,4,1,900,900
82047,22091,7,1,3800,3800
82048,22092,3,3,2200,6600
82049,22092,4,2,900,1800
82050,22093,8,1,1500,1500
82051,22093,2,2,1800,3600
82052,22093,1,1,1100,1100
82053,22093,5,3,1600,4800
82054,22094,4,2,900,1800
82055,22095,5,1,1600,1600
82056,22095,3,1,2200,2200
82057,22096,8,3,1500,4500
82058,22096,6,1,750,750
82059,22096,5,2,1600,3200
82060,22096,3,1,2200,2200
82061,22096,2,2,1800,3600
82062,22096,1,2,1100,2200
82063,22096,4,1,900,900
82064,22097,8,1,1500,1500
82065,22098,5,3,1600,4800
82066,22098,6,2,750,1500
82067,22098,2,3,1800,5400
82068,22098,4,3,900,2700
82069,22099,2,1,1800,1800
82070,22099,8,3,1500,4500
82071,22100,5,1,1600,1600
82072,22100,8,3,1500,4500
82073,22100,4,1,900,900
82074,22100,2,1,1800,1800
82075,22100,3,3,2200,6600
82076,22100,6,1,750,750
82077,22100,1,2,1100,2200
82078,22100,7,2,3800,7600
82079,22101,8,1,1500,1500
82080,22102,6,1,750,750
82081,22102,1,1,1100,1100
82082,22103,3,3,2200,6600
82083,22103,6,3,750,2250
82084,22103,4,1,900,900
82085,22103,1,3,1100,3300
82086,22104,2,1,1800,1800
82087,22104,1,1,1100,1100
82088,22104,3,3,2200,6600
82089,22104,5,1,1600,1600
82090,22105,1,2,1100,2200
82091,22105,8,1,1500,1500
82092,22106,1,3,1100,3300
82093,22106,6,2,750,1500
82094,22106,2,2,1800,3600
82095,22106,4,3,900,2700
82096,22106,7,1,3800,3800
82097,22106,8,2,1500,3000
82098,22106,3,3,2200,6600
82099,22106,5,2,1600,3200
82100,22107,5,1,1600,1600
82101,22107,4,3,900,2700
82102,22108,1,3,1100,3300
82103,22108,6,3,750,2250
82104,22109,8,2,1500,3000
82105,22109,7,3,3800,11400
82106,22109,4,2,900,1800
82107,22109,2,2,1800,3600
82108,22109,5,1,1600,1600
82109,22110,3,3,2200,6600
82110,22111,5,2,1600,3200
82111,22111,3,3,2200,6600
82112,22111,7,1,3800,3800
82113,22111,6,1,750,750
82114,22111,2,2,1800,3600
82115,22111,1,3,1100,3300
82116,22111,8,3,1500,4500
82117,22112,3,3,2200,6600
82118,22112,7,2,3800,7600
82119,22112,2,1,1800,1800
82120,22112,5,2,1600,3200
82121,22113,7,1,3800,3800
82122,22113,2,1,1800,1800
82123,22113,4,3,900,2700
82124,22113,1,2,1100,2200
82125,22113,8,1,1500,1500
82126,22114,1,2,1100,2200
82127,22114,4,1,900,900
82128,22115,2,3,1800,5400
82129,22116,1,1,1100,1100
82130,22116,8,1,1500,1500
82131,22116,6,1,750,750
82132,22116,3,1,2200,2200
82133,22117,7,2,3800,7600
82134,22118,3,1,2200,2200
82135,22118,5,3,1600,4800
82136,22118,2,3,1800,5400
82137,22118,6,3,750,2250
82138,22118,7,3,3800,11400
82139,22119,5,3,1600,4800
82140,22120,3,2,2200,4400
82141,22121,1,2,1100,2200
82142,22122,4,2,900,1800
82143,22122,1,2,1100,2200
82144,22123,6,2,750,1500
82145,22124,4,1,900,900
82146,22124,5,2,1600,3200
82147,22124,1,3,1100,3300
82148,22124,2,2,1800,3600
82149,22125,8,2,1500,3000
82150,22125,4,2,900,1800
82151,22125,6,3,750,2250
82152,22125,2,3,1800,5400
82153,22125,3,2,2200,4400
82154,22125,1,2,1100,2200
82155,22125,5,2,1600,3200
82156,22125,7,3,3800,11400
82157,22126,8,1,1500,1500
82158,22126,7,2,3800,7600
82159,22127,2,1,1800,1800
82160,22128,7,2,3800,7600
82161,22129,3,2,2200,4400
82162,22130,7,3,3800,11400
82163,22131,1,3,1100,3300
82164,22131,7,3,3800,11400
82165,22131,8,2,1500,3000
82166,22131,6,1,750,750
82167,22132,1,3,1100,3300
82168,22132,8,3,1500,4500
82169,22132,7,2,3800,7600
82170,22132,3,2,2200,4400
82171,22133,3,2,2200,4400
82172,22134,3,1,2200,2200
82173,22135,8,1,1500,1500
82174,22136,6,2,750,1500
82175,22136,4,2,900,1800
82176,22136,5,2,1600,3200
82177,22136,7,2,3800,7600
82178,22137,5,1,1600,1600
82179,22137,8,3,1500,4500
82180,22138,1,2,1100,2200
82181,22138,8,3,1500,4500
82182,22138,3,1,2200,2200
82183,22138,7,1,3800,3800
82184,22139,2,1,1800,1800
82185,22139,3,3,2200,6600
82186,22139,7,1,3800,3800
82187,22139,1,1,1100,1100
82188,22140,1,1,1100,1100
82189,22141,1,2,1100,2200
82190,22141,5,1,1600,1600
82191,22142,3,2,2200,4400
82192,22143,6,3,750,2250
82193,22143,3,2,2200,4400
82194,22143,2,1,1800,1800
82195,22143,8,1,1500,1500
82196,22143,1,2,1100,2200
82197,22143,7,3,3800,11400
82198,22143,4,1,900,900
82199,22144,7,2,3800,7600
82200,22144,1,1,1100,1100
82201,22144,4,1,900,900
82202,22144,5,1,1600,1600
82203,22144,6,2,750,1500
82204,22144,2,1,1800,1800
82205,22144,3,2,2200,4400
82206,22145,5,1,1600,1600
82207,22145,4,1,900,900
82208,22145,1,1,1100,1100
82209,22145,6,3,750,2250
82210,22146,3,2,2200,4400
82211,22146,2,2,1800,3600
82212,22146,6,3,750,2250
82213,22146,8,3,1500,4500
82214,22146,4,2,900,1800
82215,22147,7,2,3800,7600
82216,22148,3,1,2200,2200
82217,22149,1,1,1100,1100
82218,22150,6,1,750,750
82219,22151,6,3,750,2250
82220,22151,7,3,3800,11400
82221,22151,1,2,1100,2200
82222,22151,2,1,1800,1800
82223,22151,4,1,900,900
82224,22152,5,3,1600,4800
82225,22152,4,1,900,900
82226,22152,2,2,1800,3600
82227,22152,1,1,1100,1100
82228,22153,5,2,1600,3200
82229,22154,2,1,1800,1800
82230,22155,3,2,2200,4400
82231,22155,7,3,3800,11400
82232,22156,3,2,2200,4400
82233,22156,5,3,1600,4800
82234,22157,1,2,1100,2200
82235,22158,7,2,3800,7600
82236,22159,8,3,1500,4500
82237,22159,4,1,900,900
82238,22159,6,1,750,750
82239,22159,1,1,1100,1100
82240,22159,5,2,1600,3200
82241,22159,7,1,3800,3800
82242,22159,2,2,1800,3600
82243,22159,3,2,2200,4400
82244,22160,3,1,2200,2200
82245,22160,7,3,3800,11400
82246,22161,5,1,1600,1600
82247,22162,5,2,1600,3200
82248,22163,2,2,1800,3600
82249,22163,6,3,750,2250
82250,22164,2,2,1800,3600
82251,22164,3,3,2200,6600
82252,22164,5,2,1600,3200
82253,22164,1,1,1100,1100
82254,22164,6,2,750,1500
82255,22165,1,2,1100,2200
82256,22166,8,3,1500,4500
82257,22167,2,1,1800,1800
82258,22167,7,1,3800,3800
82259,22167,3,3,2200,6600
82260,22167,6,2,750,1500
82261,22168,7,2,3800,7600
82262,22169,2,1,1800,1800
82263,22170,1,3,1100,3300
82264,22171,4,3,900,2700
82265,22171,1,2,1100,2200
82266,22172,7,2,3800,7600
82267,22172,1,3,1100,3300
82268,22172,2,2,1800,3600
82269,22172,4,2,900,1800
82270,22172,6,3,750,2250
82271,22172,5,3,1600,4800
82272,22172,8,3,1500,4500
82273,22173,5,2,1600,3200
82274,22173,3,3,2200,6600
82275,22174,7,3,3800,11400
82276,22174,4,3,900,2700
82277,22175,7,2,3800,7600
82278,22176,4,1,900,900
82279,22176,6,1,750,750
82280,22176,7,1,3800,3800
82281,22176,3,2,2200,4400
82282,22177,3,3,2200,6600
82283,22177,7,2,3800,7600
82284,22177,5,2,1600,3200
82285,22177,2,1,1800,1800
82286,22177,8,3,1500,4500
82287,22177,6,2,750,1500
82288,22177,4,3,900,2700
82289,22178,1,3,1100,3300
82290,22178,5,3,1600,4800
82291,22178,8,2,1500,3000
82292,22178,2,1,1800,1800
82293,22178,7,3,3800,11400
82294,22179,7,1,3800,3800
82295,22179,3,3,2200,6600
82296,22180,2,1,1800,1800
82297,22181,5,1,1600,1600
82298,22181,6,3,750,2250
82299,22181,8,3,1500,4500
82300,22181,7,3,3800,11400
82301,22182,1,3,1100,3300
82302,22182,4,3,900,2700
82303,22182,8,1,1500,1500
82304,22182,6,3,750,2250
82305,22183,7,2,3800,7600
82306,22183,3,1,2200,2200
82307,22183,1,1,1100,1100
82308,22183,4,1,900,900
82309,22183,2,2,1800,3600
82310,22184,3,3,2200,6600
82311,22185,7,3,3800,11400
82312,22185,2,2,1800,3600
82313,22185,3,3,2200,6600
82314,22185,4,1,900,900
82315,22185,6,1,750,750
82316,22185,1,3,1100,3300
82317,22185,8,1,1500,1500
82318,22186,6,1,750,750
82319,22186,2,3,1800,5400
82320,22186,4,2,900,1800
82321,22186,8,2,1500,3000
82322,22187,2,1,1800,1800
82323,22187,8,2,1500,3000
82324,22188,2,2,1800,3600
82325,22188,8,3,1500,4500
82326,22188,6,2,750,1500
82327,22188,4,1,900,900
82328,22188,1,1,1100,1100
82329,22188,7,3,3800,11400
82330,22188,5,2,1600,3200
82331,22189,4,3,900,2700
82332,22189,7,3,3800,11400
82333,22189,3,3,2200,6600
82334,22189,8,1,1500,1500
82335,22190,4,2,900,1800
82336,22190,3,2,2200,4400
82337,22191,5,1,1600,1600
82338,22191,3,3,2200,6600
82339,22192,1,2,1100,2200
82340,22192,7,1,3800,3800
82341,22192,2,1,1800,1800
82342,22192,4,2,900,1800
82343,22193,1,3,1100,3300
82344,22194,8,2,1500,3000
82345,22194,6,2,750,1500
82346,22194,2,2,1800,3600
82347,22194,4,1,900,900
82348,22194,1,1,1100,1100
82349,22195,6,2,750,1500
82350,22196,2,3,1800,5400
82351,22197,1,3,1100,3300
82352,22197,4,2,900,1800
82353,22197,2,3,1800,5400
82354,22197,7,1,3800,3800
82355,22198,5,3,1600,4800
82356,22198,6,1,750,750
82357,22199,7,2,3800,7600
82358,22199,6,1,750,750
82359,22200,6,3,750,2250
82360,22200,4,3,900,2700
82361,22200,1,2,1100,2200
82362,22200,5,3,1600,4800
82363,22201,6,1,750,750
82364,22201,7,2,3800,7600
82365,22202,6,3,750,2250
82366,22203,3,1,2200,2200
82367,22203,6,3,750,2250
82368,22204,8,3,1500,4500
82369,22204,7,3,3800,11400
82370,22204,6,2,750,1500
82371,22204,5,2,1600,3200
82372,22204,2,2,1800,3600
82373,22205,6,2,750,1500
82374,22205,5,2,1600,3200
82375,22205,2,2,1800,3600
82376,22205,1,2,1100,2200
82377,22205,4,1,900,900
82378,22206,8,3,1500,4500
82379,22206,4,2,900,1800
82380,22207,7,2,3800,7600
82381,22207,3,3,2200,6600
82382,22207,4,2,900,1800
82383,22207,5,3,1600,4800
82384,22207,2,3,1800,5400
82385,22207,1,2,1100,2200
82386,22207,6,2,750,1500
82387,22208,2,2,1800,3600
82388,22208,4,2,900,1800
82389,22208,6,2,750,1500
82390,22208,7,1,3800,3800
82391,22209,1,3,1100,3300
82392,22209,7,2,3800,7600
82393,22209,2,2,1800,3600
82394,22209,4,1,900,900
82395,22210,3,1,2200,2200
82396,22211,7,3,3800,11400
82397,22211,2,2,1800,3600
82398,22211,3,3,2200,6600
82399,22211,6,1,750,750
82400,22211,5,1,1600,1600
82401,22212,4,1,900,900
82402,22212,8,1,1500,1500
82403,22212,1,3,1100,3300
82404,22212,3,1,2200,2200
82405,22213,1,1,1100,1100
82406,22213,4,2,900,1800
82407,22213,7,3,3800,11400
82408,22213,3,3,2200,6600
82409,22213,5,3,1600,4800
82410,22214,1,3,1100,3300
82411,22215,8,1,1500,1500
82412,22215,6,2,750,1500
82413,22216,2,2,1800,3600
82414,22217,6,2,750,1500
82415,22217,5,1,1600,1600
82416,22217,1,3,1100,3300
82417,22217,4,1,900,900
82418,22218,5,2,1600,3200
82419,22218,7,2,3800,7600
82420,22218,6,2,750,1500
82421,22218,8,3,1500,4500
82422,22219,5,1,1600,1600
82423,22219,3,2,2200,4400
82424,22219,2,2,1800,3600
82425,22219,7,3,3800,11400
82426,22219,1,3,1100,3300
82427,22220,7,1,3800,3800
82428,22220,2,3,1800,5400
82429,22220,8,1,1500,1500
82430,22220,3,2,2200,4400
82431,22221,3,1,2200,2200
82432,22221,5,2,1600,3200
82433,22222,4,2,900,1800
82434,22223,2,1,1800,1800
82435,22223,1,1,1100,1100
82436,22223,8,3,1500,4500
82437,22223,7,3,3800,11400
82438,22223,6,1,750,750
82439,22224,3,2,2200,4400
82440,22224,6,1,750,750
82441,22224,1,3,1100,3300
82442,22224,7,2,3800,7600
82443,22224,4,1,900,900
82444,22224,2,2,1800,3600
82445,22224,5,1,1600,1600
82446,22225,4,1,900,900
82447,22226,3,2,2200,4400
82448,22227,8,1,1500,1500
82449,22227,4,1,900,900
82450,22227,2,1,1800,1800
82451,22227,3,1,2200,2200
82452,22227,5,3,1600,4800
82453,22227,7,2,3800,7600
82454,22227,6,2,750,1500
82455,22228,5,2,1600,3200
82456,22228,7,3,3800,11400
82457,22228,2,2,1800,3600
82458,22228,4,2,900,1800
82459,22228,8,2,1500,3000
82460,22229,6,3,750,2250
82461,22230,5,3,1600,4800
82462,22230,8,3,1500,4500
82463,22230,7,3,3800,11400
82464,22230,1,3,1100,3300
82465,22231,6,3,750,2250
82466,22231,3,2,2200,4400
82467,22231,2,2,1800,3600
82468,22231,1,3,1100,3300
82469,22232,4,2,900,1800
82470,22232,5,3,1600,4800
82471,22232,7,3,3800,11400
82472,22232,8,2,1500,3000
82473,22233,3,2,2200,4400
82474,22233,1,2,1100,2200
82475,22233,7,3,3800,11400
82476,22233,6,3,750,2250
82477,22234,5,1,1600,1600
82478,22234,8,1,1500,1500
82479,22234,6,2,750,1500
82480,22234,3,3,2200,6600
82481,22235,8,3,1500,4500
82482,22235,4,3,900,2700
82483,22236,8,2,1500,3000
82484,22237,1,2,1100,2200
82485,22237,6,1,750,750
82486,22237,5,2,1600,3200
82487,22237,3,1,2200,2200
82488,22237,8,2,1500,3000
82489,22238,1,1,1100,1100
82490,22238,8,1,1500,1500
82491,22238,2,2,1800,3600
82492,22238,7,2,3800,7600
82493,22238,6,2,750,1500
82494,22239,7,1,3800,3800
82495,22239,1,3,1100,3300
82496,22240,8,3,1500,4500
82497,22240,3,2,2200,4400
82498,22240,7,3,3800,11400
82499,22240,2,3,1800,5400
82500,22240,1,2,1100,2200
82501,22240,4,2,900,1800
82502,22240,6,2,750,1500
82503,22240,5,3,1600,4800
82504,22241,1,2,1100,2200
82505,22241,5,2,1600,3200
82506,22241,6,3,750,2250
82507,22241,3,3,2200,6600
82508,22241,7,2,3800,7600
82509,22242,4,2,900,1800
82510,22243,1,2,1100,2200
82511,22243,6,3,750,2250
82512,22243,5,1,1600,1600
82513,22243,2,3,1800,5400
82514,22244,2,2,1800,3600
82515,22244,7,2,3800,7600
82516,22244,1,1,1100,1100
82517,22244,5,2,1600,3200
82518,22245,1,1,1100,1100
82519,22246,4,1,900,900
82520,22246,8,1,1500,1500
82521,22247,5,1,1600,1600
82522,22248,2,1,1800,1800
82523,22249,6,1,750,750
82524,22250,2,3,1800,5400
82525,22251,8,1,1500,1500
82526,22251,3,1,2200,2200
82527,22251,2,1,1800,1800
82528,22251,6,2,750,1500
82529,22251,7,1,3800,3800
82530,22252,6,2,750,1500
82531,22253,3,2,2200,4400
82532,22253,6,3,750,2250
82533,22254,8,1,1500,1500
82534,22254,7,2,3800,7600
82535,22254,2,3,1800,5400
82536,22254,6,3,750,2250
82537,22255,4,2,900,1800
82538,22255,1,1,1100,1100
82539,22255,3,3,2200,6600
82540,22255,5,3,1600,4800
82541,22255,7,3,3800,11400
82542,22256,6,3,750,2250
82543,22256,8,1,1500,1500
82544,22256,2,3,1800,5400
82545,22256,4,3,900,2700
82546,22257,5,2,1600,3200
82547,22257,4,3,900,2700
82548,22257,6,3,750,2250
82549,22257,1,1,1100,1100
82550,22257,7,2,3800,7600
82551,22258,7,3,3800,11400
82552,22258,2,2,1800,3600
82553,22259,1,2,1100,2200
82554,22259,3,1,2200,2200
82555,22259,5,2,1600,3200
82556,22259,6,3,750,2250
82557,22259,4,3,900,2700
82558,22259,2,1,1800,1800
82559,22259,7,3,3800,11400
82560,22260,7,3,3800,11400
82561,22260,3,1,2200,2200
82562,22260,1,3,1100,3300
82563,22260,4,2,900,1800
82564,22261,4,2,900,1800
82565,22261,2,1,1800,1800
82566,22261,1,1,1100,1100
82567,22261,5,2,1600,3200
82568,22262,6,2,750,1500
82569,22263,7,2,3800,7600
82570,22263,1,1,1100,1100
82571,22263,4,3,900,2700
82572,22263,5,2,1600,3200
82573,22263,2,1,1800,1800
82574,22264,2,3,1800,5400
82575,22264,5,1,1600,1600
82576,22264,7,1,3800,3800
82577,22264,4,2,900,1800
82578,22265,3,1,2200,2200
82579,22265,4,3,900,2700
82580,22265,8,1,1500,1500
82581,22265,1,1,1100,1100
82582,22265,2,1,1800,1800
82583,22266,2,1,1800,1800
82584,22266,8,3,1500,4500
82585,22266,1,2,1100,2200
82586,22266,6,3,750,2250
82587,22267,6,3,750,2250
82588,22267,8,3,1500,4500
82589,22267,5,2,1600,3200
82590,22267,7,3,3800,11400
82591,22267,3,1,2200,2200
82592,22267,2,3,1800,5400
82593,22267,1,1,1100,1100
82594,22268,7,3,3800,11400
82595,22268,8,3,1500,4500
82596,22268,2,3,1800,5400
82597,22268,3,1,2200,2200
82598,22268,1,3,1100,3300
82599,22269,7,2,3800,7600
82600,22269,8,2,1500,3000
82601,22270,1,2,1100,2200
82602,22270,5,3,1600,4800
82603,22271,5,3,1600,4800
82604,22272,6,3,750,2250
82605,22272,7,3,3800,11400
82606,22272,4,3,900,2700
82607,22272,5,2,1600,3200
82608,22272,8,2,1500,3000
82609,22273,8,1,1500,1500
82610,22274,4,2,900,1800
82611,22274,1,2,1100,2200
82612,22274,5,1,1600,1600
82613,22274,7,2,3800,7600
82614,22275,4,2,900,1800
82615,22275,6,2,750,1500
82616,22276,2,3,1800,5400
82617,22276,3,3,2200,6600
82618,22276,4,2,900,1800
82619,22276,6,2,750,1500
82620,22276,1,2,1100,2200
82621,22276,5,3,1600,4800
82622,22276,8,1,1500,1500
82623,22276,7,1,3800,3800
82624,22277,1,3,1100,3300
82625,22277,2,1,1800,1800
82626,22277,3,3,2200,6600
82627,22277,6,3,750,2250
82628,22277,8,1,1500,1500
82629,22278,6,3,750,2250
82630,22279,8,1,1500,1500
82631,22279,1,1,1100,1100
82632,22279,2,3,1800,5400
82633,22279,4,3,900,2700
82634,22279,5,1,1600,1600
82635,22279,6,3,750,2250
82636,22279,3,1,2200,2200
82637,22280,5,3,1600,4800
82638,22280,4,3,900,2700
82639,22281,5,2,1600,3200
82640,22281,2,1,1800,1800
82641,22281,7,3,3800,11400
82642,22281,1,3,1100,3300
82643,22281,6,1,750,750
82644,22281,4,3,900,2700
82645,22281,3,1,2200,2200
82646,22282,7,3,3800,11400
82647,22283,3,1,2200,2200
82648,22283,7,1,3800,3800
82649,22283,4,3,900,2700
82650,22283,6,2,750,1500
82651,22283,8,3,1500,4500
82652,22283,2,2,1800,3600
82653,22283,1,3,1100,3300
82654,22284,8,1,1500,1500
82655,22284,6,3,750,2250
82656,22285,4,1,900,900
82657,22285,3,3,2200,6600
82658,22285,5,2,1600,3200
82659,22285,7,1,3800,3800
82660,22286,2,2,1800,3600
82661,22286,8,3,1500,4500
82662,22287,2,2,1800,3600
82663,22287,7,2,3800,7600
82664,22287,3,2,2200,4400
82665,22287,5,1,1600,1600
82666,22288,8,2,1500,3000
82667,22288,3,2,2200,4400
82668,22288,1,2,1100,2200
82669,22288,2,2,1800,3600
82670,22288,7,3,3800,11400
82671,22289,4,2,900,1800
82672,22289,7,1,3800,3800
82673,22289,3,2,2200,4400
82674,22289,2,2,1800,3600
82675,22290,1,3,1100,3300
82676,22290,6,3,750,2250
82677,22290,8,2,1500,3000
82678,22290,5,3,1600,4800
82679,22290,3,3,2200,6600
82680,22290,4,2,900,1800
82681,22290,7,1,3800,3800
82682,22291,2,1,1800,1800
82683,22291,4,2,900,1800
82684,22291,6,1,750,750
82685,22291,3,1,2200,2200
82686,22292,2,3,1800,5400
82687,22293,4,2,900,1800
82688,22293,5,1,1600,1600
82689,22293,3,3,2200,6600
82690,22293,6,1,750,750
82691,22294,1,2,1100,2200
82692,22294,2,2,1800,3600
82693,22294,8,3,1500,4500
82694,22294,6,2,750,1500
82695,22295,7,2,3800,7600
82696,22295,2,2,1800,3600
82697,22295,1,3,1100,3300
82698,22295,5,3,1600,4800
82699,22296,6,3,750,2250
82700,22296,1,2,1100,2200
82701,22296,3,1,2200,2200
82702,22296,5,1,1600,1600
82703,22296,7,1,3800,3800
82704,22296,2,1,1800,1800
82705,22296,4,2,900,1800
82706,22296,8,1,1500,1500
82707,22297,7,3,3800,11400
82708,22297,5,3,1600,4800
82709,22297,1,1,1100,1100
82710,22297,6,1,750,750
82711,22297,2,1,1800,1800
82712,22297,4,2,900,1800
82713,22297,3,1,2200,2200
82714,22298,8,2,1500,3000
82715,22298,2,3,1800,5400
82716,22298,4,1,900,900
82717,22298,3,3,2200,6600
82718,22298,7,1,3800,3800
82719,22299,2,1,1800,1800
82720,22299,1,3,1100,3300
82721,22299,3,3,2200,6600
82722,22299,8,1,1500,1500
82723,22300,3,1,2200,2200
82724,22301,5,1,1600,1600
82725,22301,3,2,2200,4400
82726,22302,5,3,1600,4800
82727,22302,4,3,900,2700
82728,22302,1,1,1100,1100
82729,22302,8,1,1500,1500
82730,22303,5,2,1600,3200
82731,22303,2,2,1800,3600
82732,22303,6,3,750,2250
82733,22303,1,3,1100,3300
82734,22303,7,2,3800,7600
82735,22304,8,1,1500,1500
82736,22304,2,1,1800,1800
82737,22304,3,2,2200,4400
82738,22304,1,2,1100,2200
82739,22304,6,3,750,2250
82740,22305,7,3,3800,11400
82741,22306,5,3,1600,4800
82742,22306,1,1,1100,1100
82743,22306,6,2,750,1500
82744,22306,7,2,3800,7600
82745,22307,3,3,2200,6600
82746,22307,5,1,1600,1600
82747,22307,8,1,1500,1500
82748,22307,7,3,3800,11400
82749,22308,8,3,1500,4500
82750,22309,1,2,1100,2200
82751,22309,7,2,3800,7600
82752,22309,4,1,900,900
82753,22309,8,3,1500,4500
82754,22309,6,1,750,750
82755,22310,3,2,2200,4400
82756,22310,6,2,750,1500
82757,22310,1,2,1100,2200
82758,22310,4,1,900,900
82759,22311,1,2,1100,2200
82760,22311,8,1,1500,1500
82761,22311,7,3,3800,11400
82762,22311,4,2,900,1800
82763,22311,6,1,750,750
82764,22311,3,2,2200,4400
82765,22311,2,3,1800,5400
82766,22311,5,2,1600,3200
82767,22312,4,2,900,1800
82768,22312,2,3,1800,5400
82769,22312,3,3,2200,6600
82770,22312,6,2,750,1500
82771,22313,4,3,900,2700
82772,22314,2,2,1800,3600
82773,22314,6,2,750,1500
82774,22315,7,3,3800,11400
82775,22315,4,3,900,2700
82776,22315,5,3,1600,4800
82777,22315,3,1,2200,2200
82778,22315,6,3,750,2250
82779,22316,8,3,1500,4500
82780,22316,7,3,3800,11400
82781,22316,2,3,1800,5400
82782,22316,6,3,750,2250
82783,22317,3,1,2200,2200
82784,22317,6,2,750,1500
82785,22318,5,1,1600,1600
82786,22318,3,2,2200,4400
82787,22319,3,2,2200,4400
82788,22320,2,2,1800,3600
82789,22320,1,1,1100,1100
82790,22320,7,2,3800,7600
82791,22320,4,3,900,2700
82792,22320,5,3,1600,4800
82793,22320,3,1,2200,2200
82794,22320,8,1,1500,1500
82795,22320,6,1,750,750
82796,22321,2,1,1800,1800
82797,22321,1,3,1100,3300
82798,22322,6,3,750,2250
82799,22323,6,3,750,2250
82800,22323,2,1,1800,1800
82801,22323,7,1,3800,3800
82802,22323,3,1,2200,2200
82803,22323,4,3,900,2700
82804,22324,1,3,1100,3300
82805,22325,2,3,1800,5400
82806,22326,8,1,1500,1500
82807,22326,4,3,900,2700
82808,22327,7,3,3800,11400
82809,22327,6,1,750,750
82810,22327,8,1,1500,1500
82811,22327,1,3,1100,3300
82812,22327,5,3,1600,4800
82813,22327,2,2,1800,3600
82814,22327,3,3,2200,6600
82815,22328,1,1,1100,1100
82816,22328,3,3,2200,6600
82817,22328,8,1,1500,1500
82818,22328,2,1,1800,1800
82819,22328,7,3,3800,11400
82820,22329,1,2,1100,2200
82821,22329,8,1,1500,1500
82822,22329,7,1,3800,3800
82823,22329,6,2,750,1500
82824,22329,4,3,900,2700
82825,22330,3,3,2200,6600
82826,22330,2,2,1800,3600
82827,22330,8,3,1500,4500
82828,22330,4,2,900,1800
82829,22330,5,2,1600,3200
82830,22331,8,3,1500,4500
82831,22331,2,1,1800,1800
82832,22332,7,3,3800,11400
82833,22333,4,2,900,1800
82834,22333,7,3,3800,11400
82835,22334,8,1,1500,1500
82836,22335,5,3,1600,4800
82837,22335,8,2,1500,3000
82838,22336,4,2,900,1800
82839,22336,7,1,3800,3800
82840,22337,2,1,1800,1800
82841,22338,7,1,3800,3800
82842,22338,4,1,900,900
82843,22339,2,2,1800,3600
82844,22339,7,2,3800,7600
82845,22339,3,3,2200,6600
82846,22339,4,1,900,900
82847,22340,4,2,900,1800
82848,22340,5,2,1600,3200
82849,22340,7,3,3800,11400
82850,22340,1,3,1100,3300
82851,22341,1,3,1100,3300
82852,22342,8,1,1500,1500
82853,22342,4,2,900,1800
82854,22343,7,3,3800,11400
82855,22343,3,2,2200,4400
82856,22343,1,3,1100,3300
82857,22343,5,1,1600,1600
82858,22344,2,2,1800,3600
82859,22344,5,3,1600,4800
82860,22344,4,2,900,1800
82861,22344,6,3,750,2250
82862,22344,8,1,1500,1500
82863,22344,3,2,2200,4400
82864,22344,7,2,3800,7600
82865,22344,1,2,1100,2200
82866,22345,1,1,1100,1100
82867,22345,4,3,900,2700
82868,22345,6,1,750,750
82869,22345,7,3,3800,11400
82870,22345,3,2,2200,4400
82871,22346,1,2,1100,2200
82872,22347,1,1,1100,1100
82873,22347,6,3,750,2250
82874,22347,3,3,2200,6600
82875,22347,7,1,3800,3800
82876,22347,2,1,1800,1800
82877,22348,2,3,1800,5400
82878,22348,3,3,2200,6600
82879,22349,2,3,1800,5400
82880,22349,3,3,2200,6600
82881,22349,8,2,1500,3000
82882,22349,6,1,750,750
82883,22349,4,3,900,2700
82884,22349,1,2,1100,2200
82885,22349,5,1,1600,1600
82886,22350,2,3,1800,5400
82887,22350,8,3,1500,4500
82888,22350,7,3,3800,11400
82889,22350,1,3,1100,3300
82890,22350,6,2,750,1500
82891,22350,3,1,2200,2200
82892,22350,4,2,900,1800
82893,22351,7,2,3800,7600
82894,22351,3,1,2200,2200
82895,22351,1,2,1100,2200
82896,22351,8,1,1500,1500
82897,22352,1,2,1100,2200
82898,22352,8,2,1500,3000
82899,22353,3,2,2200,4400
82900,22353,7,1,3800,3800
82901,22354,7,2,3800,7600
82902,22354,3,2,2200,4400
82903,22354,6,1,750,750
82904,22354,8,2,1500,3000
82905,22355,3,1,2200,2200
82906,22355,1,1,1100,1100
82907,22355,8,1,1500,1500
82908,22355,2,1,1800,1800
82909,22355,7,1,3800,3800
82910,22356,6,2,750,1500
82911,22356,3,1,2200,2200
82912,22357,6,3,750,2250
82913,22358,4,3,900,2700
82914,22358,1,3,1100,3300
82915,22358,7,1,3800,3800
82916,22358,8,1,1500,1500
82917,22358,3,1,2200,2200
82918,22359,1,3,1100,3300
82919,22359,4,2,900,1800
82920,22359,2,3,1800,5400
82921,22359,6,3,750,2250
82922,22360,5,1,1600,1600
82923,22360,2,1,1800,1800
82924,22360,7,1,3800,3800
82925,22360,6,3,750,2250
82926,22360,3,3,2200,6600
82927,22361,3,1,2200,2200
82928,22362,7,2,3800,7600
82929,22362,2,1,1800,1800
82930,22363,5,2,1600,3200
82931,22363,7,2,3800,7600
82932,22364,6,2,750,1500
82933,22365,6,1,750,750
82934,22365,8,1,1500,1500
82935,22366,2,1,1800,1800
82936,22366,5,3,1600,4800
82937,22366,6,2,750,1500
82938,22366,1,2,1100,2200
82939,22366,3,3,2200,6600
82940,22367,7,2,3800,7600
82941,22367,2,2,1800,3600
82942,22367,4,1,900,900
82943,22367,8,3,1500,4500
82944,22367,3,1,2200,2200
82945,22367,1,2,1100,2200
82946,22367,6,3,750,2250
82947,22368,7,2,3800,7600
82948,22368,2,3,1800,5400
82949,22369,4,1,900,900
82950,22369,3,3,2200,6600
82951,22369,7,2,3800,7600
82952,22369,1,1,1100,1100
82953,22369,6,1,750,750
82954,22370,3,2,2200,4400
82955,22370,5,2,1600,3200
82956,22371,5,3,1600,4800
82957,22371,6,2,750,1500
82958,22371,4,1,900,900
82959,22371,2,2,1800,3600
82960,22371,3,3,2200,6600
82961,22371,8,3,1500,4500
82962,22371,7,3,3800,11400
82963,22371,1,2,1100,2200
82964,22372,7,1,3800,3800
82965,22373,1,3,1100,3300
82966,22373,8,2,1500,3000
82967,22374,7,1,3800,3800
82968,22375,1,2,1100,2200
82969,22375,3,2,2200,4400
82970,22376,8,1,1500,1500
82971,22376,7,1,3800,3800
82972,22376,3,1,2200,2200
82973,22376,4,2,900,1800
82974,22376,5,1,1600,1600
82975,22376,1,1,1100,1100
82976,22376,2,1,1800,1800
82977,22376,6,3,750,2250
82978,22377,3,3,2200,6600
82979,22377,1,1,1100,1100
82980,22378,3,3,2200,6600
82981,22378,1,2,1100,2200
82982,22379,5,1,1600,1600
82983,22379,6,2,750,1500
82984,22380,1,1,1100,1100
82985,22380,7,2,3800,7600
82986,22380,8,2,1500,3000
82987,22380,5,1,1600,1600
82988,22380,6,3,750,2250
82989,22381,7,2,3800,7600
82990,22381,2,3,1800,5400
82991,22381,6,3,750,2250
82992,22381,5,1,1600,1600
82993,22381,8,3,1500,4500
82994,22382,3,2,2200,4400
82995,22383,4,2,900,1800
82996,22383,6,3,750,2250
82997,22383,3,2,2200,4400
82998,22383,8,2,1500,3000
82999,22383,5,2,1600,3200
83000,22384,8,1,1500,1500
83001,22384,3,2,2200,4400
83002,22385,3,3,2200,6600
83003,22385,5,3,1600,4800
83004,22385,1,2,1100,2200
83005,22385,2,3,1800,5400
83006,22386,8,2,1500,3000
83007,22386,6,1,750,750
83008,22386,2,3,1800,5400
83009,22386,1,2,1100,2200
83010,22387,4,2,900,1800
83011,22387,1,2,1100,2200
83012,22388,2,1,1800,1800
83013,22388,6,1,750,750
83014,22388,8,2,1500,3000
83015,22388,4,2,900,1800
83016,22389,6,3,750,2250
83017,22389,2,2,1800,3600
83018,22389,5,1,1600,1600
83019,22389,7,1,3800,3800
83020,22390,5,3,1600,4800
83021,22391,2,3,1800,5400
83022,22391,7,1,3800,3800
83023,22391,5,1,1600,1600
83024,22391,8,3,1500,4500
83025,22392,6,2,750,1500
83026,22392,3,2,2200,4400
83027,22392,5,2,1600,3200
83028,22392,4,3,900,2700
83029,22392,1,1,1100,1100
83030,22393,2,3,1800,5400
83031,22393,4,3,900,2700
83032,22393,6,1,750,750
83033,22393,7,3,3800,11400
83034,22394,5,3,1600,4800
83035,22394,7,2,3800,7600
83036,22394,6,3,750,2250
83037,22394,4,1,900,900
83038,22394,8,1,1500,1500
83039,22394,3,2,2200,4400
83040,22394,1,1,1100,1100
83041,22395,4,1,900,900
83042,22396,4,1,900,900
83043,22397,3,3,2200,6600
83044,22397,6,3,750,2250
83045,22397,1,1,1100,1100
83046,22397,4,3,900,2700
83047,22397,5,2,1600,3200
83048,22397,8,3,1500,4500
83049,22397,7,1,3800,3800
83050,22398,2,2,1800,3600
83051,22398,7,2,3800,7600
83052,22399,8,1,1500,1500
83053,22399,5,3,1600,4800
83054,22400,4,3,900,2700
83055,22400,6,2,750,1500
83056,22400,1,2,1100,2200
83057,22400,2,1,1800,1800
83058,22400,8,1,1500,1500
83059,22401,5,3,1600,4800
83060,22401,8,2,1500,3000
83061,22402,6,2,750,1500
83062,22402,1,3,1100,3300
83063,22403,6,3,750,2250
83064,22404,8,1,1500,1500
83065,22405,5,1,1600,1600
83066,22406,6,2,750,1500
83067,22406,1,2,1100,2200
83068,22406,5,3,1600,4800
83069,22406,2,3,1800,5400
83070,22406,7,1,3800,3800
83071,22407,1,2,1100,2200
83072,22407,4,2,900,1800
83073,22408,4,3,900,2700
83074,22408,2,1,1800,1800
83075,22408,5,3,1600,4800
83076,22408,7,1,3800,3800
83077,22409,3,3,2200,6600
83078,22409,8,1,1500,1500
83079,22410,2,2,1800,3600
83080,22410,4,2,900,1800
83081,22411,5,2,1600,3200
83082,22411,8,2,1500,3000
83083,22411,6,2,750,1500
83084,22411,3,3,2200,6600
83085,22411,1,3,1100,3300
83086,22411,4,3,900,2700
83087,22411,7,3,3800,11400
83088,22411,2,3,1800,5400
83089,22412,3,2,2200,4400
83090,22412,5,3,1600,4800
83091,22413,3,2,2200,4400
83092,22414,3,3,2200,6600
83093,22415,5,3,1600,4800
83094,22415,1,3,1100,3300
83095,22415,6,1,750,750
83096,22415,3,1,2200,2200
83097,22416,4,3,900,2700
83098,22416,1,3,1100,3300
83099,22416,7,3,3800,11400
83100,22416,2,2,1800,3600
83101,22416,3,2,2200,4400
83102,22417,6,1,750,750
83103,22417,4,2,900,1800
83104,22417,1,2,1100,2200
83105,22417,3,2,2200,4400
83106,22417,5,3,1600,4800
83107,22417,7,2,3800,7600
83108,22417,2,2,1800,3600
83109,22418,6,3,750,2250
83110,22418,4,2,900,1800
83111,22418,7,1,3800,3800
83112,22418,1,3,1100,3300
83113,22418,2,1,1800,1800
83114,22418,3,3,2200,6600
83115,22418,8,2,1500,3000
83116,22418,5,3,1600,4800
83117,22419,7,3,3800,11400
83118,22420,2,3,1800,5400
83119,22420,7,3,3800,11400
83120,22420,5,1,1600,1600
83121,22420,3,3,2200,6600
83122,22421,7,3,3800,11400
83123,22422,2,2,1800,3600
83124,22422,6,1,750,750
83125,22422,7,3,3800,11400
83126,22422,3,2,2200,4400
83127,22423,5,2,1600,3200
83128,22424,4,2,900,1800
83129,22424,1,2,1100,2200
83130,22425,1,1,1100,1100
83131,22425,2,1,1800,1800
83132,22425,4,2,900,1800
83133,22425,5,3,1600,4800
83134,22425,8,1,1500,1500
83135,22426,8,3,1500,4500
83136,22427,4,3,900,2700
83137,22427,8,3,1500,4500
83138,22427,7,2,3800,7600
83139,22427,6,2,750,1500
83140,22428,1,1,1100,1100
83141,22428,4,1,900,900
83142,22428,2,1,1800,1800
83143,22428,7,2,3800,7600
83144,22429,6,3,750,2250
83145,22429,4,1,900,900
83146,22429,5,1,1600,1600
83147,22429,1,3,1100,3300
83148,22429,3,1,2200,2200
83149,22429,8,2,1500,3000
83150,22429,7,1,3800,3800
83151,22429,2,2,1800,3600
83152,22430,1,1,1100,1100
83153,22431,4,2,900,1800
83154,22431,1,1,1100,1100
83155,22431,3,2,2200,4400
83156,22431,6,3,750,2250
83157,22432,4,2,900,1800
83158,22432,7,2,3800,7600
83159,22433,4,2,900,1800
83160,22434,5,2,1600,3200
83161,22435,6,2,750,1500
83162,22436,7,2,3800,7600
83163,22436,3,3,2200,6600
83164,22436,8,2,1500,3000
83165,22436,6,2,750,1500
83166,22436,2,2,1800,3600
83167,22437,4,3,900,2700
83168,22438,1,3,1100,3300
83169,22438,3,2,2200,4400
83170,22439,4,2,900,1800
83171,22439,7,3,3800,11400
83172,22440,2,3,1800,5400
83173,22441,1,3,1100,3300
83174,22442,1,1,1100,1100
83175,22442,5,2,1600,3200
83176,22442,2,2,1800,3600
83177,22442,7,2,3800,7600
83178,22442,8,1,1500,1500
83179,22442,4,1,900,900
83180,22442,3,2,2200,4400
83181,22443,1,1,1100,1100
83182,22443,3,1,2200,2200
83183,22443,8,1,1500,1500
83184,22443,2,2,1800,3600
83185,22444,6,3,750,2250
83186,22445,8,2,1500,3000
83187,22445,7,2,3800,7600
83188,22445,4,1,900,900
83189,22445,5,3,1600,4800
83190,22445,3,1,2200,2200
83191,22445,6,2,750,1500
83192,22445,1,2,1100,2200
83193,22446,6,1,750,750
83194,22447,1,2,1100,2200
83195,22447,6,1,750,750
83196,22448,3,2,2200,4400
83197,22448,1,3,1100,3300
83198,22448,4,2,900,1800
83199,22448,2,3,1800,5400
83200,22448,6,2,750,1500
83201,22448,8,2,1500,3000
83202,22448,5,2,1600,3200
83203,22448,7,3,3800,11400
83204,22449,1,2,1100,2200
83205,22450,6,1,750,750
83206,22450,1,1,1100,1100
83207,22450,4,3,900,2700
83208,22450,3,2,2200,4400
83209,22451,2,3,1800,5400
83210,22451,1,2,1100,2200
83211,22451,4,3,900,2700
83212,22451,7,3,3800,11400
83213,22451,8,2,1500,3000
83214,22451,3,2,2200,4400
83215,22451,5,3,1600,4800
83216,22452,3,1,2200,2200
83217,22452,2,2,1800,3600
83218,22453,7,3,3800,11400
83219,22453,3,3,2200,6600
83220,22454,6,2,750,1500
83221,22454,2,1,1800,1800
83222,22454,4,1,900,900
83223,22454,7,3,3800,11400
83224,22455,6,1,750,750
83225,22456,4,1,900,900
83226,22456,6,1,750,750
83227,22456,2,3,1800,5400
83228,22456,5,2,1600,3200
83229,22456,8,3,1500,4500
83230,22457,4,1,900,900
83231,22457,8,3,1500,4500
83232,22457,7,1,3800,3800
83233,22457,3,3,2200,6600
83234,22458,7,3,3800,11400
83235,22458,8,2,1500,3000
83236,22458,6,1,750,750
83237,22458,5,3,1600,4800
83238,22458,1,1,1100,1100
83239,22458,2,3,1800,5400
83240,22458,3,3,2200,6600
83241,22459,7,1,3800,3800
83242,22459,8,2,1500,3000
83243,22459,6,1,750,750
83244,22459,5,2,1600,3200
83245,22460,4,2,900,1800
83246,22460,6,1,750,750
83247,22461,2,2,1800,3600
83248,22461,8,1,1500,1500
83249,22462,1,2,1100,2200
83250,22462,5,2,1600,3200
83251,22462,2,1,1800,1800
83252,22462,8,3,1500,4500
83253,22463,2,2,1800,3600
83254,22463,6,3,750,2250
83255,22464,7,2,3800,7600
83256,22464,1,3,1100,3300
83257,22465,7,1,3800,3800
83258,22465,3,3,2200,6600
83259,22466,7,1,3800,3800
83260,22466,4,2,900,1800
83261,22466,3,2,2200,4400
83262,22466,1,2,1100,2200
83263,22467,6,1,750,750
83264,22467,8,2,1500,3000
83265,22467,2,2,1800,3600
83266,22467,5,3,1600,4800
83267,22468,2,2,1800,3600
83268,22469,5,3,1600,4800
83269,22470,2,1,1800,1800
83270,22470,8,1,1500,1500
83271,22470,7,2,3800,7600
83272,22470,4,3,900,2700
83273,22471,4,2,900,1800
83274,22472,6,1,750,750
83275,22473,3,1,2200,2200
83276,22474,8,3,1500,4500
83277,22474,4,1,900,900
83278,22474,6,2,750,1500
83279,22474,1,2,1100,2200
83280,22475,1,1,1100,1100
83281,22475,4,2,900,1800
83282,22476,4,1,900,900
83283,22477,7,3,3800,11400
83284,22478,5,1,1600,1600
83285,22478,4,1,900,900
83286,22478,1,2,1100,2200
83287,22478,7,2,3800,7600
83288,22478,3,3,2200,6600
83289,22478,2,2,1800,3600
83290,22478,8,3,1500,4500
83291,22478,6,3,750,2250
83292,22479,5,1,1600,1600
83293,22479,6,3,750,2250
83294,22479,8,1,1500,1500
83295,22479,7,1,3800,3800
83296,22480,3,3,2200,6600
83297,22480,8,3,1500,4500
83298,22481,4,3,900,2700
83299,22482,1,3,1100,3300
83300,22483,2,2,1800,3600
83301,22483,5,3,1600,4800
83302,22484,7,2,3800,7600
83303,22484,3,1,2200,2200
83304,22485,8,1,1500,1500
83305,22486,3,3,2200,6600
83306,22486,5,2,1600,3200
83307,22486,7,3,3800,11400
83308,22486,4,2,900,1800
83309,22487,6,3,750,2250
83310,22487,8,3,1500,4500
83311,22488,6,3,750,2250
83312,22488,5,1,1600,1600
83313,22488,1,1,1100,1100
83314,22488,2,1,1800,1800
83315,22488,3,1,2200,2200
83316,22488,7,3,3800,11400
83317,22488,8,1,1500,1500
83318,22489,3,3,2200,6600
83319,22489,1,1,1100,1100
83320,22490,5,2,1600,3200
83321,22490,6,2,750,1500
83322,22491,2,3,1800,5400
83323,22491,7,1,3800,3800
83324,22492,1,3,1100,3300
83325,22492,6,2,750,1500
83326,22492,8,3,1500,4500
83327,22492,7,3,3800,11400
83328,22493,8,2,1500,3000
83329,22494,8,2,1500,3000
83330,22494,3,3,2200,6600
83331,22494,4,3,900,2700
83332,22494,5,2,1600,3200
83333,22494,7,2,3800,7600
83334,22494,1,2,1100,2200
83335,22494,2,3,1800,5400
83336,22495,4,1,900,900
83337,22496,3,3,2200,6600
83338,22496,4,3,900,2700
83339,22497,4,3,900,2700
83340,22497,8,3,1500,4500
83341,22497,1,2,1100,2200
83342,22497,2,3,1800,5400
83343,22497,7,1,3800,3800
83344,22497,3,2,2200,4400
83345,22497,5,3,1600,4800
83346,22497,6,3,750,2250
83347,22498,2,3,1800,5400
83348,22498,3,3,2200,6600
83349,22498,6,1,750,750
83350,22498,8,3,1500,4500
83351,22498,5,2,1600,3200
83352,22499,6,2,750,1500
83353,22499,7,1,3800,3800
83354,22499,4,3,900,2700
83355,22499,2,1,1800,1800
83356,22499,5,2,1600,3200
83357,22500,5,3,1600,4800
83358,22500,1,3,1100,3300
83359,22501,6,2,750,1500
83360,22501,3,1,2200,2200
83361,22501,8,2,1500,3000
83362,22501,1,2,1100,2200
83363,22502,7,2,3800,7600
83364,22503,2,1,1800,1800
83365,22503,7,1,3800,3800
83366,22503,5,2,1600,3200
83367,22503,8,3,1500,4500
83368,22503,1,3,1100,3300
83369,22503,3,3,2200,6600
83370,22503,4,1,900,900
83371,22503,6,1,750,750
83372,22504,5,2,1600,3200
83373,22504,3,2,2200,4400
83374,22505,4,3,900,2700
83375,22505,7,3,3800,11400
83376,22505,5,3,1600,4800
83377,22505,8,3,1500,4500
83378,22506,4,2,900,1800
83379,22506,8,1,1500,1500
83380,22506,7,2,3800,7600
83381,22506,5,3,1600,4800
83382,22506,1,1,1100,1100
83383,22507,1,2,1100,2200
83384,22507,4,1,900,900
83385,22508,5,2,1600,3200
83386,22508,3,1,2200,2200
83387,22508,2,1,1800,1800
83388,22508,4,2,900,1800
83389,22509,3,3,2200,6600
83390,22509,2,3,1800,5400
83391,22509,7,3,3800,11400
83392,22509,5,1,1600,1600
83393,22509,1,2,1100,2200
83394,22509,6,2,750,1500
83395,22509,4,2,900,1800
83396,22509,8,3,1500,4500
83397,22510,6,1,750,750
83398,22510,4,1,900,900
83399,22511,7,1,3800,3800
83400,22511,8,2,1500,3000
83401,22512,5,1,1600,1600
83402,22512,8,3,1500,4500
83403,22512,6,2,750,1500
83404,22512,1,1,1100,1100
83405,22512,4,3,900,2700
83406,22513,1,1,1100,1100
83407,22513,8,3,1500,4500
83408,22514,8,1,1500,1500
83409,22514,3,1,2200,2200
83410,22514,6,3,750,2250
83411,22514,5,3,1600,4800
83412,22515,1,1,1100,1100
83413,22516,8,1,1500,1500
83414,22517,7,2,3800,7600
83415,22517,2,2,1800,3600
83416,22517,1,2,1100,2200
83417,22517,3,2,2200,4400
83418,22518,3,2,2200,4400
83419,22518,4,1,900,900
83420,22518,2,3,1800,5400
83421,22518,7,1,3800,3800
83422,22519,6,1,750,750
83423,22520,2,3,1800,5400
83424,22520,7,3,3800,11400
83425,22521,6,1,750,750
83426,22521,2,2,1800,3600
83427,22521,3,2,2200,4400
83428,22521,1,2,1100,2200
83429,22522,5,1,1600,1600
83430,22522,3,3,2200,6600
83431,22522,4,1,900,900
83432,22522,6,3,750,2250
83433,22523,2,1,1800,1800
83434,22523,1,2,1100,2200
83435,22523,8,2,1500,3000
83436,22523,6,3,750,2250
83437,22523,4,3,900,2700
83438,22524,1,3,1100,3300
83439,22525,1,1,1100,1100
83440,22525,6,1,750,750
83441,22525,4,3,900,2700
83442,22525,3,2,2200,4400
83443,22525,8,2,1500,3000
83444,22526,3,1,2200,2200
83445,22527,3,2,2200,4400
83446,22527,2,1,1800,1800
83447,22528,5,1,1600,1600
83448,22528,2,1,1800,1800
83449,22529,1,3,1100,3300
83450,22529,6,1,750,750
83451,22529,7,1,3800,3800
83452,22529,3,1,2200,2200
83453,22529,8,3,1500,4500
83454,22530,1,2,1100,2200
83455,22530,4,2,900,1800
83456,22530,8,3,1500,4500
83457,22530,3,2,2200,4400
83458,22531,2,2,1800,3600
83459,22532,2,1,1800,1800
83460,22532,3,3,2200,6600
83461,22533,8,3,1500,4500
83462,22533,3,2,2200,4400
83463,22533,4,2,900,1800
83464,22533,7,2,3800,7600
83465,22533,1,1,1100,1100
83466,22533,2,1,1800,1800
83467,22533,6,1,750,750
83468,22534,7,2,3800,7600
83469,22535,3,2,2200,4400
83470,22535,5,1,1600,1600
83471,22535,7,1,3800,3800
83472,22535,4,2,900,1800
83473,22535,1,2,1100,2200
83474,22535,2,1,1800,1800
83475,22535,8,2,1500,3000
83476,22536,1,2,1100,2200
83477,22536,5,1,1600,1600
83478,22536,3,1,2200,2200
83479,22536,6,3,750,2250
83480,22537,1,1,1100,1100
83481,22537,3,2,2200,4400
83482,22537,6,1,750,750
83483,22537,5,3,1600,4800
83484,22538,5,2,1600,3200
83485,22538,8,3,1500,4500
83486,22539,1,1,1100,1100
83487,22539,6,3,750,2250
83488,22539,2,1,1800,1800
83489,22539,5,1,1600,1600
83490,22539,3,1,2200,2200
83491,22540,6,3,750,2250
83492,22540,2,2,1800,3600
83493,22541,5,1,1600,1600
83494,22542,2,3,1800,5400
83495,22542,6,1,750,750
83496,22543,6,3,750,2250
83497,22544,2,3,1800,5400
83498,22544,7,3,3800,11400
83499,22544,6,3,750,2250
83500,22544,5,2,1600,3200
83501,22544,4,1,900,900
83502,22544,8,1,1500,1500
83503,22544,3,1,2200,2200
83504,22545,5,2,1600,3200
83505,22545,7,3,3800,11400
83506,22545,8,1,1500,1500
83507,22545,6,1,750,750
83508,22545,4,1,900,900
83509,22546,7,1,3800,3800
83510,22547,1,2,1100,2200
83511,22548,6,3,750,2250
83512,22548,1,2,1100,2200
83513,22548,5,3,1600,4800
83514,22548,3,3,2200,6600
83515,22549,8,1,1500,1500
83516,22549,5,3,1600,4800
83517,22549,2,1,1800,1800
83518,22549,6,1,750,750
83519,22550,7,3,3800,11400
83520,22551,5,1,1600,1600
83521,22551,1,3,1100,3300
83522,22552,1,1,1100,1100
83523,22552,4,3,900,2700
83524,22552,8,1,1500,1500
83525,22552,6,3,750,2250
83526,22552,2,1,1800,1800
83527,22553,3,2,2200,4400
83528,22553,7,3,3800,11400
83529,22553,6,1,750,750
83530,22553,1,2,1100,2200
83531,22553,8,1,1500,1500
83532,22554,6,1,750,750
83533,22554,8,1,1500,1500
83534,22555,2,1,1800,1800
83535,22555,1,3,1100,3300
83536,22556,6,2,750,1500
83537,22556,1,2,1100,2200
83538,22556,2,1,1800,1800
83539,22556,3,1,2200,2200
83540,22557,8,3,1500,4500
83541,22558,7,1,3800,3800
83542,22559,6,1,750,750
83543,22559,2,1,1800,1800
83544,22559,7,2,3800,7600
83545,22559,4,2,900,1800
83546,22560,4,2,900,1800
83547,22560,5,3,1600,4800
83548,22561,7,1,3800,3800
83549,22561,4,2,900,1800
83550,22561,2,1,1800,1800
83551,22561,3,3,2200,6600
83552,22561,6,3,750,2250
83553,22561,8,3,1500,4500
83554,22561,5,3,1600,4800
83555,22562,6,3,750,2250
83556,22563,1,3,1100,3300
83557,22563,3,1,2200,2200
83558,22563,4,1,900,900
83559,22563,6,3,750,2250
83560,22563,8,3,1500,4500
83561,22563,7,3,3800,11400
83562,22563,2,1,1800,1800
83563,22563,5,2,1600,3200
83564,22564,1,3,1100,3300
83565,22564,4,1,900,900
83566,22564,6,2,750,1500
83567,22564,7,2,3800,7600
83568,22565,8,1,1500,1500
83569,22565,2,3,1800,5400
83570,22566,5,1,1600,1600
83571,22566,6,2,750,1500
83572,22566,1,1,1100,1100
83573,22566,7,2,3800,7600
83574,22567,4,1,900,900
83575,22567,3,1,2200,2200
83576,22567,1,1,1100,1100
83577,22567,2,2,1800,3600
83578,22568,6,2,750,1500
83579,22568,3,3,2200,6600
83580,22568,4,1,900,900
83581,22568,8,3,1500,4500
83582,22568,1,2,1100,2200
83583,22568,5,3,1600,4800
83584,22568,7,1,3800,3800
83585,22569,8,2,1500,3000
83586,22569,3,1,2200,2200
83587,22570,7,1,3800,3800
83588,22571,7,1,3800,3800
83589,22571,5,3,1600,4800
83590,22571,2,2,1800,3600
83591,22571,4,1,900,900
83592,22571,3,1,2200,2200
83593,22571,6,2,750,1500
83594,22571,8,1,1500,1500
83595,22572,6,1,750,750
83596,22573,4,2,900,1800
83597,22574,1,1,1100,1100
83598,22575,7,1,3800,3800
83599,22575,4,2,900,1800
83600,22575,3,2,2200,4400
83601,22575,2,1,1800,1800
83602,22575,1,2,1100,2200
83603,22576,6,3,750,2250
83604,22576,3,2,2200,4400
83605,22577,4,2,900,1800
83606,22578,3,3,2200,6600
83607,22579,7,1,3800,3800
83608,22580,5,2,1600,3200
83609,22580,6,3,750,2250
83610,22580,1,1,1100,1100
83611,22580,7,2,3800,7600
83612,22581,7,3,3800,11400
83613,22581,3,2,2200,4400
83614,22582,1,1,1100,1100
83615,22583,3,2,2200,4400
83616,22583,1,1,1100,1100
83617,22583,2,2,1800,3600
83618,22583,6,1,750,750
83619,22584,6,3,750,2250
83620,22584,3,1,2200,2200
83621,22585,1,2,1100,2200
83622,22585,5,3,1600,4800
83623,22585,2,1,1800,1800
83624,22585,7,3,3800,11400
83625,22586,7,2,3800,7600
83626,22587,6,3,750,2250
83627,22587,8,2,1500,3000
83628,22587,7,2,3800,7600
83629,22587,2,2,1800,3600
83630,22588,1,2,1100,2200
83631,22589,3,2,2200,4400
83632,22589,5,3,1600,4800
83633,22589,2,2,1800,3600
83634,22589,4,1,900,900
83635,22589,1,1,1100,1100
83636,22590,2,3,1800,5400
83637,22590,4,3,900,2700
83638,22591,5,2,1600,3200
83639,22591,1,3,1100,3300
83640,22592,2,3,1800,5400
83641,22592,8,3,1500,4500
83642,22592,7,1,3800,3800
83643,22592,1,1,1100,1100
83644,22592,3,3,2200,6600
83645,22592,5,3,1600,4800
83646,22592,6,1,750,750
83647,22592,4,1,900,900
83648,22593,3,3,2200,6600
83649,22594,2,3,1800,5400
83650,22595,5,3,1600,4800
83651,22595,3,2,2200,4400
83652,22595,4,1,900,900
83653,22595,2,2,1800,3600
83654,22596,5,3,1600,4800
83655,22596,6,3,750,2250
83656,22597,4,1,900,900
83657,22597,7,1,3800,3800
83658,22597,8,3,1500,4500
83659,22597,2,1,1800,1800
83660,22597,5,1,1600,1600
83661,22598,8,1,1500,1500
83662,22598,5,3,1600,4800
83663,22599,2,1,1800,1800
83664,22599,4,1,900,900
83665,22599,8,3,1500,4500
83666,22599,3,3,2200,6600
83667,22600,6,2,750,1500
83668,22601,1,2,1100,2200
83669,22602,4,3,900,2700
83670,22602,6,1,750,750
83671,22603,6,3,750,2250
83672,22603,7,1,3800,3800
83673,22604,6,1,750,750
83674,22604,3,3,2200,6600
83675,22604,8,1,1500,1500
83676,22604,1,1,1100,1100
83677,22604,7,2,3800,7600
83678,22604,5,3,1600,4800
83679,22604,4,1,900,900
83680,22605,2,2,1800,3600
83681,22605,1,2,1100,2200
83682,22606,6,3,750,2250
83683,22606,7,3,3800,11400
83684,22607,4,3,900,2700
83685,22607,2,3,1800,5400
83686,22608,1,1,1100,1100
83687,22608,7,1,3800,3800
83688,22608,8,3,1500,4500
83689,22608,5,1,1600,1600
83690,22608,4,2,900,1800
83691,22609,7,2,3800,7600
83692,22610,1,3,1100,3300
83693,22610,2,3,1800,5400
83694,22611,3,3,2200,6600
83695,22612,6,1,750,750
83696,22612,1,2,1100,2200
83697,22612,4,3,900,2700
83698,22612,8,1,1500,1500
83699,22613,4,2,900,1800
83700,22614,5,1,1600,1600
83701,22615,8,1,1500,1500
83702,22615,3,3,2200,6600
83703,22615,6,1,750,750
83704,22615,4,3,900,2700
83705,22616,8,3,1500,4500
83706,22616,1,1,1100,1100
83707,22617,1,2,1100,2200
83708,22617,7,1,3800,3800
83709,22617,2,2,1800,3600
83710,22617,8,1,1500,1500
83711,22617,6,3,750,2250
83712,22617,5,1,1600,1600
83713,22617,3,2,2200,4400
83714,22618,6,2,750,1500
83715,22618,8,3,1500,4500
83716,22618,1,1,1100,1100
83717,22618,3,2,2200,4400
83718,22618,4,2,900,1800
83719,22619,1,3,1100,3300
83720,22619,3,1,2200,2200
83721,22620,6,2,750,1500
83722,22620,4,1,900,900
83723,22620,7,1,3800,3800
83724,22620,3,2,2200,4400
83725,22621,2,1,1800,1800
83726,22621,3,3,2200,6600
83727,22621,1,3,1100,3300
83728,22621,8,3,1500,4500
83729,22621,7,2,3800,7600
83730,22621,4,2,900,1800
83731,22621,5,1,1600,1600
83732,22621,6,3,750,2250
83733,22622,7,3,3800,11400
83734,22623,3,1,2200,2200
83735,22623,7,2,3800,7600
83736,22623,1,1,1100,1100
83737,22623,4,3,900,2700
83738,22624,7,2,3800,7600
83739,22624,1,3,1100,3300
83740,22624,4,3,900,2700
83741,22624,8,1,1500,1500
83742,22624,3,3,2200,6600
83743,22625,1,3,1100,3300
83744,22625,2,1,1800,1800
83745,22626,8,2,1500,3000
83746,22626,2,3,1800,5400
83747,22626,6,1,750,750
83748,22626,3,1,2200,2200
83749,22626,4,2,900,1800
83750,22626,1,1,1100,1100
83751,22626,7,3,3800,11400
83752,22626,5,1,1600,1600
83753,22627,3,1,2200,2200
83754,22627,4,3,900,2700
83755,22627,8,3,1500,4500
83756,22627,5,3,1600,4800
83757,22628,2,1,1800,1800
83758,22628,4,2,900,1800
83759,22628,7,2,3800,7600
83760,22628,8,2,1500,3000
83761,22628,6,2,750,1500
83762,22629,3,1,2200,2200
83763,22629,4,3,900,2700
83764,22629,8,1,1500,1500
83765,22629,6,2,750,1500
83766,22629,1,1,1100,1100
83767,22630,8,1,1500,1500
83768,22630,3,2,2200,4400
83769,22631,2,2,1800,3600
83770,22631,4,3,900,2700
83771,22632,6,2,750,1500
83772,22633,4,3,900,2700
83773,22633,5,3,1600,4800
83774,22634,3,2,2200,4400
83775,22635,2,1,1800,1800
83776,22636,8,3,1500,4500
83777,22636,2,2,1800,3600
83778,22636,5,3,1600,4800
83779,22636,7,2,3800,7600
83780,22636,4,1,900,900
83781,22637,3,2,2200,4400
83782,22637,6,1,750,750
83783,22637,1,3,1100,3300
83784,22637,2,3,1800,5400
83785,22638,3,1,2200,2200
83786,22638,5,2,1600,3200
83787,22639,5,3,1600,4800
83788,22639,1,3,1100,3300
83789,22639,7,1,3800,3800
83790,22639,4,2,900,1800
83791,22639,3,3,2200,6600
83792,22640,6,1,750,750
83793,22640,5,3,1600,4800
83794,22640,3,3,2200,6600
83795,22640,2,2,1800,3600
83796,22640,8,1,1500,1500
83797,22640,4,2,900,1800
83798,22640,1,3,1100,3300
83799,22641,3,2,2200,4400
83800,22641,4,1,900,900
83801,22642,2,2,1800,3600
83802,22642,6,3,750,2250
83803,22642,4,2,900,1800
83804,22642,1,2,1100,2200
83805,22642,8,3,1500,4500
83806,22642,5,1,1600,1600
83807,22642,3,2,2200,4400
83808,22643,3,1,2200,2200
83809,22643,4,3,900,2700
83810,22644,3,1,2200,2200
83811,22645,3,2,2200,4400
83812,22646,5,1,1600,1600
83813,22646,2,3,1800,5400
83814,22646,1,1,1100,1100
83815,22646,3,2,2200,4400
83816,22646,4,2,900,1800
83817,22646,6,3,750,2250
83818,22646,7,1,3800,3800
83819,22647,5,2,1600,3200
83820,22647,7,2,3800,7600
83821,22647,1,2,1100,2200
83822,22647,8,2,1500,3000
83823,22647,3,3,2200,6600
83824,22647,6,1,750,750
83825,22647,2,1,1800,1800
83826,22648,6,2,750,1500
83827,22648,3,1,2200,2200
83828,22648,4,2,900,1800
83829,22648,1,3,1100,3300
83830,22649,7,2,3800,7600
83831,22649,6,2,750,1500
83832,22649,2,1,1800,1800
83833,22649,5,2,1600,3200
83834,22650,1,1,1100,1100
83835,22651,7,1,3800,3800
83836,22651,1,3,1100,3300
83837,22651,2,2,1800,3600
83838,22651,5,1,1600,1600
83839,22651,8,1,1500,1500
83840,22651,6,3,750,2250
83841,22651,4,1,900,900
83842,22652,1,2,1100,2200
83843,22652,8,3,1500,4500
83844,22652,2,3,1800,5400
83845,22652,6,2,750,1500
83846,22652,7,2,3800,7600
83847,22653,8,1,1500,1500
83848,22653,2,2,1800,3600
83849,22653,4,2,900,1800
83850,22653,6,2,750,1500
83851,22654,3,2,2200,4400
83852,22654,4,1,900,900
83853,22655,3,3,2200,6600
83854,22655,4,1,900,900
83855,22655,2,1,1800,1800
83856,22655,6,2,750,1500
83857,22656,3,1,2200,2200
83858,22656,4,3,900,2700
83859,22656,1,2,1100,2200
83860,22656,5,1,1600,1600
83861,22657,2,3,1800,5400
83862,22657,7,1,3800,3800
83863,22658,2,3,1800,5400
83864,22659,8,1,1500,1500
83865,22660,5,3,1600,4800
83866,22660,6,3,750,2250
83867,22660,3,1,2200,2200
83868,22660,4,3,900,2700
83869,22661,7,1,3800,3800
83870,22661,8,1,1500,1500
83871,22661,6,3,750,2250
83872,22661,3,3,2200,6600
83873,22661,1,2,1100,2200
83874,22661,4,2,900,1800
83875,22661,5,1,1600,1600
83876,22662,8,1,1500,1500
83877,22662,4,3,900,2700
83878,22663,1,1,1100,1100
83879,22664,1,3,1100,3300
83880,22664,3,3,2200,6600
83881,22664,5,2,1600,3200
83882,22664,7,1,3800,3800
83883,22664,4,3,900,2700
83884,22664,8,1,1500,1500
83885,22664,6,2,750,1500
83886,22665,5,3,1600,4800
83887,22666,2,3,1800,5400
83888,22666,1,1,1100,1100
83889,22666,4,2,900,1800
83890,22666,5,2,1600,3200
83891,22666,3,3,2200,6600
83892,22667,1,2,1100,2200
83893,22667,6,2,750,1500
83894,22668,7,1,3800,3800
83895,22668,4,1,900,900
83896,22668,5,3,1600,4800
83897,22668,2,3,1800,5400
83898,22669,3,1,2200,2200
83899,22670,1,3,1100,3300
83900,22670,3,3,2200,6600
83901,22671,4,1,900,900
83902,22671,1,2,1100,2200
83903,22671,3,2,2200,4400
83904,22671,2,2,1800,3600
83905,22672,7,2,3800,7600
83906,22672,6,1,750,750
83907,22673,8,3,1500,4500
83908,22674,2,1,1800,1800
83909,22674,4,2,900,1800
83910,22675,5,3,1600,4800
83911,22676,1,3,1100,3300
83912,22676,6,3,750,2250
83913,22676,8,2,1500,3000
83914,22676,2,3,1800,5400
83915,22676,3,3,2200,6600
83916,22677,8,2,1500,3000
83917,22677,5,1,1600,1600
83918,22678,2,1,1800,1800
83919,22678,7,2,3800,7600
83920,22678,1,2,1100,2200
83921,22678,8,3,1500,4500
83922,22678,5,2,1600,3200
83923,22678,6,1,750,750
83924,22678,3,1,2200,2200
83925,22679,2,1,1800,1800
83926,22679,6,3,750,2250
83927,22679,3,1,2200,2200
83928,22679,1,2,1100,2200
83929,22680,6,2,750,1500
83930,22680,2,2,1800,3600
83931,22680,1,1,1100,1100
83932,22680,5,1,1600,1600
83933,22681,3,3,2200,6600
83934,22682,4,1,900,900
83935,22682,1,2,1100,2200
83936,22682,5,3,1600,4800
83937,22682,7,1,3800,3800
83938,22683,1,2,1100,2200
83939,22684,5,2,1600,3200
83940,22684,8,2,1500,3000
83941,22684,7,3,3800,11400
83942,22684,1,1,1100,1100
83943,22685,6,2,750,1500
83944,22685,1,1,1100,1100
83945,22685,8,3,1500,4500
83946,22685,7,3,3800,11400
83947,22686,7,1,3800,3800
83948,22686,6,2,750,1500
83949,22686,5,3,1600,4800
83950,22686,2,2,1800,3600
83951,22687,2,3,1800,5400
83952,22687,8,1,1500,1500
83953,22687,5,1,1600,1600
83954,22687,4,3,900,2700
83955,22687,7,1,3800,3800
83956,22688,4,1,900,900
83957,22688,3,2,2200,4400
83958,22688,8,2,1500,3000
83959,22688,1,1,1100,1100
83960,22688,5,2,1600,3200
83961,22688,6,2,750,1500
83962,22688,7,2,3800,7600
83963,22689,1,1,1100,1100
83964,22689,5,3,1600,4800
83965,22690,5,2,1600,3200
83966,22690,6,1,750,750
83967,22690,7,3,3800,11400
83968,22690,4,3,900,2700
83969,22691,8,1,1500,1500
83970,22692,1,1,1100,1100
83971,22692,4,3,900,2700
83972,22692,2,1,1800,1800
83973,22692,5,2,1600,3200
83974,22693,8,2,1500,3000
83975,22693,6,3,750,2250
83976,22693,7,1,3800,3800
83977,22693,4,3,900,2700
83978,22694,6,1,750,750
83979,22694,5,1,1600,1600
83980,22694,3,2,2200,4400
83981,22694,2,1,1800,1800
83982,22694,8,3,1500,4500
83983,22695,3,3,2200,6600
83984,22695,1,2,1100,2200
83985,22695,2,3,1800,5400
83986,22695,5,2,1600,3200
83987,22696,7,1,3800,3800
83988,22697,3,1,2200,2200
83989,22697,8,3,1500,4500
83990,22697,2,2,1800,3600
83991,22697,5,1,1600,1600
83992,22698,3,2,2200,4400
83993,22698,5,1,1600,1600
83994,22699,8,3,1500,4500
83995,22700,6,3,750,2250
83996,22700,2,2,1800,3600
83997,22700,4,2,900,1800
83998,22700,3,1,2200,2200
83999,22700,7,3,3800,11400
84000,22701,7,3,3800,11400
84001,22702,4,1,900,900
84002,22702,6,1,750,750
84003,22703,7,3,3800,11400
84004,22703,1,3,1100,3300
84005,22704,4,3,900,2700
84006,22704,8,1,1500,1500
84007,22705,8,1,1500,1500
84008,22706,6,1,750,750
84009,22706,4,3,900,2700
84010,22706,5,3,1600,4800
84011,22706,1,1,1100,1100
84012,22706,7,1,3800,3800
84013,22707,4,1,900,900
84014,22707,6,2,750,1500
84015,22707,3,2,2200,4400
84016,22707,1,3,1100,3300
84017,22707,8,1,1500,1500
84018,22707,2,1,1800,1800
84019,22707,7,1,3800,3800
84020,22708,3,1,2200,2200
84021,22708,1,2,1100,2200
84022,22708,8,1,1500,1500
84023,22708,6,2,750,1500
84024,22709,6,3,750,2250
84025,22709,8,2,1500,3000
84026,22709,5,3,1600,4800
84027,22709,2,2,1800,3600
84028,22709,7,1,3800,3800
84029,22710,3,1,2200,2200
84030,22710,7,2,3800,7600
84031,22710,2,2,1800,3600
84032,22710,4,3,900,2700
84033,22711,2,3,1800,5400
84034,22712,5,2,1600,3200
84035,22712,2,2,1800,3600
84036,22712,7,3,3800,11400
84037,22712,4,2,900,1800
84038,22713,1,3,1100,3300
84039,22713,4,3,900,2700
84040,22713,8,1,1500,1500
84041,22713,7,1,3800,3800
84042,22714,6,3,750,2250
84043,22714,8,2,1500,3000
84044,22715,5,3,1600,4800
84045,22715,3,2,2200,4400
84046,22716,2,1,1800,1800
84047,22716,1,1,1100,1100
84048,22717,7,1,3800,3800
84049,22717,2,1,1800,1800
84050,22717,1,2,1100,2200
84051,22717,6,1,750,750
84052,22718,3,1,2200,2200
84053,22718,8,1,1500,1500
84054,22718,6,2,750,1500
84055,22718,7,3,3800,11400
84056,22719,7,2,3800,7600
84057,22719,6,2,750,1500
84058,22719,2,1,1800,1800
84059,22719,5,1,1600,1600
84060,22719,3,1,2200,2200
84061,22719,4,2,900,1800
84062,22719,1,3,1100,3300
84063,22720,2,1,1800,1800
84064,22721,1,3,1100,3300
84065,22721,7,3,3800,11400
84066,22721,8,3,1500,4500
84067,22721,2,2,1800,3600
84068,22722,5,2,1600,3200
84069,22722,2,1,1800,1800
84070,22722,7,2,3800,7600
84071,22722,6,2,750,1500
84072,22722,3,1,2200,2200
84073,22723,4,2,900,1800
84074,22723,6,2,750,1500
84075,22724,2,3,1800,5400
84076,22724,8,1,1500,1500
84077,22724,5,1,1600,1600
84078,22724,7,1,3800,3800
84079,22725,2,3,1800,5400
84080,22725,4,1,900,900
84081,22725,5,2,1600,3200
84082,22725,1,1,1100,1100
84083,22725,3,2,2200,4400
84084,22725,8,3,1500,4500
84085,22725,6,1,750,750
84086,22726,5,2,1600,3200
84087,22726,4,1,900,900
84088,22726,1,2,1100,2200
84089,22726,2,3,1800,5400
84090,22726,6,2,750,1500
84091,22726,3,1,2200,2200
84092,22726,7,3,3800,11400
84093,22726,8,1,1500,1500
84094,22727,6,3,750,2250
84095,22727,8,1,1500,1500
84096,22727,1,1,1100,1100
84097,22727,4,3,900,2700
84098,22728,6,2,750,1500
84099,22728,1,3,1100,3300
84100,22729,3,2,2200,4400
84101,22729,5,3,1600,4800
84102,22730,1,1,1100,1100
84103,22731,1,3,1100,3300
84104,22731,7,2,3800,7600
84105,22732,4,2,900,1800
84106,22733,2,1,1800,1800
84107,22734,5,1,1600,1600
84108,22734,8,2,1500,3000
84109,22734,1,1,1100,1100
84110,22734,4,3,900,2700
84111,22734,6,2,750,1500
84112,22735,2,2,1800,3600
84113,22735,4,3,900,2700
84114,22735,5,2,1600,3200
84115,22735,1,3,1100,3300
84116,22735,3,1,2200,2200
84117,22736,5,3,1600,4800
84118,22736,6,1,750,750
84119,22736,7,2,3800,7600
84120,22736,2,3,1800,5400
84121,22736,1,3,1100,3300
84122,22736,3,2,2200,4400
84123,22736,8,2,1500,3000
84124,22737,6,3,750,2250
84125,22738,4,3,900,2700
84126,22739,7,3,3800,11400
84127,22739,6,2,750,1500
84128,22739,1,2,1100,2200
84129,22739,5,3,1600,4800
84130,22740,8,1,1500,1500
84131,22741,6,3,750,2250
84132,22741,7,3,3800,11400
84133,22742,1,1,1100,1100
84134,22742,4,2,900,1800
84135,22743,6,1,750,750
84136,22743,7,2,3800,7600
84137,22744,7,3,3800,11400
84138,22744,1,3,1100,3300
84139,22745,2,2,1800,3600
84140,22745,6,2,750,1500
84141,22745,7,1,3800,3800
84142,22745,8,2,1500,3000
84143,22745,5,1,1600,1600
84144,22746,3,2,2200,4400
84145,22746,1,3,1100,3300
84146,22747,4,1,900,900
84147,22747,2,1,1800,1800
84148,22748,8,3,1500,4500
84149,22748,5,3,1600,4800
84150,22748,4,2,900,1800
84151,22748,3,3,2200,6600
84152,22749,1,2,1100,2200
84153,22749,5,1,1600,1600
84154,22749,8,2,1500,3000
84155,22749,4,3,900,2700
84156,22749,7,2,3800,7600
84157,22749,3,3,2200,6600
84158,22749,2,2,1800,3600
84159,22750,8,1,1500,1500
84160,22750,6,1,750,750
84161,22751,1,1,1100,1100
84162,22751,6,2,750,1500
84163,22752,4,2,900,1800
84164,22752,2,1,1800,1800
84165,22752,7,1,3800,3800
84166,22752,5,3,1600,4800
84167,22752,1,2,1100,2200
84168,22753,2,1,1800,1800
84169,22754,8,2,1500,3000
84170,22754,2,2,1800,3600
84171,22754,4,1,900,900
84172,22754,6,3,750,2250
84173,22754,7,1,3800,3800
84174,22754,1,1,1100,1100
84175,22754,3,2,2200,4400
84176,22755,1,2,1100,2200
84177,22755,6,2,750,1500
84178,22755,5,1,1600,1600
84179,22755,7,1,3800,3800
84180,22755,2,2,1800,3600
84181,22756,4,1,900,900
84182,22756,6,1,750,750
84183,22756,7,1,3800,3800
84184,22756,2,1,1800,1800
84185,22757,6,1,750,750
84186,22757,4,2,900,1800
84187,22757,1,1,1100,1100
84188,22757,7,1,3800,3800
84189,22757,5,2,1600,3200
84190,22758,2,3,1800,5400
84191,22758,8,3,1500,4500
84192,22758,5,2,1600,3200
84193,22758,6,2,750,1500
84194,22758,1,1,1100,1100
84195,22758,7,3,3800,11400
84196,22758,4,2,900,1800
84197,22759,6,1,750,750
84198,22759,7,2,3800,7600
84199,22760,6,3,750,2250
84200,22760,7,2,3800,7600
84201,22760,4,2,900,1800
84202,22760,5,1,1600,1600
84203,22761,6,3,750,2250
84204,22761,5,3,1600,4800
84205,22762,5,3,1600,4800
84206,22762,1,3,1100,3300
84207,22762,4,3,900,2700
84208,22762,2,1,1800,1800
84209,22763,7,3,3800,11400
84210,22763,8,2,1500,3000
84211,22763,4,2,900,1800
84212,22763,1,3,1100,3300
84213,22764,7,2,3800,7600
84214,22764,4,3,900,2700
84215,22765,7,3,3800,11400
84216,22766,8,3,1500,4500
84217,22766,1,2,1100,2200
84218,22766,4,3,900,2700
84219,22766,6,3,750,2250
84220,22766,3,2,2200,4400
84221,22766,7,3,3800,11400
84222,22766,2,1,1800,1800
84223,22766,5,1,1600,1600
84224,22767,6,1,750,750
84225,22767,7,2,3800,7600
84226,22767,1,1,1100,1100
84227,22767,4,3,900,2700
84228,22767,2,1,1800,1800
84229,22768,2,1,1800,1800
84230,22768,4,2,900,1800
84231,22768,7,1,3800,3800
84232,22768,5,1,1600,1600
84233,22769,2,2,1800,3600
84234,22770,3,1,2200,2200
84235,22770,4,1,900,900
84236,22770,7,3,3800,11400
84237,22770,2,2,1800,3600
84238,22770,1,1,1100,1100
84239,22770,5,1,1600,1600
84240,22770,8,1,1500,1500
84241,22770,6,1,750,750
84242,22771,7,3,3800,11400
84243,22771,4,2,900,1800
84244,22772,1,1,1100,1100
84245,22772,2,2,1800,3600
84246,22773,8,2,1500,3000
84247,22773,2,3,1800,5400
84248,22774,2,3,1800,5400
84249,22774,8,1,1500,1500
84250,22774,6,1,750,750
84251,22774,1,1,1100,1100
84252,22775,7,2,3800,7600
84253,22776,7,2,3800,7600
84254,22776,1,2,1100,2200
84255,22776,5,2,1600,3200
84256,22776,2,3,1800,5400
84257,22777,2,1,1800,1800
84258,22777,4,1,900,900
84259,22777,8,2,1500,3000
84260,22777,1,2,1100,2200
84261,22778,1,3,1100,3300
84262,22778,6,3,750,2250
84263,22778,7,1,3800,3800
84264,22778,3,1,2200,2200
84265,22779,2,1,1800,1800
84266,22779,7,1,3800,3800
84267,22779,6,3,750,2250
84268,22779,3,3,2200,6600
84269,22780,1,2,1100,2200
84270,22780,4,1,900,900
84271,22780,8,3,1500,4500
84272,22780,5,2,1600,3200
84273,22781,5,1,1600,1600
84274,22781,8,2,1500,3000
84275,22782,1,2,1100,2200
84276,22783,2,1,1800,1800
84277,22783,8,3,1500,4500
84278,22784,2,2,1800,3600
84279,22784,6,3,750,2250
84280,22784,8,1,1500,1500
84281,22784,4,1,900,900
84282,22785,6,1,750,750
84283,22785,2,1,1800,1800
84284,22786,4,1,900,900
84285,22786,3,3,2200,6600
84286,22786,2,3,1800,5400
84287,22786,8,2,1500,3000
84288,22786,5,1,1600,1600
84289,22786,1,3,1100,3300
84290,22786,6,3,750,2250
84291,22787,4,1,900,900
84292,22788,5,2,1600,3200
84293,22789,7,1,3800,3800
84294,22789,4,1,900,900
84295,22789,2,1,1800,1800
84296,22789,5,2,1600,3200
84297,22790,8,1,1500,1500
84298,22790,7,1,3800,3800
84299,22790,6,3,750,2250
84300,22790,1,1,1100,1100
84301,22791,3,3,2200,6600
84302,22791,6,2,750,1500
84303,22791,4,2,900,1800
84304,22791,7,1,3800,3800
84305,22791,1,3,1100,3300
84306,22792,1,2,1100,2200
84307,22792,2,1,1800,1800
84308,22792,5,2,1600,3200
84309,22792,6,2,750,1500
84310,22792,3,2,2200,4400
84311,22792,8,1,1500,1500
84312,22792,4,3,900,2700
84313,22792,7,3,3800,11400
84314,22793,3,2,2200,4400
84315,22793,2,1,1800,1800
84316,22793,7,1,3800,3800
84317,22793,1,1,1100,1100
84318,22794,7,3,3800,11400
84319,22794,6,1,750,750
84320,22794,8,3,1500,4500
84321,22794,3,3,2200,6600
84322,22794,2,2,1800,3600
84323,22794,1,3,1100,3300
84324,22794,5,3,1600,4800
84325,22794,4,1,900,900
84326,22795,2,2,1800,3600
84327,22795,1,3,1100,3300
84328,22796,6,2,750,1500
84329,22796,2,2,1800,3600
84330,22797,5,3,1600,4800
84331,22797,2,2,1800,3600
84332,22797,8,2,1500,3000
84333,22797,3,3,2200,6600
84334,22798,1,3,1100,3300
84335,22798,3,1,2200,2200
84336,22798,5,1,1600,1600
84337,22798,8,3,1500,4500
84338,22799,7,2,3800,7600
84339,22799,6,1,750,750
84340,22799,4,1,900,900
84341,22799,5,2,1600,3200
84342,22799,2,3,1800,5400
84343,22800,6,2,750,1500
84344,22801,3,1,2200,2200
84345,22801,8,2,1500,3000
84346,22801,2,1,1800,1800
84347,22801,1,1,1100,1100
84348,22801,4,2,900,1800
84349,22801,6,1,750,750
84350,22801,5,1,1600,1600
84351,22802,2,3,1800,5400
84352,22802,5,1,1600,1600
84353,22802,6,3,750,2250
84354,22802,8,1,1500,1500
84355,22802,1,1,1100,1100
84356,22802,3,1,2200,2200
84357,22802,7,1,3800,3800
84358,22803,5,3,1600,4800
84359,22803,1,3,1100,3300
84360,22804,4,2,900,1800
84361,22805,6,3,750,2250
84362,22805,7,3,3800,11400
84363,22805,3,2,2200,4400
84364,22805,5,2,1600,3200
84365,22805,1,2,1100,2200
84366,22806,8,1,1500,1500
84367,22806,1,3,1100,3300
84368,22806,6,3,750,2250
84369,22806,2,2,1800,3600
84370,22806,4,3,900,2700
84371,22806,3,3,2200,6600
84372,22806,5,3,1600,4800
84373,22807,5,2,1600,3200
84374,22807,7,1,3800,3800
84375,22807,2,2,1800,3600
84376,22807,1,1,1100,1100
84377,22807,3,2,2200,4400
84378,22808,4,2,900,1800
84379,22808,7,2,3800,7600
84380,22808,6,1,750,750
84381,22808,1,2,1100,2200
84382,22808,8,3,1500,4500
84383,22808,5,2,1600,3200
84384,22808,2,3,1800,5400
84385,22809,8,2,1500,3000
84386,22809,4,2,900,1800
84387,22809,5,1,1600,1600
84388,22809,1,1,1100,1100
84389,22809,7,2,3800,7600
84390,22810,3,1,2200,2200
84391,22810,6,2,750,1500
84392,22810,5,2,1600,3200
84393,22810,7,1,3800,3800
84394,22810,1,3,1100,3300
84395,22811,8,3,1500,4500
84396,22811,7,2,3800,7600
84397,22811,1,1,1100,1100
84398,22811,4,2,900,1800
84399,22812,5,3,1600,4800
84400,22813,2,3,1800,5400
84401,22814,1,2,1100,2200
84402,22814,7,1,3800,3800
84403,22814,3,2,2200,4400
84404,22814,4,3,900,2700
84405,22814,5,1,1600,1600
84406,22815,3,1,2200,2200
84407,22816,1,1,1100,1100
84408,22817,7,2,3800,7600
84409,22817,4,2,900,1800
84410,22817,5,2,1600,3200
84411,22817,3,1,2200,2200
84412,22817,8,2,1500,3000
84413,22818,1,2,1100,2200
84414,22818,6,3,750,2250
84415,22818,7,1,3800,3800
84416,22818,4,2,900,1800
84417,22818,3,3,2200,6600
84418,22819,6,3,750,2250
84419,22819,7,1,3800,3800
84420,22819,4,1,900,900
84421,22819,1,1,1100,1100
84422,22819,2,1,1800,1800
84423,22819,8,2,1500,3000
84424,22819,3,1,2200,2200
84425,22820,5,1,1600,1600
84426,22821,6,2,750,1500
84427,22821,8,3,1500,4500
84428,22821,2,2,1800,3600
84429,22821,1,3,1100,3300
84430,22822,3,2,2200,4400
84431,22822,4,1,900,900
84432,22822,1,3,1100,3300
84433,22822,7,3,3800,11400
84434,22822,8,1,1500,1500
84435,22823,7,3,3800,11400
84436,22824,6,3,750,2250
84437,22824,1,3,1100,3300
84438,22824,7,1,3800,3800
84439,22824,2,1,1800,1800
84440,22824,8,2,1500,3000
84441,22825,7,1,3800,3800
84442,22825,1,3,1100,3300
84443,22825,3,2,2200,4400
84444,22825,8,3,1500,4500
84445,22826,8,2,1500,3000
84446,22826,2,2,1800,3600
84447,22826,1,2,1100,2200
84448,22826,5,1,1600,1600
84449,22826,3,3,2200,6600
84450,22827,1,2,1100,2200
84451,22827,5,3,1600,4800
84452,22827,8,1,1500,1500
84453,22827,2,2,1800,3600
84454,22827,7,3,3800,11400
84455,22828,6,3,750,2250
84456,22828,4,1,900,900
84457,22828,1,2,1100,2200
84458,22828,3,1,2200,2200
84459,22829,6,2,750,1500
84460,22830,5,1,1600,1600
84461,22830,7,2,3800,7600
84462,22831,2,2,1800,3600
84463,22831,5,3,1600,4800
84464,22832,3,1,2200,2200
84465,22833,1,2,1100,2200
84466,22833,2,3,1800,5400
84467,22833,7,2,3800,7600
84468,22833,8,2,1500,3000
84469,22833,4,3,900,2700
84470,22833,3,3,2200,6600
84471,22833,6,3,750,2250
84472,22834,4,3,900,2700
84473,22834,6,1,750,750
84474,22835,4,3,900,2700
84475,22835,3,2,2200,4400
84476,22835,7,3,3800,11400
84477,22835,5,3,1600,4800
84478,22835,8,1,1500,1500
84479,22835,6,2,750,1500
84480,22835,2,3,1800,5400
84481,22836,3,3,2200,6600
84482,22836,4,2,900,1800
84483,22836,1,1,1100,1100
84484,22836,2,2,1800,3600
84485,22836,8,3,1500,4500
84486,22836,7,3,3800,11400
84487,22836,5,3,1600,4800
84488,22836,6,2,750,1500
84489,22837,4,1,900,900
84490,22837,3,3,2200,6600
84491,22838,2,2,1800,3600
84492,22839,3,1,2200,2200
84493,22839,1,3,1100,3300
84494,22839,2,3,1800,5400
84495,22839,6,3,750,2250
84496,22840,2,1,1800,1800
84497,22840,5,2,1600,3200
84498,22841,3,3,2200,6600
84499,22841,5,3,1600,4800
84500,22841,4,1,900,900
84501,22841,8,3,1500,4500
84502,22842,8,3,1500,4500
84503,22843,3,3,2200,6600
84504,22843,6,3,750,2250
84505,22844,5,2,1600,3200
84506,22844,4,2,900,1800
84507,22844,1,3,1100,3300
84508,22844,2,1,1800,1800
84509,22844,7,3,3800,11400
84510,22844,8,1,1500,1500
84511,22844,6,2,750,1500
84512,22845,3,1,2200,2200
84513,22845,1,3,1100,3300
84514,22845,4,2,900,1800
84515,22845,5,3,1600,4800
84516,22845,8,3,1500,4500
84517,22845,7,3,3800,11400
84518,22845,6,3,750,2250
84519,22845,2,1,1800,1800
84520,22846,1,3,1100,3300
84521,22847,8,2,1500,3000
84522,22847,2,1,1800,1800
84523,22847,3,2,2200,4400
84524,22847,7,1,3800,3800
84525,22847,6,3,750,2250
84526,22848,7,1,3800,3800
84527,22848,8,3,1500,4500
84528,22849,4,1,900,900
84529,22849,2,2,1800,3600
84530,22849,5,3,1600,4800
84531,22849,1,1,1100,1100
84532,22850,8,1,1500,1500
84533,22851,6,3,750,2250
84534,22851,2,3,1800,5400
84535,22851,4,2,900,1800
84536,22851,7,2,3800,7600
84537,22851,3,2,2200,4400
84538,22851,1,2,1100,2200
84539,22851,8,3,1500,4500
84540,22852,5,3,1600,4800
84541,22852,7,1,3800,3800
84542,22852,2,2,1800,3600
84543,22852,1,3,1100,3300
84544,22853,4,1,900,900
84545,22853,3,1,2200,2200
84546,22853,5,1,1600,1600
84547,22853,1,3,1100,3300
84548,22853,2,1,1800,1800
84549,22853,8,2,1500,3000
84550,22853,7,3,3800,11400
84551,22854,7,1,3800,3800
84552,22855,7,1,3800,3800
84553,22856,8,2,1500,3000
84554,22856,5,1,1600,1600
84555,22856,7,2,3800,7600
84556,22856,1,2,1100,2200
84557,22856,3,1,2200,2200
84558,22857,7,3,3800,11400
84559,22857,4,3,900,2700
84560,22858,6,3,750,2250
84561,22858,8,2,1500,3000
84562,22859,8,3,1500,4500
84563,22860,7,3,3800,11400
84564,22860,1,3,1100,3300
84565,22860,4,3,900,2700
84566,22860,8,1,1500,1500
84567,22861,6,3,750,2250
84568,22862,5,2,1600,3200
84569,22862,7,2,3800,7600
84570,22863,7,3,3800,11400
84571,22863,2,3,1800,5400
84572,22863,3,3,2200,6600
84573,22863,5,2,1600,3200
84574,22863,1,1,1100,1100
84575,22863,4,3,900,2700
84576,22863,6,1,750,750
84577,22863,8,2,1500,3000
84578,22864,7,2,3800,7600
84579,22864,2,3,1800,5400
84580,22865,6,3,750,2250
84581,22865,3,1,2200,2200
84582,22866,5,1,1600,1600
84583,22867,3,3,2200,6600
84584,22868,6,3,750,2250
84585,22868,5,3,1600,4800
84586,22869,3,2,2200,4400
84587,22869,8,3,1500,4500
84588,22870,4,2,900,1800
84589,22871,3,1,2200,2200
84590,22871,8,2,1500,3000
84591,22871,4,3,900,2700
84592,22871,2,2,1800,3600
84593,22871,6,3,750,2250
84594,22871,1,3,1100,3300
84595,22871,5,3,1600,4800
84596,22871,7,1,3800,3800
84597,22872,8,3,1500,4500
84598,22873,8,3,1500,4500
84599,22873,1,2,1100,2200
84600,22873,7,3,3800,11400
84601,22873,3,1,2200,2200
84602,22873,5,1,1600,1600
84603,22873,2,1,1800,1800
84604,22873,4,1,900,900
84605,22873,6,1,750,750
84606,22874,5,1,1600,1600
84607,22874,8,3,1500,4500
84608,22874,4,1,900,900
84609,22874,2,2,1800,3600
84610,22875,6,1,750,750
84611,22875,5,3,1600,4800
84612,22875,2,2,1800,3600
84613,22875,7,2,3800,7600
84614,22875,1,3,1100,3300
84615,22875,8,3,1500,4500
84616,22875,4,1,900,900
84617,22875,3,3,2200,6600
84618,22876,6,1,750,750
84619,22876,3,2,2200,4400
84620,22877,4,1,900,900
84621,22877,7,3,3800,11400
84622,22877,3,1,2200,2200
84623,22877,5,1,1600,1600
84624,22877,6,3,750,2250
84625,22877,2,1,1800,1800
84626,22877,1,1,1100,1100
84627,22877,8,1,1500,1500
84628,22878,5,3,1600,4800
84629,22878,1,2,1100,2200
84630,22878,4,1,900,900
84631,22878,6,3,750,2250
84632,22879,1,1,1100,1100
84633,22879,6,1,750,750
84634,22880,2,3,1800,5400
84635,22880,8,2,1500,3000
84636,22880,7,2,3800,7600
84637,22880,3,3,2200,6600
84638,22880,5,2,1600,3200
84639,22881,8,3,1500,4500
84640,22881,5,1,1600,1600
84641,22881,3,2,2200,4400
84642,22881,7,3,3800,11400
84643,22881,6,2,750,1500
84644,22882,7,3,3800,11400
84645,22882,6,2,750,1500
84646,22882,2,3,1800,5400
84647,22882,4,2,900,1800
84648,22882,8,2,1500,3000
84649,22882,5,2,1600,3200
84650,22882,3,3,2200,6600
84651,22883,2,3,1800,5400
84652,22883,4,3,900,2700
84653,22884,5,3,1600,4800
84654,22884,6,1,750,750
84655,22885,1,2,1100,2200
84656,22886,4,2,900,1800
84657,22886,5,3,1600,4800
84658,22887,3,2,2200,4400
84659,22887,2,1,1800,1800
84660,22887,5,1,1600,1600
84661,22887,6,2,750,1500
84662,22887,1,3,1100,3300
84663,22888,8,3,1500,4500
84664,22888,5,1,1600,1600
84665,22889,4,3,900,2700
84666,22890,5,3,1600,4800
84667,22890,6,3,750,2250
84668,22891,5,1,1600,1600
84669,22891,2,1,1800,1800
84670,22891,4,1,900,900
84671,22891,7,3,3800,11400
84672,22892,2,3,1800,5400
84673,22893,4,2,900,1800
84674,22893,7,2,3800,7600
84675,22894,1,1,1100,1100
84676,22895,7,3,3800,11400
84677,22895,3,1,2200,2200
84678,22895,4,3,900,2700
84679,22895,5,3,1600,4800
84680,22895,8,1,1500,1500
84681,22895,6,1,750,750
84682,22895,1,1,1100,1100
84683,22896,2,3,1800,5400
84684,22896,6,3,750,2250
84685,22896,7,1,3800,3800
84686,22896,5,3,1600,4800
84687,22896,4,1,900,900
84688,22896,8,3,1500,4500
84689,22896,3,3,2200,6600
84690,22897,6,1,750,750
84691,22898,2,1,1800,1800
84692,22898,3,3,2200,6600
84693,22898,7,3,3800,11400
84694,22898,5,3,1600,4800
84695,22899,7,3,3800,11400
84696,22899,2,3,1800,5400
84697,22900,6,2,750,1500
84698,22901,3,2,2200,4400
84699,22901,7,1,3800,3800
84700,22902,3,2,2200,4400
84701,22903,4,3,900,2700
84702,22903,7,3,3800,11400
84703,22903,8,2,1500,3000
84704,22903,5,1,1600,1600
84705,22903,3,2,2200,4400
84706,22904,7,3,3800,11400
84707,22904,2,2,1800,3600
84708,22904,5,2,1600,3200
84709,22904,1,2,1100,2200
84710,22905,3,2,2200,4400
84711,22906,6,3,750,2250
84712,22906,4,3,900,2700
84713,22906,1,3,1100,3300
84714,22906,5,2,1600,3200
84715,22906,7,1,3800,3800
84716,22906,8,3,1500,4500
84717,22906,3,1,2200,2200
84718,22907,3,2,2200,4400
84719,22907,1,1,1100,1100
84720,22907,4,1,900,900
84721,22907,2,1,1800,1800
84722,22907,5,3,1600,4800
84723,22907,6,2,750,1500
84724,22907,7,3,3800,11400
84725,22908,8,3,1500,4500
84726,22909,5,3,1600,4800
84727,22909,7,3,3800,11400
84728,22910,3,3,2200,6600
84729,22910,1,3,1100,3300
84730,22911,8,3,1500,4500
84731,22911,6,1,750,750
84732,22911,3,3,2200,6600
84733,22911,5,1,1600,1600
84734,22911,7,3,3800,11400
84735,22912,4,3,900,2700
84736,22912,5,2,1600,3200
84737,22913,2,1,1800,1800
84738,22913,3,1,2200,2200
84739,22913,1,3,1100,3300
84740,22913,6,2,750,1500
84741,22914,7,1,3800,3800
84742,22914,5,1,1600,1600
84743,22914,4,3,900,2700
84744,22914,1,1,1100,1100
84745,22915,5,2,1600,3200
84746,22916,4,3,900,2700
84747,22916,1,1,1100,1100
84748,22916,8,1,1500,1500
84749,22916,7,3,3800,11400
84750,22916,5,3,1600,4800
84751,22917,8,2,1500,3000
84752,22917,6,3,750,2250
84753,22917,4,2,900,1800
84754,22917,5,1,1600,1600
84755,22917,7,2,3800,7600
84756,22917,1,3,1100,3300
84757,22917,2,3,1800,5400
84758,22918,8,2,1500,3000
84759,22918,5,1,1600,1600
84760,22918,4,1,900,900
84761,22918,7,3,3800,11400
84762,22918,3,1,2200,2200
84763,22919,8,1,1500,1500
84764,22919,7,1,3800,3800
84765,22919,2,1,1800,1800
84766,22919,6,1,750,750
84767,22919,3,2,2200,4400
84768,22920,7,1,3800,3800
84769,22920,3,3,2200,6600
84770,22921,3,2,2200,4400
84771,22921,4,3,900,2700
84772,22921,8,1,1500,1500
84773,22921,7,2,3800,7600
84774,22921,1,1,1100,1100
84775,22922,4,2,900,1800
84776,22922,3,3,2200,6600
84777,22923,2,2,1800,3600
84778,22923,6,2,750,1500
84779,22923,7,2,3800,7600
84780,22923,3,1,2200,2200
84781,22924,3,2,2200,4400
84782,22924,1,2,1100,2200
84783,22925,1,2,1100,2200
84784,22926,7,3,3800,11400
84785,22926,6,1,750,750
84786,22926,1,2,1100,2200
84787,22926,8,2,1500,3000
84788,22926,2,2,1800,3600
84789,22927,3,3,2200,6600
84790,22928,8,1,1500,1500
84791,22928,2,2,1800,3600
84792,22929,3,1,2200,2200
84793,22929,1,2,1100,2200
84794,22930,7,1,3800,3800
84795,22930,4,2,900,1800
84796,22931,2,2,1800,3600
84797,22932,3,3,2200,6600
84798,22932,7,3,3800,11400
84799,22932,1,2,1100,2200
84800,22932,2,1,1800,1800
84801,22932,6,1,750,750
84802,22933,3,1,2200,2200
84803,22934,6,3,750,2250
84804,22934,7,2,3800,7600
84805,22934,2,3,1800,5400
84806,22934,5,1,1600,1600
84807,22935,1,2,1100,2200
84808,22935,5,2,1600,3200
84809,22936,7,1,3800,3800
84810,22936,2,3,1800,5400
84811,22936,8,3,1500,4500
84812,22936,4,3,900,2700
84813,22936,3,2,2200,4400
84814,22936,1,2,1100,2200
84815,22936,5,1,1600,1600
84816,22936,6,1,750,750
84817,22937,1,2,1100,2200
84818,22937,8,2,1500,3000
84819,22937,6,1,750,750
84820,22937,5,1,1600,1600
84821,22938,1,1,1100,1100
84822,22939,6,1,750,750
84823,22939,7,3,3800,11400
84824,22939,2,3,1800,5400
84825,22939,5,2,1600,3200
84826,22939,8,3,1500,4500
84827,22940,7,3,3800,11400
84828,22940,4,3,900,2700
84829,22940,1,2,1100,2200
84830,22940,3,2,2200,4400
84831,22940,8,3,1500,4500
84832,22940,6,2,750,1500
84833,22940,2,2,1800,3600
84834,22941,1,1,1100,1100
84835,22941,7,1,3800,3800
84836,22941,8,1,1500,1500
84837,22941,2,1,1800,1800
84838,22941,5,2,1600,3200
84839,22941,6,3,750,2250
84840,22941,4,2,900,1800
84841,22941,3,2,2200,4400
84842,22942,2,3,1800,5400
84843,22942,3,2,2200,4400
84844,22942,4,1,900,900
84845,22942,8,2,1500,3000
84846,22943,3,1,2200,2200
84847,22943,4,1,900,900
84848,22943,5,1,1600,1600
84849,22943,7,1,3800,3800
84850,22944,1,3,1100,3300
84851,22944,5,3,1600,4800
84852,22944,4,2,900,1800
84853,22944,8,1,1500,1500
84854,22945,2,3,1800,5400
84855,22945,1,2,1100,2200
84856,22945,6,2,750,1500
84857,22945,5,1,1600,1600
84858,22946,7,3,3800,11400
84859,22947,8,1,1500,1500
84860,22947,7,3,3800,11400
84861,22947,3,2,2200,4400
84862,22947,6,3,750,2250
84863,22948,5,1,1600,1600
84864,22948,2,2,1800,3600
84865,22948,6,1,750,750
84866,22948,3,1,2200,2200
84867,22949,5,1,1600,1600
84868,22949,6,2,750,1500
84869,22949,2,2,1800,3600
84870,22949,8,3,1500,4500
84871,22949,7,1,3800,3800
84872,22949,3,2,2200,4400
84873,22949,1,3,1100,3300
84874,22949,4,3,900,2700
84875,22950,3,2,2200,4400
84876,22951,1,1,1100,1100
84877,22951,5,1,1600,1600
84878,22951,8,3,1500,4500
84879,22951,4,1,900,900
84880,22952,2,1,1800,1800
84881,22952,5,3,1600,4800
84882,22952,6,2,750,1500
84883,22952,1,1,1100,1100
84884,22953,4,1,900,900
84885,22953,6,1,750,750
84886,22953,7,2,3800,7600
84887,22953,5,2,1600,3200
84888,22953,1,3,1100,3300
84889,22953,8,3,1500,4500
84890,22953,3,2,2200,4400
84891,22953,2,2,1800,3600
84892,22954,6,3,750,2250
84893,22954,1,2,1100,2200
84894,22955,5,1,1600,1600
84895,22955,2,3,1800,5400
84896,22955,3,3,2200,6600
84897,22955,4,3,900,2700
84898,22956,2,3,1800,5400
84899,22957,8,1,1500,1500
84900,22957,5,2,1600,3200
84901,22957,2,3,1800,5400
84902,22957,3,1,2200,2200
84903,22957,7,3,3800,11400
84904,22957,4,3,900,2700
84905,22957,6,1,750,750
84906,22958,2,2,1800,3600
84907,22959,8,1,1500,1500
84908,22960,2,1,1800,1800
84909,22960,5,3,1600,4800
84910,22961,4,2,900,1800
84911,22961,3,2,2200,4400
84912,22961,8,1,1500,1500
84913,22961,1,2,1100,2200
84914,22961,6,3,750,2250
84915,22962,5,1,1600,1600
84916,22962,1,3,1100,3300
84917,22963,3,3,2200,6600
84918,22963,2,3,1800,5400
84919,22963,1,2,1100,2200
84920,22963,4,1,900,900
84921,22963,8,1,1500,1500
84922,22964,8,2,1500,3000
84923,22964,3,1,2200,2200
84924,22964,4,3,900,2700
84925,22964,1,3,1100,3300
84926,22965,3,3,2200,6600
84927,22966,5,2,1600,3200
84928,22966,6,1,750,750
84929,22967,2,2,1800,3600
84930,22967,8,2,1500,3000
84931,22968,7,2,3800,7600
84932,22969,7,2,3800,7600
84933,22969,1,3,1100,3300
84934,22969,8,2,1500,3000
84935,22969,4,2,900,1800
84936,22969,6,1,750,750
84937,22970,4,3,900,2700
84938,22970,7,3,3800,11400
84939,22970,3,3,2200,6600
84940,22970,1,1,1100,1100
84941,22970,2,1,1800,1800
84942,22971,2,3,1800,5400
84943,22971,5,3,1600,4800
84944,22971,3,3,2200,6600
84945,22971,7,1,3800,3800
84946,22971,1,3,1100,3300
84947,22971,8,1,1500,1500
84948,22971,4,1,900,900
84949,22972,5,3,1600,4800
84950,22972,4,2,900,1800
84951,22973,8,1,1500,1500
84952,22973,7,2,3800,7600
84953,22974,1,2,1100,2200
84954,22975,7,1,3800,3800
84955,22975,5,1,1600,1600
84956,22975,1,2,1100,2200
84957,22975,4,3,900,2700
84958,22976,6,2,750,1500
84959,22976,7,1,3800,3800
84960,22976,2,3,1800,5400
84961,22976,3,3,2200,6600
84962,22976,8,3,1500,4500
84963,22976,4,1,900,900
84964,22976,5,1,1600,1600
84965,22977,4,2,900,1800
84966,22977,1,2,1100,2200
84967,22978,1,1,1100,1100
84968,22979,1,3,1100,3300
84969,22980,5,2,1600,3200
84970,22980,8,1,1500,1500
84971,22980,4,3,900,2700
84972,22980,6,1,750,750
84973,22981,5,1,1600,1600
84974,22981,3,3,2200,6600
84975,22981,2,2,1800,3600
84976,22981,1,3,1100,3300
84977,22981,8,3,1500,4500
84978,22981,6,3,750,2250
84979,22981,4,3,900,2700
84980,22981,7,1,3800,3800
84981,22982,4,2,900,1800
84982,22983,3,1,2200,2200
84983,22983,4,1,900,900
84984,22984,7,1,3800,3800
84985,22984,6,1,750,750
84986,22985,2,2,1800,3600
84987,22985,5,3,1600,4800
84988,22985,1,2,1100,2200
84989,22985,8,3,1500,4500
84990,22986,5,3,1600,4800
84991,22986,4,1,900,900
84992,22987,7,3,3800,11400
84993,22988,3,2,2200,4400
84994,22988,5,2,1600,3200
84995,22989,8,3,1500,4500
84996,22989,1,1,1100,1100
84997,22989,3,1,2200,2200
84998,22989,2,2,1800,3600
84999,22989,5,1,1600,1600
85000,22989,7,1,3800,3800
85001,22989,4,1,900,900
85002,22990,3,2,2200,4400
85003,22991,4,1,900,900
85004,22992,3,3,2200,6600
85005,22992,7,2,3800,7600
85006,22993,8,1,1500,1500
85007,22994,2,3,1800,5400
85008,22994,6,1,750,750
85009,22995,4,2,900,1800
85010,22995,3,2,2200,4400
85011,22995,8,2,1500,3000
85012,22995,6,2,750,1500
85013,22996,2,2,1800,3600
85014,22996,8,3,1500,4500
85015,22996,1,3,1100,3300
85016,22996,3,2,2200,4400
85017,22997,2,2,1800,3600
85018,22997,4,2,900,1800
85019,22997,3,1,2200,2200
85020,22997,1,1,1100,1100
85021,22997,8,1,1500,1500
85022,22998,3,3,2200,6600
85023,22998,2,3,1800,5400
85024,22998,1,2,1100,2200
85025,22998,4,3,900,2700
85026,22998,8,2,1500,3000
85027,22998,5,1,1600,1600
85028,22998,6,2,750,1500
85029,22998,7,3,3800,11400
85030,22999,8,1,1500,1500
85031,22999,7,1,3800,3800
85032,22999,5,3,1600,4800
85033,22999,4,3,900,2700
85034,23000,6,2,750,1500
85035,23001,4,2,900,1800
85036,23001,1,2,1100,2200
85037,23001,7,1,3800,3800
85038,23001,8,3,1500,4500
85039,23002,5,3,1600,4800
85040,23002,6,2,750,1500
85041,23002,2,3,1800,5400
85042,23002,1,1,1100,1100
85043,23002,4,2,900,1800
85044,23003,7,1,3800,3800
85045,23003,8,2,1500,3000
85046,23003,3,2,2200,4400
85047,23003,2,1,1800,1800
85048,23003,5,3,1600,4800
85049,23003,6,2,750,1500
85050,23003,4,1,900,900
85051,23004,8,2,1500,3000
85052,23004,2,1,1800,1800
85053,23005,8,2,1500,3000
85054,23005,6,1,750,750
85055,23006,8,1,1500,1500
85056,23006,7,3,3800,11400
85057,23006,5,1,1600,1600
85058,23006,3,2,2200,4400
85059,23006,2,2,1800,3600
85060,23007,2,1,1800,1800
85061,23007,5,2,1600,3200
85062,23007,6,2,750,1500
85063,23007,1,1,1100,1100
85064,23007,7,3,3800,11400
85065,23008,2,3,1800,5400
85066,23008,7,1,3800,3800
85067,23009,3,2,2200,4400
85068,23010,5,2,1600,3200
85069,23010,4,2,900,1800
85070,23010,7,2,3800,7600
85071,23010,3,3,2200,6600
85072,23011,8,2,1500,3000
85073,23011,2,2,1800,3600
85074,23012,7,3,3800,11400
85075,23013,3,2,2200,4400
85076,23013,1,2,1100,2200
85077,23013,6,3,750,2250
85078,23013,8,2,1500,3000
85079,23014,1,3,1100,3300
85080,23015,2,2,1800,3600
85081,23015,1,3,1100,3300
85082,23015,7,1,3800,3800
85083,23015,6,2,750,1500
85084,23016,1,1,1100,1100
85085,23016,8,2,1500,3000
85086,23017,2,2,1800,3600
85087,23017,3,2,2200,4400
85088,23018,5,3,1600,4800
85089,23018,6,2,750,1500
85090,23018,7,1,3800,3800
85091,23018,3,3,2200,6600
85092,23018,8,1,1500,1500
85093,23018,2,2,1800,3600
85094,23018,4,1,900,900
85095,23018,1,3,1100,3300
85096,23019,6,2,750,1500
85097,23020,1,1,1100,1100
85098,23021,4,2,900,1800
85099,23021,5,2,1600,3200
85100,23022,6,3,750,2250
85101,23022,8,2,1500,3000
85102,23022,2,3,1800,5400
85103,23022,7,1,3800,3800
85104,23022,1,2,1100,2200
85105,23022,4,2,900,1800
85106,23022,3,1,2200,2200
85107,23022,5,3,1600,4800
85108,23023,4,3,900,2700
85109,23023,2,3,1800,5400
85110,23024,2,1,1800,1800
85111,23024,7,2,3800,7600
85112,23024,5,3,1600,4800
85113,23024,3,3,2200,6600
85114,23024,6,2,750,1500
85115,23024,4,1,900,900
85116,23024,8,2,1500,3000
85117,23024,1,1,1100,1100
85118,23025,1,3,1100,3300
85119,23025,8,2,1500,3000
85120,23026,7,1,3800,3800
85121,23027,6,2,750,1500
85122,23027,4,3,900,2700
85123,23027,7,1,3800,3800
85124,23027,5,2,1600,3200
85125,23027,2,1,1800,1800
85126,23028,4,2,900,1800
85127,23029,4,2,900,1800
85128,23029,5,2,1600,3200
85129,23029,6,3,750,2250
85130,23029,3,2,2200,4400
85131,23029,2,3,1800,5400
85132,23030,2,2,1800,3600
85133,23030,8,2,1500,3000
85134,23030,6,3,750,2250
85135,23030,4,2,900,1800
85136,23030,1,3,1100,3300
85137,23030,5,3,1600,4800
85138,23030,3,3,2200,6600
85139,23031,7,3,3800,11400
85140,23031,2,2,1800,3600
85141,23031,6,3,750,2250
85142,23031,5,1,1600,1600
85143,23031,8,2,1500,3000
85144,23031,4,3,900,2700
85145,23031,3,2,2200,4400
85146,23032,5,2,1600,3200
85147,23032,2,3,1800,5400
85148,23032,3,2,2200,4400
85149,23032,8,3,1500,4500
85150,23032,6,2,750,1500
85151,23033,5,2,1600,3200
85152,23033,2,1,1800,1800
85153,23033,4,1,900,900
85154,23033,1,3,1100,3300
85155,23033,8,1,1500,1500
85156,23033,6,1,750,750
85157,23033,7,3,3800,11400
85158,23034,5,1,1600,1600
85159,23035,4,1,900,900
85160,23035,5,3,1600,4800
85161,23035,1,3,1100,3300
85162,23035,2,3,1800,5400
85163,23036,3,2,2200,4400
85164,23036,2,1,1800,1800
85165,23036,4,3,900,2700
85166,23036,5,2,1600,3200
85167,23037,7,2,3800,7600
85168,23038,5,1,1600,1600
85169,23038,8,3,1500,4500
85170,23038,4,3,900,2700
85171,23038,2,2,1800,3600
85172,23039,4,3,900,2700
85173,23039,2,1,1800,1800
85174,23039,7,1,3800,3800
85175,23039,3,1,2200,2200
85176,23040,6,1,750,750
85177,23041,4,3,900,2700
85178,23042,8,1,1500,1500
85179,23043,3,1,2200,2200
85180,23043,2,2,1800,3600
85181,23043,8,2,1500,3000
85182,23043,5,2,1600,3200
85183,23043,1,1,1100,1100
85184,23043,4,3,900,2700
85185,23043,6,2,750,1500
85186,23043,7,1,3800,3800
85187,23044,5,1,1600,1600
85188,23044,7,3,3800,11400
85189,23044,4,2,900,1800
85190,23044,1,2,1100,2200
85191,23045,2,3,1800,5400
85192,23045,3,2,2200,4400
85193,23046,4,1,900,900
85194,23046,5,1,1600,1600
85195,23046,7,1,3800,3800
85196,23046,3,3,2200,6600
85197,23047,8,1,1500,1500
85198,23048,8,2,1500,3000
85199,23048,2,3,1800,5400
85200,23049,8,1,1500,1500
85201,23050,2,3,1800,5400
85202,23050,7,3,3800,11400
85203,23051,7,2,3800,7600
85204,23051,8,1,1500,1500
85205,23052,6,2,750,1500
85206,23053,1,3,1100,3300
85207,23053,7,1,3800,3800
85208,23053,2,2,1800,3600
85209,23053,5,3,1600,4800
85210,23054,5,2,1600,3200
85211,23054,1,1,1100,1100
85212,23055,7,1,3800,3800
85213,23056,2,1,1800,1800
85214,23057,7,3,3800,11400
85215,23057,6,3,750,2250
85216,23057,5,2,1600,3200
85217,23057,2,3,1800,5400
85218,23058,2,1,1800,1800
85219,23058,3,2,2200,4400
85220,23059,4,2,900,1800
85221,23059,2,2,1800,3600
85222,23059,8,2,1500,3000
85223,23059,6,1,750,750
85224,23059,5,1,1600,1600
85225,23060,7,3,3800,11400
85226,23061,4,3,900,2700
85227,23061,6,1,750,750
85228,23062,1,3,1100,3300
85229,23062,2,2,1800,3600
85230,23062,5,3,1600,4800
85231,23062,4,1,900,900
85232,23062,8,3,1500,4500
85233,23062,7,3,3800,11400
85234,23062,6,2,750,1500
85235,23063,2,3,1800,5400
85236,23064,3,1,2200,2200
85237,23064,4,3,900,2700
85238,23065,6,1,750,750
85239,23065,3,2,2200,4400
85240,23065,8,3,1500,4500
85241,23065,1,2,1100,2200
85242,23066,1,1,1100,1100
85243,23066,5,1,1600,1600
85244,23067,6,2,750,1500
85245,23067,4,1,900,900
85246,23068,4,3,900,2700
85247,23068,7,3,3800,11400
85248,23069,4,2,900,1800
85249,23069,1,3,1100,3300
85250,23069,5,1,1600,1600
85251,23069,2,2,1800,3600
85252,23070,4,1,900,900
85253,23070,7,3,3800,11400
85254,23070,6,2,750,1500
85255,23070,3,2,2200,4400
85256,23071,2,1,1800,1800
85257,23072,4,3,900,2700
85258,23072,6,3,750,2250
85259,23072,8,1,1500,1500
85260,23072,1,3,1100,3300
85261,23072,3,2,2200,4400
85262,23072,7,3,3800,11400
85263,23072,2,3,1800,5400
85264,23072,5,1,1600,1600
85265,23073,3,3,2200,6600
85266,23073,6,1,750,750
85267,23073,7,1,3800,3800
85268,23073,4,2,900,1800
85269,23074,2,2,1800,3600
85270,23075,3,3,2200,6600
85271,23076,2,1,1800,1800
85272,23076,5,3,1600,4800
85273,23076,4,1,900,900
85274,23076,6,3,750,2250
85275,23076,8,2,1500,3000
85276,23077,3,2,2200,4400
85277,23077,5,1,1600,1600
85278,23077,6,3,750,2250
85279,23077,8,2,1500,3000
85280,23078,1,2,1100,2200
85281,23078,6,3,750,2250
85282,23079,8,2,1500,3000
85283,23080,7,3,3800,11400
85284,23080,8,2,1500,3000
85285,23080,1,2,1100,2200
85286,23080,5,3,1600,4800
85287,23080,6,2,750,1500
85288,23080,4,3,900,2700
85289,23080,3,2,2200,4400
85290,23081,7,2,3800,7600
85291,23081,6,1,750,750
85292,23082,5,2,1600,3200
85293,23082,6,2,750,1500
85294,23083,4,1,900,900
85295,23083,2,1,1800,1800
85296,23083,8,3,1500,4500
85297,23083,3,1,2200,2200
85298,23083,1,2,1100,2200
85299,23083,7,1,3800,3800
85300,23083,5,3,1600,4800
85301,23084,5,2,1600,3200
85302,23084,3,3,2200,6600
85303,23084,4,1,900,900
85304,23084,6,2,750,1500
85305,23084,2,3,1800,5400
85306,23085,8,3,1500,4500
85307,23085,4,1,900,900
85308,23086,6,1,750,750
85309,23086,5,1,1600,1600
85310,23087,5,2,1600,3200
85311,23088,4,1,900,900
85312,23088,3,2,2200,4400
85313,23089,7,3,3800,11400
85314,23089,1,2,1100,2200
85315,23089,8,2,1500,3000
85316,23089,6,2,750,1500
85317,23089,5,1,1600,1600
85318,23089,3,2,2200,4400
85319,23089,2,1,1800,1800
85320,23090,1,3,1100,3300
85321,23090,2,1,1800,1800
85322,23090,8,1,1500,1500
85323,23090,3,2,2200,4400
85324,23090,6,3,750,2250
85325,23091,2,3,1800,5400
85326,23091,3,1,2200,2200
85327,23091,5,2,1600,3200
85328,23091,1,1,1100,1100
85329,23091,8,2,1500,3000
85330,23092,5,3,1600,4800
85331,23093,6,3,750,2250
85332,23093,5,1,1600,1600
85333,23094,4,2,900,1800
85334,23094,8,3,1500,4500
85335,23095,8,3,1500,4500
85336,23095,2,2,1800,3600
85337,23096,2,1,1800,1800
85338,23096,7,1,3800,3800
85339,23097,5,3,1600,4800
85340,23097,6,2,750,1500
85341,23097,4,3,900,2700
85342,23097,1,1,1100,1100
85343,23097,3,1,2200,2200
85344,23098,6,3,750,2250
85345,23098,2,2,1800,3600
85346,23099,8,1,1500,1500
85347,23099,3,3,2200,6600
85348,23100,8,1,1500,1500
85349,23100,1,2,1100,2200
85350,23100,6,2,750,1500
85351,23100,7,1,3800,3800
85352,23100,3,3,2200,6600
85353,23100,4,2,900,1800
85354,23100,5,2,1600,3200
85355,23100,2,2,1800,3600
85356,23101,8,2,1500,3000
85357,23101,7,2,3800,7600
85358,23101,5,1,1600,1600
85359,23101,4,3,900,2700
85360,23101,1,1,1100,1100
85361,23102,2,2,1800,3600
85362,23103,7,3,3800,11400
85363,23103,1,1,1100,1100
85364,23103,8,3,1500,4500
85365,23103,3,3,2200,6600
85366,23103,2,1,1800,1800
85367,23103,4,3,900,2700
85368,23103,6,2,750,1500
85369,23104,1,1,1100,1100
85370,23104,3,3,2200,6600
85371,23105,8,3,1500,4500
85372,23105,2,1,1800,1800
85373,23106,5,3,1600,4800
85374,23106,6,2,750,1500
85375,23106,3,3,2200,6600
85376,23106,2,3,1800,5400
85377,23107,5,2,1600,3200
85378,23107,4,3,900,2700
85379,23108,2,1,1800,1800
85380,23108,6,3,750,2250
85381,23109,6,3,750,2250
85382,23109,4,2,900,1800
85383,23109,2,3,1800,5400
85384,23109,5,3,1600,4800
85385,23109,3,3,2200,6600
85386,23110,7,3,3800,11400
85387,23111,3,3,2200,6600
85388,23112,1,1,1100,1100
85389,23112,8,1,1500,1500
85390,23113,5,2,1600,3200
85391,23114,2,2,1800,3600
85392,23114,6,3,750,2250
85393,23115,8,1,1500,1500
85394,23115,2,3,1800,5400
85395,23115,7,3,3800,11400
85396,23115,6,1,750,750
85397,23115,4,1,900,900
85398,23116,1,1,1100,1100
85399,23116,3,1,2200,2200
85400,23116,6,2,750,1500
85401,23116,5,1,1600,1600
85402,23117,4,1,900,900
85403,23118,7,1,3800,3800
85404,23118,4,3,900,2700
85405,23118,3,2,2200,4400
85406,23118,8,2,1500,3000
85407,23119,8,3,1500,4500
85408,23119,3,3,2200,6600
85409,23119,2,2,1800,3600
85410,23119,7,1,3800,3800
85411,23119,6,1,750,750
85412,23119,5,3,1600,4800
85413,23119,1,3,1100,3300
85414,23120,8,3,1500,4500
85415,23120,1,3,1100,3300
85416,23120,7,1,3800,3800
85417,23120,2,1,1800,1800
85418,23120,6,3,750,2250
85419,23120,3,2,2200,4400
85420,23120,5,1,1600,1600
85421,23121,6,2,750,1500
85422,23122,1,1,1100,1100
85423,23123,7,3,3800,11400
85424,23123,4,1,900,900
85425,23124,6,2,750,1500
85426,23124,3,3,2200,6600
85427,23125,2,2,1800,3600
85428,23125,4,3,900,2700
85429,23126,1,2,1100,2200
85430,23126,8,1,1500,1500
85431,23126,6,3,750,2250
85432,23126,3,1,2200,2200
85433,23126,7,3,3800,11400
85434,23127,6,2,750,1500
85435,23127,8,3,1500,4500
85436,23127,2,3,1800,5400
85437,23127,7,2,3800,7600
85438,23127,1,2,1100,2200
85439,23128,4,1,900,900
85440,23128,5,3,1600,4800
85441,23128,7,3,3800,11400
85442,23128,1,1,1100,1100
85443,23128,6,1,750,750
85444,23129,8,1,1500,1500
85445,23129,7,2,3800,7600
85446,23129,5,1,1600,1600
85447,23129,1,2,1100,2200
85448,23129,3,3,2200,6600
85449,23129,2,1,1800,1800
85450,23129,4,1,900,900
85451,23130,2,1,1800,1800
85452,23130,5,1,1600,1600
85453,23131,8,2,1500,3000
85454,23131,3,3,2200,6600
85455,23131,2,3,1800,5400
85456,23131,5,1,1600,1600
85457,23131,4,1,900,900
85458,23132,1,3,1100,3300
85459,23133,3,1,2200,2200
85460,23133,5,1,1600,1600
85461,23134,1,2,1100,2200
85462,23134,6,1,750,750
85463,23134,2,2,1800,3600
85464,23134,4,2,900,1800
85465,23134,7,2,3800,7600
85466,23134,3,2,2200,4400
85467,23134,5,2,1600,3200
85468,23134,8,2,1500,3000
85469,23135,6,1,750,750
85470,23135,2,3,1800,5400
85471,23136,6,3,750,2250
85472,23137,5,1,1600,1600
85473,23137,4,3,900,2700
85474,23137,6,2,750,1500
85475,23137,8,3,1500,4500
85476,23137,1,3,1100,3300
85477,23137,7,1,3800,3800
85478,23137,3,1,2200,2200
85479,23137,2,1,1800,1800
85480,23138,4,3,900,2700
85481,23138,2,1,1800,1800
85482,23139,8,2,1500,3000
85483,23139,3,1,2200,2200
85484,23140,3,3,2200,6600
85485,23140,2,1,1800,1800
85486,23140,8,1,1500,1500
85487,23140,1,2,1100,2200
85488,23140,7,2,3800,7600
85489,23141,8,2,1500,3000
85490,23141,6,1,750,750
85491,23142,6,3,750,2250
85492,23142,7,1,3800,3800
85493,23142,1,1,1100,1100
85494,23142,2,2,1800,3600
85495,23142,5,2,1600,3200
85496,23143,3,2,2200,4400
85497,23143,5,1,1600,1600
85498,23144,7,2,3800,7600
85499,23145,7,3,3800,11400
85500,23145,1,1,1100,1100
85501,23146,6,3,750,2250
85502,23146,7,3,3800,11400
85503,23147,5,1,1600,1600
85504,23147,6,3,750,2250
85505,23148,8,3,1500,4500
85506,23149,1,3,1100,3300
85507,23149,2,1,1800,1800
85508,23149,3,2,2200,4400
85509,23149,5,2,1600,3200
85510,23150,3,3,2200,6600
85511,23151,4,2,900,1800
85512,23152,5,1,1600,1600
85513,23152,1,3,1100,3300
85514,23153,5,1,1600,1600
85515,23154,3,3,2200,6600
85516,23155,6,2,750,1500
85517,23155,8,1,1500,1500
85518,23155,7,2,3800,7600
85519,23155,5,3,1600,4800
85520,23156,5,3,1600,4800
85521,23156,3,3,2200,6600
85522,23156,6,3,750,2250
85523,23156,7,1,3800,3800
85524,23156,8,2,1500,3000
85525,23156,1,2,1100,2200
85526,23156,4,3,900,2700
85527,23156,2,1,1800,1800
85528,23157,8,2,1500,3000
85529,23157,2,3,1800,5400
85530,23157,7,1,3800,3800
85531,23157,4,3,900,2700
85532,23157,3,1,2200,2200
85533,23158,3,2,2200,4400
85534,23158,5,1,1600,1600
85535,23158,4,3,900,2700
85536,23158,8,2,1500,3000
85537,23159,1,2,1100,2200
85538,23159,7,3,3800,11400
85539,23159,4,1,900,900
85540,23159,3,2,2200,4400
85541,23160,6,3,750,2250
85542,23160,3,1,2200,2200
85543,23160,2,1,1800,1800
85544,23160,4,2,900,1800
85545,23161,1,1,1100,1100
85546,23161,8,1,1500,1500
85547,23161,6,2,750,1500
85548,23161,3,1,2200,2200
85549,23161,2,2,1800,3600
85550,23162,5,1,1600,1600
85551,23162,1,1,1100,1100
85552,23162,8,3,1500,4500
85553,23162,4,2,900,1800
85554,23162,3,3,2200,6600
85555,23162,7,1,3800,3800
85556,23162,6,2,750,1500
85557,23162,2,2,1800,3600
85558,23163,3,3,2200,6600
85559,23163,6,1,750,750
85560,23164,2,3,1800,5400
85561,23165,6,3,750,2250
85562,23165,2,2,1800,3600
85563,23166,2,2,1800,3600
85564,23167,2,1,1800,1800
85565,23167,4,2,900,1800
85566,23167,3,2,2200,4400
85567,23167,8,3,1500,4500
85568,23167,5,2,1600,3200
85569,23167,6,1,750,750
85570,23167,7,1,3800,3800
85571,23168,5,2,1600,3200
85572,23169,4,1,900,900
85573,23169,2,1,1800,1800
85574,23170,4,2,900,1800
85575,23170,7,1,3800,3800
85576,23171,1,1,1100,1100
85577,23172,6,3,750,2250
85578,23173,8,3,1500,4500
85579,23173,1,2,1100,2200
85580,23174,1,3,1100,3300
85581,23174,8,3,1500,4500
85582,23174,7,1,3800,3800
85583,23174,6,3,750,2250
85584,23174,5,2,1600,3200
85585,23175,3,1,2200,2200
85586,23176,8,3,1500,4500
85587,23176,5,3,1600,4800
85588,23177,8,3,1500,4500
85589,23178,2,1,1800,1800
85590,23179,3,3,2200,6600
85591,23179,7,3,3800,11400
85592,23180,1,2,1100,2200
85593,23181,4,1,900,900
85594,23181,6,3,750,2250
85595,23181,1,3,1100,3300
85596,23181,5,1,1600,1600
85597,23182,1,3,1100,3300
85598,23183,3,2,2200,4400
85599,23183,1,1,1100,1100
85600,23183,8,3,1500,4500
85601,23183,2,1,1800,1800
85602,23184,4,3,900,2700
85603,23184,1,2,1100,2200
85604,23185,3,1,2200,2200
85605,23185,7,1,3800,3800
85606,23186,8,3,1500,4500
85607,23187,5,1,1600,1600
85608,23188,8,1,1500,1500
85609,23188,4,1,900,900
85610,23188,1,1,1100,1100
85611,23188,6,3,750,2250
85612,23188,5,1,1600,1600
85613,23188,2,1,1800,1800
85614,23188,7,3,3800,11400
85615,23189,1,3,1100,3300
85616,23189,2,1,1800,1800
85617,23190,7,2,3800,7600
85618,23190,3,2,2200,4400
85619,23191,1,2,1100,2200
85620,23191,6,1,750,750
85621,23192,2,2,1800,3600
85622,23192,7,2,3800,7600
85623,23193,5,1,1600,1600
85624,23193,4,1,900,900
85625,23193,3,3,2200,6600
85626,23193,6,1,750,750
85627,23193,2,3,1800,5400
85628,23194,6,2,750,1500
85629,23194,8,1,1500,1500
85630,23194,7,2,3800,7600
85631,23194,2,3,1800,5400
85632,23195,3,1,2200,2200
85633,23195,4,1,900,900
85634,23195,5,1,1600,1600
85635,23195,7,2,3800,7600
85636,23196,5,3,1600,4800
85637,23197,4,3,900,2700
85638,23197,3,1,2200,2200
85639,23198,8,3,1500,4500
85640,23198,3,1,2200,2200
85641,23199,6,3,750,2250
85642,23199,4,2,900,1800
85643,23200,1,3,1100,3300
85644,23200,6,3,750,2250
85645,23200,7,1,3800,3800
85646,23200,3,2,2200,4400
85647,23201,1,2,1100,2200
85648,23201,3,1,2200,2200
85649,23202,3,3,2200,6600
85650,23202,2,2,1800,3600
85651,23202,6,3,750,2250
85652,23202,4,1,900,900
85653,23203,5,1,1600,1600
85654,23203,2,1,1800,1800
85655,23203,3,1,2200,2200
85656,23203,7,1,3800,3800
85657,23204,7,2,3800,7600
85658,23204,8,1,1500,1500
85659,23204,4,3,900,2700
85660,23204,5,2,1600,3200
85661,23205,7,2,3800,7600
85662,23205,2,2,1800,3600
85663,23206,4,2,900,1800
85664,23206,7,1,3800,3800
85665,23206,3,3,2200,6600
85666,23206,6,3,750,2250
85667,23206,2,1,1800,1800
85668,23207,2,3,1800,5400
85669,23207,8,3,1500,4500
85670,23208,7,3,3800,11400
85671,23208,8,1,1500,1500
85672,23209,8,2,1500,3000
85673,23209,7,1,3800,3800
85674,23209,6,2,750,1500
85675,23209,2,3,1800,5400
85676,23209,3,2,2200,4400
85677,23210,3,1,2200,2200
85678,23211,6,1,750,750
85679,23212,4,3,900,2700
85680,23212,5,1,1600,1600
85681,23212,1,2,1100,2200
85682,23212,7,1,3800,3800
85683,23212,2,2,1800,3600
85684,23213,8,3,1500,4500
85685,23214,8,1,1500,1500
85686,23214,2,1,1800,1800
85687,23214,6,3,750,2250
85688,23214,1,1,1100,1100
85689,23214,7,2,3800,7600
85690,23214,3,2,2200,4400
85691,23214,5,1,1600,1600
85692,23215,3,3,2200,6600
85693,23215,5,3,1600,4800
85694,23215,4,3,900,2700
85695,23215,6,1,750,750
85696,23215,2,2,1800,3600
85697,23216,4,3,900,2700
85698,23217,8,1,1500,1500
85699,23218,2,2,1800,3600
85700,23219,8,3,1500,4500
85701,23219,1,2,1100,2200
85702,23219,7,3,3800,11400
85703,23219,6,2,750,1500
85704,23220,6,1,750,750
85705,23221,2,3,1800,5400
85706,23221,6,1,750,750
85707,23221,1,1,1100,1100
85708,23221,5,1,1600,1600
85709,23221,4,2,900,1800
85710,23221,3,2,2200,4400
85711,23221,8,3,1500,4500
85712,23222,2,3,1800,5400
85713,23222,3,2,2200,4400
85714,23222,6,2,750,1500
85715,23222,7,1,3800,3800
85716,23223,7,2,3800,7600
85717,23223,1,3,1100,3300
85718,23223,3,1,2200,2200
85719,23223,4,3,900,2700
85720,23223,5,3,1600,4800
85721,23224,4,1,900,900
85722,23224,5,3,1600,4800
85723,23224,1,2,1100,2200
85724,23224,7,3,3800,11400
85725,23225,4,3,900,2700
85726,23225,1,2,1100,2200
85727,23226,2,3,1800,5400
85728,23226,8,1,1500,1500
85729,23226,6,3,750,2250
85730,23226,3,2,2200,4400
85731,23226,1,2,1100,2200
85732,23226,4,3,900,2700
85733,23226,7,1,3800,3800
85734,23227,7,2,3800,7600
85735,23228,4,1,900,900
85736,23229,1,3,1100,3300
85737,23229,7,3,3800,11400
85738,23229,3,3,2200,6600
85739,23229,2,1,1800,1800
85740,23229,6,3,750,2250
85741,23229,5,3,1600,4800
85742,23229,4,2,900,1800
85743,23230,1,3,1100,3300
85744,23230,7,3,3800,11400
85745,23230,6,2,750,1500
85746,23230,4,2,900,1800
85747,23231,4,1,900,900
85748,23232,3,3,2200,6600
85749,23233,7,1,3800,3800
85750,23234,8,3,1500,4500
85751,23235,8,3,1500,4500
85752,23235,4,3,900,2700
85753,23236,1,2,1100,2200
85754,23237,2,1,1800,1800
85755,23237,3,3,2200,6600
85756,23237,6,2,750,1500
85757,23237,7,1,3800,3800
85758,23237,4,2,900,1800
85759,23237,1,2,1100,2200
85760,23237,5,2,1600,3200
85761,23238,4,2,900,1800
85762,23239,2,2,1800,3600
85763,23239,1,2,1100,2200
85764,23240,3,3,2200,6600
85765,23240,4,3,900,2700
85766,23241,5,1,1600,1600
85767,23242,1,2,1100,2200
85768,23243,2,1,1800,1800
85769,23243,8,3,1500,4500
85770,23243,6,2,750,1500
85771,23243,7,2,3800,7600
85772,23243,1,2,1100,2200
85773,23243,3,1,2200,2200
85774,23243,5,3,1600,4800
85775,23244,7,2,3800,7600
85776,23244,4,1,900,900
85777,23244,5,2,1600,3200
85778,23244,2,3,1800,5400
85779,23244,3,3,2200,6600
85780,23245,4,3,900,2700
85781,23245,8,2,1500,3000
85782,23246,4,1,900,900
85783,23247,8,3,1500,4500
85784,23247,1,3,1100,3300
85785,23247,7,1,3800,3800
85786,23247,3,2,2200,4400
85787,23248,2,1,1800,1800
85788,23248,5,1,1600,1600
85789,23248,3,2,2200,4400
85790,23248,6,2,750,1500
85791,23248,4,1,900,900
85792,23249,6,3,750,2250
85793,23249,4,3,900,2700
85794,23250,6,3,750,2250
85795,23251,5,2,1600,3200
85796,23251,8,1,1500,1500
85797,23251,3,1,2200,2200
85798,23251,1,1,1100,1100
85799,23252,3,3,2200,6600
85800,23252,2,3,1800,5400
85801,23253,4,2,900,1800
85802,23253,5,3,1600,4800
85803,23253,7,2,3800,7600
85804,23253,3,1,2200,2200
85805,23254,5,1,1600,1600
85806,23254,4,1,900,900
85807,23254,6,1,750,750
85808,23254,2,2,1800,3600
85809,23254,3,1,2200,2200
85810,23255,4,2,900,1800
85811,23255,5,3,1600,4800
85812,23256,3,2,2200,4400
85813,23256,8,2,1500,3000
85814,23256,2,1,1800,1800
85815,23256,4,2,900,1800
85816,23256,7,1,3800,3800
85817,23257,2,3,1800,5400
85818,23258,7,3,3800,11400
85819,23258,5,3,1600,4800
85820,23258,6,3,750,2250
85821,23258,8,3,1500,4500
85822,23258,3,3,2200,6600
85823,23259,8,3,1500,4500
85824,23259,2,1,1800,1800
85825,23259,4,2,900,1800
85826,23259,3,3,2200,6600
85827,23259,7,3,3800,11400
85828,23260,5,1,1600,1600
85829,23260,4,3,900,2700
85830,23260,7,2,3800,7600
85831,23260,2,3,1800,5400
85832,23260,1,2,1100,2200
85833,23261,5,1,1600,1600
85834,23261,7,1,3800,3800
85835,23262,6,2,750,1500
85836,23262,7,3,3800,11400
85837,23262,3,3,2200,6600
85838,23262,2,1,1800,1800
85839,23262,5,3,1600,4800
85840,23263,5,1,1600,1600
85841,23264,3,2,2200,4400
85842,23265,7,3,3800,11400
85843,23266,2,1,1800,1800
85844,23267,6,2,750,1500
85845,23268,3,1,2200,2200
85846,23269,1,1,1100,1100
85847,23270,7,2,3800,7600
85848,23270,4,1,900,900
85849,23271,6,2,750,1500
85850,23271,1,3,1100,3300
85851,23271,5,1,1600,1600
85852,23271,2,1,1800,1800
85853,23272,5,1,1600,1600
85854,23273,5,1,1600,1600
85855,23274,4,3,900,2700
85856,23274,5,3,1600,4800
85857,23274,6,1,750,750
85858,23274,7,3,3800,11400
85859,23274,3,2,2200,4400
85860,23275,3,3,2200,6600
85861,23275,8,1,1500,1500
85862,23275,5,2,1600,3200
85863,23275,1,1,1100,1100
85864,23275,2,3,1800,5400
85865,23275,7,1,3800,3800
85866,23275,4,3,900,2700
85867,23276,1,2,1100,2200
85868,23276,2,2,1800,3600
85869,23277,8,3,1500,4500
85870,23278,8,3,1500,4500
85871,23278,7,1,3800,3800
85872,23279,7,2,3800,7600
85873,23279,5,2,1600,3200
85874,23279,1,3,1100,3300
85875,23279,6,3,750,2250
85876,23279,2,1,1800,1800
85877,23279,8,3,1500,4500
85878,23279,3,3,2200,6600
85879,23279,4,3,900,2700
85880,23280,8,1,1500,1500
85881,23280,4,2,900,1800
85882,23281,8,2,1500,3000
85883,23281,3,3,2200,6600
85884,23281,7,1,3800,3800
85885,23281,5,2,1600,3200
85886,23281,6,2,750,1500
85887,23281,4,1,900,900
85888,23281,2,2,1800,3600
85889,23282,5,3,1600,4800
85890,23282,1,3,1100,3300
85891,23283,2,1,1800,1800
85892,23284,4,2,900,1800
85893,23285,2,1,1800,1800
85894,23286,2,1,1800,1800
85895,23286,7,3,3800,11400
85896,23287,4,2,900,1800
85897,23288,4,1,900,900
85898,23289,3,1,2200,2200
85899,23289,7,1,3800,3800
85900,23290,2,1,1800,1800
85901,23291,7,1,3800,3800
85902,23291,3,3,2200,6600
85903,23292,7,3,3800,11400
85904,23292,4,2,900,1800
85905,23292,3,2,2200,4400
85906,23292,8,3,1500,4500
85907,23293,1,3,1100,3300
85908,23293,8,2,1500,3000
85909,23293,7,1,3800,3800
85910,23293,3,2,2200,4400
85911,23293,5,2,1600,3200
85912,23293,6,3,750,2250
85913,23293,4,2,900,1800
85914,23294,2,2,1800,3600
85915,23294,4,2,900,1800
85916,23294,6,1,750,750
85917,23294,3,3,2200,6600
85918,23294,7,2,3800,7600
85919,23294,8,1,1500,1500
85920,23294,1,1,1100,1100
85921,23295,5,1,1600,1600
85922,23295,6,1,750,750
85923,23295,3,2,2200,4400
85924,23295,7,1,3800,3800
85925,23295,1,2,1100,2200
85926,23295,4,2,900,1800
85927,23295,2,2,1800,3600
85928,23295,8,1,1500,1500
85929,23296,2,3,1800,5400
85930,23296,6,1,750,750
85931,23297,2,3,1800,5400
85932,23297,7,2,3800,7600
85933,23297,4,1,900,900
85934,23297,8,2,1500,3000
85935,23298,7,2,3800,7600
85936,23298,2,1,1800,1800
85937,23298,8,1,1500,1500
85938,23298,5,2,1600,3200
85939,23298,4,3,900,2700
85940,23299,8,3,1500,4500
85941,23299,1,3,1100,3300
85942,23300,4,1,900,900
85943,23300,2,2,1800,3600
85944,23300,6,1,750,750
85945,23300,1,3,1100,3300
85946,23300,8,1,1500,1500
85947,23301,7,1,3800,3800
85948,23302,1,1,1100,1100
85949,23303,8,3,1500,4500
85950,23303,6,3,750,2250
85951,23303,7,3,3800,11400
85952,23303,5,3,1600,4800
85953,23303,2,3,1800,5400
85954,23304,4,3,900,2700
85955,23304,2,3,1800,5400
85956,23304,3,1,2200,2200
85957,23304,6,1,750,750
85958,23305,4,3,900,2700
85959,23305,1,3,1100,3300
85960,23305,5,1,1600,1600
85961,23305,6,1,750,750
85962,23306,2,1,1800,1800
85963,23306,1,3,1100,3300
85964,23306,8,2,1500,3000
85965,23306,7,1,3800,3800
85966,23306,6,1,750,750
85967,23307,2,3,1800,5400
85968,23307,5,1,1600,1600
85969,23307,7,2,3800,7600
85970,23307,3,1,2200,2200
85971,23308,6,2,750,1500
85972,23308,1,2,1100,2200
85973,23308,2,2,1800,3600
85974,23308,8,2,1500,3000
85975,23308,5,1,1600,1600
85976,23308,3,3,2200,6600
85977,23308,4,3,900,2700
85978,23308,7,3,3800,11400
85979,23309,1,2,1100,2200
85980,23309,7,1,3800,3800
85981,23309,4,3,900,2700
85982,23309,6,2,750,1500
85983,23310,4,1,900,900
85984,23310,8,2,1500,3000
85985,23310,3,3,2200,6600
85986,23310,2,2,1800,3600
85987,23311,4,3,900,2700
85988,23311,6,2,750,1500
85989,23312,2,1,1800,1800
85990,23313,1,3,1100,3300
85991,23314,7,2,3800,7600
85992,23315,8,2,1500,3000
85993,23315,2,3,1800,5400
85994,23316,5,2,1600,3200
85995,23316,2,1,1800,1800
85996,23316,8,2,1500,3000
85997,23316,7,1,3800,3800
85998,23317,6,1,750,750
85999,23317,7,3,3800,11400
86000,23317,8,1,1500,1500
86001,23317,3,3,2200,6600
86002,23318,6,3,750,2250
86003,23319,4,2,900,1800
86004,23320,8,2,1500,3000
86005,23320,2,1,1800,1800
86006,23320,7,1,3800,3800
86007,23320,5,3,1600,4800
86008,23320,3,1,2200,2200
86009,23320,1,1,1100,1100
86010,23320,6,1,750,750
86011,23320,4,2,900,1800
86012,23321,1,3,1100,3300
86013,23321,6,1,750,750
86014,23321,3,3,2200,6600
86015,23321,2,3,1800,5400
86016,23322,1,3,1100,3300
86017,23322,6,3,750,2250
86018,23322,5,2,1600,3200
86019,23322,8,1,1500,1500
86020,23323,2,3,1800,5400
86021,23323,5,1,1600,1600
86022,23323,7,1,3800,3800
86023,23323,6,1,750,750
86024,23323,8,3,1500,4500
86025,23323,4,2,900,1800
86026,23323,3,3,2200,6600
86027,23324,6,2,750,1500
86028,23324,4,3,900,2700
86029,23324,2,3,1800,5400
86030,23324,7,3,3800,11400
86031,23324,8,3,1500,4500
86032,23325,4,3,900,2700
86033,23325,6,3,750,2250
86034,23326,8,3,1500,4500
86035,23327,2,2,1800,3600
86036,23328,5,2,1600,3200
86037,23328,6,1,750,750
86038,23328,4,3,900,2700
86039,23328,3,3,2200,6600
86040,23329,3,3,2200,6600
86041,23329,6,2,750,1500
86042,23330,3,2,2200,4400
86043,23331,8,2,1500,3000
86044,23331,5,3,1600,4800
86045,23331,6,3,750,2250
86046,23331,7,2,3800,7600
86047,23331,2,3,1800,5400
86048,23332,6,2,750,1500
86049,23332,5,2,1600,3200
86050,23332,1,1,1100,1100
86051,23332,8,2,1500,3000
86052,23332,7,2,3800,7600
86053,23333,3,2,2200,4400
86054,23333,7,3,3800,11400
86055,23333,5,2,1600,3200
86056,23333,2,1,1800,1800
86057,23333,6,2,750,1500
86058,23334,1,3,1100,3300
86059,23334,5,1,1600,1600
86060,23334,7,3,3800,11400
86061,23334,2,2,1800,3600
86062,23334,8,2,1500,3000
86063,23334,3,1,2200,2200
86064,23334,6,2,750,1500
86065,23335,4,1,900,900
86066,23335,1,2,1100,2200
86067,23336,7,3,3800,11400
86068,23336,2,3,1800,5400
86069,23336,5,1,1600,1600
86070,23336,4,2,900,1800
86071,23337,2,3,1800,5400
86072,23338,5,3,1600,4800
86073,23339,3,1,2200,2200
86074,23339,4,3,900,2700
86075,23339,8,3,1500,4500
86076,23339,5,3,1600,4800
86077,23340,2,1,1800,1800
86078,23340,5,3,1600,4800
86079,23341,1,1,1100,1100
86080,23341,6,2,750,1500
86081,23342,2,3,1800,5400
86082,23343,2,2,1800,3600
86083,23343,7,1,3800,3800
86084,23343,4,3,900,2700
86085,23343,1,3,1100,3300
86086,23343,6,2,750,1500
86087,23344,2,2,1800,3600
86088,23345,2,1,1800,1800
86089,23345,8,2,1500,3000
86090,23345,6,3,750,2250
86091,23345,3,3,2200,6600
86092,23345,1,2,1100,2200
86093,23346,2,1,1800,1800
86094,23346,4,3,900,2700
86095,23347,4,3,900,2700
86096,23347,7,2,3800,7600
86097,23347,1,1,1100,1100
86098,23347,8,1,1500,1500
86099,23347,6,2,750,1500
86100,23348,2,3,1800,5400
86101,23348,3,3,2200,6600
86102,23348,6,3,750,2250
86103,23348,8,2,1500,3000
86104,23349,8,1,1500,1500
86105,23349,6,3,750,2250
86106,23349,1,1,1100,1100
86107,23349,3,2,2200,4400
86108,23350,7,2,3800,7600
86109,23350,4,3,900,2700
86110,23351,2,1,1800,1800
86111,23351,3,1,2200,2200
86112,23351,4,1,900,900
86113,23351,8,3,1500,4500
86114,23352,5,3,1600,4800
86115,23352,3,2,2200,4400
86116,23352,8,2,1500,3000
86117,23352,4,1,900,900
86118,23353,1,3,1100,3300
86119,23353,5,3,1600,4800
86120,23354,3,1,2200,2200
86121,23354,1,1,1100,1100
86122,23355,2,2,1800,3600
86123,23355,1,3,1100,3300
86124,23355,3,1,2200,2200
86125,23355,5,1,1600,1600
86126,23355,7,1,3800,3800
86127,23355,6,1,750,750
86128,23355,4,3,900,2700
86129,23356,2,2,1800,3600
86130,23356,3,1,2200,2200
86131,23356,8,1,1500,1500
86132,23356,7,2,3800,7600
86133,23356,5,2,1600,3200
86134,23357,1,3,1100,3300
86135,23357,3,1,2200,2200
86136,23358,4,1,900,900
86137,23359,7,3,3800,11400
86138,23360,2,3,1800,5400
86139,23360,5,3,1600,4800
86140,23360,1,3,1100,3300
86141,23360,3,3,2200,6600
86142,23360,6,2,750,1500
86143,23361,2,2,1800,3600
86144,23362,5,1,1600,1600
86145,23362,4,3,900,2700
86146,23362,7,1,3800,3800
86147,23362,6,2,750,1500
86148,23363,2,2,1800,3600
86149,23363,6,3,750,2250
86150,23363,4,1,900,900
86151,23363,3,2,2200,4400
86152,23364,2,2,1800,3600
86153,23364,7,1,3800,3800
86154,23364,8,3,1500,4500
86155,23364,3,1,2200,2200
86156,23365,3,3,2200,6600
86157,23366,6,3,750,2250
86158,23366,8,1,1500,1500
86159,23366,1,1,1100,1100
86160,23366,2,1,1800,1800
86161,23367,7,1,3800,3800
86162,23367,4,2,900,1800
86163,23368,1,1,1100,1100
86164,23368,8,2,1500,3000
86165,23368,2,3,1800,5400
86166,23368,5,1,1600,1600
86167,23368,4,2,900,1800
86168,23368,7,2,3800,7600
86169,23368,3,2,2200,4400
86170,23369,3,2,2200,4400
86171,23370,3,3,2200,6600
86172,23371,6,3,750,2250
86173,23371,3,2,2200,4400
86174,23371,8,1,1500,1500
86175,23371,1,3,1100,3300
86176,23371,7,1,3800,3800
86177,23372,8,3,1500,4500
86178,23372,7,1,3800,3800
86179,23373,1,1,1100,1100
86180,23373,6,3,750,2250
86181,23374,3,1,2200,2200
86182,23375,1,3,1100,3300
86183,23376,7,3,3800,11400
86184,23377,4,3,900,2700
86185,23377,2,1,1800,1800
86186,23377,6,3,750,2250
86187,23377,3,2,2200,4400
86188,23378,6,2,750,1500
86189,23378,3,2,2200,4400
86190,23379,2,1,1800,1800
86191,23379,8,3,1500,4500
86192,23380,8,1,1500,1500
86193,23380,3,1,2200,2200
86194,23380,6,2,750,1500
86195,23380,2,1,1800,1800
86196,23380,7,1,3800,3800
86197,23381,2,3,1800,5400
86198,23382,7,2,3800,7600
86199,23382,5,1,1600,1600
86200,23382,1,1,1100,1100
86201,23382,2,2,1800,3600
86202,23383,6,2,750,1500
86203,23383,1,3,1100,3300
86204,23383,3,3,2200,6600
86205,23383,7,1,3800,3800
86206,23384,3,1,2200,2200
86207,23384,7,1,3800,3800
86208,23384,5,2,1600,3200
86209,23384,8,2,1500,3000
86210,23384,1,1,1100,1100
86211,23385,4,2,900,1800
86212,23385,5,2,1600,3200
86213,23385,3,1,2200,2200
86214,23385,8,2,1500,3000
86215,23386,4,3,900,2700
86216,23386,6,3,750,2250
86217,23386,3,1,2200,2200
86218,23386,1,2,1100,2200
86219,23386,5,3,1600,4800
86220,23386,2,3,1800,5400
86221,23386,7,1,3800,3800
86222,23386,8,1,1500,1500
86223,23387,4,3,900,2700
86224,23387,2,1,1800,1800
86225,23387,6,2,750,1500
86226,23387,3,2,2200,4400
86227,23388,3,1,2200,2200
86228,23388,1,3,1100,3300
86229,23388,2,1,1800,1800
86230,23388,8,2,1500,3000
86231,23388,7,1,3800,3800
86232,23389,7,2,3800,7600
86233,23390,4,3,900,2700
86234,23391,2,3,1800,5400
86235,23391,6,3,750,2250
86236,23391,8,1,1500,1500
86237,23391,5,1,1600,1600
86238,23391,3,1,2200,2200
86239,23392,3,1,2200,2200
86240,23393,5,1,1600,1600
86241,23393,2,3,1800,5400
86242,23393,8,1,1500,1500
86243,23393,6,1,750,750
86244,23393,1,2,1100,2200
86245,23393,3,3,2200,6600
86246,23393,7,1,3800,3800
86247,23394,3,1,2200,2200
86248,23394,7,3,3800,11400
86249,23395,5,2,1600,3200
86250,23395,8,2,1500,3000
86251,23396,2,1,1800,1800
86252,23396,1,2,1100,2200
86253,23396,7,3,3800,11400
86254,23396,4,3,900,2700
86255,23396,3,2,2200,4400
86256,23396,8,3,1500,4500
86257,23396,5,1,1600,1600
86258,23396,6,1,750,750
86259,23397,7,2,3800,7600
86260,23397,5,1,1600,1600
86261,23397,2,3,1800,5400
86262,23397,6,3,750,2250
86263,23397,3,2,2200,4400
86264,23398,2,3,1800,5400
86265,23398,5,3,1600,4800
86266,23398,7,1,3800,3800
86267,23398,4,3,900,2700
86268,23399,4,2,900,1800
86269,23399,2,3,1800,5400
86270,23399,5,2,1600,3200
86271,23399,6,2,750,1500
86272,23400,3,3,2200,6600
86273,23400,6,1,750,750
86274,23400,7,1,3800,3800
86275,23400,5,2,1600,3200
86276,23401,5,3,1600,4800
86277,23401,8,3,1500,4500
86278,23402,3,3,2200,6600
86279,23402,2,1,1800,1800
86280,23402,7,1,3800,3800
86281,23402,1,2,1100,2200
86282,23402,8,3,1500,4500
86283,23402,4,1,900,900
86284,23402,6,2,750,1500
86285,23403,7,3,3800,11400
86286,23403,8,2,1500,3000
86287,23403,4,2,900,1800
86288,23403,2,1,1800,1800
86289,23404,5,1,1600,1600
86290,23404,4,1,900,900
86291,23405,2,2,1800,3600
86292,23406,1,3,1100,3300
86293,23406,6,2,750,1500
86294,23406,7,2,3800,7600
86295,23406,5,1,1600,1600
86296,23406,2,1,1800,1800
86297,23407,3,2,2200,4400
86298,23408,3,2,2200,4400
86299,23408,1,1,1100,1100
86300,23408,6,2,750,1500
86301,23408,4,3,900,2700
86302,23409,8,2,1500,3000
86303,23409,5,1,1600,1600
86304,23410,3,3,2200,6600
86305,23411,4,1,900,900
86306,23412,6,2,750,1500
86307,23412,1,3,1100,3300
86308,23412,8,1,1500,1500
86309,23412,7,3,3800,11400
86310,23412,4,1,900,900
86311,23412,3,3,2200,6600
86312,23412,2,1,1800,1800
86313,23412,5,3,1600,4800
86314,23413,6,2,750,1500
86315,23413,1,3,1100,3300
86316,23413,8,3,1500,4500
86317,23413,7,3,3800,11400
86318,23414,5,2,1600,3200
86319,23414,6,3,750,2250
86320,23414,8,1,1500,1500
86321,23414,1,3,1100,3300
86322,23415,4,1,900,900
86323,23416,5,2,1600,3200
86324,23417,3,1,2200,2200
86325,23417,6,3,750,2250
86326,23417,4,3,900,2700
86327,23417,5,1,1600,1600
86328,23417,8,3,1500,4500
86329,23417,1,2,1100,2200
86330,23417,7,2,3800,7600
86331,23418,8,1,1500,1500
86332,23419,6,1,750,750
86333,23419,1,2,1100,2200
86334,23419,5,1,1600,1600
86335,23419,3,3,2200,6600
86336,23420,3,3,2200,6600
86337,23420,1,2,1100,2200
86338,23420,5,1,1600,1600
86339,23420,4,2,900,1800
86340,23421,5,1,1600,1600
86341,23421,8,1,1500,1500
86342,23421,1,3,1100,3300
86343,23421,4,2,900,1800
86344,23422,5,3,1600,4800
86345,23422,7,1,3800,3800
86346,23422,2,1,1800,1800
86347,23422,1,2,1100,2200
86348,23423,1,2,1100,2200
86349,23423,8,1,1500,1500
86350,23424,1,3,1100,3300
86351,23424,6,2,750,1500
86352,23425,1,1,1100,1100
86353,23425,4,3,900,2700
86354,23425,3,3,2200,6600
86355,23425,8,1,1500,1500
86356,23426,4,3,900,2700
86357,23426,7,3,3800,11400
86358,23427,3,1,2200,2200
86359,23428,2,2,1800,3600
86360,23429,6,3,750,2250
86361,23430,3,1,2200,2200
86362,23431,1,1,1100,1100
86363,23432,5,1,1600,1600
86364,23432,4,2,900,1800
86365,23432,1,1,1100,1100
86366,23432,2,3,1800,5400
86367,23432,8,2,1500,3000
86368,23432,6,2,750,1500
86369,23432,3,3,2200,6600
86370,23432,7,3,3800,11400
86371,23433,1,2,1100,2200
86372,23433,2,3,1800,5400
86373,23433,7,1,3800,3800
86374,23433,4,2,900,1800
86375,23433,5,2,1600,3200
86376,23433,6,2,750,1500
86377,23433,8,1,1500,1500
86378,23434,3,3,2200,6600
86379,23434,8,3,1500,4500
86380,23434,6,2,750,1500
86381,23434,2,3,1800,5400
86382,23435,3,1,2200,2200
86383,23435,5,2,1600,3200
86384,23436,3,2,2200,4400
86385,23436,2,3,1800,5400
86386,23437,3,3,2200,6600
86387,23437,5,1,1600,1600
86388,23437,2,1,1800,1800
86389,23437,4,3,900,2700
86390,23437,7,2,3800,7600
86391,23438,8,2,1500,3000
86392,23439,3,2,2200,4400
86393,23440,7,1,3800,3800
86394,23441,5,2,1600,3200
86395,23441,2,3,1800,5400
86396,23441,7,3,3800,11400
86397,23441,3,3,2200,6600
86398,23442,3,3,2200,6600
86399,23442,1,2,1100,2200
86400,23442,4,2,900,1800
86401,23442,6,1,750,750
86402,23442,5,1,1600,1600
86403,23443,1,1,1100,1100
86404,23443,2,1,1800,1800
86405,23444,4,3,900,2700
86406,23444,2,3,1800,5400
86407,23444,6,3,750,2250
86408,23444,3,1,2200,2200
86409,23445,3,2,2200,4400
86410,23445,7,2,3800,7600
86411,23445,4,2,900,1800
86412,23445,8,1,1500,1500
86413,23446,7,2,3800,7600
86414,23446,3,2,2200,4400
86415,23446,4,3,900,2700
86416,23446,5,3,1600,4800
86417,23446,1,1,1100,1100
86418,23447,5,1,1600,1600
86419,23447,3,3,2200,6600
86420,23447,2,3,1800,5400
86421,23447,1,3,1100,3300
86422,23448,6,1,750,750
86423,23448,5,3,1600,4800
86424,23448,2,3,1800,5400
86425,23448,3,2,2200,4400
86426,23448,4,2,900,1800
86427,23448,8,3,1500,4500
86428,23448,1,2,1100,2200
86429,23449,1,2,1100,2200
86430,23449,5,2,1600,3200
86431,23449,8,1,1500,1500
86432,23449,6,2,750,1500
86433,23449,4,1,900,900
86434,23450,1,2,1100,2200
86435,23450,8,1,1500,1500
86436,23450,5,2,1600,3200
86437,23450,4,1,900,900
86438,23451,1,2,1100,2200
86439,23452,3,3,2200,6600
86440,23452,8,1,1500,1500
86441,23453,1,1,1100,1100
86442,23453,2,2,1800,3600
86443,23454,2,2,1800,3600
86444,23454,6,1,750,750
86445,23454,8,1,1500,1500
86446,23454,1,3,1100,3300
86447,23455,8,3,1500,4500
86448,23456,8,1,1500,1500
86449,23456,3,1,2200,2200
86450,23456,4,3,900,2700
86451,23456,5,3,1600,4800
86452,23456,1,3,1100,3300
86453,23457,1,1,1100,1100
86454,23458,5,1,1600,1600
86455,23459,6,3,750,2250
86456,23459,5,2,1600,3200
86457,23460,5,3,1600,4800
86458,23460,2,1,1800,1800
86459,23460,8,1,1500,1500
86460,23460,7,2,3800,7600
86461,23461,3,2,2200,4400
86462,23461,8,3,1500,4500
86463,23461,4,1,900,900
86464,23461,6,2,750,1500
86465,23461,1,3,1100,3300
86466,23461,2,2,1800,3600
86467,23461,5,1,1600,1600
86468,23461,7,1,3800,3800
86469,23462,5,1,1600,1600
86470,23463,2,1,1800,1800
86471,23463,4,3,900,2700
86472,23463,5,1,1600,1600
86473,23463,8,2,1500,3000
86474,23463,1,3,1100,3300
86475,23464,4,3,900,2700
86476,23465,6,1,750,750
86477,23465,8,2,1500,3000
86478,23466,7,2,3800,7600
86479,23467,8,3,1500,4500
86480,23467,1,1,1100,1100
86481,23467,3,3,2200,6600
86482,23467,2,2,1800,3600
86483,23468,2,3,1800,5400
86484,23468,4,2,900,1800
86485,23468,5,2,1600,3200
86486,23468,1,3,1100,3300
86487,23469,2,1,1800,1800
86488,23469,4,1,900,900
86489,23470,7,2,3800,7600
86490,23470,3,2,2200,4400
86491,23470,6,3,750,2250
86492,23470,5,2,1600,3200
86493,23471,6,3,750,2250
86494,23471,1,2,1100,2200
86495,23471,8,1,1500,1500
86496,23471,7,3,3800,11400
86497,23472,6,2,750,1500
86498,23472,4,1,900,900
86499,23472,3,3,2200,6600
86500,23472,2,1,1800,1800
86501,23473,5,3,1600,4800
86502,23473,4,1,900,900
86503,23474,6,1,750,750
86504,23475,5,1,1600,1600
86505,23475,8,2,1500,3000
86506,23476,5,2,1600,3200
86507,23477,8,2,1500,3000
86508,23478,7,2,3800,7600
86509,23479,6,2,750,1500
86510,23479,7,3,3800,11400
86511,23480,7,2,3800,7600
86512,23480,8,1,1500,1500
86513,23481,4,3,900,2700
86514,23481,7,3,3800,11400
86515,23482,8,3,1500,4500
86516,23483,5,3,1600,4800
86517,23484,4,2,900,1800
86518,23484,7,3,3800,11400
86519,23484,3,3,2200,6600
86520,23484,2,3,1800,5400
86521,23485,1,3,1100,3300
86522,23485,7,2,3800,7600
86523,23485,5,2,1600,3200
86524,23485,8,3,1500,4500
86525,23486,7,1,3800,3800
86526,23486,1,2,1100,2200
86527,23486,8,3,1500,4500
86528,23486,2,2,1800,3600
86529,23487,8,1,1500,1500
86530,23488,2,3,1800,5400
86531,23489,5,1,1600,1600
86532,23489,2,1,1800,1800
86533,23490,7,3,3800,11400
86534,23490,3,3,2200,6600
86535,23490,2,1,1800,1800
86536,23490,1,3,1100,3300
86537,23491,2,3,1800,5400
86538,23491,5,3,1600,4800
86539,23492,5,3,1600,4800
86540,23492,6,3,750,2250
86541,23492,2,1,1800,1800
86542,23492,4,3,900,2700
86543,23493,6,1,750,750
86544,23493,1,1,1100,1100
86545,23494,7,2,3800,7600
86546,23494,5,1,1600,1600
86547,23494,3,2,2200,4400
86548,23494,2,3,1800,5400
86549,23494,6,1,750,750
86550,23494,1,3,1100,3300
86551,23494,8,1,1500,1500
86552,23495,7,2,3800,7600
86553,23495,8,1,1500,1500
86554,23495,2,1,1800,1800
86555,23495,1,3,1100,3300
86556,23496,4,2,900,1800
86557,23496,7,2,3800,7600
86558,23496,1,3,1100,3300
86559,23496,5,2,1600,3200
86560,23496,2,1,1800,1800
86561,23497,6,1,750,750
86562,23498,2,1,1800,1800
86563,23498,1,3,1100,3300
86564,23498,3,1,2200,2200
86565,23498,4,1,900,900
86566,23499,7,1,3800,3800
86567,23499,2,3,1800,5400
86568,23500,5,2,1600,3200
86569,23500,3,3,2200,6600
86570,23500,2,3,1800,5400
86571,23500,7,1,3800,3800
86572,23500,4,1,900,900
86573,23501,7,1,3800,3800
86574,23502,6,1,750,750
86575,23502,3,2,2200,4400
86576,23502,1,2,1100,2200
86577,23502,4,2,900,1800
86578,23502,7,3,3800,11400
86579,23502,8,3,1500,4500
86580,23502,2,3,1800,5400
86581,23502,5,1,1600,1600
86582,23503,4,2,900,1800
86583,23504,1,1,1100,1100
86584,23505,7,2,3800,7600
86585,23505,2,1,1800,1800
86586,23506,6,2,750,1500
86587,23506,8,1,1500,1500
86588,23506,3,2,2200,4400
86589,23506,2,1,1800,1800
86590,23507,3,3,2200,6600
86591,23508,5,3,1600,4800
86592,23508,3,1,2200,2200
86593,23508,1,1,1100,1100
86594,23508,6,2,750,1500
86595,23508,2,2,1800,3600
86596,23508,7,3,3800,11400
86597,23508,4,2,900,1800
86598,23508,8,1,1500,1500
86599,23509,4,3,900,2700
86600,23509,5,1,1600,1600
86601,23509,8,2,1500,3000
86602,23509,7,1,3800,3800
86603,23510,2,1,1800,1800
86604,23510,6,1,750,750
86605,23510,1,3,1100,3300
86606,23510,7,2,3800,7600
86607,23510,3,2,2200,4400
86608,23511,7,1,3800,3800
86609,23511,5,2,1600,3200
86610,23512,1,2,1100,2200
86611,23512,7,3,3800,11400
86612,23513,1,2,1100,2200
86613,23514,3,3,2200,6600
86614,23514,5,3,1600,4800
86615,23514,2,2,1800,3600
86616,23514,6,3,750,2250
86617,23515,1,3,1100,3300
86618,23515,4,2,900,1800
86619,23516,3,1,2200,2200
86620,23516,8,2,1500,3000
86621,23516,7,2,3800,7600
86622,23516,2,1,1800,1800
86623,23516,6,3,750,2250
86624,23516,4,2,900,1800
86625,23516,5,2,1600,3200
86626,23516,1,3,1100,3300
86627,23517,6,2,750,1500
86628,23517,4,1,900,900
86629,23518,3,2,2200,4400
86630,23518,2,3,1800,5400
86631,23518,1,3,1100,3300
86632,23518,5,2,1600,3200
86633,23518,8,2,1500,3000
86634,23518,6,3,750,2250
86635,23518,4,1,900,900
86636,23518,7,3,3800,11400
86637,23519,2,2,1800,3600
86638,23519,1,1,1100,1100
86639,23519,7,3,3800,11400
86640,23519,6,1,750,750
86641,23520,7,2,3800,7600
86642,23521,8,2,1500,3000
86643,23521,2,3,1800,5400
86644,23521,6,3,750,2250
86645,23521,4,1,900,900
86646,23522,3,1,2200,2200
86647,23523,7,2,3800,7600
86648,23523,4,1,900,900
86649,23524,8,1,1500,1500
86650,23524,4,2,900,1800
86651,23524,6,1,750,750
86652,23524,1,2,1100,2200
86653,23524,2,1,1800,1800
86654,23524,3,2,2200,4400
86655,23524,5,2,1600,3200
86656,23524,7,3,3800,11400
86657,23525,3,3,2200,6600
86658,23525,7,3,3800,11400
86659,23526,8,3,1500,4500
86660,23527,1,1,1100,1100
86661,23527,4,3,900,2700
86662,23527,8,2,1500,3000
86663,23527,5,2,1600,3200
86664,23528,3,1,2200,2200
86665,23529,2,1,1800,1800
86666,23530,6,1,750,750
86667,23530,2,1,1800,1800
86668,23531,2,1,1800,1800
86669,23531,1,1,1100,1100
86670,23532,5,1,1600,1600
86671,23533,3,3,2200,6600
86672,23534,8,2,1500,3000
86673,23534,1,2,1100,2200
86674,23534,2,3,1800,5400
86675,23534,6,2,750,1500
86676,23535,2,1,1800,1800
86677,23535,4,3,900,2700
86678,23536,8,1,1500,1500
86679,23536,4,2,900,1800
86680,23536,1,2,1100,2200
86681,23536,2,1,1800,1800
86682,23537,8,2,1500,3000
86683,23537,7,3,3800,11400
86684,23537,2,3,1800,5400
86685,23537,3,3,2200,6600
86686,23538,1,3,1100,3300
86687,23539,5,2,1600,3200
86688,23539,7,2,3800,7600
86689,23540,6,3,750,2250
86690,23541,6,2,750,1500
86691,23542,8,2,1500,3000
86692,23543,6,3,750,2250
86693,23543,2,1,1800,1800
86694,23543,1,1,1100,1100
86695,23543,5,1,1600,1600
86696,23543,8,2,1500,3000
86697,23543,3,2,2200,4400
86698,23543,7,1,3800,3800
86699,23544,8,2,1500,3000
86700,23545,4,2,900,1800
86701,23545,7,2,3800,7600
86702,23545,5,1,1600,1600
86703,23545,6,2,750,1500
86704,23546,3,1,2200,2200
86705,23546,1,1,1100,1100
86706,23546,8,3,1500,4500
86707,23546,4,3,900,2700
86708,23547,1,3,1100,3300
86709,23547,3,1,2200,2200
86710,23547,7,3,3800,11400
86711,23547,2,3,1800,5400
86712,23548,7,3,3800,11400
86713,23549,2,2,1800,3600
86714,23550,4,3,900,2700
86715,23550,8,1,1500,1500
86716,23550,3,2,2200,4400
86717,23550,6,1,750,750
86718,23551,4,1,900,900
86719,23551,1,1,1100,1100
86720,23551,8,3,1500,4500
86721,23551,7,2,3800,7600
86722,23552,1,1,1100,1100
86723,23552,5,3,1600,4800
86724,23552,8,1,1500,1500
86725,23552,3,1,2200,2200
86726,23552,2,2,1800,3600
86727,23552,6,3,750,2250
86728,23552,4,2,900,1800
86729,23553,4,2,900,1800
86730,23553,5,3,1600,4800
86731,23554,7,3,3800,11400
86732,23555,8,3,1500,4500
86733,23555,4,2,900,1800
86734,23555,2,2,1800,3600
86735,23555,1,3,1100,3300
86736,23555,5,2,1600,3200
86737,23555,7,2,3800,7600
86738,23555,3,1,2200,2200
86739,23556,2,2,1800,3600
86740,23556,8,1,1500,1500
86741,23557,1,3,1100,3300
86742,23557,8,3,1500,4500
86743,23557,6,2,750,1500
86744,23557,2,1,1800,1800
86745,23557,5,3,1600,4800
86746,23558,1,1,1100,1100
86747,23558,6,3,750,2250
86748,23558,8,1,1500,1500
86749,23558,2,1,1800,1800
86750,23559,8,3,1500,4500
86751,23559,5,1,1600,1600
86752,23560,6,3,750,2250
86753,23560,1,1,1100,1100
86754,23561,1,2,1100,2200
86755,23561,4,1,900,900
86756,23562,6,1,750,750
86757,23562,4,2,900,1800
86758,23562,8,2,1500,3000
86759,23562,1,1,1100,1100
86760,23563,2,2,1800,3600
86761,23564,7,1,3800,3800
86762,23565,6,1,750,750
86763,23565,7,1,3800,3800
86764,23565,4,3,900,2700
86765,23565,2,2,1800,3600
86766,23566,4,2,900,1800
86767,23566,8,3,1500,4500
86768,23566,2,2,1800,3600
86769,23566,3,1,2200,2200
86770,23567,2,3,1800,5400
86771,23567,7,1,3800,3800
86772,23567,8,3,1500,4500
86773,23567,5,3,1600,4800
86774,23567,1,1,1100,1100
86775,23568,1,1,1100,1100
86776,23569,4,2,900,1800
86777,23570,4,1,900,900
86778,23571,5,3,1600,4800
86779,23571,7,1,3800,3800
86780,23572,7,3,3800,11400
86781,23573,2,2,1800,3600
86782,23573,5,2,1600,3200
86783,23573,7,2,3800,7600
86784,23573,6,1,750,750
86785,23574,4,3,900,2700
86786,23575,2,1,1800,1800
86787,23576,2,3,1800,5400
86788,23576,5,2,1600,3200
86789,23576,4,3,900,2700
86790,23576,3,2,2200,4400
86791,23576,6,1,750,750
86792,23577,6,3,750,2250
86793,23578,2,1,1800,1800
86794,23578,6,2,750,1500
86795,23579,4,1,900,900
86796,23580,4,3,900,2700
86797,23580,2,2,1800,3600
86798,23580,6,1,750,750
86799,23580,5,2,1600,3200
86800,23580,3,3,2200,6600
86801,23581,6,3,750,2250
86802,23581,4,3,900,2700
86803,23581,2,3,1800,5400
86804,23581,3,1,2200,2200
86805,23582,2,1,1800,1800
86806,23582,6,1,750,750
86807,23582,3,3,2200,6600
86808,23582,8,2,1500,3000
86809,23583,4,2,900,1800
86810,23583,2,1,1800,1800
86811,23583,5,1,1600,1600
86812,23583,1,2,1100,2200
86813,23584,3,2,2200,4400
86814,23584,5,3,1600,4800
86815,23584,8,2,1500,3000
86816,23584,7,1,3800,3800
86817,23585,3,2,2200,4400
86818,23586,4,2,900,1800
86819,23587,5,3,1600,4800
86820,23587,1,3,1100,3300
86821,23587,2,1,1800,1800
86822,23587,4,3,900,2700
86823,23587,3,3,2200,6600
86824,23587,8,3,1500,4500
86825,23587,7,1,3800,3800
86826,23588,6,3,750,2250
86827,23588,4,3,900,2700
86828,23589,5,1,1600,1600
86829,23589,2,3,1800,5400
86830,23590,5,2,1600,3200
86831,23590,6,2,750,1500
86832,23590,3,2,2200,4400
86833,23590,7,2,3800,7600
86834,23590,1,3,1100,3300
86835,23591,3,3,2200,6600
86836,23592,3,1,2200,2200
86837,23593,2,3,1800,5400
86838,23594,7,2,3800,7600
86839,23594,3,1,2200,2200
86840,23594,4,3,900,2700
86841,23594,8,2,1500,3000
86842,23595,2,2,1800,3600
86843,23595,7,1,3800,3800
86844,23595,5,3,1600,4800
86845,23595,4,2,900,1800
86846,23595,6,2,750,1500
86847,23596,3,2,2200,4400
86848,23596,6,1,750,750
86849,23597,8,3,1500,4500
86850,23598,2,2,1800,3600
86851,23598,5,3,1600,4800
86852,23598,4,1,900,900
86853,23598,7,1,3800,3800
86854,23598,6,3,750,2250
86855,23599,4,2,900,1800
86856,23600,3,2,2200,4400
86857,23600,8,1,1500,1500
86858,23601,6,2,750,1500
86859,23601,8,2,1500,3000
86860,23602,2,1,1800,1800
86861,23602,6,3,750,2250
86862,23603,1,1,1100,1100
86863,23603,7,2,3800,7600
86864,23604,6,3,750,2250
86865,23605,8,3,1500,4500
86866,23605,3,1,2200,2200
86867,23605,5,3,1600,4800
86868,23605,2,1,1800,1800
86869,23606,8,3,1500,4500
86870,23606,1,2,1100,2200
86871,23606,6,1,750,750
86872,23606,2,2,1800,3600
86873,23607,8,2,1500,3000
86874,23608,4,3,900,2700
86875,23608,8,2,1500,3000
86876,23608,7,2,3800,7600
86877,23608,1,3,1100,3300
86878,23609,4,3,900,2700
86879,23610,1,1,1100,1100
86880,23610,6,3,750,2250
86881,23610,7,1,3800,3800
86882,23610,8,3,1500,4500
86883,23610,2,2,1800,3600
86884,23610,3,1,2200,2200
86885,23610,5,1,1600,1600
86886,23610,4,2,900,1800
86887,23611,8,3,1500,4500
86888,23611,2,2,1800,3600
86889,23611,4,2,900,1800
86890,23611,5,1,1600,1600
86891,23611,3,1,2200,2200
86892,23611,6,1,750,750
86893,23611,1,3,1100,3300
86894,23612,6,3,750,2250
86895,23613,5,2,1600,3200
86896,23614,8,3,1500,4500
86897,23615,8,1,1500,1500
86898,23616,3,3,2200,6600
86899,23616,2,3,1800,5400
86900,23616,5,1,1600,1600
86901,23616,4,2,900,1800
86902,23617,7,1,3800,3800
86903,23617,2,3,1800,5400
86904,23617,8,2,1500,3000
86905,23617,5,2,1600,3200
86906,23618,4,1,900,900
86907,23618,8,3,1500,4500
86908,23619,5,1,1600,1600
86909,23619,2,3,1800,5400
86910,23619,1,3,1100,3300
86911,23619,4,1,900,900
86912,23619,7,3,3800,11400
86913,23620,4,2,900,1800
86914,23620,2,3,1800,5400
86915,23621,1,3,1100,3300
86916,23621,4,2,900,1800
86917,23621,8,1,1500,1500
86918,23621,7,2,3800,7600
86919,23622,8,3,1500,4500
86920,23623,6,3,750,2250
86921,23623,7,3,3800,11400
86922,23624,5,3,1600,4800
86923,23625,8,2,1500,3000
86924,23625,5,1,1600,1600
86925,23626,1,3,1100,3300
86926,23626,4,3,900,2700
86927,23626,8,2,1500,3000
86928,23626,7,3,3800,11400
86929,23627,7,3,3800,11400
86930,23628,7,1,3800,3800
86931,23628,5,2,1600,3200
86932,23628,8,3,1500,4500
86933,23628,2,3,1800,5400
86934,23629,5,1,1600,1600
86935,23629,3,1,2200,2200
86936,23630,7,1,3800,3800
86937,23630,6,3,750,2250
86938,23631,6,1,750,750
86939,23631,1,3,1100,3300
86940,23631,3,2,2200,4400
86941,23631,5,2,1600,3200
86942,23631,7,3,3800,11400
86943,23631,2,3,1800,5400
86944,23631,8,2,1500,3000
86945,23632,7,2,3800,7600
86946,23632,6,2,750,1500
86947,23632,1,1,1100,1100
86948,23632,4,2,900,1800
86949,23633,7,1,3800,3800
86950,23633,1,1,1100,1100
86951,23633,3,1,2200,2200
86952,23633,8,2,1500,3000
86953,23634,3,1,2200,2200
86954,23634,5,2,1600,3200
86955,23634,8,3,1500,4500
86956,23634,4,2,900,1800
86957,23634,7,2,3800,7600
86958,23634,6,3,750,2250
86959,23634,2,2,1800,3600
86960,23634,1,3,1100,3300
86961,23635,2,1,1800,1800
86962,23635,4,2,900,1800
86963,23635,8,2,1500,3000
86964,23635,3,3,2200,6600
86965,23635,1,3,1100,3300
86966,23636,7,3,3800,11400
86967,23636,1,3,1100,3300
86968,23636,5,3,1600,4800
86969,23636,4,3,900,2700
86970,23636,2,2,1800,3600
86971,23636,8,1,1500,1500
86972,23636,3,2,2200,4400
86973,23637,6,3,750,2250
86974,23638,4,1,900,900
86975,23638,8,1,1500,1500
86976,23638,3,3,2200,6600
86977,23638,5,2,1600,3200
86978,23638,2,2,1800,3600
86979,23638,1,2,1100,2200
86980,23638,6,1,750,750
86981,23639,4,3,900,2700
86982,23639,1,3,1100,3300
86983,23640,3,2,2200,4400
86984,23641,3,2,2200,4400
86985,23641,6,3,750,2250
86986,23641,4,3,900,2700
86987,23641,7,3,3800,11400
86988,23642,5,1,1600,1600
86989,23642,3,3,2200,6600
86990,23642,1,2,1100,2200
86991,23642,4,2,900,1800
86992,23643,8,3,1500,4500
86993,23643,6,1,750,750
86994,23643,5,3,1600,4800
86995,23643,4,1,900,900
86996,23643,3,3,2200,6600
86997,23644,8,1,1500,1500
86998,23644,5,1,1600,1600
86999,23645,2,1,1800,1800
87000,23645,3,1,2200,2200
87001,23645,6,3,750,2250
87002,23645,1,3,1100,3300
87003,23645,8,2,1500,3000
87004,23646,5,3,1600,4800
87005,23646,6,2,750,1500
87006,23646,2,1,1800,1800
87007,23646,3,1,2200,2200
87008,23646,1,3,1100,3300
87009,23647,2,2,1800,3600
87010,23647,7,1,3800,3800
87011,23648,6,3,750,2250
87012,23649,6,3,750,2250
87013,23649,7,2,3800,7600
87014,23650,3,2,2200,4400
87015,23650,2,3,1800,5400
87016,23650,6,3,750,2250
87017,23650,8,2,1500,3000
87018,23651,8,2,1500,3000
87019,23651,4,1,900,900
87020,23651,5,2,1600,3200
87021,23651,2,1,1800,1800
87022,23651,3,1,2200,2200
87023,23652,5,3,1600,4800
87024,23652,3,1,2200,2200
87025,23652,6,3,750,2250
87026,23652,1,1,1100,1100
87027,23653,8,1,1500,1500
87028,23653,2,3,1800,5400
87029,23654,5,1,1600,1600
87030,23654,3,3,2200,6600
87031,23654,2,2,1800,3600
87032,23654,1,3,1100,3300
87033,23655,5,2,1600,3200
87034,23655,3,3,2200,6600
87035,23655,8,2,1500,3000
87036,23655,2,2,1800,3600
87037,23655,7,3,3800,11400
87038,23656,3,3,2200,6600
87039,23656,8,3,1500,4500
87040,23657,6,2,750,1500
87041,23658,1,1,1100,1100
87042,23659,1,1,1100,1100
87043,23659,4,2,900,1800
87044,23659,8,2,1500,3000
87045,23659,7,2,3800,7600
87046,23660,4,3,900,2700
87047,23660,8,1,1500,1500
87048,23660,3,3,2200,6600
87049,23660,6,1,750,750
87050,23660,1,2,1100,2200
87051,23660,2,2,1800,3600
87052,23660,7,3,3800,11400
87053,23660,5,1,1600,1600
87054,23661,3,1,2200,2200
87055,23662,5,2,1600,3200
87056,23662,8,2,1500,3000
87057,23663,6,1,750,750
87058,23664,8,1,1500,1500
87059,23664,5,1,1600,1600
87060,23664,6,2,750,1500
87061,23664,1,2,1100,2200
87062,23665,1,3,1100,3300
87063,23665,4,2,900,1800
87064,23665,8,1,1500,1500
87065,23665,6,1,750,750
87066,23665,7,1,3800,3800
87067,23666,1,2,1100,2200
87068,23667,6,2,750,1500
87069,23667,2,1,1800,1800
87070,23667,5,1,1600,1600
87071,23667,7,3,3800,11400
87072,23667,1,2,1100,2200
87073,23667,4,1,900,900
87074,23667,8,1,1500,1500
87075,23668,6,1,750,750
87076,23668,3,3,2200,6600
87077,23668,4,2,900,1800
87078,23668,8,1,1500,1500
87079,23668,5,3,1600,4800
87080,23669,4,2,900,1800
87081,23669,7,1,3800,3800
87082,23670,7,1,3800,3800
87083,23670,3,1,2200,2200
87084,23671,4,3,900,2700
87085,23671,8,1,1500,1500
87086,23671,7,3,3800,11400
87087,23671,2,3,1800,5400
87088,23671,1,3,1100,3300
87089,23671,3,1,2200,2200
87090,23671,5,2,1600,3200
87091,23672,4,3,900,2700
87092,23672,5,2,1600,3200
87093,23672,1,1,1100,1100
87094,23672,2,3,1800,5400
87095,23672,7,3,3800,11400
87096,23672,6,1,750,750
87097,23672,8,1,1500,1500
87098,23673,1,1,1100,1100
87099,23674,4,1,900,900
87100,23675,7,3,3800,11400
87101,23675,1,2,1100,2200
87102,23676,4,1,900,900
87103,23676,7,1,3800,3800
87104,23676,1,2,1100,2200
87105,23676,2,1,1800,1800
87106,23676,8,1,1500,1500
87107,23677,7,3,3800,11400
87108,23678,6,3,750,2250
87109,23678,1,3,1100,3300
87110,23678,2,3,1800,5400
87111,23678,7,2,3800,7600
87112,23679,8,2,1500,3000
87113,23679,3,3,2200,6600
87114,23679,1,2,1100,2200
87115,23679,7,1,3800,3800
87116,23679,4,1,900,900
87117,23680,6,3,750,2250
87118,23680,4,2,900,1800
87119,23681,6,1,750,750
87120,23682,2,3,1800,5400
87121,23682,7,2,3800,7600
87122,23683,7,3,3800,11400
87123,23683,6,2,750,1500
87124,23683,3,1,2200,2200
87125,23683,4,3,900,2700
87126,23684,5,2,1600,3200
87127,23684,3,3,2200,6600
87128,23684,2,3,1800,5400
87129,23684,6,3,750,2250
87130,23685,5,3,1600,4800
87131,23685,2,1,1800,1800
87132,23685,6,1,750,750
87133,23685,3,2,2200,4400
87134,23686,8,2,1500,3000
87135,23686,3,3,2200,6600
87136,23686,2,3,1800,5400
87137,23686,6,2,750,1500
87138,23686,5,1,1600,1600
87139,23687,2,3,1800,5400
87140,23687,1,3,1100,3300
87141,23688,1,2,1100,2200
87142,23688,7,2,3800,7600
87143,23689,3,3,2200,6600
87144,23690,5,2,1600,3200
87145,23690,3,1,2200,2200
87146,23690,7,1,3800,3800
87147,23690,1,3,1100,3300
87148,23690,2,2,1800,3600
87149,23691,5,3,1600,4800
87150,23691,2,3,1800,5400
87151,23691,7,1,3800,3800
87152,23691,1,1,1100,1100
87153,23692,3,2,2200,4400
87154,23693,3,3,2200,6600
87155,23693,1,1,1100,1100
87156,23693,5,3,1600,4800
87157,23693,2,1,1800,1800
87158,23693,4,1,900,900
87159,23694,5,2,1600,3200
87160,23695,4,3,900,2700
87161,23696,6,1,750,750
87162,23697,5,3,1600,4800
87163,23698,6,1,750,750
87164,23698,8,1,1500,1500
87165,23698,1,1,1100,1100
87166,23698,7,3,3800,11400
87167,23698,3,3,2200,6600
87168,23698,4,3,900,2700
87169,23698,5,3,1600,4800
87170,23699,2,2,1800,3600
87171,23699,5,2,1600,3200
87172,23699,8,3,1500,4500
87173,23699,1,3,1100,3300
87174,23699,4,3,900,2700
87175,23699,6,1,750,750
87176,23699,3,3,2200,6600
87177,23700,5,1,1600,1600
87178,23700,8,3,1500,4500
87179,23701,8,3,1500,4500
87180,23702,5,3,1600,4800
87181,23702,6,3,750,2250
87182,23702,3,2,2200,4400
87183,23702,4,3,900,2700
87184,23702,8,2,1500,3000
87185,23702,2,3,1800,5400
87186,23702,1,3,1100,3300
87187,23703,7,2,3800,7600
87188,23703,3,3,2200,6600
87189,23704,1,1,1100,1100
87190,23705,1,1,1100,1100
87191,23705,8,2,1500,3000
87192,23706,2,2,1800,3600
87193,23706,8,3,1500,4500
87194,23706,4,1,900,900
87195,23706,1,2,1100,2200
87196,23707,6,1,750,750
87197,23708,8,3,1500,4500
87198,23709,4,2,900,1800
87199,23709,1,3,1100,3300
87200,23709,6,3,750,2250
87201,23709,2,3,1800,5400
87202,23709,5,2,1600,3200
87203,23709,7,2,3800,7600
87204,23709,3,3,2200,6600
87205,23710,2,3,1800,5400
87206,23711,2,1,1800,1800
87207,23711,3,1,2200,2200
87208,23711,4,1,900,900
87209,23711,5,1,1600,1600
87210,23712,2,2,1800,3600
87211,23712,1,3,1100,3300
87212,23712,7,1,3800,3800
87213,23712,8,2,1500,3000
87214,23713,7,2,3800,7600
87215,23713,1,1,1100,1100
87216,23713,8,2,1500,3000
87217,23713,6,2,750,1500
87218,23714,8,2,1500,3000
87219,23714,7,1,3800,3800
87220,23715,8,2,1500,3000
87221,23715,4,3,900,2700
87222,23715,2,2,1800,3600
87223,23715,3,3,2200,6600
87224,23716,2,2,1800,3600
87225,23716,8,3,1500,4500
87226,23717,8,1,1500,1500
87227,23718,5,2,1600,3200
87228,23718,3,3,2200,6600
87229,23718,8,1,1500,1500
87230,23718,2,1,1800,1800
87231,23718,7,2,3800,7600
87232,23718,1,2,1100,2200
87233,23718,4,3,900,2700
87234,23719,5,3,1600,4800
87235,23719,2,1,1800,1800
87236,23720,1,3,1100,3300
87237,23720,8,1,1500,1500
87238,23720,4,2,900,1800
87239,23720,7,3,3800,11400
87240,23720,3,3,2200,6600
87241,23721,2,1,1800,1800
87242,23722,6,3,750,2250
87243,23722,3,3,2200,6600
87244,23723,4,1,900,900
87245,23724,3,1,2200,2200
87246,23724,6,1,750,750
87247,23725,5,3,1600,4800
87248,23726,6,3,750,2250
87249,23727,8,3,1500,4500
87250,23727,6,1,750,750
87251,23728,2,1,1800,1800
87252,23728,7,2,3800,7600
87253,23729,2,3,1800,5400
87254,23729,1,3,1100,3300
87255,23730,3,2,2200,4400
87256,23730,1,3,1100,3300
87257,23730,7,1,3800,3800
87258,23730,8,1,1500,1500
87259,23730,5,1,1600,1600
87260,23730,6,1,750,750
87261,23730,4,1,900,900
87262,23730,2,2,1800,3600
87263,23731,3,3,2200,6600
87264,23732,1,2,1100,2200
87265,23732,3,2,2200,4400
87266,23732,6,1,750,750
87267,23732,7,1,3800,3800
87268,23733,7,1,3800,3800
87269,23734,6,2,750,1500
87270,23734,3,1,2200,2200
87271,23734,8,1,1500,1500
87272,23734,2,3,1800,5400
87273,23735,3,3,2200,6600
87274,23735,6,1,750,750
87275,23735,5,3,1600,4800
87276,23735,8,2,1500,3000
87277,23736,3,2,2200,4400
87278,23736,8,2,1500,3000
87279,23736,2,3,1800,5400
87280,23736,7,2,3800,7600
87281,23737,8,1,1500,1500
87282,23738,3,1,2200,2200
87283,23738,4,3,900,2700
87284,23739,5,1,1600,1600
87285,23740,5,2,1600,3200
87286,23740,7,3,3800,11400
87287,23741,3,2,2200,4400
87288,23741,7,1,3800,3800
87289,23742,2,1,1800,1800
87290,23742,6,2,750,1500
87291,23742,7,2,3800,7600
87292,23742,3,1,2200,2200
87293,23742,1,1,1100,1100
87294,23743,7,2,3800,7600
87295,23743,1,3,1100,3300
87296,23743,2,1,1800,1800
87297,23743,3,3,2200,6600
87298,23744,6,3,750,2250
87299,23744,3,1,2200,2200
87300,23744,7,3,3800,11400
87301,23744,5,1,1600,1600
87302,23745,3,1,2200,2200
87303,23745,6,2,750,1500
87304,23746,3,1,2200,2200
87305,23746,1,3,1100,3300
87306,23746,5,3,1600,4800
87307,23746,8,2,1500,3000
87308,23746,4,1,900,900
87309,23746,2,2,1800,3600
87310,23746,6,3,750,2250
87311,23746,7,1,3800,3800
87312,23747,6,1,750,750
87313,23747,3,2,2200,4400
87314,23747,8,2,1500,3000
87315,23747,2,1,1800,1800
87316,23748,8,3,1500,4500
87317,23748,5,3,1600,4800
87318,23748,2,3,1800,5400
87319,23748,3,3,2200,6600
87320,23749,1,3,1100,3300
87321,23749,8,1,1500,1500
87322,23750,4,2,900,1800
87323,23750,2,1,1800,1800
87324,23750,1,1,1100,1100
87325,23750,3,2,2200,4400
87326,23750,7,3,3800,11400
87327,23750,5,2,1600,3200
87328,23750,6,2,750,1500
87329,23751,7,2,3800,7600
87330,23751,6,3,750,2250
87331,23751,3,3,2200,6600
87332,23751,5,2,1600,3200
87333,23752,7,3,3800,11400
87334,23752,3,1,2200,2200
87335,23752,8,2,1500,3000
87336,23752,5,2,1600,3200
87337,23753,6,2,750,1500
87338,23754,6,2,750,1500
87339,23754,8,2,1500,3000
87340,23754,1,2,1100,2200
87341,23754,2,3,1800,5400
87342,23754,3,2,2200,4400
87343,23755,5,3,1600,4800
87344,23755,3,3,2200,6600
87345,23755,2,1,1800,1800
87346,23755,8,3,1500,4500
87347,23755,4,3,900,2700
87348,23756,5,3,1600,4800
87349,23756,2,1,1800,1800
87350,23756,8,2,1500,3000
87351,23756,4,2,900,1800
87352,23757,6,1,750,750
87353,23757,7,1,3800,3800
87354,23758,1,1,1100,1100
87355,23758,2,1,1800,1800
87356,23759,7,2,3800,7600
87357,23759,2,3,1800,5400
87358,23759,8,1,1500,1500
87359,23759,6,1,750,750
87360,23759,1,2,1100,2200
87361,23759,5,1,1600,1600
87362,23759,3,2,2200,4400
87363,23760,5,2,1600,3200
87364,23760,7,3,3800,11400
87365,23760,3,3,2200,6600
87366,23760,2,3,1800,5400
87367,23761,2,3,1800,5400
87368,23762,1,3,1100,3300
87369,23762,4,3,900,2700
87370,23763,3,2,2200,4400
87371,23764,2,3,1800,5400
87372,23764,6,3,750,2250
87373,23764,7,2,3800,7600
87374,23764,4,1,900,900
87375,23765,5,2,1600,3200
87376,23765,1,2,1100,2200
87377,23766,3,2,2200,4400
87378,23766,5,3,1600,4800
87379,23767,5,2,1600,3200
87380,23767,1,2,1100,2200
87381,23768,5,1,1600,1600
87382,23768,1,2,1100,2200
87383,23769,2,1,1800,1800
87384,23770,8,2,1500,3000
87385,23770,4,3,900,2700
87386,23771,6,3,750,2250
87387,23771,2,3,1800,5400
87388,23771,1,1,1100,1100
87389,23771,3,3,2200,6600
87390,23772,7,3,3800,11400
87391,23773,6,1,750,750
87392,23773,1,3,1100,3300
87393,23773,2,3,1800,5400
87394,23773,7,3,3800,11400
87395,23774,8,2,1500,3000
87396,23775,2,1,1800,1800
87397,23775,5,1,1600,1600
87398,23776,7,1,3800,3800
87399,23777,1,1,1100,1100
87400,23777,8,1,1500,1500
87401,23778,6,1,750,750
87402,23779,5,2,1600,3200
87403,23780,6,1,750,750
87404,23780,2,3,1800,5400
87405,23780,5,2,1600,3200
87406,23780,3,2,2200,4400
87407,23780,4,3,900,2700
87408,23780,7,2,3800,7600
87409,23780,1,3,1100,3300
87410,23781,7,2,3800,7600
87411,23781,5,3,1600,4800
87412,23781,1,2,1100,2200
87413,23781,4,2,900,1800
87414,23782,7,3,3800,11400
87415,23783,8,3,1500,4500
87416,23784,7,1,3800,3800
87417,23785,7,3,3800,11400
87418,23786,4,3,900,2700
87419,23786,6,2,750,1500
87420,23787,8,3,1500,4500
87421,23788,6,1,750,750
87422,23789,6,2,750,1500
87423,23789,3,3,2200,6600
87424,23790,6,3,750,2250
87425,23790,8,3,1500,4500
87426,23790,4,1,900,900
87427,23790,5,1,1600,1600
87428,23790,2,3,1800,5400
87429,23791,3,1,2200,2200
87430,23791,7,3,3800,11400
87431,23791,4,3,900,2700
87432,23791,5,3,1600,4800
87433,23792,4,2,900,1800
87434,23792,1,1,1100,1100
87435,23793,6,1,750,750
87436,23793,3,2,2200,4400
87437,23794,5,3,1600,4800
87438,23794,6,3,750,2250
87439,23794,2,3,1800,5400
87440,23794,3,2,2200,4400
87441,23794,7,3,3800,11400
87442,23795,3,1,2200,2200
87443,23795,1,2,1100,2200
87444,23795,7,1,3800,3800
87445,23795,8,1,1500,1500
87446,23796,2,1,1800,1800
87447,23796,7,3,3800,11400
87448,23796,4,3,900,2700
87449,23796,6,3,750,2250
87450,23797,4,1,900,900
87451,23797,3,2,2200,4400
87452,23797,5,2,1600,3200
87453,23797,1,2,1100,2200
87454,23797,8,1,1500,1500
87455,23798,5,3,1600,4800
87456,23799,5,2,1600,3200
87457,23799,8,2,1500,3000
87458,23800,1,2,1100,2200
87459,23800,7,2,3800,7600
87460,23800,3,2,2200,4400
87461,23800,2,3,1800,5400
87462,23801,8,1,1500,1500
87463,23802,2,3,1800,5400
87464,23803,4,3,900,2700
87465,23804,3,2,2200,4400
87466,23804,5,1,1600,1600
87467,23804,4,2,900,1800
87468,23804,7,2,3800,7600
87469,23805,2,3,1800,5400
87470,23805,8,3,1500,4500
87471,23805,4,2,900,1800
87472,23805,7,1,3800,3800
87473,23805,6,3,750,2250
87474,23806,5,2,1600,3200
87475,23806,7,3,3800,11400
87476,23806,1,2,1100,2200
87477,23806,4,2,900,1800
87478,23806,8,1,1500,1500
87479,23807,8,2,1500,3000
87480,23807,5,2,1600,3200
87481,23807,6,2,750,1500
87482,23807,2,1,1800,1800
87483,23808,2,3,1800,5400
87484,23808,6,1,750,750
87485,23808,8,3,1500,4500
87486,23808,7,2,3800,7600
87487,23809,2,1,1800,1800
87488,23809,5,3,1600,4800
87489,23810,1,1,1100,1100
87490,23810,7,2,3800,7600
87491,23810,8,2,1500,3000
87492,23810,6,1,750,750
87493,23810,5,2,1600,3200
87494,23811,7,2,3800,7600
87495,23811,3,1,2200,2200
87496,23811,8,3,1500,4500
87497,23811,5,1,1600,1600
87498,23811,4,3,900,2700
87499,23812,7,3,3800,11400
87500,23812,5,2,1600,3200
87501,23812,1,3,1100,3300
87502,23812,6,2,750,1500
87503,23812,3,1,2200,2200
87504,23812,4,1,900,900
87505,23812,8,3,1500,4500
87506,23813,6,3,750,2250
87507,23813,1,1,1100,1100
87508,23814,6,1,750,750
87509,23815,5,3,1600,4800
87510,23815,4,3,900,2700
87511,23816,6,2,750,1500
87512,23816,4,1,900,900
87513,23816,7,2,3800,7600
87514,23816,3,2,2200,4400
87515,23816,8,2,1500,3000
87516,23816,2,3,1800,5400
87517,23816,1,1,1100,1100
87518,23817,6,3,750,2250
87519,23817,1,3,1100,3300
87520,23817,5,3,1600,4800
87521,23817,8,1,1500,1500
87522,23817,2,2,1800,3600
87523,23818,1,1,1100,1100
87524,23818,2,1,1800,1800
87525,23818,3,2,2200,4400
87526,23818,6,3,750,2250
87527,23818,8,2,1500,3000
87528,23819,5,1,1600,1600
87529,23820,2,2,1800,3600
87530,23821,2,1,1800,1800
87531,23821,5,1,1600,1600
87532,23821,7,2,3800,7600
87533,23821,8,2,1500,3000
87534,23821,6,2,750,1500
87535,23822,5,3,1600,4800
87536,23823,1,3,1100,3300
87537,23824,4,3,900,2700
87538,23824,3,1,2200,2200
87539,23824,6,2,750,1500
87540,23824,7,2,3800,7600
87541,23824,1,2,1100,2200
87542,23825,1,2,1100,2200
87543,23826,3,3,2200,6600
87544,23826,5,3,1600,4800
87545,23826,7,3,3800,11400
87546,23826,6,3,750,2250
87547,23827,1,2,1100,2200
87548,23827,6,3,750,2250
87549,23827,4,1,900,900
87550,23827,7,1,3800,3800
87551,23828,5,1,1600,1600
87552,23828,4,3,900,2700
87553,23829,1,3,1100,3300
87554,23830,1,3,1100,3300
87555,23830,8,3,1500,4500
87556,23831,7,2,3800,7600
87557,23832,2,1,1800,1800
87558,23833,3,3,2200,6600
87559,23834,8,3,1500,4500
87560,23834,7,1,3800,3800
87561,23835,4,3,900,2700
87562,23835,1,1,1100,1100
87563,23835,5,2,1600,3200
87564,23835,3,2,2200,4400
87565,23836,4,2,900,1800
87566,23837,2,3,1800,5400
87567,23838,5,3,1600,4800
87568,23838,6,3,750,2250
87569,23839,4,3,900,2700
87570,23840,4,1,900,900
87571,23840,8,2,1500,3000
87572,23840,1,1,1100,1100
87573,23840,6,1,750,750
87574,23840,7,2,3800,7600
87575,23840,5,3,1600,4800
87576,23840,2,2,1800,3600
87577,23841,6,2,750,1500
87578,23841,5,1,1600,1600
87579,23841,1,1,1100,1100
87580,23841,8,2,1500,3000
87581,23842,2,2,1800,3600
87582,23842,5,2,1600,3200
87583,23843,8,3,1500,4500
87584,23843,6,3,750,2250
87585,23843,3,2,2200,4400
87586,23843,5,2,1600,3200
87587,23844,8,3,1500,4500
87588,23845,8,1,1500,1500
87589,23845,3,2,2200,4400
87590,23846,4,2,900,1800
87591,23846,6,3,750,2250
87592,23846,1,1,1100,1100
87593,23846,7,2,3800,7600
87594,23847,5,2,1600,3200
87595,23848,6,2,750,1500
87596,23849,7,2,3800,7600
87597,23849,3,1,2200,2200
87598,23850,6,2,750,1500
87599,23850,7,3,3800,11400
87600,23851,6,1,750,750
87601,23851,3,1,2200,2200
87602,23851,8,2,1500,3000
87603,23851,5,3,1600,4800
87604,23852,5,3,1600,4800
87605,23852,6,1,750,750
87606,23853,4,1,900,900
87607,23853,8,2,1500,3000
87608,23853,5,3,1600,4800
87609,23853,7,2,3800,7600
87610,23853,2,1,1800,1800
87611,23854,5,1,1600,1600
87612,23854,8,2,1500,3000
87613,23855,1,1,1100,1100
87614,23855,6,1,750,750
87615,23855,4,2,900,1800
87616,23855,3,2,2200,4400
87617,23856,4,1,900,900
87618,23857,6,2,750,1500
87619,23858,4,3,900,2700
87620,23858,1,2,1100,2200
87621,23858,3,3,2200,6600
87622,23858,5,3,1600,4800
87623,23859,8,1,1500,1500
87624,23859,3,2,2200,4400
87625,23860,1,3,1100,3300
87626,23861,7,1,3800,3800
87627,23862,1,2,1100,2200
87628,23862,8,3,1500,4500
87629,23863,7,2,3800,7600
87630,23863,6,3,750,2250
87631,23864,7,3,3800,11400
87632,23864,2,1,1800,1800
87633,23864,4,2,900,1800
87634,23864,8,3,1500,4500
87635,23864,3,3,2200,6600
87636,23864,1,1,1100,1100
87637,23864,5,3,1600,4800
87638,23865,8,1,1500,1500
87639,23865,5,1,1600,1600
87640,23866,1,2,1100,2200
87641,23866,7,3,3800,11400
87642,23867,2,3,1800,5400
87643,23867,3,2,2200,4400
87644,23867,8,3,1500,4500
87645,23867,4,3,900,2700
87646,23867,1,2,1100,2200
87647,23868,3,1,2200,2200
87648,23869,8,2,1500,3000
87649,23870,3,1,2200,2200
87650,23870,6,3,750,2250
87651,23870,2,3,1800,5400
87652,23870,1,2,1100,2200
87653,23870,5,3,1600,4800
87654,23871,1,1,1100,1100
87655,23871,3,2,2200,4400
87656,23871,5,1,1600,1600
87657,23871,7,2,3800,7600
87658,23871,2,3,1800,5400
87659,23872,2,3,1800,5400
87660,23873,8,3,1500,4500
87661,23874,7,1,3800,3800
87662,23874,8,2,1500,3000
87663,23875,3,1,2200,2200
87664,23876,1,1,1100,1100
87665,23876,4,3,900,2700
87666,23876,7,2,3800,7600
87667,23876,8,1,1500,1500
87668,23877,7,2,3800,7600
87669,23877,2,1,1800,1800
87670,23878,8,1,1500,1500
87671,23878,2,2,1800,3600
87672,23878,5,3,1600,4800
87673,23878,3,3,2200,6600
87674,23878,1,3,1100,3300
87675,23878,4,2,900,1800
87676,23878,7,3,3800,11400
87677,23879,6,3,750,2250
87678,23879,5,1,1600,1600
87679,23879,1,1,1100,1100
87680,23879,3,2,2200,4400
87681,23880,1,3,1100,3300
87682,23880,5,3,1600,4800
87683,23880,8,2,1500,3000
87684,23880,4,1,900,900
87685,23881,2,1,1800,1800
87686,23881,8,1,1500,1500
87687,23881,3,3,2200,6600
87688,23881,5,3,1600,4800
87689,23882,5,3,1600,4800
87690,23883,8,1,1500,1500
87691,23883,1,1,1100,1100
87692,23883,6,3,750,2250
87693,23883,4,3,900,2700
87694,23884,2,3,1800,5400
87695,23885,3,2,2200,4400
87696,23886,7,2,3800,7600
87697,23887,7,3,3800,11400
87698,23888,2,3,1800,5400
87699,23889,6,1,750,750
87700,23889,1,2,1100,2200
87701,23889,3,3,2200,6600
87702,23889,7,2,3800,7600
87703,23889,5,3,1600,4800
87704,23890,1,3,1100,3300
87705,23890,2,3,1800,5400
87706,23891,8,3,1500,4500
87707,23892,3,3,2200,6600
87708,23892,6,2,750,1500
87709,23892,5,3,1600,4800
87710,23892,8,3,1500,4500
87711,23892,2,2,1800,3600
87712,23893,2,1,1800,1800
87713,23894,1,3,1100,3300
87714,23894,7,2,3800,7600
87715,23895,5,3,1600,4800
87716,23896,2,3,1800,5400
87717,23897,3,2,2200,4400
87718,23898,8,2,1500,3000
87719,23898,6,2,750,1500
87720,23899,7,1,3800,3800
87721,23899,5,3,1600,4800
87722,23899,1,2,1100,2200
87723,23899,8,3,1500,4500
87724,23900,6,2,750,1500
87725,23901,4,1,900,900
87726,23901,5,2,1600,3200
87727,23901,8,3,1500,4500
87728,23901,6,3,750,2250
87729,23901,7,3,3800,11400
87730,23902,1,1,1100,1100
87731,23902,7,1,3800,3800
87732,23902,5,1,1600,1600
87733,23902,4,2,900,1800
87734,23902,3,3,2200,6600
87735,23903,8,1,1500,1500
87736,23903,3,1,2200,2200
87737,23904,6,1,750,750
87738,23904,2,3,1800,5400
87739,23905,4,1,900,900
