id_venta,fecha_hora,id_cliente,medio_pago,monto_total
10001,2026-01-01 11:42:00,CLI-171,Efectivo,7600
10002,2026-01-01 09:32:00,CLI-157,Debito,6500
10003,2026-01-01 12:20:00,CLI-172,Credito,9600
10004,2026-01-01 17:05:00,CLI-153,Efectivo,14100
10005,2026-01-01 12:24:00,CLI-170,Debito,3600
10006,2026-01-01 16:06:00,CLI-171,Efectivo,10550
10007,2026-01-01 10:14:00,CLI-189,Efectivo,6600
10008,2026-01-01 12:35:00,CLI-112,Efectivo,13100
10009,2026-01-01 11:32:00,CLI-228,Debito,8100
10010,2026-01-01 08:48:00,Consumidor Final,Efectivo,4550
10011,2026-01-01 18:01:00,CLI-152,Credito,11400
10012,2026-01-01 08:05:00,Consumidor Final,Debito,9200
10013,2026-01-01 08:30:00,CLI-141,Mercado Pago,12200
10014,2026-01-01 18:23:00,Consumidor Final,Mercado Pago,4800
10015,2026-01-01 20:45:00,CLI-181,Debito,16800
10016,2026-01-01 18:07:00,CLI-126,Debito,17300
10017,2026-01-01 11:23:00,CLI-192,Credito,15000
10018,2026-01-01 18:01:00,Consumidor Final,Efectivo,8950
10019,2026-01-01 11:14:00,CLI-191,Debito,6600
10020,2026-01-01 10:32:00,Consumidor Final,Efectivo,7600
10021,2026-01-01 16:18:00,Consumidor Final,Efectivo,750
10022,2026-01-01 16:44:00,Consumidor Final,Debito,13800
10023,2026-01-01 20:15:00,Consumidor Final,Debito,13600
10024,2026-01-01 16:04:00,Consumidor Final,Credito,20050
10025,2026-01-01 09:49:00,CLI-134,Mercado Pago,4800
10026,2026-01-01 16:09:00,Consumidor Final,Mercado Pago,14500
10027,2026-01-01 16:19:00,CLI-211,Efectivo,3000
10028,2026-01-01 18:46:00,CLI-243,Efectivo,24500
10029,2026-01-01 16:57:00,CLI-244,Efectivo,3200
10030,2026-01-01 10:21:00,Consumidor Final,Credito,6700
10031,2026-01-01 10:49:00,CLI-225,Efectivo,750
10032,2026-01-01 16:52:00,Consumidor Final,Credito,4000
10033,2026-01-01 16:14:00,Consumidor Final,Mercado Pago,11700
10034,2026-01-01 19:26:00,CLI-290,Debito,13300
10035,2026-01-01 16:00:00,Consumidor Final,Efectivo,11150
10036,2026-01-01 10:36:00,Consumidor Final,Mercado Pago,6000
10037,2026-01-01 17:53:00,Consumidor Final,Debito,7200
10038,2026-01-01 17:49:00,Consumidor Final,Debito,11400
10039,2026-01-01 08:03:00,Consumidor Final,Debito,11000
10040,2026-01-01 19:03:00,CLI-283,Mercado Pago,10900
10041,2026-01-01 16:25:00,CLI-145,Debito,3600
10042,2026-01-01 16:48:00,CLI-198,Efectivo,12600
10043,2026-01-01 10:17:00,CLI-137,Efectivo,3100
10044,2026-01-01 11:40:00,CLI-208,Debito,14500
10045,2026-01-01 08:21:00,CLI-120,Efectivo,3800
10046,2026-01-01 17:27:00,Consumidor Final,Mercado Pago,7600
10047,2026-01-01 20:04:00,Consumidor Final,Mercado Pago,5400
10048,2026-01-01 16:49:00,CLI-109,Debito,6300
10049,2026-01-01 10:59:00,CLI-277,Mercado Pago,4000
10050,2026-01-01 11:36:00,CLI-104,Mercado Pago,17000
10051,2026-01-01 08:54:00,CLI-293,Credito,1600
10052,2026-01-01 19:38:00,Consumidor Final,Efectivo,1500
10053,2026-01-01 10:53:00,CLI-137,Debito,16500
10054,2026-01-01 19:42:00,CLI-126,Efectivo,15400
10055,2026-01-01 08:57:00,CLI-236,Mercado Pago,9200
10056,2026-01-01 10:08:00,CLI-152,Mercado Pago,3200
10057,2026-01-01 18:26:00,CLI-116,Efectivo,6000
10058,2026-01-01 16:40:00,CLI-276,Mercado Pago,4000
10059,2026-01-01 08:29:00,CLI-243,Efectivo,8700
10060,2026-01-01 17:18:00,CLI-209,Mercado Pago,14850
10061,2026-01-01 19:36:00,CLI-281,Efectivo,1800
10062,2026-01-01 17:00:00,Consumidor Final,Debito,9600
10063,2026-01-01 16:29:00,Consumidor Final,Debito,13200
10064,2026-01-01 17:28:00,Consumidor Final,Mercado Pago,15500
10065,2026-01-01 18:33:00,Consumidor Final,Debito,14800
10066,2026-01-01 18:35:00,Consumidor Final,Mercado Pago,9250
10067,2026-01-01 10:33:00,CLI-253,Debito,9600
10068,2026-01-01 09:36:00,Consumidor Final,Credito,5100
10069,2026-01-01 08:58:00,CLI-253,Mercado Pago,2700
10070,2026-01-01 12:47:00,Consumidor Final,Credito,15450
10071,2026-01-01 16:28:00,Consumidor Final,Debito,18600
10072,2026-01-01 20:48:00,CLI-161,Mercado Pago,13150
10073,2026-01-01 08:23:00,CLI-295,Credito,1600
10074,2026-01-01 11:07:00,Consumidor Final,Efectivo,4100
10075,2026-01-01 12:34:00,Consumidor Final,Efectivo,7800
10076,2026-01-01 12:40:00,CLI-283,Efectivo,15050
10077,2026-01-01 20:28:00,Consumidor Final,Debito,11550
10078,2026-01-01 09:26:00,CLI-265,Mercado Pago,7150
10079,2026-01-01 20:26:00,CLI-212,Efectivo,1100
10080,2026-01-01 19:14:00,CLI-136,Credito,3000
10081,2026-01-01 18:49:00,Consumidor Final,Credito,7200
10082,2026-01-01 17:45:00,Consumidor Final,Efectivo,19600
10083,2026-01-01 11:04:00,CLI-230,Debito,6450
10084,2026-01-01 17:06:00,Consumidor Final,Efectivo,15200
10085,2026-01-01 20:23:00,CLI-171,Debito,7600
10086,2026-01-01 18:50:00,CLI-187,Efectivo,3200
10087,2026-01-01 16:32:00,Consumidor Final,Efectivo,14200
10088,2026-01-01 08:30:00,CLI-259,Credito,22800
10089,2026-01-01 11:24:00,Consumidor Final,Debito,14000
10090,2026-01-01 10:28:00,CLI-281,Efectivo,20500
10091,2026-01-01 11:33:00,CLI-263,Efectivo,10900
10092,2026-01-01 09:37:00,CLI-140,Mercado Pago,7800
10093,2026-01-01 19:35:00,CLI-144,Efectivo,7700
10094,2026-01-01 11:42:00,CLI-264,Debito,21600
10095,2026-01-01 12:04:00,CLI-260,Efectivo,9350
10096,2026-01-01 11:44:00,Consumidor Final,Efectivo,2900
10097,2026-01-01 18:29:00,CLI-213,Mercado Pago,7400
10098,2026-01-01 16:27:00,Consumidor Final,Efectivo,27100
10099,2026-01-01 08:00:00,Consumidor Final,Debito,13000
10100,2026-01-01 09:20:00,Consumidor Final,Mercado Pago,13600
10101,2026-01-01 09:42:00,CLI-120,Efectivo,10500
10102,2026-01-01 18:15:00,Consumidor Final,Mercado Pago,7050
10103,2026-01-01 08:41:00,Consumidor Final,Debito,2900
10104,2026-01-01 16:08:00,Consumidor Final,Debito,7100
10105,2026-01-01 11:54:00,CLI-168,Mercado Pago,4700
10106,2026-01-01 12:24:00,CLI-101,Debito,16400
10107,2026-01-01 11:35:00,CLI-230,Debito,14500
10108,2026-01-01 20:02:00,Consumidor Final,Credito,18050
10109,2026-01-01 08:15:00,Consumidor Final,Debito,3600
10110,2026-01-01 19:21:00,Consumidor Final,Efectivo,9900
10111,2026-01-01 08:02:00,CLI-279,Credito,14200
10112,2026-01-01 18:23:00,Consumidor Final,Efectivo,4000
10113,2026-01-01 08:53:00,Consumidor Final,Debito,7400
10114,2026-01-01 11:03:00,CLI-272,Credito,5550
10115,2026-01-01 10:33:00,CLI-109,Debito,15450
10116,2026-01-01 11:39:00,CLI-116,Efectivo,17200
10117,2026-01-01 20:04:00,CLI-282,Debito,1500
10118,2026-01-01 20:49:00,Consumidor Final,Credito,3600
10119,2026-01-02 19:59:00,CLI-181,Debito,25500
10120,2026-01-02 16:22:00,Consumidor Final,Efectivo,4500
10121,2026-01-02 12:39:00,CLI-157,Credito,14900
10122,2026-01-02 16:03:00,CLI-177,Credito,16200
10123,2026-01-02 08:08:00,CLI-252,Debito,1100
10124,2026-01-02 18:31:00,Consumidor Final,Efectivo,5800
10125,2026-01-02 16:27:00,Consumidor Final,Efectivo,750
10126,2026-01-02 16:02:00,CLI-290,Efectivo,2200
10127,2026-01-02 16:39:00,Consumidor Final,Efectivo,9500
10128,2026-01-02 16:13:00,Consumidor Final,Debito,1800
10129,2026-01-02 10:37:00,Consumidor Final,Efectivo,9200
10130,2026-01-02 19:23:00,CLI-261,Mercado Pago,3200
10131,2026-01-02 09:35:00,CLI-291,Debito,6150
10132,2026-01-02 11:16:00,Consumidor Final,Mercado Pago,3800
10133,2026-01-02 09:12:00,CLI-206,Mercado Pago,2600
10134,2026-01-02 12:20:00,Consumidor Final,Mercado Pago,1500
10135,2026-01-02 19:59:00,Consumidor Final,Mercado Pago,7600
10136,2026-01-02 09:12:00,CLI-169,Debito,3200
10137,2026-01-02 08:05:00,CLI-226,Mercado Pago,2200
10138,2026-01-02 20:04:00,Consumidor Final,Efectivo,18850
10139,2026-01-02 08:33:00,Consumidor Final,Efectivo,6000
10140,2026-01-02 17:15:00,CLI-211,Mercado Pago,6500
10141,2026-01-02 11:03:00,Consumidor Final,Efectivo,6800
10142,2026-01-02 16:02:00,CLI-299,Debito,3800
10143,2026-01-02 17:59:00,Consumidor Final,Debito,12500
10144,2026-01-02 16:10:00,CLI-145,Credito,3300
10145,2026-01-02 10:24:00,CLI-230,Mercado Pago,7600
10146,2026-01-02 18:43:00,CLI-220,Mercado Pago,6200
10147,2026-01-02 08:51:00,CLI-133,Debito,15900
10148,2026-01-02 19:00:00,CLI-299,Efectivo,5100
10149,2026-01-02 11:38:00,Consumidor Final,Mercado Pago,17400
10150,2026-01-02 10:24:00,Consumidor Final,Credito,6300
10151,2026-01-02 18:54:00,CLI-220,Mercado Pago,2200
10152,2026-01-02 10:40:00,Consumidor Final,Debito,6600
10153,2026-01-02 16:29:00,CLI-111,Credito,2550
10154,2026-01-02 08:16:00,CLI-164,Mercado Pago,1600
10155,2026-01-02 10:28:00,CLI-278,Debito,11400
10156,2026-01-02 16:22:00,CLI-265,Efectivo,5400
10157,2026-01-02 18:44:00,CLI-183,Debito,4800
10158,2026-01-02 12:41:00,CLI-206,Efectivo,10850
10159,2026-01-02 20:47:00,Consumidor Final,Credito,5400
10160,2026-01-02 17:01:00,CLI-167,Debito,6600
10161,2026-01-02 08:28:00,Consumidor Final,Mercado Pago,9200
10162,2026-01-02 18:29:00,Consumidor Final,Mercado Pago,4900
10163,2026-01-02 08:53:00,CLI-206,Mercado Pago,5550
10164,2026-01-02 10:56:00,Consumidor Final,Mercado Pago,5400
10165,2026-01-02 11:09:00,CLI-287,Efectivo,8450
10166,2026-01-02 20:55:00,CLI-187,Credito,3300
10167,2026-01-02 20:41:00,CLI-221,Credito,8200
10168,2026-01-02 20:52:00,Consumidor Final,Debito,7350
10169,2026-01-02 12:46:00,CLI-197,Debito,24600
10170,2026-01-02 19:20:00,CLI-238,Efectivo,12400
10171,2026-01-02 11:23:00,CLI-250,Debito,7450
10172,2026-01-02 10:04:00,Consumidor Final,Efectivo,8900
10173,2026-01-02 08:49:00,Consumidor Final,Efectivo,1800
10174,2026-01-02 20:08:00,Consumidor Final,Mercado Pago,3300
10175,2026-01-02 18:59:00,Consumidor Final,Efectivo,7400
10176,2026-01-02 20:46:00,CLI-258,Efectivo,13250
10177,2026-01-02 17:35:00,CLI-299,Mercado Pago,8100
10178,2026-01-02 17:33:00,CLI-226,Mercado Pago,1100
10179,2026-01-02 16:04:00,Consumidor Final,Debito,2250
10180,2026-01-02 12:05:00,Consumidor Final,Mercado Pago,2250
10181,2026-01-02 12:12:00,Consumidor Final,Mercado Pago,14000
10182,2026-01-02 17:13:00,CLI-204,Mercado Pago,8800
10183,2026-01-02 19:02:00,Consumidor Final,Efectivo,11000
10184,2026-01-02 17:12:00,Consumidor Final,Mercado Pago,6100
10185,2026-01-02 19:59:00,Consumidor Final,Debito,8450
10186,2026-01-02 09:11:00,CLI-115,Mercado Pago,21000
10187,2026-01-02 19:03:00,Consumidor Final,Efectivo,18550
10188,2026-01-02 12:30:00,Consumidor Final,Mercado Pago,9600
10189,2026-01-02 18:14:00,Consumidor Final,Credito,7500
10190,2026-01-02 09:27:00,CLI-169,Mercado Pago,13900
10191,2026-01-02 11:28:00,CLI-158,Mercado Pago,16500
10192,2026-01-02 19:42:00,CLI-269,Mercado Pago,3600
10193,2026-01-02 16:55:00,Consumidor Final,Debito,6800
10194,2026-01-02 12:19:00,CLI-280,Mercado Pago,1500
10195,2026-01-02 12:16:00,Consumidor Final,Efectivo,10200
10196,2026-01-02 12:41:00,CLI-183,Efectivo,6100
10197,2026-01-02 08:23:00,Consumidor Final,Debito,10700
10198,2026-01-02 08:56:00,CLI-287,Efectivo,13600
10199,2026-01-02 11:12:00,Consumidor Final,Mercado Pago,4700
10200,2026-01-02 08:30:00,Consumidor Final,Efectivo,11000
10201,2026-01-02 08:24:00,CLI-150,Credito,24700
10202,2026-01-03 12:02:00,CLI-114,Debito,3800
10203,2026-01-03 11:18:00,CLI-233,Credito,2250
10204,2026-01-03 11:09:00,CLI-188,Debito,8650
10205,2026-01-03 11:04:00,CLI-126,Credito,13500
10206,2026-01-03 11:19:00,Consumidor Final,Efectivo,18000
10207,2026-01-03 08:11:00,CLI-170,Efectivo,5900
10208,2026-01-03 11:53:00,CLI-247,Mercado Pago,9200
10209,2026-01-03 10:59:00,Consumidor Final,Credito,3600
10210,2026-01-03 17:24:00,Consumidor Final,Debito,21700
10211,2026-01-03 16:46:00,Consumidor Final,Debito,12150
10212,2026-01-03 11:45:00,CLI-168,Credito,15900
10213,2026-01-03 18:37:00,CLI-164,Credito,4800
10214,2026-01-03 20:57:00,Consumidor Final,Mercado Pago,6300
10215,2026-01-03 20:21:00,CLI-234,Debito,3100
10216,2026-01-03 16:27:00,Consumidor Final,Mercado Pago,15200
10217,2026-01-03 11:54:00,Consumidor Final,Credito,8400
10218,2026-01-03 16:04:00,Consumidor Final,Debito,11100
10219,2026-01-03 12:39:00,Consumidor Final,Mercado Pago,5700
10220,2026-01-03 18:33:00,CLI-127,Efectivo,1800
10221,2026-01-03 08:02:00,CLI-173,Mercado Pago,1500
10222,2026-01-03 12:38:00,Consumidor Final,Debito,7500
10223,2026-01-03 10:14:00,Consumidor Final,Mercado Pago,1500
10224,2026-01-03 10:53:00,CLI-298,Efectivo,15300
10225,2026-01-03 08:27:00,Consumidor Final,Efectivo,15000
10226,2026-01-03 11:57:00,Consumidor Final,Debito,10150
10227,2026-01-03 09:34:00,Consumidor Final,Debito,4750
10228,2026-01-03 19:12:00,CLI-110,Efectivo,1600
10229,2026-01-03 17:11:00,Consumidor Final,Mercado Pago,9200
10230,2026-01-03 18:06:00,CLI-121,Mercado Pago,19550
10231,2026-01-03 10:39:00,Consumidor Final,Mercado Pago,7000
10232,2026-01-03 09:26:00,CLI-262,Debito,21750
10233,2026-01-03 20:18:00,CLI-124,Mercado Pago,6100
10234,2026-01-03 10:20:00,CLI-111,Mercado Pago,14100
10235,2026-01-03 09:06:00,CLI-103,Efectivo,1500
10236,2026-01-03 08:14:00,CLI-111,Mercado Pago,24300
10237,2026-01-03 12:55:00,CLI-275,Mercado Pago,6800
10238,2026-01-03 11:52:00,CLI-218,Mercado Pago,17450
10239,2026-01-03 16:07:00,CLI-139,Efectivo,5150
10240,2026-01-03 17:37:00,Consumidor Final,Efectivo,2200
10241,2026-01-03 19:59:00,Consumidor Final,Debito,7900
10242,2026-01-03 16:08:00,CLI-139,Efectivo,8700
10243,2026-01-03 12:36:00,CLI-233,Debito,3300
10244,2026-01-03 10:44:00,Consumidor Final,Debito,7050
10245,2026-01-03 11:40:00,CLI-130,Mercado Pago,7600
10246,2026-01-03 11:14:00,CLI-116,Efectivo,20250
10247,2026-01-03 09:20:00,CLI-193,Debito,17700
10248,2026-01-03 16:14:00,Consumidor Final,Efectivo,3750
10249,2026-01-03 08:20:00,Consumidor Final,Credito,5250
10250,2026-01-03 09:27:00,Consumidor Final,Efectivo,8500
10251,2026-01-03 19:18:00,CLI-285,Efectivo,13600
10252,2026-01-03 11:33:00,CLI-166,Debito,26450
10253,2026-01-03 16:29:00,CLI-230,Debito,14400
10254,2026-01-03 20:56:00,CLI-221,Credito,12800
10255,2026-01-03 12:36:00,CLI-155,Debito,11400
10256,2026-01-03 17:08:00,Consumidor Final,Debito,1600
10257,2026-01-03 08:41:00,Consumidor Final,Mercado Pago,900
10258,2026-01-03 16:13:00,Consumidor Final,Efectivo,17600
10259,2026-01-03 17:05:00,Consumidor Final,Mercado Pago,13200
10260,2026-01-03 19:23:00,CLI-160,Mercado Pago,11800
10261,2026-01-03 10:08:00,Consumidor Final,Efectivo,4900
10262,2026-01-03 19:42:00,CLI-225,Mercado Pago,5200
10263,2026-01-03 11:02:00,CLI-205,Credito,20700
10264,2026-01-03 09:59:00,Consumidor Final,Mercado Pago,4700
10265,2026-01-03 16:13:00,CLI-157,Mercado Pago,1600
10266,2026-01-03 12:54:00,CLI-291,Efectivo,3000
10267,2026-01-03 10:25:00,CLI-243,Mercado Pago,2200
10268,2026-01-03 10:14:00,Consumidor Final,Debito,1800
10269,2026-01-03 20:04:00,CLI-189,Debito,10400
10270,2026-01-03 11:12:00,CLI-205,Efectivo,19150
10271,2026-01-03 19:51:00,CLI-279,Efectivo,1600
10272,2026-01-03 11:21:00,CLI-285,Credito,4800
10273,2026-01-03 08:30:00,Consumidor Final,Mercado Pago,12500
10274,2026-01-03 17:30:00,CLI-191,Mercado Pago,16200
10275,2026-01-03 16:01:00,CLI-159,Debito,4400
10276,2026-01-03 20:56:00,CLI-206,Credito,14200
10277,2026-01-03 18:35:00,CLI-251,Mercado Pago,9150
10278,2026-01-03 20:55:00,Consumidor Final,Mercado Pago,7650
10279,2026-01-03 11:22:00,CLI-241,Efectivo,20600
10280,2026-01-03 18:34:00,CLI-232,Efectivo,14250
10281,2026-01-03 20:25:00,Consumidor Final,Debito,7350
10282,2026-01-03 10:04:00,Consumidor Final,Mercado Pago,23800
10283,2026-01-03 18:22:00,CLI-142,Mercado Pago,10700
10284,2026-01-03 16:27:00,Consumidor Final,Debito,9600
10285,2026-01-03 10:45:00,CLI-152,Efectivo,13400
10286,2026-01-03 11:56:00,Consumidor Final,Debito,3200
10287,2026-01-03 11:14:00,Consumidor Final,Debito,4900
10288,2026-01-03 09:06:00,CLI-224,Mercado Pago,3200
10289,2026-01-03 11:29:00,Consumidor Final,Debito,20700
10290,2026-01-03 10:16:00,Consumidor Final,Mercado Pago,5600
10291,2026-01-03 12:57:00,Consumidor Final,Efectivo,1800
10292,2026-01-03 08:09:00,Consumidor Final,Efectivo,5400
10293,2026-01-04 18:43:00,CLI-265,Debito,1600
10294,2026-01-04 09:05:00,Consumidor Final,Debito,10600
10295,2026-01-04 18:58:00,CLI-138,Mercado Pago,1500
10296,2026-01-04 11:18:00,CLI-166,Mercado Pago,1800
10297,2026-01-04 12:06:00,Consumidor Final,Mercado Pago,9400
10298,2026-01-04 08:22:00,Consumidor Final,Mercado Pago,3300
10299,2026-01-04 08:55:00,Consumidor Final,Debito,6000
10300,2026-01-04 12:24:00,CLI-247,Mercado Pago,8000
10301,2026-01-04 19:40:00,CLI-292,Credito,7000
10302,2026-01-04 20:34:00,Consumidor Final,Debito,10200
10303,2026-01-04 12:00:00,CLI-233,Mercado Pago,12300
10304,2026-01-04 17:50:00,CLI-146,Debito,11150
10305,2026-01-04 12:27:00,CLI-268,Debito,8700
10306,2026-01-04 08:23:00,Consumidor Final,Efectivo,11400
10307,2026-01-04 16:53:00,CLI-172,Efectivo,2200
10308,2026-01-04 16:42:00,Consumidor Final,Mercado Pago,7600
10309,2026-01-04 16:04:00,CLI-104,Mercado Pago,17100
10310,2026-01-04 16:06:00,Consumidor Final,Credito,6500
10311,2026-01-04 19:54:00,Consumidor Final,Debito,19000
10312,2026-01-04 08:24:00,Consumidor Final,Efectivo,14600
10313,2026-01-04 08:06:00,Consumidor Final,Efectivo,4800
10314,2026-01-04 11:37:00,CLI-288,Credito,16250
10315,2026-01-04 12:26:00,CLI-298,Efectivo,11700
10316,2026-01-04 19:47:00,CLI-160,Mercado Pago,3300
10317,2026-01-04 09:07:00,CLI-178,Credito,17600
10318,2026-01-04 17:53:00,Consumidor Final,Debito,3800
10319,2026-01-04 12:52:00,CLI-121,Mercado Pago,11500
10320,2026-01-04 19:15:00,CLI-150,Efectivo,7700
10321,2026-01-04 08:00:00,CLI-226,Efectivo,4700
10322,2026-01-04 17:23:00,Consumidor Final,Efectivo,21100
10323,2026-01-04 11:28:00,CLI-248,Mercado Pago,15900
10324,2026-01-04 10:59:00,CLI-198,Debito,22300
10325,2026-01-04 10:00:00,Consumidor Final,Efectivo,1500
10326,2026-01-04 16:09:00,Consumidor Final,Mercado Pago,9900
10327,2026-01-04 17:16:00,Consumidor Final,Mercado Pago,3900
10328,2026-01-04 18:32:00,CLI-135,Debito,8200
10329,2026-01-04 09:40:00,Consumidor Final,Mercado Pago,36200
10330,2026-01-04 16:45:00,Consumidor Final,Efectivo,3100
10331,2026-01-04 20:40:00,CLI-272,Efectivo,11200
10332,2026-01-04 10:17:00,CLI-282,Efectivo,19900
10333,2026-01-04 10:54:00,CLI-118,Debito,19650
10334,2026-01-04 08:07:00,Consumidor Final,Mercado Pago,4000
10335,2026-01-04 19:06:00,CLI-177,Efectivo,7500
10336,2026-01-04 11:13:00,CLI-225,Efectivo,1800
10337,2026-01-04 11:45:00,CLI-230,Mercado Pago,21700
10338,2026-01-04 10:52:00,CLI-206,Debito,19600
10339,2026-01-04 12:13:00,Consumidor Final,Efectivo,2700
10340,2026-01-04 08:03:00,CLI-269,Debito,19900
10341,2026-01-04 09:13:00,Consumidor Final,Mercado Pago,3200
10342,2026-01-04 19:43:00,Consumidor Final,Efectivo,8500
10343,2026-01-04 16:31:00,CLI-147,Efectivo,17600
10344,2026-01-04 10:53:00,CLI-245,Debito,3200
10345,2026-01-04 11:12:00,CLI-139,Mercado Pago,9100
10346,2026-01-04 20:29:00,CLI-281,Debito,8550
10347,2026-01-04 17:11:00,CLI-115,Mercado Pago,14400
10348,2026-01-04 19:34:00,CLI-242,Mercado Pago,8400
10349,2026-01-04 18:29:00,Consumidor Final,Mercado Pago,8900
10350,2026-01-04 17:33:00,CLI-176,Debito,3800
10351,2026-01-04 10:56:00,Consumidor Final,Efectivo,3950
10352,2026-01-04 10:52:00,Consumidor Final,Debito,9200
10353,2026-01-04 16:58:00,Consumidor Final,Debito,5400
10354,2026-01-04 16:39:00,CLI-225,Debito,11350
10355,2026-01-04 16:54:00,CLI-223,Debito,2900
10356,2026-01-04 08:12:00,CLI-246,Efectivo,750
10357,2026-01-04 18:01:00,CLI-168,Debito,750
10358,2026-01-04 11:13:00,Consumidor Final,Efectivo,6600
10359,2026-01-04 19:32:00,Consumidor Final,Mercado Pago,10400
10360,2026-01-04 19:53:00,Consumidor Final,Efectivo,3450
10361,2026-01-04 10:44:00,CLI-154,Efectivo,17700
10362,2026-01-04 09:19:00,CLI-172,Efectivo,8750
10363,2026-01-04 19:28:00,CLI-295,Mercado Pago,16650
10364,2026-01-04 12:00:00,CLI-109,Efectivo,14800
10365,2026-01-04 11:08:00,Consumidor Final,Credito,12400
10366,2026-01-04 20:54:00,Consumidor Final,Efectivo,3300
10367,2026-01-04 17:14:00,Consumidor Final,Efectivo,10600
10368,2026-01-04 11:49:00,CLI-259,Efectivo,1500
10369,2026-01-04 19:18:00,Consumidor Final,Efectivo,3600
10370,2026-01-04 10:39:00,Consumidor Final,Efectivo,9300
10371,2026-01-04 09:02:00,CLI-287,Mercado Pago,20500
10372,2026-01-04 18:06:00,CLI-216,Mercado Pago,900
10373,2026-01-04 17:24:00,CLI-239,Credito,5400
10374,2026-01-04 16:32:00,Consumidor Final,Efectivo,1800
10375,2026-01-04 18:27:00,CLI-101,Debito,3600
10376,2026-01-04 09:25:00,CLI-227,Mercado Pago,750
10377,2026-01-04 20:50:00,Consumidor Final,Efectivo,4800
10378,2026-01-04 18:10:00,Consumidor Final,Mercado Pago,6600
10379,2026-01-04 20:09:00,Consumidor Final,Debito,6600
10380,2026-01-04 20:37:00,CLI-125,Efectivo,1800
10381,2026-01-04 18:25:00,CLI-285,Efectivo,13600
10382,2026-01-04 17:28:00,Consumidor Final,Efectivo,19800
10383,2026-01-04 12:50:00,Consumidor Final,Debito,9000
10384,2026-01-04 17:24:00,CLI-281,Mercado Pago,8200
10385,2026-01-04 08:00:00,CLI-216,Debito,9600
10386,2026-01-04 19:15:00,Consumidor Final,Efectivo,11000
10387,2026-01-04 09:06:00,CLI-158,Efectivo,7100
10388,2026-01-04 11:24:00,CLI-179,Mercado Pago,3000
10389,2026-01-04 17:01:00,CLI-120,Efectivo,3800
10390,2026-01-05 20:51:00,Consumidor Final,Credito,17100
10391,2026-01-05 17:31:00,Consumidor Final,Credito,5900
10392,2026-01-05 09:28:00,Consumidor Final,Efectivo,8600
10393,2026-01-05 20:54:00,Consumidor Final,Credito,9600
10394,2026-01-05 09:02:00,CLI-284,Efectivo,10050
10395,2026-01-05 09:45:00,CLI-168,Mercado Pago,4500
10396,2026-01-05 18:57:00,Consumidor Final,Debito,10900
10397,2026-01-05 19:07:00,CLI-197,Credito,7850
10398,2026-01-05 11:18:00,CLI-196,Mercado Pago,8100
10399,2026-01-05 11:22:00,CLI-196,Efectivo,13700
10400,2026-01-05 20:05:00,CLI-249,Debito,10750
10401,2026-01-05 20:50:00,CLI-285,Debito,12300
10402,2026-01-05 16:03:00,Consumidor Final,Efectivo,4500
10403,2026-01-05 09:47:00,CLI-242,Efectivo,7600
10404,2026-01-05 10:02:00,Consumidor Final,Efectivo,4500
10405,2026-01-05 18:54:00,CLI-143,Mercado Pago,3300
10406,2026-01-05 12:10:00,CLI-168,Efectivo,17700
10407,2026-01-05 20:04:00,CLI-279,Debito,1600
10408,2026-01-05 08:00:00,Consumidor Final,Efectivo,1500
10409,2026-01-05 18:52:00,CLI-258,Mercado Pago,17650
10410,2026-01-05 20:58:00,CLI-114,Mercado Pago,9200
10411,2026-01-05 20:14:00,CLI-276,Efectivo,7400
10412,2026-01-05 08:32:00,CLI-259,Debito,4450
10413,2026-01-05 18:15:00,CLI-267,Efectivo,3400
10414,2026-01-05 18:05:00,CLI-202,Debito,13200
10415,2026-01-05 20:31:00,CLI-116,Efectivo,3200
10416,2026-01-05 12:59:00,CLI-163,Mercado Pago,8600
10417,2026-01-05 10:30:00,CLI-270,Mercado Pago,3300
10418,2026-01-05 10:10:00,CLI-255,Efectivo,15700
10419,2026-01-05 11:24:00,Consumidor Final,Credito,8700
10420,2026-01-05 10:57:00,CLI-245,Mercado Pago,3200
10421,2026-01-05 16:06:00,CLI-255,Efectivo,3200
10422,2026-01-05 18:53:00,CLI-123,Mercado Pago,3300
10423,2026-01-05 20:27:00,CLI-222,Debito,1100
10424,2026-01-05 16:29:00,CLI-171,Debito,8100
10425,2026-01-05 11:43:00,CLI-210,Mercado Pago,13050
10426,2026-01-05 11:38:00,CLI-218,Debito,1100
10427,2026-01-05 18:21:00,CLI-102,Debito,3200
10428,2026-01-05 08:32:00,Consumidor Final,Mercado Pago,18100
10429,2026-01-05 10:14:00,Consumidor Final,Mercado Pago,8800
10430,2026-01-05 17:14:00,CLI-226,Debito,5200
10431,2026-01-05 10:00:00,CLI-119,Efectivo,12000
10432,2026-01-05 20:13:00,CLI-155,Efectivo,6500
10433,2026-01-05 08:58:00,CLI-202,Efectivo,31250
10434,2026-01-05 19:11:00,CLI-200,Credito,4200
10435,2026-01-05 08:46:00,Consumidor Final,Debito,13900
10436,2026-01-05 11:48:00,Consumidor Final,Efectivo,3000
10437,2026-01-05 19:54:00,CLI-244,Debito,24900
10438,2026-01-05 16:52:00,Consumidor Final,Mercado Pago,21800
10439,2026-01-05 17:06:00,CLI-221,Debito,14300
10440,2026-01-05 11:43:00,CLI-286,Credito,7000
10441,2026-01-05 18:52:00,CLI-163,Efectivo,14350
10442,2026-01-05 11:51:00,CLI-123,Efectivo,15950
10443,2026-01-05 19:06:00,CLI-174,Efectivo,6050
10444,2026-01-05 20:40:00,CLI-297,Efectivo,9800
10445,2026-01-05 08:00:00,CLI-214,Mercado Pago,7900
10446,2026-01-05 16:24:00,CLI-101,Efectivo,7500
10447,2026-01-05 11:18:00,Consumidor Final,Mercado Pago,4200
10448,2026-01-05 16:34:00,Consumidor Final,Efectivo,23950
10449,2026-01-05 09:36:00,Consumidor Final,Debito,11600
10450,2026-01-05 19:49:00,CLI-138,Mercado Pago,11550
10451,2026-01-05 10:44:00,Consumidor Final,Efectivo,6650
10452,2026-01-05 09:00:00,CLI-133,Mercado Pago,9800
10453,2026-01-05 10:54:00,CLI-123,Mercado Pago,5400
10454,2026-01-05 12:57:00,CLI-153,Debito,2200
10455,2026-01-05 09:55:00,CLI-221,Debito,1600
10456,2026-01-05 16:52:00,CLI-199,Debito,5550
10457,2026-01-05 08:38:00,CLI-264,Debito,2200
10458,2026-01-05 09:03:00,Consumidor Final,Efectivo,4350
10459,2026-01-05 09:59:00,Consumidor Final,Debito,5850
10460,2026-01-05 08:48:00,Consumidor Final,Efectivo,17850
10461,2026-01-05 17:38:00,CLI-100,Debito,18650
10462,2026-01-05 10:33:00,CLI-240,Mercado Pago,17750
10463,2026-01-05 19:33:00,Consumidor Final,Mercado Pago,6600
10464,2026-01-05 19:09:00,CLI-145,Debito,3000
10465,2026-01-05 17:08:00,CLI-209,Debito,5700
10466,2026-01-05 18:29:00,Consumidor Final,Mercado Pago,4500
10467,2026-01-05 16:01:00,CLI-243,Efectivo,10700
10468,2026-01-05 18:09:00,Consumidor Final,Efectivo,2700
10469,2026-01-05 16:30:00,CLI-157,Mercado Pago,15700
10470,2026-01-05 20:10:00,CLI-119,Efectivo,5400
10471,2026-01-05 12:03:00,CLI-175,Mercado Pago,12100
10472,2026-01-05 12:32:00,Consumidor Final,Efectivo,4200
10473,2026-01-05 19:13:00,Consumidor Final,Mercado Pago,18300
10474,2026-01-05 08:28:00,Consumidor Final,Mercado Pago,2200
10475,2026-01-05 09:04:00,CLI-154,Mercado Pago,22300
10476,2026-01-05 08:26:00,CLI-212,Mercado Pago,15700
10477,2026-01-05 20:08:00,CLI-112,Debito,15350
10478,2026-01-05 17:43:00,Consumidor Final,Mercado Pago,3400
10479,2026-01-05 18:04:00,CLI-232,Debito,8100
10480,2026-01-05 17:26:00,CLI-173,Debito,2250
10481,2026-01-05 09:22:00,Consumidor Final,Debito,2500
10482,2026-01-05 19:36:00,CLI-274,Mercado Pago,11400
10483,2026-01-05 16:09:00,Consumidor Final,Efectivo,5400
10484,2026-01-05 20:22:00,Consumidor Final,Debito,9200
10485,2026-01-05 17:05:00,CLI-129,Debito,17400
10486,2026-01-05 12:31:00,Consumidor Final,Efectivo,11200
10487,2026-01-05 09:54:00,Consumidor Final,Efectivo,8050
10488,2026-01-05 19:55:00,CLI-181,Debito,3000
10489,2026-01-05 16:25:00,CLI-299,Debito,5100
10490,2026-01-05 10:09:00,CLI-201,Credito,2250
10491,2026-01-05 16:26:00,Consumidor Final,Credito,12000
10492,2026-01-05 18:32:00,Consumidor Final,Efectivo,6600
10493,2026-01-05 17:26:00,CLI-264,Mercado Pago,13000
10494,2026-01-05 18:00:00,CLI-217,Debito,1500
10495,2026-01-05 17:16:00,CLI-257,Mercado Pago,4350
10496,2026-01-05 08:55:00,CLI-164,Credito,2700
10497,2026-01-05 17:08:00,Consumidor Final,Efectivo,2550
10498,2026-01-05 16:10:00,CLI-247,Credito,2200
10499,2026-01-05 11:29:00,CLI-150,Efectivo,4500
10500,2026-01-06 18:54:00,CLI-258,Debito,10300
10501,2026-01-06 19:15:00,CLI-253,Mercado Pago,9000
10502,2026-01-06 12:10:00,CLI-288,Mercado Pago,4200
10503,2026-01-06 20:39:00,Consumidor Final,Debito,9850
10504,2026-01-06 11:15:00,CLI-118,Efectivo,9600
10505,2026-01-06 08:25:00,CLI-295,Efectivo,13400
10506,2026-01-06 12:16:00,CLI-207,Mercado Pago,7750
10507,2026-01-06 08:28:00,Consumidor Final,Debito,17550
10508,2026-01-06 11:51:00,CLI-160,Credito,5850
10509,2026-01-06 08:04:00,CLI-297,Efectivo,9300
10510,2026-01-06 12:33:00,Consumidor Final,Mercado Pago,11850
10511,2026-01-06 20:33:00,Consumidor Final,Debito,12700
10512,2026-01-06 18:23:00,Consumidor Final,Mercado Pago,6000
10513,2026-01-06 08:01:00,CLI-118,Credito,4800
10514,2026-01-06 17:35:00,CLI-291,Mercado Pago,14100
10515,2026-01-06 12:23:00,CLI-171,Mercado Pago,4800
10516,2026-01-06 11:15:00,Consumidor Final,Mercado Pago,7600
10517,2026-01-06 12:00:00,Consumidor Final,Efectivo,10650
10518,2026-01-06 08:47:00,Consumidor Final,Debito,1800
10519,2026-01-06 12:02:00,CLI-132,Mercado Pago,15600
10520,2026-01-06 10:12:00,CLI-115,Debito,19000
10521,2026-01-06 12:16:00,Consumidor Final,Mercado Pago,5300
10522,2026-01-06 20:09:00,CLI-243,Mercado Pago,3800
10523,2026-01-06 12:00:00,CLI-230,Debito,10650
10524,2026-01-06 10:14:00,CLI-268,Mercado Pago,10600
10525,2026-01-06 08:13:00,CLI-159,Debito,900
10526,2026-01-06 17:18:00,CLI-100,Mercado Pago,13000
10527,2026-01-06 17:30:00,CLI-169,Debito,8700
10528,2026-01-06 11:01:00,Consumidor Final,Efectivo,8400
10529,2026-01-06 18:56:00,Consumidor Final,Efectivo,900
10530,2026-01-06 09:09:00,Consumidor Final,Mercado Pago,3100
10531,2026-01-06 08:59:00,CLI-132,Mercado Pago,4800
10532,2026-01-06 16:12:00,CLI-274,Efectivo,5650
10533,2026-01-06 19:32:00,Consumidor Final,Debito,2000
10534,2026-01-06 16:31:00,CLI-183,Efectivo,8900
10535,2026-01-06 09:42:00,Consumidor Final,Mercado Pago,15900
10536,2026-01-06 17:47:00,CLI-282,Efectivo,1500
10537,2026-01-06 17:08:00,CLI-234,Mercado Pago,14500
10538,2026-01-06 11:12:00,CLI-262,Debito,3850
10539,2026-01-06 08:20:00,CLI-151,Debito,17700
10540,2026-01-06 16:08:00,CLI-256,Debito,5400
10541,2026-01-06 08:52:00,CLI-210,Efectivo,9450
10542,2026-01-06 08:16:00,CLI-283,Mercado Pago,13300
10543,2026-01-06 17:06:00,CLI-123,Debito,1100
10544,2026-01-06 10:29:00,Consumidor Final,Debito,7400
10545,2026-01-06 12:53:00,Consumidor Final,Mercado Pago,2250
10546,2026-01-06 16:19:00,Consumidor Final,Mercado Pago,2600
10547,2026-01-06 11:35:00,CLI-262,Debito,6000
10548,2026-01-06 08:45:00,Consumidor Final,Efectivo,14350
10549,2026-01-06 17:25:00,CLI-114,Mercado Pago,6000
10550,2026-01-06 10:24:00,CLI-185,Mercado Pago,2400
10551,2026-01-06 18:32:00,CLI-125,Debito,9200
10552,2026-01-06 19:21:00,CLI-176,Debito,8800
10553,2026-01-06 19:06:00,CLI-237,Debito,24100
10554,2026-01-06 12:38:00,CLI-204,Debito,7600
10555,2026-01-06 20:21:00,CLI-232,Mercado Pago,18600
10556,2026-01-06 08:49:00,CLI-231,Credito,5600
10557,2026-01-06 18:34:00,CLI-192,Mercado Pago,10800
10558,2026-01-06 08:28:00,CLI-216,Credito,5900
10559,2026-01-06 08:31:00,CLI-179,Efectivo,6950
10560,2026-01-06 17:18:00,Consumidor Final,Mercado Pago,9000
10561,2026-01-06 10:23:00,CLI-248,Debito,3300
10562,2026-01-06 17:55:00,Consumidor Final,Debito,7300
10563,2026-01-06 16:52:00,CLI-155,Debito,1500
10564,2026-01-06 17:10:00,CLI-298,Mercado Pago,4900
10565,2026-01-06 10:10:00,CLI-224,Efectivo,1500
10566,2026-01-06 19:34:00,Consumidor Final,Efectivo,23100
10567,2026-01-06 09:57:00,Consumidor Final,Credito,1600
10568,2026-01-06 12:52:00,Consumidor Final,Debito,9900
10569,2026-01-06 08:56:00,CLI-206,Efectivo,750
10570,2026-01-06 10:09:00,CLI-180,Debito,3700
10571,2026-01-06 16:16:00,CLI-241,Efectivo,16100
10572,2026-01-06 10:29:00,CLI-258,Credito,7600
10573,2026-01-06 20:47:00,CLI-290,Debito,19250
10574,2026-01-06 19:42:00,CLI-268,Debito,1600
10575,2026-01-06 12:53:00,CLI-110,Efectivo,5100
10576,2026-01-06 16:24:00,CLI-288,Efectivo,5400
10577,2026-01-06 18:32:00,CLI-243,Credito,9500
10578,2026-01-06 16:52:00,CLI-146,Debito,3800
10579,2026-01-06 17:35:00,Consumidor Final,Mercado Pago,14700
10580,2026-01-06 09:58:00,CLI-105,Debito,8350
10581,2026-01-06 10:04:00,CLI-278,Mercado Pago,1500
10582,2026-01-06 12:42:00,CLI-268,Efectivo,4400
10583,2026-01-06 19:15:00,Consumidor Final,Mercado Pago,22500
10584,2026-01-06 12:51:00,Consumidor Final,Mercado Pago,5100
10585,2026-01-06 17:02:00,CLI-248,Debito,6300
10586,2026-01-06 09:04:00,Consumidor Final,Mercado Pago,1800
10587,2026-01-06 08:53:00,Consumidor Final,Debito,14000
10588,2026-01-06 12:01:00,Consumidor Final,Debito,13350
10589,2026-01-07 17:28:00,CLI-260,Credito,11150
10590,2026-01-07 17:20:00,Consumidor Final,Credito,3000
10591,2026-01-07 12:18:00,CLI-233,Mercado Pago,7800
10592,2026-01-07 09:54:00,CLI-130,Mercado Pago,3600
10593,2026-01-07 09:03:00,CLI-121,Efectivo,3800
10594,2026-01-07 09:43:00,CLI-299,Debito,11400
10595,2026-01-07 19:33:00,CLI-147,Mercado Pago,17450
10596,2026-01-07 19:08:00,CLI-170,Debito,1500
10597,2026-01-07 11:04:00,Consumidor Final,Mercado Pago,17600
10598,2026-01-07 19:42:00,CLI-249,Efectivo,19400
10599,2026-01-07 19:25:00,Consumidor Final,Debito,15700
10600,2026-01-07 08:28:00,CLI-271,Debito,25350
10601,2026-01-07 17:10:00,CLI-131,Debito,5700
10602,2026-01-07 12:40:00,CLI-215,Debito,2200
10603,2026-01-07 20:36:00,CLI-276,Efectivo,6750
10604,2026-01-07 17:45:00,Consumidor Final,Mercado Pago,4200
10605,2026-01-07 18:58:00,Consumidor Final,Credito,25200
10606,2026-01-07 11:40:00,CLI-299,Efectivo,24800
10607,2026-01-07 08:31:00,CLI-111,Debito,3000
10608,2026-01-07 08:11:00,CLI-240,Efectivo,15900
10609,2026-01-07 18:04:00,Consumidor Final,Debito,4000
10610,2026-01-07 09:53:00,CLI-114,Debito,3600
10611,2026-01-07 16:28:00,CLI-114,Efectivo,8100
10612,2026-01-07 11:13:00,Consumidor Final,Mercado Pago,4000
10613,2026-01-07 17:36:00,CLI-178,Mercado Pago,11600
10614,2026-01-07 16:45:00,Consumidor Final,Mercado Pago,4800
10615,2026-01-07 17:25:00,CLI-253,Mercado Pago,8200
10616,2026-01-07 17:43:00,CLI-108,Debito,20300
10617,2026-01-07 19:15:00,CLI-203,Efectivo,2250
10618,2026-01-07 17:11:00,CLI-250,Credito,20200
10619,2026-01-07 19:55:00,Consumidor Final,Debito,10200
10620,2026-01-07 12:46:00,CLI-294,Mercado Pago,4650
10621,2026-01-07 17:58:00,Consumidor Final,Credito,16100
10622,2026-01-07 17:41:00,CLI-168,Efectivo,7750
10623,2026-01-07 12:04:00,CLI-148,Debito,12150
10624,2026-01-07 20:06:00,CLI-232,Mercado Pago,12550
10625,2026-01-07 12:00:00,Consumidor Final,Debito,11300
10626,2026-01-07 11:52:00,CLI-209,Mercado Pago,9900
10627,2026-01-07 10:12:00,Consumidor Final,Debito,16900
10628,2026-01-07 18:59:00,Consumidor Final,Debito,17300
10629,2026-01-07 19:18:00,Consumidor Final,Efectivo,8400
10630,2026-01-07 16:35:00,CLI-147,Efectivo,4400
10631,2026-01-07 08:13:00,Consumidor Final,Debito,8900
10632,2026-01-07 11:35:00,CLI-260,Mercado Pago,9200
10633,2026-01-07 10:41:00,Consumidor Final,Debito,5900
10634,2026-01-07 17:37:00,CLI-210,Credito,1500
10635,2026-01-07 19:28:00,Consumidor Final,Mercado Pago,11400
10636,2026-01-07 17:54:00,CLI-100,Mercado Pago,5300
10637,2026-01-07 11:49:00,Consumidor Final,Efectivo,13000
10638,2026-01-07 08:08:00,CLI-266,Debito,18300
10639,2026-01-07 19:22:00,CLI-275,Efectivo,3000
10640,2026-01-07 16:56:00,Consumidor Final,Efectivo,2700
10641,2026-01-07 09:29:00,Consumidor Final,Efectivo,9350
10642,2026-01-07 09:46:00,Consumidor Final,Mercado Pago,5000
10643,2026-01-07 12:32:00,CLI-130,Mercado Pago,14500
10644,2026-01-07 19:42:00,Consumidor Final,Mercado Pago,4500
10645,2026-01-07 19:52:00,Consumidor Final,Efectivo,5800
10646,2026-01-07 09:36:00,CLI-209,Efectivo,3450
10647,2026-01-07 11:47:00,CLI-289,Debito,16800
10648,2026-01-07 12:47:00,CLI-132,Mercado Pago,3600
10649,2026-01-07 09:04:00,CLI-218,Debito,12900
10650,2026-01-07 20:14:00,CLI-107,Efectivo,13000
10651,2026-01-07 09:43:00,CLI-115,Mercado Pago,1500
10652,2026-01-07 10:17:00,Consumidor Final,Efectivo,9400
10653,2026-01-07 17:42:00,Consumidor Final,Debito,5800
10654,2026-01-07 12:42:00,Consumidor Final,Mercado Pago,12600
10655,2026-01-07 18:44:00,Consumidor Final,Mercado Pago,4900
10656,2026-01-07 17:43:00,CLI-250,Mercado Pago,9300
10657,2026-01-07 12:57:00,Consumidor Final,Debito,3200
10658,2026-01-07 12:05:00,CLI-182,Efectivo,7450
10659,2026-01-07 17:13:00,CLI-274,Mercado Pago,15100
10660,2026-01-07 19:10:00,CLI-254,Efectivo,1500
10661,2026-01-07 08:49:00,CLI-200,Mercado Pago,750
10662,2026-01-07 17:23:00,CLI-156,Efectivo,14000
10663,2026-01-07 19:43:00,Consumidor Final,Debito,9850
10664,2026-01-07 12:54:00,Consumidor Final,Credito,20350
10665,2026-01-07 20:58:00,CLI-199,Debito,8900
10666,2026-01-07 11:59:00,CLI-104,Credito,7700
10667,2026-01-07 19:42:00,CLI-156,Mercado Pago,7300
10668,2026-01-07 20:50:00,CLI-117,Debito,750
10669,2026-01-07 11:15:00,CLI-185,Credito,15800
10670,2026-01-07 17:44:00,CLI-218,Mercado Pago,10700
10671,2026-01-07 09:22:00,CLI-124,Mercado Pago,17350
10672,2026-01-07 17:51:00,Consumidor Final,Debito,14300
10673,2026-01-07 19:19:00,CLI-155,Efectivo,5200
10674,2026-01-07 16:32:00,CLI-284,Efectivo,12050
10675,2026-01-07 20:19:00,CLI-178,Efectivo,13350
10676,2026-01-07 09:05:00,CLI-173,Debito,4900
10677,2026-01-07 08:19:00,CLI-197,Mercado Pago,13800
10678,2026-01-07 16:46:00,Consumidor Final,Mercado Pago,8850
10679,2026-01-07 08:43:00,Consumidor Final,Mercado Pago,16900
10680,2026-01-07 09:15:00,CLI-204,Debito,2250
10681,2026-01-07 10:19:00,Consumidor Final,Debito,2700
10682,2026-01-07 18:56:00,Consumidor Final,Mercado Pago,5600
10683,2026-01-07 20:07:00,Consumidor Final,Mercado Pago,21000
10684,2026-01-07 17:50:00,CLI-289,Efectivo,4800
10685,2026-01-07 08:35:00,CLI-180,Mercado Pago,5200
10686,2026-01-07 08:29:00,CLI-186,Mercado Pago,17800
10687,2026-01-07 17:55:00,CLI-268,Efectivo,11600
10688,2026-01-07 11:17:00,CLI-138,Efectivo,750
10689,2026-01-07 18:28:00,CLI-239,Debito,4400
10690,2026-01-07 10:12:00,CLI-297,Mercado Pago,18450
10691,2026-01-07 11:12:00,CLI-245,Debito,5400
10692,2026-01-07 10:42:00,CLI-198,Mercado Pago,13000
10693,2026-01-07 11:49:00,Consumidor Final,Mercado Pago,2400
10694,2026-01-07 12:58:00,Consumidor Final,Efectivo,4800
10695,2026-01-07 16:09:00,CLI-264,Mercado Pago,21200
10696,2026-01-07 18:36:00,CLI-204,Debito,21650
10697,2026-01-07 09:12:00,CLI-260,Debito,1800
10698,2026-01-07 09:54:00,CLI-135,Efectivo,11900
10699,2026-01-07 17:11:00,CLI-181,Credito,2250
10700,2026-01-07 12:13:00,CLI-177,Mercado Pago,7600
10701,2026-01-07 12:46:00,Consumidor Final,Efectivo,9400
10702,2026-01-07 09:54:00,Consumidor Final,Debito,7900
10703,2026-01-07 16:13:00,Consumidor Final,Mercado Pago,7200
10704,2026-01-07 09:20:00,CLI-114,Efectivo,25400
10705,2026-01-07 19:42:00,CLI-139,Mercado Pago,9900
10706,2026-01-07 18:09:00,CLI-193,Efectivo,20100
10707,2026-01-08 17:58:00,CLI-195,Efectivo,4800
10708,2026-01-08 10:24:00,Consumidor Final,Debito,7100
10709,2026-01-08 16:06:00,CLI-118,Debito,13750
10710,2026-01-08 10:42:00,CLI-168,Mercado Pago,3300
10711,2026-01-08 16:15:00,Consumidor Final,Debito,19000
10712,2026-01-08 08:44:00,Consumidor Final,Debito,10000
10713,2026-01-08 10:52:00,CLI-129,Mercado Pago,5800
10714,2026-01-08 19:11:00,Consumidor Final,Credito,18000
10715,2026-01-08 16:30:00,CLI-195,Efectivo,9000
10716,2026-01-08 19:43:00,CLI-147,Efectivo,8100
10717,2026-01-08 11:36:00,Consumidor Final,Debito,1100
10718,2026-01-08 09:00:00,CLI-176,Credito,4500
10719,2026-01-08 11:23:00,Consumidor Final,Efectivo,1500
10720,2026-01-08 17:45:00,Consumidor Final,Efectivo,5950
10721,2026-01-08 17:21:00,Consumidor Final,Debito,12200
10722,2026-01-08 17:25:00,CLI-221,Mercado Pago,5700
10723,2026-01-08 16:06:00,Consumidor Final,Debito,8800
10724,2026-01-08 19:01:00,CLI-293,Mercado Pago,3200
10725,2026-01-08 10:06:00,CLI-161,Debito,4900
10726,2026-01-08 19:46:00,Consumidor Final,Debito,6050
10727,2026-01-08 20:59:00,Consumidor Final,Debito,5600
10728,2026-01-08 18:43:00,Consumidor Final,Debito,2200
10729,2026-01-08 08:45:00,CLI-118,Mercado Pago,1800
10730,2026-01-08 16:25:00,CLI-229,Debito,15800
10731,2026-01-08 12:10:00,Consumidor Final,Mercado Pago,18300
10732,2026-01-08 11:21:00,Consumidor Final,Efectivo,10300
10733,2026-01-08 20:54:00,Consumidor Final,Mercado Pago,10800
10734,2026-01-08 08:58:00,Consumidor Final,Debito,4500
10735,2026-01-08 19:33:00,CLI-203,Mercado Pago,3300
10736,2026-01-08 09:13:00,CLI-232,Debito,1500
10737,2026-01-08 17:56:00,Consumidor Final,Debito,2200
10738,2026-01-08 10:43:00,Consumidor Final,Efectivo,7400
10739,2026-01-08 20:33:00,Consumidor Final,Debito,5250
10740,2026-01-08 19:37:00,CLI-103,Debito,6600
10741,2026-01-08 19:17:00,CLI-109,Mercado Pago,9700
10742,2026-01-08 18:19:00,CLI-154,Debito,5200
10743,2026-01-08 08:49:00,CLI-174,Mercado Pago,1100
10744,2026-01-08 11:10:00,Consumidor Final,Efectivo,11400
10745,2026-01-08 08:16:00,Consumidor Final,Debito,21650
10746,2026-01-08 12:26:00,Consumidor Final,Debito,17400
10747,2026-01-08 10:22:00,Consumidor Final,Credito,900
10748,2026-01-08 09:22:00,CLI-149,Mercado Pago,750
10749,2026-01-08 18:00:00,CLI-138,Debito,3300
10750,2026-01-08 19:55:00,CLI-204,Mercado Pago,2200
10751,2026-01-08 17:57:00,CLI-173,Debito,5250
10752,2026-01-08 09:20:00,CLI-201,Debito,20500
10753,2026-01-08 12:39:00,CLI-102,Debito,9700
10754,2026-01-08 19:05:00,CLI-218,Mercado Pago,5700
10755,2026-01-08 16:12:00,Consumidor Final,Debito,8150
10756,2026-01-08 19:13:00,CLI-233,Mercado Pago,10550
10757,2026-01-08 08:21:00,Consumidor Final,Efectivo,6750
10758,2026-01-08 18:09:00,CLI-267,Debito,1500
10759,2026-01-08 11:10:00,CLI-217,Efectivo,7600
10760,2026-01-08 16:57:00,CLI-289,Efectivo,4500
10761,2026-01-08 19:12:00,Consumidor Final,Mercado Pago,14700
10762,2026-01-08 10:47:00,CLI-248,Credito,6300
10763,2026-01-08 09:00:00,Consumidor Final,Efectivo,16500
10764,2026-01-08 10:26:00,CLI-289,Debito,10200
10765,2026-01-08 18:58:00,CLI-282,Debito,3300
10766,2026-01-08 10:54:00,Consumidor Final,Mercado Pago,5200
10767,2026-01-08 18:52:00,CLI-165,Mercado Pago,3600
10768,2026-01-08 17:13:00,CLI-131,Mercado Pago,8100
10769,2026-01-08 08:48:00,CLI-151,Debito,7150
10770,2026-01-08 16:47:00,Consumidor Final,Debito,7000
10771,2026-01-08 11:26:00,CLI-294,Mercado Pago,8700
10772,2026-01-08 17:03:00,Consumidor Final,Credito,1500
10773,2026-01-08 09:25:00,CLI-239,Efectivo,16100
10774,2026-01-08 09:11:00,Consumidor Final,Debito,3000
10775,2026-01-08 18:14:00,Consumidor Final,Debito,14300
10776,2026-01-08 11:14:00,CLI-184,Credito,13950
10777,2026-01-08 09:00:00,CLI-291,Credito,17300
10778,2026-01-08 17:22:00,CLI-138,Debito,4550
10779,2026-01-08 11:16:00,CLI-216,Mercado Pago,5600
10780,2026-01-08 20:16:00,CLI-114,Efectivo,2200
10781,2026-01-08 12:57:00,Consumidor Final,Credito,5300
10782,2026-01-08 18:59:00,CLI-242,Debito,5150
10783,2026-01-08 11:06:00,Consumidor Final,Credito,16000
10784,2026-01-08 19:49:00,CLI-266,Mercado Pago,7000
10785,2026-01-08 11:38:00,Consumidor Final,Mercado Pago,8450
10786,2026-01-08 11:41:00,CLI-102,Efectivo,19300
10787,2026-01-08 09:49:00,CLI-226,Efectivo,18900
10788,2026-01-08 12:58:00,Consumidor Final,Mercado Pago,4100
10789,2026-01-08 17:30:00,CLI-186,Efectivo,1100
10790,2026-01-08 19:15:00,CLI-117,Efectivo,5200
10791,2026-01-08 10:38:00,CLI-202,Mercado Pago,1500
10792,2026-01-08 08:52:00,CLI-242,Debito,8800
10793,2026-01-08 12:00:00,Consumidor Final,Efectivo,1800
10794,2026-01-08 08:28:00,CLI-124,Mercado Pago,3800
10795,2026-01-08 18:22:00,CLI-126,Efectivo,2700
10796,2026-01-08 17:35:00,CLI-244,Debito,7500
10797,2026-01-08 17:17:00,CLI-280,Efectivo,6700
10798,2026-01-08 20:51:00,Consumidor Final,Credito,8950
10799,2026-01-08 11:31:00,Consumidor Final,Debito,16650
10800,2026-01-08 08:17:00,CLI-254,Efectivo,3300
10801,2026-01-08 20:47:00,Consumidor Final,Mercado Pago,6350
10802,2026-01-08 11:58:00,CLI-294,Mercado Pago,4400
10803,2026-01-08 19:28:00,CLI-118,Mercado Pago,11150
10804,2026-01-08 11:36:00,CLI-146,Credito,3300
10805,2026-01-08 09:45:00,CLI-117,Efectivo,10350
10806,2026-01-08 17:14:00,CLI-181,Debito,14500
10807,2026-01-08 11:36:00,Consumidor Final,Mercado Pago,17450
10808,2026-01-08 18:24:00,Consumidor Final,Efectivo,20800
10809,2026-01-08 12:20:00,CLI-174,Credito,28750
10810,2026-01-08 18:04:00,CLI-199,Mercado Pago,10900
10811,2026-01-08 20:17:00,CLI-147,Efectivo,28350
10812,2026-01-08 11:16:00,CLI-207,Efectivo,7050
10813,2026-01-08 11:04:00,CLI-238,Credito,4400
10814,2026-01-08 11:00:00,CLI-242,Efectivo,4200
10815,2026-01-08 09:42:00,CLI-236,Mercado Pago,2700
10816,2026-01-08 17:30:00,CLI-185,Debito,19550
10817,2026-01-08 18:16:00,Consumidor Final,Efectivo,7700
10818,2026-01-08 09:01:00,CLI-172,Efectivo,11400
10819,2026-01-08 09:16:00,CLI-218,Efectivo,2200
10820,2026-01-08 20:54:00,Consumidor Final,Efectivo,12600
10821,2026-01-08 17:00:00,Consumidor Final,Credito,18100
10822,2026-01-09 18:42:00,Consumidor Final,Debito,8500
10823,2026-01-09 08:08:00,CLI-232,Debito,4900
10824,2026-01-09 16:14:00,CLI-293,Debito,750
10825,2026-01-09 12:37:00,CLI-277,Mercado Pago,2700
10826,2026-01-09 08:21:00,Consumidor Final,Debito,6100
10827,2026-01-09 20:42:00,CLI-235,Efectivo,24250
10828,2026-01-09 16:17:00,CLI-292,Mercado Pago,7600
10829,2026-01-09 08:59:00,Consumidor Final,Mercado Pago,5800
10830,2026-01-09 18:56:00,Consumidor Final,Mercado Pago,14600
10831,2026-01-09 11:11:00,CLI-164,Debito,2700
10832,2026-01-09 10:23:00,Consumidor Final,Mercado Pago,17300
10833,2026-01-09 09:31:00,Consumidor Final,Mercado Pago,6500
10834,2026-01-09 09:21:00,CLI-145,Mercado Pago,4500
10835,2026-01-09 18:22:00,Consumidor Final,Efectivo,5400
10836,2026-01-09 09:12:00,CLI-220,Mercado Pago,16800
10837,2026-01-09 18:56:00,Consumidor Final,Debito,11500
10838,2026-01-09 08:39:00,Consumidor Final,Credito,10400
10839,2026-01-09 17:55:00,CLI-148,Mercado Pago,16450
10840,2026-01-09 09:34:00,CLI-218,Efectivo,11400
10841,2026-01-09 19:11:00,CLI-181,Efectivo,27600
10842,2026-01-09 09:35:00,CLI-274,Debito,2250
10843,2026-01-09 17:00:00,Consumidor Final,Mercado Pago,12050
10844,2026-01-09 10:26:00,Consumidor Final,Mercado Pago,7700
10845,2026-01-09 09:53:00,CLI-231,Debito,3300
10846,2026-01-09 18:56:00,CLI-296,Debito,3200
10847,2026-01-09 11:42:00,CLI-289,Efectivo,23350
10848,2026-01-09 12:54:00,Consumidor Final,Efectivo,6400
10849,2026-01-09 12:15:00,CLI-257,Debito,5500
10850,2026-01-09 12:12:00,Consumidor Final,Debito,1600
10851,2026-01-09 18:18:00,CLI-133,Debito,15200
10852,2026-01-09 12:55:00,CLI-118,Efectivo,7600
10853,2026-01-09 10:28:00,CLI-171,Debito,4800
10854,2026-01-09 19:41:00,CLI-108,Mercado Pago,14600
10855,2026-01-09 19:53:00,CLI-253,Mercado Pago,3600
10856,2026-01-09 10:31:00,CLI-240,Efectivo,1800
10857,2026-01-09 20:48:00,CLI-176,Efectivo,9850
10858,2026-01-09 12:51:00,CLI-133,Mercado Pago,10750
10859,2026-01-09 20:01:00,Consumidor Final,Efectivo,5250
10860,2026-01-09 19:50:00,Consumidor Final,Mercado Pago,15100
10861,2026-01-09 18:26:00,Consumidor Final,Debito,9300
10862,2026-01-09 12:03:00,Consumidor Final,Credito,10350
10863,2026-01-09 10:26:00,CLI-187,Debito,8800
10864,2026-01-09 11:04:00,Consumidor Final,Mercado Pago,11400
10865,2026-01-09 09:16:00,Consumidor Final,Mercado Pago,900
10866,2026-01-09 20:22:00,CLI-295,Debito,18100
10867,2026-01-09 08:26:00,CLI-298,Efectivo,15000
10868,2026-01-09 11:36:00,CLI-294,Mercado Pago,11000
10869,2026-01-09 19:03:00,CLI-290,Credito,2200
10870,2026-01-09 10:59:00,CLI-173,Mercado Pago,15150
10871,2026-01-09 10:54:00,CLI-245,Credito,9400
10872,2026-01-09 11:30:00,Consumidor Final,Mercado Pago,9700
10873,2026-01-09 09:42:00,Consumidor Final,Debito,12400
10874,2026-01-09 11:55:00,CLI-220,Mercado Pago,7050
10875,2026-01-09 10:44:00,CLI-232,Credito,5850
10876,2026-01-09 11:27:00,CLI-185,Mercado Pago,3800
10877,2026-01-09 08:43:00,Consumidor Final,Mercado Pago,9800
10878,2026-01-09 08:51:00,Consumidor Final,Efectivo,6600
10879,2026-01-09 10:46:00,CLI-276,Credito,23100
10880,2026-01-09 19:56:00,CLI-156,Efectivo,3950
10881,2026-01-09 09:15:00,Consumidor Final,Debito,900
10882,2026-01-09 18:29:00,CLI-112,Debito,8500
10883,2026-01-09 19:57:00,CLI-261,Mercado Pago,8600
10884,2026-01-09 08:10:00,Consumidor Final,Debito,5900
10885,2026-01-09 18:21:00,CLI-125,Mercado Pago,9800
10886,2026-01-09 19:28:00,CLI-248,Mercado Pago,8100
10887,2026-01-09 11:13:00,CLI-230,Mercado Pago,7400
10888,2026-01-09 12:44:00,CLI-167,Mercado Pago,10000
10889,2026-01-09 08:35:00,CLI-241,Credito,5900
10890,2026-01-09 09:20:00,CLI-163,Mercado Pago,17900
10891,2026-01-09 09:22:00,Consumidor Final,Efectivo,4400
10892,2026-01-09 11:47:00,Consumidor Final,Efectivo,8550
10893,2026-01-09 12:54:00,Consumidor Final,Efectivo,22700
10894,2026-01-09 08:05:00,Consumidor Final,Credito,6000
10895,2026-01-09 19:29:00,CLI-206,Mercado Pago,5600
10896,2026-01-09 16:27:00,Consumidor Final,Mercado Pago,6900
10897,2026-01-09 18:33:00,Consumidor Final,Efectivo,13700
10898,2026-01-09 11:17:00,Consumidor Final,Mercado Pago,6600
10899,2026-01-09 16:30:00,Consumidor Final,Efectivo,7150
10900,2026-01-09 10:56:00,CLI-189,Mercado Pago,4950
10901,2026-01-09 09:07:00,CLI-212,Mercado Pago,11700
10902,2026-01-09 11:59:00,Consumidor Final,Efectivo,900
10903,2026-01-09 09:24:00,Consumidor Final,Efectivo,2600
10904,2026-01-09 12:55:00,CLI-211,Debito,12400
10905,2026-01-09 19:13:00,CLI-257,Credito,6700
10906,2026-01-09 09:27:00,CLI-149,Debito,5150
10907,2026-01-09 09:22:00,Consumidor Final,Credito,12800
10908,2026-01-09 08:11:00,CLI-118,Mercado Pago,12150
10909,2026-01-09 11:59:00,CLI-125,Efectivo,3150
10910,2026-01-09 12:01:00,Consumidor Final,Mercado Pago,7900
10911,2026-01-09 08:39:00,CLI-213,Mercado Pago,7400
10912,2026-01-09 19:38:00,CLI-127,Debito,1800
10913,2026-01-09 10:23:00,CLI-116,Debito,3800
10914,2026-01-09 09:52:00,Consumidor Final,Debito,14600
10915,2026-01-09 10:06:00,CLI-209,Efectivo,9100
10916,2026-01-09 17:26:00,CLI-159,Debito,11200
10917,2026-01-09 09:38:00,CLI-199,Mercado Pago,4500
10918,2026-01-09 09:29:00,Consumidor Final,Debito,7700
10919,2026-01-09 20:22:00,Consumidor Final,Efectivo,7100
10920,2026-01-09 17:10:00,CLI-218,Efectivo,11400
10921,2026-01-09 19:47:00,CLI-279,Efectivo,9850
10922,2026-01-09 18:11:00,CLI-129,Efectivo,7600
10923,2026-01-09 16:16:00,CLI-182,Efectivo,2400
10924,2026-01-09 11:59:00,CLI-151,Debito,10800
10925,2026-01-09 11:15:00,Consumidor Final,Mercado Pago,14100
10926,2026-01-09 20:08:00,CLI-199,Mercado Pago,11100
10927,2026-01-09 08:07:00,CLI-152,Efectivo,2200
10928,2026-01-09 17:10:00,Consumidor Final,Mercado Pago,8100
10929,2026-01-09 09:30:00,Consumidor Final,Debito,14400
10930,2026-01-09 18:46:00,CLI-215,Debito,2200
10931,2026-01-09 20:44:00,CLI-281,Debito,7100
10932,2026-01-09 08:53:00,CLI-295,Debito,3300
10933,2026-01-09 18:33:00,Consumidor Final,Mercado Pago,11400
10934,2026-01-09 12:52:00,CLI-244,Efectivo,6700
10935,2026-01-09 18:12:00,CLI-116,Mercado Pago,4200
10936,2026-01-09 08:00:00,Consumidor Final,Efectivo,22700
10937,2026-01-09 20:42:00,CLI-265,Mercado Pago,3200
10938,2026-01-09 19:50:00,CLI-117,Efectivo,9600
10939,2026-01-09 08:16:00,CLI-145,Mercado Pago,9450
10940,2026-01-10 18:56:00,CLI-154,Mercado Pago,3800
10941,2026-01-10 17:58:00,Consumidor Final,Mercado Pago,8100
10942,2026-01-10 12:10:00,CLI-157,Efectivo,2200
10943,2026-01-10 19:13:00,CLI-253,Mercado Pago,4600
10944,2026-01-10 19:39:00,Consumidor Final,Efectivo,6700
10945,2026-01-10 20:30:00,CLI-249,Efectivo,2200
10946,2026-01-10 09:01:00,CLI-137,Mercado Pago,6500
10947,2026-01-10 20:13:00,CLI-240,Debito,26450
10948,2026-01-10 10:17:00,CLI-262,Mercado Pago,16600
10949,2026-01-10 10:12:00,CLI-102,Efectivo,3000
10950,2026-01-10 09:26:00,CLI-149,Mercado Pago,28300
10951,2026-01-10 09:18:00,CLI-265,Debito,4800
10952,2026-01-10 09:47:00,Consumidor Final,Efectivo,4000
10953,2026-01-10 10:37:00,Consumidor Final,Mercado Pago,5600
10954,2026-01-10 08:53:00,Consumidor Final,Debito,17700
10955,2026-01-10 18:19:00,CLI-129,Mercado Pago,5800
10956,2026-01-10 19:23:00,CLI-149,Efectivo,13300
10957,2026-01-10 10:18:00,CLI-113,Debito,900
10958,2026-01-10 20:01:00,Consumidor Final,Debito,11300
10959,2026-01-10 17:44:00,CLI-193,Efectivo,4500
10960,2026-01-10 18:15:00,CLI-182,Credito,7050
10961,2026-01-10 17:18:00,CLI-212,Efectivo,900
10962,2026-01-10 19:30:00,Consumidor Final,Credito,7600
10963,2026-01-10 17:38:00,Consumidor Final,Efectivo,9300
10964,2026-01-10 10:35:00,Consumidor Final,Debito,22700
10965,2026-01-10 10:19:00,Consumidor Final,Debito,23750
10966,2026-01-10 17:35:00,Consumidor Final,Mercado Pago,9250
10967,2026-01-10 11:57:00,CLI-252,Credito,9850
10968,2026-01-10 16:50:00,CLI-186,Mercado Pago,5100
10969,2026-01-10 18:57:00,CLI-140,Credito,4500
10970,2026-01-10 08:08:00,Consumidor Final,Efectivo,3000
10971,2026-01-10 09:50:00,CLI-217,Debito,19350
10972,2026-01-10 20:28:00,Consumidor Final,Mercado Pago,7500
10973,2026-01-10 08:02:00,Consumidor Final,Debito,3800
10974,2026-01-10 17:49:00,CLI-133,Mercado Pago,15450
10975,2026-01-10 08:47:00,Consumidor Final,Efectivo,28950
10976,2026-01-10 09:10:00,CLI-276,Mercado Pago,7850
10977,2026-01-10 16:05:00,CLI-221,Debito,1800
10978,2026-01-10 18:40:00,Consumidor Final,Credito,12000
10979,2026-01-10 18:29:00,CLI-204,Mercado Pago,18700
10980,2026-01-10 10:00:00,CLI-297,Mercado Pago,10300
10981,2026-01-10 12:21:00,Consumidor Final,Efectivo,7400
10982,2026-01-10 11:42:00,CLI-140,Mercado Pago,1600
10983,2026-01-10 16:18:00,Consumidor Final,Mercado Pago,16800
10984,2026-01-10 10:46:00,Consumidor Final,Efectivo,3300
10985,2026-01-10 18:21:00,CLI-280,Debito,11900
10986,2026-01-10 08:46:00,CLI-234,Efectivo,3400
10987,2026-01-10 17:49:00,CLI-143,Debito,3000
10988,2026-01-10 09:06:00,CLI-203,Debito,10550
10989,2026-01-10 10:21:00,CLI-116,Debito,14350
10990,2026-01-10 20:29:00,CLI-203,Efectivo,1100
10991,2026-01-10 17:12:00,Consumidor Final,Debito,12900
10992,2026-01-10 12:31:00,Consumidor Final,Efectivo,3800
10993,2026-01-10 18:21:00,Consumidor Final,Mercado Pago,12450
10994,2026-01-10 19:08:00,Consumidor Final,Efectivo,6800
10995,2026-01-10 17:15:00,CLI-272,Mercado Pago,10500
10996,2026-01-10 10:46:00,CLI-232,Efectivo,1500
10997,2026-01-10 12:56:00,CLI-161,Debito,16000
10998,2026-01-10 09:29:00,Consumidor Final,Efectivo,3300
10999,2026-01-10 20:41:00,CLI-231,Debito,6800
11000,2026-01-10 12:36:00,CLI-250,Mercado Pago,1800
11001,2026-01-10 17:51:00,CLI-202,Credito,24400
11002,2026-01-10 12:51:00,CLI-122,Debito,4350
11003,2026-01-10 20:44:00,Consumidor Final,Efectivo,3300
11004,2026-01-10 19:19:00,CLI-253,Mercado Pago,25700
11005,2026-01-10 20:32:00,Consumidor Final,Debito,8500
11006,2026-01-10 20:38:00,Consumidor Final,Efectivo,4450
11007,2026-01-10 10:07:00,CLI-120,Efectivo,8500
11008,2026-01-10 17:06:00,CLI-259,Efectivo,4550
11009,2026-01-10 19:28:00,CLI-199,Mercado Pago,7600
11010,2026-01-10 09:33:00,CLI-242,Mercado Pago,15600
11011,2026-01-10 18:28:00,Consumidor Final,Debito,13950
11012,2026-01-10 19:56:00,Consumidor Final,Debito,15200
11013,2026-01-10 18:20:00,Consumidor Final,Debito,3200
11014,2026-01-10 20:29:00,Consumidor Final,Debito,25200
11015,2026-01-10 20:35:00,CLI-161,Efectivo,4050
11016,2026-01-10 10:48:00,Consumidor Final,Mercado Pago,1500
11017,2026-01-10 11:04:00,CLI-108,Mercado Pago,9950
11018,2026-01-10 18:34:00,CLI-202,Mercado Pago,7300
11019,2026-01-10 10:27:00,Consumidor Final,Mercado Pago,12000
11020,2026-01-10 17:17:00,CLI-115,Mercado Pago,22000
11021,2026-01-10 09:23:00,Consumidor Final,Credito,2400
11022,2026-01-10 20:27:00,CLI-263,Debito,7600
11023,2026-01-10 20:09:00,CLI-216,Efectivo,4800
11024,2026-01-10 16:45:00,Consumidor Final,Debito,15500
11025,2026-01-10 20:37:00,CLI-245,Efectivo,13700
11026,2026-01-11 12:17:00,CLI-198,Efectivo,12500
11027,2026-01-11 11:27:00,CLI-118,Efectivo,750
11028,2026-01-11 18:46:00,Consumidor Final,Mercado Pago,6400
11029,2026-01-11 12:24:00,CLI-188,Credito,5900
11030,2026-01-11 17:11:00,CLI-159,Credito,5400
11031,2026-01-11 11:41:00,CLI-176,Debito,1500
11032,2026-01-11 12:25:00,CLI-206,Efectivo,4100
11033,2026-01-11 18:46:00,Consumidor Final,Debito,11000
11034,2026-01-11 10:23:00,Consumidor Final,Efectivo,750
11035,2026-01-11 20:00:00,Consumidor Final,Mercado Pago,17750
11036,2026-01-11 08:40:00,CLI-247,Mercado Pago,4200
11037,2026-01-11 16:23:00,CLI-174,Mercado Pago,1600
11038,2026-01-11 16:33:00,Consumidor Final,Debito,12150
11039,2026-01-11 20:46:00,CLI-202,Credito,4400
11040,2026-01-11 11:45:00,Consumidor Final,Efectivo,1600
11041,2026-01-11 16:28:00,CLI-147,Mercado Pago,12600
11042,2026-01-11 08:11:00,CLI-249,Mercado Pago,1850
11043,2026-01-11 10:02:00,CLI-132,Mercado Pago,3100
11044,2026-01-11 12:54:00,CLI-242,Debito,6600
11045,2026-01-11 08:37:00,Consumidor Final,Debito,3200
11046,2026-01-11 11:47:00,CLI-226,Debito,9300
11047,2026-01-11 16:24:00,Consumidor Final,Mercado Pago,23400
11048,2026-01-11 19:27:00,Consumidor Final,Debito,2200
11049,2026-01-11 11:07:00,CLI-230,Efectivo,6700
11050,2026-01-11 18:29:00,CLI-237,Mercado Pago,9450
11051,2026-01-11 09:40:00,Consumidor Final,Efectivo,9100
11052,2026-01-11 20:06:00,Consumidor Final,Efectivo,17900
11053,2026-01-11 08:59:00,CLI-239,Efectivo,16300
11054,2026-01-11 20:31:00,CLI-250,Mercado Pago,4800
11055,2026-01-11 09:05:00,CLI-260,Debito,4500
11056,2026-01-11 18:56:00,CLI-268,Efectivo,2900
11057,2026-01-11 09:58:00,Consumidor Final,Mercado Pago,16550
11058,2026-01-11 09:27:00,CLI-201,Debito,20600
11059,2026-01-11 12:50:00,Consumidor Final,Mercado Pago,5400
11060,2026-01-11 11:00:00,CLI-193,Efectivo,11650
11061,2026-01-11 18:24:00,Consumidor Final,Debito,1100
11062,2026-01-11 10:02:00,CLI-133,Efectivo,21600
11063,2026-01-11 18:50:00,CLI-270,Efectivo,6650
11064,2026-01-11 10:56:00,Consumidor Final,Efectivo,7900
11065,2026-01-11 17:30:00,CLI-101,Debito,17950
11066,2026-01-11 11:50:00,CLI-225,Efectivo,3800
11067,2026-01-11 09:56:00,Consumidor Final,Debito,3300
11068,2026-01-11 08:31:00,CLI-255,Mercado Pago,3850
11069,2026-01-11 10:50:00,CLI-148,Debito,4100
11070,2026-01-11 10:17:00,Consumidor Final,Mercado Pago,16400
11071,2026-01-11 11:38:00,CLI-297,Mercado Pago,8100
11072,2026-01-11 19:52:00,CLI-112,Debito,1800
11073,2026-01-11 16:01:00,CLI-202,Debito,7600
11074,2026-01-11 16:03:00,Consumidor Final,Credito,7600
11075,2026-01-11 12:18:00,CLI-244,Efectivo,12100
11076,2026-01-11 12:52:00,CLI-187,Efectivo,4400
11077,2026-01-11 16:17:00,CLI-170,Efectivo,10500
11078,2026-01-11 12:35:00,CLI-201,Efectivo,5250
11079,2026-01-11 08:17:00,CLI-204,Debito,11200
11080,2026-01-11 12:58:00,CLI-260,Credito,6600
11081,2026-01-11 17:29:00,CLI-248,Mercado Pago,8800
11082,2026-01-11 20:21:00,Consumidor Final,Mercado Pago,7500
11083,2026-01-11 17:29:00,CLI-269,Mercado Pago,21000
11084,2026-01-11 18:24:00,CLI-285,Debito,4400
11085,2026-01-11 17:53:00,CLI-137,Efectivo,4700
11086,2026-01-11 11:40:00,CLI-192,Mercado Pago,6250
11087,2026-01-11 08:20:00,CLI-224,Credito,23950
11088,2026-01-11 17:01:00,Consumidor Final,Efectivo,3000
11089,2026-01-11 12:15:00,Consumidor Final,Debito,25150
11090,2026-01-11 11:29:00,CLI-267,Efectivo,12050
11091,2026-01-11 18:51:00,Consumidor Final,Debito,4500
11092,2026-01-11 18:30:00,Consumidor Final,Efectivo,5500
11093,2026-01-11 16:18:00,CLI-281,Efectivo,13200
11094,2026-01-11 09:10:00,CLI-293,Debito,13400
11095,2026-01-11 19:50:00,CLI-279,Mercado Pago,6350
11096,2026-01-11 19:50:00,CLI-100,Mercado Pago,14850
11097,2026-01-11 19:29:00,Consumidor Final,Mercado Pago,13200
11098,2026-01-11 17:06:00,Consumidor Final,Efectivo,5450
11099,2026-01-11 08:04:00,CLI-136,Debito,9000
11100,2026-01-11 20:39:00,Consumidor Final,Debito,14300
11101,2026-01-11 10:37:00,CLI-201,Efectivo,5100
11102,2026-01-11 16:33:00,CLI-174,Efectivo,4400
11103,2026-01-11 18:42:00,Consumidor Final,Debito,5800
11104,2026-01-11 11:47:00,Consumidor Final,Debito,2250
11105,2026-01-11 11:07:00,CLI-293,Mercado Pago,8450
11106,2026-01-11 12:14:00,CLI-163,Debito,9100
11107,2026-01-11 19:19:00,CLI-269,Debito,7700
11108,2026-01-11 10:20:00,Consumidor Final,Debito,3600
11109,2026-01-11 17:24:00,CLI-271,Debito,5250
11110,2026-01-11 12:20:00,CLI-223,Debito,6600
11111,2026-01-11 20:21:00,CLI-283,Efectivo,3800
11112,2026-01-11 19:31:00,Consumidor Final,Credito,6900
11113,2026-01-12 12:44:00,CLI-123,Credito,10300
11114,2026-01-12 11:31:00,Consumidor Final,Efectivo,3000
11115,2026-01-12 11:59:00,CLI-102,Debito,15600
11116,2026-01-12 11:53:00,CLI-278,Debito,6700
11117,2026-01-12 11:22:00,Consumidor Final,Credito,7400
11118,2026-01-12 11:19:00,CLI-238,Efectivo,1650
11119,2026-01-12 10:59:00,Consumidor Final,Debito,21000
11120,2026-01-12 19:38:00,Consumidor Final,Debito,13800
11121,2026-01-12 17:55:00,Consumidor Final,Mercado Pago,7600
11122,2026-01-12 18:21:00,CLI-102,Credito,11800
11123,2026-01-12 20:48:00,CLI-292,Debito,23850
11124,2026-01-12 18:41:00,Consumidor Final,Efectivo,5000
11125,2026-01-12 16:25:00,Consumidor Final,Debito,25500
11126,2026-01-12 19:53:00,CLI-196,Mercado Pago,10150
11127,2026-01-12 12:01:00,CLI-235,Debito,3000
11128,2026-01-12 18:31:00,Consumidor Final,Credito,14400
11129,2026-01-12 08:51:00,Consumidor Final,Efectivo,3200
11130,2026-01-12 18:26:00,CLI-249,Efectivo,5850
11131,2026-01-12 17:29:00,Consumidor Final,Debito,19000
11132,2026-01-12 19:11:00,CLI-249,Mercado Pago,9600
11133,2026-01-12 10:03:00,CLI-146,Mercado Pago,2700
11134,2026-01-12 10:09:00,Consumidor Final,Mercado Pago,13600
11135,2026-01-12 20:18:00,Consumidor Final,Mercado Pago,20400
11136,2026-01-12 16:34:00,Consumidor Final,Debito,3300
11137,2026-01-12 11:53:00,CLI-213,Efectivo,5950
11138,2026-01-12 08:16:00,CLI-153,Debito,19100
11139,2026-01-12 11:37:00,CLI-231,Debito,2250
11140,2026-01-12 16:16:00,CLI-292,Mercado Pago,10250
11141,2026-01-12 18:26:00,CLI-154,Mercado Pago,8600
11142,2026-01-12 18:28:00,CLI-148,Debito,8550
11143,2026-01-12 20:12:00,CLI-256,Debito,8100
11144,2026-01-12 18:17:00,CLI-227,Credito,22800
11145,2026-01-12 09:08:00,Consumidor Final,Debito,3300
11146,2026-01-12 11:00:00,Consumidor Final,Mercado Pago,31850
11147,2026-01-12 19:23:00,Consumidor Final,Debito,3800
11148,2026-01-12 18:15:00,CLI-109,Efectivo,8700
11149,2026-01-12 11:20:00,Consumidor Final,Mercado Pago,4950
11150,2026-01-12 19:30:00,CLI-173,Credito,16900
11151,2026-01-12 17:51:00,Consumidor Final,Debito,17000
11152,2026-01-12 10:57:00,CLI-204,Debito,6800
11153,2026-01-12 16:31:00,CLI-160,Credito,2200
11154,2026-01-12 11:45:00,Consumidor Final,Debito,6950
11155,2026-01-12 08:09:00,CLI-147,Mercado Pago,10250
11156,2026-01-12 18:28:00,CLI-165,Efectivo,2200
11157,2026-01-12 19:50:00,CLI-123,Credito,4600
11158,2026-01-12 11:59:00,CLI-234,Debito,8450
11159,2026-01-12 18:39:00,Consumidor Final,Mercado Pago,9600
11160,2026-01-12 12:11:00,CLI-177,Debito,25600
11161,2026-01-12 16:37:00,CLI-101,Mercado Pago,2250
11162,2026-01-12 10:58:00,CLI-135,Efectivo,1600
11163,2026-01-12 11:44:00,Consumidor Final,Debito,14700
11164,2026-01-12 09:35:00,Consumidor Final,Debito,6600
11165,2026-01-12 09:14:00,CLI-293,Debito,10800
11166,2026-01-12 18:29:00,Consumidor Final,Mercado Pago,8900
11167,2026-01-12 19:27:00,CLI-109,Mercado Pago,4500
11168,2026-01-12 17:38:00,CLI-145,Efectivo,16700
11169,2026-01-12 17:17:00,CLI-115,Debito,2200
11170,2026-01-12 17:27:00,CLI-141,Efectivo,14900
11171,2026-01-12 10:09:00,CLI-288,Mercado Pago,6600
11172,2026-01-12 17:51:00,CLI-122,Credito,5700
11173,2026-01-12 16:11:00,Consumidor Final,Debito,4600
11174,2026-01-12 20:47:00,Consumidor Final,Efectivo,11350
11175,2026-01-12 19:00:00,CLI-286,Mercado Pago,6000
11176,2026-01-12 09:52:00,Consumidor Final,Debito,27300
11177,2026-01-12 10:24:00,CLI-288,Mercado Pago,9350
11178,2026-01-12 19:09:00,CLI-195,Credito,6600
11179,2026-01-12 09:25:00,Consumidor Final,Efectivo,16900
11180,2026-01-12 16:52:00,CLI-288,Mercado Pago,12400
11181,2026-01-12 17:45:00,CLI-179,Debito,4500
11182,2026-01-12 10:19:00,CLI-133,Credito,13100
11183,2026-01-12 08:42:00,Consumidor Final,Efectivo,4300
11184,2026-01-12 12:51:00,Consumidor Final,Debito,3000
11185,2026-01-12 11:46:00,CLI-159,Mercado Pago,21700
11186,2026-01-12 12:47:00,CLI-195,Efectivo,7200
11187,2026-01-12 20:52:00,Consumidor Final,Efectivo,16950
11188,2026-01-12 17:17:00,CLI-109,Efectivo,14700
11189,2026-01-12 08:40:00,CLI-143,Efectivo,10300
11190,2026-01-12 09:11:00,CLI-220,Debito,14100
11191,2026-01-12 18:19:00,Consumidor Final,Efectivo,11200
11192,2026-01-12 12:52:00,CLI-243,Efectivo,5400
11193,2026-01-12 11:47:00,Consumidor Final,Debito,18700
11194,2026-01-12 16:14:00,CLI-252,Debito,13500
11195,2026-01-12 10:57:00,Consumidor Final,Mercado Pago,2200
11196,2026-01-12 20:37:00,Consumidor Final,Credito,13650
11197,2026-01-12 10:44:00,CLI-281,Credito,6600
11198,2026-01-12 17:38:00,Consumidor Final,Credito,1800
11199,2026-01-12 10:40:00,CLI-113,Debito,20650
11200,2026-01-12 12:08:00,Consumidor Final,Efectivo,17150
11201,2026-01-13 18:36:00,CLI-112,Mercado Pago,18650
11202,2026-01-13 10:47:00,Consumidor Final,Credito,4400
11203,2026-01-13 16:13:00,CLI-104,Debito,2200
11204,2026-01-13 20:47:00,CLI-199,Efectivo,6000
11205,2026-01-13 08:15:00,Consumidor Final,Efectivo,14000
11206,2026-01-13 19:46:00,CLI-122,Efectivo,4200
11207,2026-01-13 08:09:00,CLI-201,Efectivo,13000
11208,2026-01-13 16:23:00,CLI-158,Debito,20350
11209,2026-01-13 16:04:00,CLI-185,Mercado Pago,8300
11210,2026-01-13 10:48:00,CLI-198,Mercado Pago,4400
11211,2026-01-13 18:07:00,Consumidor Final,Mercado Pago,7200
11212,2026-01-13 08:26:00,CLI-100,Mercado Pago,1800
11213,2026-01-13 09:25:00,CLI-224,Efectivo,2250
11214,2026-01-13 20:26:00,Consumidor Final,Efectivo,6600
11215,2026-01-13 16:30:00,CLI-252,Mercado Pago,1500
11216,2026-01-13 20:12:00,Consumidor Final,Debito,1500
11217,2026-01-13 08:13:00,Consumidor Final,Debito,1800
11218,2026-01-13 10:58:00,CLI-293,Efectivo,24350
11219,2026-01-13 18:36:00,Consumidor Final,Efectivo,15050
11220,2026-01-13 16:34:00,Consumidor Final,Debito,13600
11221,2026-01-13 11:36:00,CLI-293,Mercado Pago,15550
11222,2026-01-13 08:52:00,CLI-200,Debito,4450
11223,2026-01-13 09:58:00,CLI-162,Mercado Pago,24100
11224,2026-01-13 20:41:00,CLI-132,Debito,9800
11225,2026-01-13 10:22:00,CLI-289,Debito,8100
11226,2026-01-13 09:38:00,Consumidor Final,Debito,7700
11227,2026-01-13 16:11:00,CLI-153,Debito,5150
11228,2026-01-13 10:54:00,CLI-240,Credito,11400
11229,2026-01-13 12:11:00,CLI-183,Efectivo,14700
11230,2026-01-13 11:23:00,CLI-254,Mercado Pago,7700
11231,2026-01-13 20:59:00,CLI-286,Debito,2700
11232,2026-01-13 11:29:00,CLI-158,Efectivo,7550
11233,2026-01-13 08:37:00,CLI-238,Efectivo,7800
11234,2026-01-13 18:33:00,Consumidor Final,Efectivo,4500
11235,2026-01-13 18:16:00,CLI-104,Debito,12900
11236,2026-01-13 09:24:00,CLI-165,Mercado Pago,8350
11237,2026-01-13 12:25:00,CLI-128,Mercado Pago,6100
11238,2026-01-13 08:16:00,CLI-162,Credito,900
11239,2026-01-13 12:42:00,Consumidor Final,Debito,2700
11240,2026-01-13 12:00:00,Consumidor Final,Debito,1800
11241,2026-01-13 16:41:00,CLI-269,Debito,7200
11242,2026-01-13 09:25:00,Consumidor Final,Efectivo,9000
11243,2026-01-13 11:15:00,CLI-180,Efectivo,2200
11244,2026-01-13 18:24:00,CLI-231,Mercado Pago,3800
11245,2026-01-13 11:20:00,CLI-279,Efectivo,6650
11246,2026-01-13 17:47:00,CLI-215,Debito,5000
11247,2026-01-13 11:07:00,Consumidor Final,Debito,8400
11248,2026-01-13 20:08:00,Consumidor Final,Debito,8500
11249,2026-01-13 12:44:00,Consumidor Final,Debito,5000
11250,2026-01-13 11:35:00,CLI-160,Mercado Pago,19600
11251,2026-01-13 20:07:00,CLI-127,Mercado Pago,24950
11252,2026-01-13 16:55:00,Consumidor Final,Efectivo,4800
11253,2026-01-13 10:18:00,CLI-161,Mercado Pago,9650
11254,2026-01-13 16:28:00,CLI-273,Mercado Pago,4000
11255,2026-01-13 20:53:00,CLI-286,Mercado Pago,9200
11256,2026-01-13 12:01:00,Consumidor Final,Debito,5850
11257,2026-01-13 12:52:00,CLI-216,Credito,4500
11258,2026-01-13 09:37:00,CLI-242,Debito,13400
11259,2026-01-13 08:02:00,CLI-192,Debito,2200
11260,2026-01-13 09:00:00,CLI-147,Debito,13800
11261,2026-01-13 12:00:00,Consumidor Final,Efectivo,11400
11262,2026-01-13 20:43:00,CLI-106,Mercado Pago,10800
11263,2026-01-13 18:33:00,CLI-286,Credito,4200
11264,2026-01-13 18:48:00,CLI-233,Efectivo,9850
11265,2026-01-13 16:33:00,CLI-135,Mercado Pago,750
11266,2026-01-13 09:49:00,Consumidor Final,Efectivo,8500
11267,2026-01-13 12:05:00,CLI-280,Efectivo,12350
11268,2026-01-13 17:47:00,CLI-126,Credito,23200
11269,2026-01-13 09:10:00,CLI-251,Efectivo,1100
11270,2026-01-13 18:21:00,CLI-192,Efectivo,7300
11271,2026-01-13 10:20:00,Consumidor Final,Efectivo,1500
11272,2026-01-13 08:50:00,Consumidor Final,Credito,13000
11273,2026-01-13 19:06:00,CLI-287,Efectivo,10250
11274,2026-01-13 18:12:00,Consumidor Final,Mercado Pago,8300
11275,2026-01-13 09:37:00,CLI-218,Debito,16350
11276,2026-01-13 09:57:00,Consumidor Final,Mercado Pago,12300
11277,2026-01-13 10:38:00,CLI-277,Mercado Pago,10500
11278,2026-01-13 16:37:00,Consumidor Final,Efectivo,9400
11279,2026-01-13 11:06:00,CLI-189,Mercado Pago,3100
11280,2026-01-13 10:22:00,CLI-190,Efectivo,5850
11281,2026-01-13 12:33:00,CLI-186,Efectivo,900
11282,2026-01-13 20:39:00,CLI-238,Debito,2250
11283,2026-01-13 20:16:00,CLI-231,Efectivo,900
11284,2026-01-13 17:59:00,CLI-278,Mercado Pago,1600
11285,2026-01-13 11:41:00,CLI-143,Credito,27550
11286,2026-01-13 19:53:00,Consumidor Final,Debito,4800
11287,2026-01-13 18:00:00,Consumidor Final,Credito,2200
11288,2026-01-13 09:51:00,Consumidor Final,Mercado Pago,900
11289,2026-01-13 19:35:00,Consumidor Final,Efectivo,8500
11290,2026-01-13 11:38:00,CLI-176,Mercado Pago,13200
11291,2026-01-13 09:00:00,CLI-167,Credito,2250
11292,2026-01-13 11:47:00,Consumidor Final,Mercado Pago,18700
11293,2026-01-13 18:59:00,CLI-158,Efectivo,9200
11294,2026-01-13 08:45:00,Consumidor Final,Efectivo,7800
11295,2026-01-13 10:21:00,Consumidor Final,Credito,5850
11296,2026-01-13 12:42:00,Consumidor Final,Debito,8100
11297,2026-01-13 18:37:00,Consumidor Final,Debito,11500
11298,2026-01-13 19:36:00,CLI-133,Debito,11400
11299,2026-01-13 11:45:00,Consumidor Final,Mercado Pago,4800
11300,2026-01-13 11:28:00,Consumidor Final,Mercado Pago,3800
11301,2026-01-13 16:24:00,CLI-224,Efectivo,3700
11302,2026-01-13 20:45:00,CLI-179,Credito,1600
11303,2026-01-13 11:46:00,CLI-271,Mercado Pago,14850
11304,2026-01-14 08:06:00,CLI-183,Mercado Pago,14100
11305,2026-01-14 17:51:00,CLI-294,Efectivo,3600
11306,2026-01-14 08:39:00,CLI-221,Debito,11150
11307,2026-01-14 12:22:00,CLI-196,Efectivo,5350
11308,2026-01-14 20:36:00,Consumidor Final,Debito,11800
11309,2026-01-14 18:47:00,Consumidor Final,Efectivo,18700
11310,2026-01-14 08:09:00,CLI-261,Debito,2700
11311,2026-01-14 16:20:00,CLI-226,Debito,4800
11312,2026-01-14 19:34:00,Consumidor Final,Credito,4900
11313,2026-01-14 19:35:00,CLI-155,Mercado Pago,22400
11314,2026-01-14 19:56:00,Consumidor Final,Debito,2600
11315,2026-01-14 08:48:00,Consumidor Final,Efectivo,19500
11316,2026-01-14 17:00:00,CLI-107,Efectivo,6900
11317,2026-01-14 16:45:00,Consumidor Final,Credito,12300
11318,2026-01-14 08:43:00,Consumidor Final,Mercado Pago,22300
11319,2026-01-14 10:09:00,CLI-279,Debito,2200
11320,2026-01-14 11:09:00,CLI-230,Mercado Pago,11400
11321,2026-01-14 11:54:00,Consumidor Final,Mercado Pago,4300
11322,2026-01-14 18:45:00,CLI-235,Mercado Pago,22200
11323,2026-01-14 10:07:00,CLI-155,Efectivo,9600
11324,2026-01-14 17:04:00,CLI-205,Efectivo,8750
11325,2026-01-14 08:26:00,CLI-175,Debito,11400
11326,2026-01-14 10:15:00,Consumidor Final,Debito,1800
11327,2026-01-14 18:07:00,Consumidor Final,Debito,16600
11328,2026-01-14 20:05:00,CLI-217,Efectivo,2250
11329,2026-01-14 18:54:00,CLI-103,Credito,9300
11330,2026-01-14 19:56:00,Consumidor Final,Mercado Pago,11700
11331,2026-01-14 20:49:00,CLI-195,Debito,12700
11332,2026-01-14 12:54:00,Consumidor Final,Mercado Pago,1850
11333,2026-01-14 10:03:00,CLI-234,Efectivo,7100
11334,2026-01-14 17:22:00,CLI-227,Debito,1800
11335,2026-01-14 09:41:00,CLI-148,Debito,7400
11336,2026-01-14 16:47:00,Consumidor Final,Mercado Pago,9800
11337,2026-01-14 19:59:00,CLI-236,Mercado Pago,8300
11338,2026-01-14 11:52:00,Consumidor Final,Efectivo,15450
11339,2026-01-14 18:44:00,Consumidor Final,Efectivo,7100
11340,2026-01-14 10:16:00,CLI-268,Mercado Pago,24900
11341,2026-01-14 10:15:00,CLI-155,Debito,1800
11342,2026-01-14 09:29:00,CLI-116,Efectivo,1500
11343,2026-01-14 11:11:00,Consumidor Final,Credito,3200
11344,2026-01-14 20:18:00,Consumidor Final,Debito,11400
11345,2026-01-14 19:51:00,CLI-163,Debito,3600
11346,2026-01-14 12:14:00,Consumidor Final,Mercado Pago,6650
11347,2026-01-14 11:20:00,CLI-165,Credito,8400
11348,2026-01-14 12:30:00,Consumidor Final,Efectivo,2200
11349,2026-01-14 10:48:00,CLI-135,Efectivo,7600
11350,2026-01-14 16:35:00,Consumidor Final,Efectivo,10800
11351,2026-01-14 19:01:00,Consumidor Final,Efectivo,3600
11352,2026-01-14 18:13:00,CLI-166,Debito,11300
11353,2026-01-14 18:38:00,CLI-249,Mercado Pago,2200
11354,2026-01-14 11:53:00,CLI-293,Debito,8400
11355,2026-01-14 16:30:00,CLI-253,Efectivo,27100
11356,2026-01-14 18:25:00,CLI-193,Mercado Pago,12900
11357,2026-01-14 19:33:00,CLI-103,Mercado Pago,750
11358,2026-01-14 09:49:00,Consumidor Final,Mercado Pago,31300
11359,2026-01-14 19:21:00,Consumidor Final,Efectivo,3600
11360,2026-01-14 17:32:00,CLI-156,Credito,28150
11361,2026-01-14 18:10:00,Consumidor Final,Efectivo,20550
11362,2026-01-14 12:13:00,CLI-117,Debito,900
11363,2026-01-14 09:40:00,CLI-141,Mercado Pago,750
11364,2026-01-14 17:55:00,CLI-277,Credito,23450
11365,2026-01-14 17:54:00,CLI-291,Debito,750
11366,2026-01-14 16:59:00,Consumidor Final,Mercado Pago,1100
11367,2026-01-14 17:06:00,CLI-123,Efectivo,2950
11368,2026-01-14 20:50:00,CLI-175,Debito,19950
11369,2026-01-14 17:09:00,CLI-114,Debito,2200
11370,2026-01-14 18:59:00,CLI-268,Mercado Pago,22500
11371,2026-01-14 16:07:00,Consumidor Final,Mercado Pago,6600
11372,2026-01-14 11:50:00,CLI-114,Mercado Pago,15200
11373,2026-01-14 08:30:00,Consumidor Final,Mercado Pago,10000
11374,2026-01-14 09:00:00,Consumidor Final,Debito,15800
11375,2026-01-14 19:39:00,Consumidor Final,Mercado Pago,7800
11376,2026-01-14 09:31:00,CLI-256,Mercado Pago,14650
11377,2026-01-14 08:02:00,CLI-214,Efectivo,1600
11378,2026-01-14 17:16:00,Consumidor Final,Debito,24600
11379,2026-01-14 17:13:00,CLI-181,Debito,14250
11380,2026-01-14 17:57:00,Consumidor Final,Efectivo,1800
11381,2026-01-14 18:15:00,Consumidor Final,Credito,11900
11382,2026-01-14 20:07:00,CLI-200,Mercado Pago,7600
11383,2026-01-14 16:10:00,CLI-134,Mercado Pago,9100
11384,2026-01-14 12:53:00,CLI-170,Efectivo,7700
11385,2026-01-14 12:36:00,Consumidor Final,Credito,17700
11386,2026-01-14 16:29:00,CLI-135,Efectivo,4800
11387,2026-01-14 18:52:00,Consumidor Final,Efectivo,6500
11388,2026-01-14 12:11:00,CLI-183,Credito,12500
11389,2026-01-14 18:19:00,Consumidor Final,Efectivo,1500
11390,2026-01-15 20:28:00,CLI-134,Efectivo,7650
11391,2026-01-15 20:28:00,CLI-154,Debito,16200
11392,2026-01-15 20:36:00,CLI-285,Debito,10850
11393,2026-01-15 10:49:00,CLI-126,Efectivo,20300
11394,2026-01-15 10:56:00,Consumidor Final,Debito,750
11395,2026-01-15 19:25:00,CLI-265,Credito,18100
11396,2026-01-15 18:04:00,CLI-170,Debito,20550
11397,2026-01-15 12:54:00,CLI-195,Mercado Pago,1800
11398,2026-01-15 12:53:00,CLI-298,Efectivo,4400
11399,2026-01-15 10:04:00,Consumidor Final,Debito,3700
11400,2026-01-15 08:30:00,CLI-138,Efectivo,26950
11401,2026-01-15 19:56:00,CLI-108,Efectivo,9150
11402,2026-01-15 19:15:00,Consumidor Final,Debito,16400
11403,2026-01-15 09:35:00,Consumidor Final,Debito,9500
11404,2026-01-15 18:16:00,CLI-167,Debito,10950
11405,2026-01-15 17:21:00,Consumidor Final,Efectivo,4900
11406,2026-01-15 20:33:00,Consumidor Final,Efectivo,16750
11407,2026-01-15 16:32:00,Consumidor Final,Efectivo,13050
11408,2026-01-15 11:03:00,Consumidor Final,Mercado Pago,3400
11409,2026-01-15 19:29:00,CLI-193,Credito,3200
11410,2026-01-15 12:15:00,Consumidor Final,Mercado Pago,7200
11411,2026-01-15 08:10:00,CLI-119,Credito,3100
11412,2026-01-15 20:49:00,Consumidor Final,Efectivo,1800
11413,2026-01-15 17:29:00,Consumidor Final,Debito,4550
11414,2026-01-15 16:11:00,Consumidor Final,Efectivo,14900
11415,2026-01-15 11:41:00,CLI-217,Credito,6900
11416,2026-01-15 16:33:00,CLI-191,Debito,4050
11417,2026-01-15 10:07:00,CLI-170,Efectivo,11000
11418,2026-01-15 11:34:00,Consumidor Final,Mercado Pago,4450
11419,2026-01-15 17:56:00,Consumidor Final,Debito,9300
11420,2026-01-15 08:46:00,CLI-137,Debito,10000
11421,2026-01-15 10:20:00,CLI-125,Efectivo,3800
11422,2026-01-15 08:05:00,Consumidor Final,Credito,7700
11423,2026-01-15 11:16:00,Consumidor Final,Mercado Pago,2000
11424,2026-01-15 19:40:00,CLI-211,Mercado Pago,5850
11425,2026-01-15 08:18:00,Consumidor Final,Debito,14600
11426,2026-01-15 18:59:00,CLI-117,Debito,13300
11427,2026-01-15 17:54:00,Consumidor Final,Efectivo,4600
11428,2026-01-15 19:55:00,Consumidor Final,Mercado Pago,8850
11429,2026-01-15 18:20:00,Consumidor Final,Efectivo,3200
11430,2026-01-15 12:44:00,CLI-214,Mercado Pago,5200
11431,2026-01-15 10:02:00,Consumidor Final,Mercado Pago,8350
11432,2026-01-15 19:01:00,CLI-213,Debito,4500
11433,2026-01-15 08:44:00,CLI-121,Efectivo,3300
11434,2026-01-15 20:03:00,Consumidor Final,Debito,8400
11435,2026-01-15 10:20:00,CLI-256,Debito,900
11436,2026-01-15 12:55:00,Consumidor Final,Efectivo,5250
11437,2026-01-15 17:13:00,Consumidor Final,Efectivo,4400
11438,2026-01-15 18:09:00,Consumidor Final,Mercado Pago,6900
11439,2026-01-15 12:12:00,CLI-288,Efectivo,9300
11440,2026-01-15 20:38:00,CLI-167,Debito,18300
11441,2026-01-15 18:52:00,CLI-197,Efectivo,16550
11442,2026-01-15 10:04:00,CLI-185,Mercado Pago,9900
11443,2026-01-15 09:08:00,CLI-121,Debito,6750
11444,2026-01-15 12:58:00,Consumidor Final,Credito,4200
11445,2026-01-15 12:35:00,Consumidor Final,Efectivo,4550
11446,2026-01-15 11:53:00,CLI-165,Debito,12800
11447,2026-01-15 17:28:00,CLI-178,Debito,3300
11448,2026-01-15 09:54:00,Consumidor Final,Debito,6300
11449,2026-01-15 12:13:00,CLI-104,Efectivo,6600
11450,2026-01-15 18:04:00,Consumidor Final,Efectivo,2200
11451,2026-01-15 16:39:00,Consumidor Final,Efectivo,9800
11452,2026-01-15 16:34:00,CLI-222,Efectivo,4550
11453,2026-01-15 16:36:00,CLI-107,Mercado Pago,8100
11454,2026-01-15 16:36:00,CLI-182,Mercado Pago,14700
11455,2026-01-15 16:47:00,Consumidor Final,Credito,11450
11456,2026-01-15 08:36:00,CLI-106,Mercado Pago,1800
11457,2026-01-15 16:01:00,CLI-203,Efectivo,17300
11458,2026-01-15 08:01:00,Consumidor Final,Mercado Pago,1100
11459,2026-01-15 12:24:00,Consumidor Final,Efectivo,4800
11460,2026-01-15 08:51:00,CLI-168,Mercado Pago,4800
11461,2026-01-15 08:25:00,CLI-252,Mercado Pago,7300
11462,2026-01-15 17:01:00,CLI-211,Mercado Pago,750
11463,2026-01-15 18:49:00,Consumidor Final,Mercado Pago,750
11464,2026-01-15 11:03:00,CLI-250,Mercado Pago,6000
11465,2026-01-15 16:19:00,CLI-271,Debito,18000
11466,2026-01-15 20:24:00,Consumidor Final,Credito,16300
11467,2026-01-15 11:39:00,CLI-184,Mercado Pago,22500
11468,2026-01-15 11:57:00,CLI-299,Debito,9600
11469,2026-01-15 10:37:00,CLI-181,Efectivo,3850
11470,2026-01-15 17:00:00,CLI-247,Credito,7600
11471,2026-01-15 20:03:00,Consumidor Final,Mercado Pago,21000
11472,2026-01-15 17:20:00,CLI-246,Debito,4800
11473,2026-01-15 19:19:00,Consumidor Final,Mercado Pago,9800
11474,2026-01-15 16:16:00,CLI-279,Debito,10400
11475,2026-01-15 20:38:00,CLI-239,Debito,4800
11476,2026-01-15 19:33:00,CLI-289,Mercado Pago,18250
11477,2026-01-15 20:16:00,CLI-212,Credito,10200
11478,2026-01-15 12:52:00,CLI-275,Debito,13600
11479,2026-01-15 18:10:00,CLI-283,Efectivo,5100
11480,2026-01-15 20:15:00,Consumidor Final,Debito,11400
11481,2026-01-15 16:10:00,Consumidor Final,Efectivo,8900
11482,2026-01-15 12:19:00,CLI-213,Credito,3200
11483,2026-01-15 16:25:00,CLI-149,Efectivo,17300
11484,2026-01-15 10:38:00,CLI-209,Debito,15150
11485,2026-01-15 17:41:00,Consumidor Final,Debito,2250
11486,2026-01-15 19:19:00,Consumidor Final,Credito,11100
11487,2026-01-15 08:56:00,Consumidor Final,Efectivo,3800
11488,2026-01-15 10:29:00,Consumidor Final,Debito,900
11489,2026-01-15 19:39:00,Consumidor Final,Debito,9200
11490,2026-01-15 20:21:00,CLI-223,Efectivo,21450
11491,2026-01-15 16:51:00,Consumidor Final,Debito,3600
11492,2026-01-15 17:32:00,CLI-185,Mercado Pago,16700
11493,2026-01-15 18:23:00,CLI-200,Debito,22700
11494,2026-01-15 17:45:00,CLI-172,Debito,10050
11495,2026-01-15 16:37:00,Consumidor Final,Debito,19800
11496,2026-01-15 16:52:00,CLI-175,Debito,10100
11497,2026-01-15 17:20:00,Consumidor Final,Efectivo,20000
11498,2026-01-15 08:02:00,CLI-282,Mercado Pago,2200
11499,2026-01-15 10:44:00,CLI-227,Debito,1800
11500,2026-01-16 18:36:00,Consumidor Final,Efectivo,6550
11501,2026-01-16 17:22:00,Consumidor Final,Mercado Pago,1800
11502,2026-01-16 08:31:00,CLI-188,Efectivo,3000
11503,2026-01-16 18:25:00,CLI-162,Mercado Pago,22250
11504,2026-01-16 18:45:00,Consumidor Final,Mercado Pago,4500
11505,2026-01-16 10:54:00,CLI-155,Mercado Pago,7200
11506,2026-01-16 20:07:00,CLI-288,Credito,4200
11507,2026-01-16 09:35:00,CLI-233,Debito,4000
11508,2026-01-16 19:16:00,Consumidor Final,Mercado Pago,8400
11509,2026-01-16 20:08:00,CLI-176,Credito,2600
11510,2026-01-16 09:16:00,CLI-225,Mercado Pago,1800
11511,2026-01-16 20:13:00,CLI-191,Mercado Pago,6200
11512,2026-01-16 09:27:00,CLI-100,Mercado Pago,8450
11513,2026-01-16 16:58:00,CLI-102,Efectivo,21500
11514,2026-01-16 12:03:00,CLI-214,Efectivo,8900
11515,2026-01-16 17:41:00,CLI-163,Debito,6050
11516,2026-01-16 16:34:00,CLI-105,Mercado Pago,14400
11517,2026-01-16 16:22:00,Consumidor Final,Efectivo,10700
11518,2026-01-16 08:03:00,Consumidor Final,Mercado Pago,1800
11519,2026-01-16 19:54:00,Consumidor Final,Efectivo,10700
11520,2026-01-16 10:54:00,Consumidor Final,Mercado Pago,1500
11521,2026-01-16 09:27:00,CLI-266,Efectivo,17800
11522,2026-01-16 17:44:00,Consumidor Final,Credito,24750
11523,2026-01-16 16:56:00,Consumidor Final,Efectivo,18300
11524,2026-01-16 18:59:00,Consumidor Final,Efectivo,3450
11525,2026-01-16 18:10:00,Consumidor Final,Debito,7900
11526,2026-01-16 08:48:00,Consumidor Final,Mercado Pago,5650
11527,2026-01-16 11:23:00,CLI-139,Mercado Pago,5400
11528,2026-01-16 10:39:00,CLI-292,Mercado Pago,3800
11529,2026-01-16 10:36:00,CLI-252,Debito,27850
11530,2026-01-16 20:31:00,CLI-117,Credito,900
11531,2026-01-16 12:47:00,CLI-199,Debito,15800
11532,2026-01-16 20:22:00,Consumidor Final,Debito,11400
11533,2026-01-16 17:54:00,CLI-159,Mercado Pago,8250
11534,2026-01-16 19:28:00,Consumidor Final,Mercado Pago,5400
11535,2026-01-16 11:31:00,CLI-221,Efectivo,4400
11536,2026-01-16 12:08:00,CLI-223,Debito,29450
11537,2026-01-16 20:51:00,Consumidor Final,Debito,17350
11538,2026-01-16 09:27:00,CLI-271,Mercado Pago,2700
11539,2026-01-16 08:48:00,CLI-267,Debito,1100
11540,2026-01-16 12:39:00,CLI-256,Debito,6700
11541,2026-01-16 08:03:00,CLI-209,Efectivo,12150
11542,2026-01-16 09:50:00,CLI-153,Efectivo,2200
11543,2026-01-16 12:09:00,CLI-120,Debito,1800
11544,2026-01-16 19:22:00,CLI-254,Mercado Pago,3000
11545,2026-01-16 08:35:00,Consumidor Final,Mercado Pago,24800
11546,2026-01-16 09:32:00,CLI-202,Efectivo,3700
11547,2026-01-16 19:42:00,Consumidor Final,Mercado Pago,19600
11548,2026-01-16 12:17:00,Consumidor Final,Efectivo,7000
11549,2026-01-16 18:25:00,Consumidor Final,Efectivo,8300
11550,2026-01-16 20:45:00,CLI-267,Mercado Pago,3100
11551,2026-01-16 11:08:00,CLI-168,Efectivo,6050
11552,2026-01-16 08:33:00,Consumidor Final,Efectivo,2200
11553,2026-01-16 17:31:00,CLI-175,Mercado Pago,1500
11554,2026-01-16 09:51:00,Consumidor Final,Credito,7000
11555,2026-01-16 16:14:00,CLI-103,Mercado Pago,4050
11556,2026-01-16 10:00:00,Consumidor Final,Efectivo,1100
11557,2026-01-16 17:57:00,CLI-242,Mercado Pago,19300
11558,2026-01-16 18:43:00,CLI-273,Efectivo,14950
11559,2026-01-16 17:53:00,CLI-239,Mercado Pago,3600
11560,2026-01-16 20:01:00,Consumidor Final,Efectivo,2550
11561,2026-01-16 18:22:00,Consumidor Final,Efectivo,27600
11562,2026-01-16 08:11:00,CLI-106,Mercado Pago,10000
11563,2026-01-16 12:59:00,CLI-152,Mercado Pago,10450
11564,2026-01-16 20:19:00,CLI-262,Mercado Pago,18050
11565,2026-01-16 08:02:00,CLI-220,Debito,1800
11566,2026-01-16 08:35:00,CLI-101,Debito,7600
11567,2026-01-16 17:45:00,CLI-154,Efectivo,14300
11568,2026-01-16 09:18:00,CLI-120,Efectivo,9700
11569,2026-01-16 11:30:00,Consumidor Final,Mercado Pago,13150
11570,2026-01-16 09:28:00,CLI-161,Efectivo,4800
11571,2026-01-16 16:46:00,Consumidor Final,Mercado Pago,9700
11572,2026-01-16 18:50:00,CLI-213,Mercado Pago,12100
11573,2026-01-16 09:33:00,Consumidor Final,Mercado Pago,19800
11574,2026-01-16 16:48:00,CLI-202,Efectivo,5100
11575,2026-01-16 20:01:00,Consumidor Final,Debito,2700
11576,2026-01-16 11:10:00,CLI-254,Debito,1500
11577,2026-01-16 18:47:00,CLI-201,Debito,1500
11578,2026-01-16 11:24:00,CLI-180,Debito,1600
11579,2026-01-16 08:37:00,CLI-253,Mercado Pago,22600
11580,2026-01-16 09:29:00,CLI-231,Debito,8900
11581,2026-01-16 11:00:00,CLI-263,Mercado Pago,3300
11582,2026-01-16 12:16:00,CLI-210,Mercado Pago,2700
11583,2026-01-16 09:44:00,Consumidor Final,Credito,5200
11584,2026-01-16 08:38:00,Consumidor Final,Mercado Pago,1500
11585,2026-01-16 08:29:00,CLI-139,Mercado Pago,750
11586,2026-01-16 20:54:00,Consumidor Final,Debito,23650
11587,2026-01-16 20:59:00,Consumidor Final,Mercado Pago,1600
11588,2026-01-16 10:11:00,Consumidor Final,Mercado Pago,2200
11589,2026-01-16 10:24:00,CLI-100,Credito,13150
11590,2026-01-16 19:29:00,Consumidor Final,Efectivo,9050
11591,2026-01-16 08:58:00,CLI-200,Mercado Pago,3200
11592,2026-01-16 16:56:00,CLI-129,Credito,19000
11593,2026-01-16 08:33:00,CLI-137,Mercado Pago,4400
11594,2026-01-16 12:32:00,CLI-146,Debito,6800
11595,2026-01-17 16:02:00,CLI-257,Mercado Pago,5100
11596,2026-01-17 10:29:00,CLI-180,Mercado Pago,7550
11597,2026-01-17 08:44:00,CLI-259,Efectivo,31050
11598,2026-01-17 08:52:00,Consumidor Final,Efectivo,9300
11599,2026-01-17 17:19:00,Consumidor Final,Mercado Pago,7700
11600,2026-01-17 08:59:00,CLI-131,Mercado Pago,7600
11601,2026-01-17 08:53:00,Consumidor Final,Debito,6300
11602,2026-01-17 20:45:00,Consumidor Final,Credito,4500
11603,2026-01-17 10:36:00,CLI-252,Efectivo,6300
11604,2026-01-17 10:52:00,Consumidor Final,Mercado Pago,14600
11605,2026-01-17 20:07:00,CLI-200,Debito,17600
11606,2026-01-17 17:29:00,CLI-240,Mercado Pago,10850
11607,2026-01-17 10:44:00,CLI-243,Efectivo,12100
11608,2026-01-17 19:01:00,CLI-167,Mercado Pago,5600
11609,2026-01-17 10:54:00,Consumidor Final,Mercado Pago,14300
11610,2026-01-17 09:12:00,CLI-271,Efectivo,8700
11611,2026-01-17 10:43:00,CLI-152,Efectivo,2200
11612,2026-01-17 09:14:00,Consumidor Final,Mercado Pago,10850
11613,2026-01-17 18:07:00,CLI-286,Mercado Pago,20900
11614,2026-01-17 09:01:00,CLI-190,Debito,18450
11615,2026-01-17 19:55:00,CLI-153,Efectivo,900
11616,2026-01-17 09:30:00,Consumidor Final,Mercado Pago,7500
11617,2026-01-17 12:15:00,CLI-202,Efectivo,5400
11618,2026-01-17 18:17:00,CLI-153,Mercado Pago,6200
11619,2026-01-17 08:35:00,CLI-157,Efectivo,20550
11620,2026-01-17 19:00:00,CLI-110,Debito,3600
11621,2026-01-17 20:01:00,CLI-215,Efectivo,14450
11622,2026-01-17 19:05:00,CLI-148,Mercado Pago,11500
11623,2026-01-17 19:08:00,Consumidor Final,Efectivo,7500
11624,2026-01-17 19:01:00,CLI-144,Mercado Pago,7400
11625,2026-01-17 12:42:00,CLI-173,Mercado Pago,2200
11626,2026-01-17 10:41:00,CLI-234,Efectivo,1800
11627,2026-01-17 19:12:00,Consumidor Final,Debito,2900
11628,2026-01-17 09:08:00,CLI-223,Debito,14600
11629,2026-01-17 09:29:00,CLI-151,Efectivo,18600
11630,2026-01-17 20:25:00,CLI-269,Debito,1100
11631,2026-01-17 16:45:00,Consumidor Final,Efectivo,7950
11632,2026-01-17 18:49:00,Consumidor Final,Debito,9000
11633,2026-01-17 11:24:00,Consumidor Final,Efectivo,900
11634,2026-01-17 08:42:00,CLI-194,Mercado Pago,5100
11635,2026-01-17 18:23:00,Consumidor Final,Mercado Pago,30800
11636,2026-01-17 10:29:00,Consumidor Final,Debito,3300
11637,2026-01-17 18:30:00,CLI-274,Debito,13300
11638,2026-01-17 17:19:00,Consumidor Final,Mercado Pago,1600
11639,2026-01-17 11:01:00,Consumidor Final,Debito,6750
11640,2026-01-17 08:31:00,CLI-160,Debito,4800
11641,2026-01-17 17:51:00,CLI-177,Debito,17300
11642,2026-01-17 17:19:00,CLI-176,Mercado Pago,1500
11643,2026-01-17 08:54:00,CLI-245,Mercado Pago,1100
11644,2026-01-17 20:57:00,Consumidor Final,Mercado Pago,17500
11645,2026-01-17 10:26:00,Consumidor Final,Mercado Pago,6000
11646,2026-01-17 18:20:00,CLI-182,Mercado Pago,750
11647,2026-01-17 18:17:00,Consumidor Final,Debito,35350
11648,2026-01-17 16:06:00,CLI-178,Mercado Pago,13050
11649,2026-01-17 16:39:00,Consumidor Final,Efectivo,6900
11650,2026-01-17 18:37:00,Consumidor Final,Efectivo,7700
11651,2026-01-17 18:17:00,Consumidor Final,Debito,20900
11652,2026-01-17 16:14:00,Consumidor Final,Debito,13500
11653,2026-01-17 16:49:00,CLI-105,Mercado Pago,19500
11654,2026-01-17 18:25:00,CLI-299,Mercado Pago,7800
11655,2026-01-17 19:59:00,CLI-107,Mercado Pago,18800
11656,2026-01-17 19:06:00,CLI-211,Mercado Pago,10200
11657,2026-01-17 12:24:00,CLI-241,Efectivo,15700
11658,2026-01-17 18:55:00,Consumidor Final,Efectivo,7750
11659,2026-01-17 11:20:00,CLI-248,Debito,1500
11660,2026-01-17 09:51:00,Consumidor Final,Debito,7750
11661,2026-01-17 20:58:00,CLI-193,Credito,6250
11662,2026-01-17 10:17:00,CLI-115,Credito,18700
11663,2026-01-17 08:36:00,CLI-114,Credito,10150
11664,2026-01-17 09:08:00,CLI-139,Efectivo,1500
11665,2026-01-17 19:05:00,CLI-125,Mercado Pago,1500
11666,2026-01-17 12:57:00,Consumidor Final,Credito,5400
11667,2026-01-17 12:12:00,CLI-217,Efectivo,11100
11668,2026-01-17 19:46:00,Consumidor Final,Debito,13700
11669,2026-01-17 09:37:00,CLI-280,Debito,5200
11670,2026-01-17 09:18:00,CLI-168,Mercado Pago,750
11671,2026-01-17 19:43:00,CLI-207,Debito,750
11672,2026-01-17 16:40:00,CLI-147,Debito,6250
11673,2026-01-17 09:02:00,Consumidor Final,Efectivo,18700
11674,2026-01-17 12:47:00,Consumidor Final,Debito,12700
11675,2026-01-17 08:38:00,CLI-110,Mercado Pago,750
11676,2026-01-17 19:50:00,Consumidor Final,Debito,15950
11677,2026-01-17 20:05:00,CLI-277,Debito,1500
11678,2026-01-17 20:59:00,Consumidor Final,Credito,3650
11679,2026-01-17 19:57:00,CLI-158,Mercado Pago,11000
11680,2026-01-17 08:09:00,CLI-284,Mercado Pago,5550
11681,2026-01-17 18:41:00,CLI-284,Efectivo,2350
11682,2026-01-17 10:30:00,Consumidor Final,Debito,2200
11683,2026-01-17 20:21:00,CLI-222,Debito,7400
11684,2026-01-17 16:12:00,Consumidor Final,Debito,1800
11685,2026-01-17 16:03:00,Consumidor Final,Mercado Pago,1600
11686,2026-01-17 11:22:00,CLI-198,Debito,3800
11687,2026-01-17 19:27:00,CLI-152,Debito,3300
11688,2026-01-17 16:29:00,CLI-259,Debito,1100
11689,2026-01-17 19:58:00,CLI-250,Efectivo,2950
11690,2026-01-17 17:12:00,CLI-281,Credito,11400
11691,2026-01-17 12:27:00,CLI-161,Debito,4000
11692,2026-01-17 08:37:00,CLI-285,Efectivo,1600
11693,2026-01-17 10:19:00,Consumidor Final,Efectivo,6900
11694,2026-01-17 16:09:00,CLI-173,Efectivo,17200
11695,2026-01-17 20:24:00,Consumidor Final,Mercado Pago,9350
11696,2026-01-17 19:27:00,Consumidor Final,Credito,1100
11697,2026-01-17 09:47:00,Consumidor Final,Debito,750
11698,2026-01-17 12:27:00,Consumidor Final,Debito,6600
11699,2026-01-17 10:17:00,CLI-287,Mercado Pago,5400
11700,2026-01-17 10:46:00,CLI-123,Debito,18500
11701,2026-01-17 08:17:00,Consumidor Final,Mercado Pago,11500
11702,2026-01-17 19:46:00,Consumidor Final,Credito,5400
11703,2026-01-17 17:35:00,CLI-227,Efectivo,8550
11704,2026-01-17 11:47:00,Consumidor Final,Efectivo,6600
11705,2026-01-17 19:09:00,CLI-115,Efectivo,7200
11706,2026-01-17 19:12:00,Consumidor Final,Credito,1500
11707,2026-01-17 17:04:00,CLI-245,Mercado Pago,14300
11708,2026-01-17 08:23:00,CLI-242,Mercado Pago,3700
11709,2026-01-17 18:05:00,CLI-112,Efectivo,13150
11710,2026-01-18 17:27:00,CLI-173,Debito,1800
11711,2026-01-18 12:05:00,Consumidor Final,Efectivo,7600
11712,2026-01-18 20:47:00,CLI-199,Efectivo,4500
11713,2026-01-18 12:50:00,CLI-214,Mercado Pago,15400
11714,2026-01-18 20:56:00,CLI-239,Efectivo,5400
11715,2026-01-18 08:42:00,Consumidor Final,Debito,9300
11716,2026-01-18 12:58:00,CLI-249,Debito,12400
11717,2026-01-18 17:28:00,Consumidor Final,Mercado Pago,19700
11718,2026-01-18 09:24:00,CLI-118,Mercado Pago,8800
11719,2026-01-18 09:42:00,Consumidor Final,Mercado Pago,2700
11720,2026-01-18 12:41:00,CLI-259,Debito,10950
11721,2026-01-18 12:01:00,CLI-185,Mercado Pago,14200
11722,2026-01-18 08:32:00,CLI-212,Debito,14650
11723,2026-01-18 18:55:00,CLI-292,Mercado Pago,1800
11724,2026-01-18 08:50:00,Consumidor Final,Mercado Pago,16200
11725,2026-01-18 18:00:00,CLI-116,Debito,4700
11726,2026-01-18 09:58:00,Consumidor Final,Mercado Pago,11400
11727,2026-01-18 09:03:00,CLI-227,Efectivo,8400
11728,2026-01-18 17:40:00,Consumidor Final,Debito,5900
11729,2026-01-18 16:27:00,Consumidor Final,Mercado Pago,1600
11730,2026-01-18 09:46:00,CLI-133,Efectivo,2700
11731,2026-01-18 10:22:00,Consumidor Final,Efectivo,5400
11732,2026-01-18 10:40:00,CLI-132,Credito,4000
11733,2026-01-18 17:05:00,CLI-207,Efectivo,6100
11734,2026-01-18 17:26:00,CLI-151,Debito,5100
11735,2026-01-18 19:11:00,Consumidor Final,Credito,10600
11736,2026-01-18 18:33:00,CLI-106,Credito,14350
11737,2026-01-18 11:36:00,Consumidor Final,Credito,3300
11738,2026-01-18 09:34:00,Consumidor Final,Mercado Pago,21800
11739,2026-01-18 10:24:00,CLI-257,Credito,15000
11740,2026-01-18 18:00:00,CLI-296,Efectivo,5850
11741,2026-01-18 17:52:00,Consumidor Final,Mercado Pago,3000
11742,2026-01-18 09:46:00,Consumidor Final,Mercado Pago,1600
11743,2026-01-18 17:16:00,CLI-245,Debito,13600
11744,2026-01-18 09:15:00,Consumidor Final,Efectivo,7500
11745,2026-01-18 20:29:00,CLI-152,Debito,16100
11746,2026-01-18 09:28:00,CLI-262,Debito,4050
11747,2026-01-18 18:09:00,Consumidor Final,Efectivo,14200
11748,2026-01-18 18:03:00,Consumidor Final,Debito,25050
11749,2026-01-18 12:49:00,CLI-254,Mercado Pago,12050
11750,2026-01-18 11:45:00,Consumidor Final,Mercado Pago,1500
11751,2026-01-18 11:00:00,Consumidor Final,Debito,8200
11752,2026-01-18 12:31:00,Consumidor Final,Efectivo,16200
11753,2026-01-18 12:35:00,CLI-151,Efectivo,1600
11754,2026-01-18 20:25:00,CLI-279,Efectivo,7600
11755,2026-01-18 20:18:00,CLI-198,Debito,14700
11756,2026-01-18 20:06:00,CLI-112,Efectivo,2200
11757,2026-01-18 20:16:00,Consumidor Final,Debito,16150
11758,2026-01-18 18:07:00,Consumidor Final,Credito,5400
11759,2026-01-18 18:15:00,CLI-229,Debito,8200
11760,2026-01-18 09:11:00,CLI-237,Efectivo,1500
11761,2026-01-18 20:12:00,CLI-182,Mercado Pago,1100
11762,2026-01-18 16:50:00,CLI-263,Mercado Pago,13100
11763,2026-01-18 17:13:00,CLI-186,Debito,2200
11764,2026-01-18 08:28:00,CLI-189,Mercado Pago,900
11765,2026-01-18 18:07:00,Consumidor Final,Mercado Pago,1600
11766,2026-01-18 10:08:00,CLI-232,Efectivo,12700
11767,2026-01-18 20:38:00,Consumidor Final,Efectivo,1500
11768,2026-01-18 18:44:00,CLI-260,Credito,18250
11769,2026-01-18 11:24:00,Consumidor Final,Mercado Pago,10900
11770,2026-01-18 10:56:00,CLI-105,Credito,6500
11771,2026-01-18 10:18:00,CLI-231,Efectivo,21000
11772,2026-01-18 10:28:00,CLI-223,Mercado Pago,21600
11773,2026-01-18 17:43:00,CLI-195,Mercado Pago,16100
11774,2026-01-18 17:59:00,CLI-269,Mercado Pago,2550
11775,2026-01-18 10:49:00,Consumidor Final,Mercado Pago,3200
11776,2026-01-18 18:50:00,CLI-277,Debito,10800
11777,2026-01-18 20:14:00,Consumidor Final,Mercado Pago,12900
11778,2026-01-18 12:06:00,Consumidor Final,Mercado Pago,1500
11779,2026-01-18 16:21:00,CLI-109,Mercado Pago,4550
11780,2026-01-18 17:15:00,CLI-228,Debito,9600
11781,2026-01-18 16:51:00,Consumidor Final,Efectivo,20100
11782,2026-01-18 12:22:00,CLI-290,Credito,6050
11783,2026-01-18 11:12:00,CLI-255,Efectivo,16400
11784,2026-01-18 20:43:00,CLI-265,Debito,14800
11785,2026-01-18 19:42:00,Consumidor Final,Credito,5400
11786,2026-01-18 12:26:00,CLI-181,Efectivo,3600
11787,2026-01-18 10:59:00,Consumidor Final,Debito,1500
11788,2026-01-18 09:50:00,CLI-220,Credito,4500
11789,2026-01-18 20:07:00,Consumidor Final,Debito,11200
11790,2026-01-18 12:32:00,CLI-214,Debito,6750
11791,2026-01-18 08:28:00,CLI-236,Debito,3700
11792,2026-01-18 11:33:00,CLI-139,Credito,5100
11793,2026-01-18 08:46:00,CLI-154,Mercado Pago,6200
11794,2026-01-18 17:08:00,CLI-113,Debito,3600
11795,2026-01-18 09:54:00,CLI-107,Debito,2250
11796,2026-01-18 19:23:00,Consumidor Final,Mercado Pago,10100
11797,2026-01-19 17:25:00,Consumidor Final,Debito,1800
11798,2026-01-19 17:51:00,CLI-182,Debito,14700
11799,2026-01-19 08:10:00,CLI-236,Mercado Pago,19100
11800,2026-01-19 20:41:00,CLI-105,Mercado Pago,3300
11801,2026-01-19 11:42:00,Consumidor Final,Debito,3100
11802,2026-01-19 17:36:00,CLI-111,Mercado Pago,3000
11803,2026-01-19 10:41:00,Consumidor Final,Efectivo,1800
11804,2026-01-19 18:46:00,Consumidor Final,Debito,6900
11805,2026-01-19 12:28:00,CLI-116,Mercado Pago,7200
11806,2026-01-19 12:39:00,Consumidor Final,Debito,16800
11807,2026-01-19 17:15:00,CLI-268,Debito,2350
11808,2026-01-19 08:03:00,CLI-122,Mercado Pago,3000
11809,2026-01-19 19:13:00,CLI-143,Credito,13850
11810,2026-01-19 10:37:00,CLI-256,Efectivo,1850
11811,2026-01-19 18:30:00,Consumidor Final,Efectivo,5500
11812,2026-01-19 09:39:00,CLI-170,Debito,4800
11813,2026-01-19 12:50:00,CLI-152,Debito,15000
11814,2026-01-19 12:30:00,CLI-262,Debito,4400
11815,2026-01-19 09:51:00,CLI-175,Debito,3800
11816,2026-01-19 17:42:00,CLI-237,Credito,13200
11817,2026-01-19 10:41:00,CLI-202,Credito,1100
11818,2026-01-19 10:37:00,CLI-268,Mercado Pago,4300
11819,2026-01-19 12:06:00,CLI-164,Debito,15800
11820,2026-01-19 09:36:00,CLI-204,Mercado Pago,9800
11821,2026-01-19 12:36:00,CLI-167,Efectivo,4800
11822,2026-01-19 16:39:00,Consumidor Final,Efectivo,4500
11823,2026-01-19 19:33:00,CLI-100,Debito,4050
11824,2026-01-19 20:50:00,CLI-140,Mercado Pago,13200
11825,2026-01-19 10:33:00,CLI-211,Debito,6500
11826,2026-01-19 10:34:00,Consumidor Final,Debito,7600
11827,2026-01-19 17:05:00,CLI-174,Credito,4800
11828,2026-01-19 12:03:00,CLI-117,Mercado Pago,9700
11829,2026-01-19 08:30:00,Consumidor Final,Efectivo,2250
11830,2026-01-19 12:24:00,CLI-163,Efectivo,3600
11831,2026-01-19 12:29:00,Consumidor Final,Efectivo,13750
11832,2026-01-19 18:51:00,Consumidor Final,Mercado Pago,6900
11833,2026-01-19 16:25:00,CLI-253,Efectivo,19250
11834,2026-01-19 12:18:00,CLI-216,Debito,9600
11835,2026-01-19 17:18:00,CLI-258,Mercado Pago,9300
11836,2026-01-19 09:20:00,Consumidor Final,Debito,7600
11837,2026-01-19 10:50:00,CLI-265,Debito,9800
11838,2026-01-19 09:42:00,Consumidor Final,Credito,27800
11839,2026-01-19 08:12:00,CLI-112,Debito,6700
11840,2026-01-19 12:06:00,CLI-273,Mercado Pago,3600
11841,2026-01-19 17:57:00,CLI-147,Mercado Pago,3200
11842,2026-01-19 11:39:00,Consumidor Final,Debito,4500
11843,2026-01-19 16:26:00,CLI-285,Credito,6500
11844,2026-01-19 12:41:00,CLI-218,Efectivo,5900
11845,2026-01-19 10:43:00,CLI-225,Credito,10400
11846,2026-01-19 20:59:00,CLI-196,Credito,17500
11847,2026-01-19 10:32:00,Consumidor Final,Mercado Pago,7200
11848,2026-01-19 17:15:00,CLI-236,Efectivo,900
11849,2026-01-19 12:01:00,CLI-200,Debito,29900
11850,2026-01-19 17:19:00,Consumidor Final,Efectivo,4500
11851,2026-01-19 11:44:00,Consumidor Final,Mercado Pago,3800
11852,2026-01-19 12:31:00,CLI-209,Debito,11650
11853,2026-01-19 20:48:00,CLI-141,Mercado Pago,10600
11854,2026-01-19 10:34:00,CLI-130,Debito,15500
11855,2026-01-19 08:26:00,Consumidor Final,Mercado Pago,16800
11856,2026-01-19 20:39:00,Consumidor Final,Mercado Pago,6100
11857,2026-01-19 11:21:00,CLI-293,Credito,8850
11858,2026-01-19 20:31:00,Consumidor Final,Efectivo,7250
11859,2026-01-19 11:26:00,CLI-181,Mercado Pago,2200
11860,2026-01-19 17:20:00,Consumidor Final,Mercado Pago,7600
11861,2026-01-19 12:00:00,Consumidor Final,Debito,1500
11862,2026-01-19 12:03:00,Consumidor Final,Efectivo,750
11863,2026-01-19 11:12:00,CLI-145,Efectivo,5250
11864,2026-01-19 18:45:00,CLI-226,Debito,12500
11865,2026-01-19 10:47:00,CLI-154,Debito,5400
11866,2026-01-19 17:49:00,CLI-121,Debito,11450
11867,2026-01-19 08:22:00,CLI-222,Credito,13200
11868,2026-01-19 08:55:00,CLI-152,Credito,12300
11869,2026-01-19 08:29:00,CLI-169,Credito,31000
11870,2026-01-19 10:56:00,Consumidor Final,Efectivo,16650
11871,2026-01-19 09:46:00,CLI-149,Mercado Pago,5600
11872,2026-01-19 19:10:00,CLI-181,Efectivo,11600
11873,2026-01-19 09:00:00,CLI-199,Efectivo,8850
11874,2026-01-19 17:43:00,Consumidor Final,Mercado Pago,750
11875,2026-01-19 17:14:00,CLI-197,Debito,6000
11876,2026-01-19 09:14:00,CLI-208,Mercado Pago,8400
11877,2026-01-19 16:44:00,Consumidor Final,Credito,6850
11878,2026-01-19 10:51:00,CLI-145,Efectivo,1500
11879,2026-01-19 11:49:00,CLI-297,Efectivo,14100
11880,2026-01-19 08:54:00,CLI-253,Mercado Pago,6900
11881,2026-01-19 09:31:00,Consumidor Final,Debito,14250
11882,2026-01-19 16:52:00,CLI-124,Credito,16000
11883,2026-01-19 17:24:00,Consumidor Final,Debito,9900
11884,2026-01-19 12:04:00,Consumidor Final,Mercado Pago,17400
11885,2026-01-19 16:21:00,CLI-116,Efectivo,4500
11886,2026-01-19 16:30:00,Consumidor Final,Debito,5400
11887,2026-01-19 12:40:00,CLI-252,Efectivo,8100
11888,2026-01-19 08:47:00,CLI-222,Credito,7600
11889,2026-01-19 20:43:00,Consumidor Final,Credito,6300
11890,2026-01-19 09:10:00,CLI-255,Efectivo,5200
11891,2026-01-19 12:43:00,CLI-266,Credito,21000
11892,2026-01-19 08:34:00,CLI-279,Debito,6750
11893,2026-01-19 19:11:00,CLI-269,Efectivo,8300
11894,2026-01-19 17:34:00,CLI-129,Efectivo,7700
11895,2026-01-19 17:02:00,Consumidor Final,Debito,8700
11896,2026-01-19 19:23:00,Consumidor Final,Mercado Pago,12400
11897,2026-01-19 11:23:00,CLI-150,Efectivo,8450
11898,2026-01-19 09:48:00,Consumidor Final,Efectivo,15200
11899,2026-01-19 18:24:00,Consumidor Final,Mercado Pago,6300
11900,2026-01-19 18:01:00,CLI-160,Debito,21500
11901,2026-01-19 19:32:00,CLI-254,Mercado Pago,14400
11902,2026-01-19 17:56:00,CLI-142,Mercado Pago,12150
11903,2026-01-19 17:09:00,CLI-153,Mercado Pago,5400
11904,2026-01-19 20:42:00,Consumidor Final,Debito,15300
11905,2026-01-19 09:37:00,CLI-147,Mercado Pago,750
11906,2026-01-19 16:51:00,CLI-207,Efectivo,1500
11907,2026-01-19 18:25:00,Consumidor Final,Debito,12400
11908,2026-01-19 17:20:00,CLI-255,Mercado Pago,5250
11909,2026-01-19 16:27:00,Consumidor Final,Debito,1500
11910,2026-01-19 10:20:00,Consumidor Final,Debito,7600
11911,2026-01-19 18:25:00,CLI-228,Credito,18400
11912,2026-01-19 16:20:00,CLI-242,Efectivo,10800
11913,2026-01-20 19:51:00,CLI-196,Debito,2700
11914,2026-01-20 18:05:00,Consumidor Final,Efectivo,7800
11915,2026-01-20 11:21:00,CLI-225,Efectivo,1850
11916,2026-01-20 12:14:00,CLI-260,Mercado Pago,2000
11917,2026-01-20 09:01:00,CLI-179,Debito,1800
11918,2026-01-20 19:17:00,CLI-143,Efectivo,900
11919,2026-01-20 18:22:00,CLI-272,Debito,11800
11920,2026-01-20 11:38:00,CLI-255,Credito,5000
11921,2026-01-20 09:41:00,Consumidor Final,Debito,3200
11922,2026-01-20 08:44:00,Consumidor Final,Mercado Pago,9850
11923,2026-01-20 18:19:00,Consumidor Final,Efectivo,9500
11924,2026-01-20 17:42:00,CLI-174,Credito,21600
11925,2026-01-20 11:02:00,Consumidor Final,Debito,4500
11926,2026-01-20 17:57:00,Consumidor Final,Efectivo,16900
11927,2026-01-20 20:38:00,CLI-282,Debito,5100
11928,2026-01-20 11:38:00,Consumidor Final,Efectivo,15800
11929,2026-01-20 19:24:00,CLI-163,Efectivo,14250
11930,2026-01-20 19:47:00,Consumidor Final,Mercado Pago,4000
11931,2026-01-20 20:47:00,Consumidor Final,Efectivo,8200
11932,2026-01-20 20:15:00,Consumidor Final,Efectivo,1500
11933,2026-01-20 18:06:00,CLI-230,Credito,4500
11934,2026-01-20 11:32:00,CLI-173,Debito,1500
11935,2026-01-20 11:51:00,Consumidor Final,Debito,4800
11936,2026-01-20 20:04:00,CLI-290,Efectivo,9300
11937,2026-01-20 11:47:00,CLI-122,Debito,7600
11938,2026-01-20 12:49:00,CLI-166,Mercado Pago,4050
11939,2026-01-20 09:03:00,CLI-261,Efectivo,8100
11940,2026-01-20 17:09:00,CLI-243,Mercado Pago,9300
11941,2026-01-20 08:00:00,Consumidor Final,Mercado Pago,23450
11942,2026-01-20 19:00:00,CLI-146,Efectivo,4000
11943,2026-01-20 16:15:00,CLI-180,Debito,9100
11944,2026-01-20 19:55:00,CLI-207,Debito,15250
11945,2026-01-20 09:23:00,Consumidor Final,Mercado Pago,1500
11946,2026-01-20 20:06:00,Consumidor Final,Mercado Pago,7000
11947,2026-01-20 17:01:00,CLI-125,Efectivo,13750
11948,2026-01-20 17:40:00,Consumidor Final,Debito,2700
11949,2026-01-20 09:54:00,Consumidor Final,Debito,2200
11950,2026-01-20 09:23:00,CLI-178,Mercado Pago,7350
11951,2026-01-20 18:44:00,Consumidor Final,Mercado Pago,12100
11952,2026-01-20 10:12:00,Consumidor Final,Efectivo,3800
11953,2026-01-20 10:28:00,CLI-294,Debito,5400
11954,2026-01-20 12:33:00,CLI-265,Debito,5100
11955,2026-01-20 20:44:00,CLI-175,Mercado Pago,9700
11956,2026-01-20 16:31:00,CLI-169,Debito,1500
11957,2026-01-20 16:00:00,CLI-138,Debito,11400
11958,2026-01-20 17:01:00,CLI-168,Debito,8700
11959,2026-01-20 11:52:00,Consumidor Final,Efectivo,6900
11960,2026-01-20 19:22:00,Consumidor Final,Mercado Pago,13050
11961,2026-01-20 12:27:00,CLI-173,Efectivo,16700
11962,2026-01-20 09:14:00,Consumidor Final,Debito,4400
11963,2026-01-20 08:39:00,Consumidor Final,Mercado Pago,2200
11964,2026-01-20 16:59:00,CLI-195,Efectivo,17900
11965,2026-01-20 17:07:00,CLI-264,Debito,15000
11966,2026-01-20 09:35:00,CLI-286,Efectivo,16900
11967,2026-01-20 19:02:00,CLI-198,Mercado Pago,10550
11968,2026-01-20 09:27:00,CLI-160,Credito,15750
11969,2026-01-20 17:57:00,Consumidor Final,Efectivo,7600
11970,2026-01-20 17:11:00,CLI-145,Efectivo,12050
11971,2026-01-20 08:30:00,Consumidor Final,Efectivo,12400
11972,2026-01-20 16:18:00,Consumidor Final,Debito,15700
11973,2026-01-20 20:24:00,CLI-175,Mercado Pago,3150
11974,2026-01-20 19:01:00,CLI-135,Mercado Pago,1800
11975,2026-01-20 20:22:00,Consumidor Final,Mercado Pago,7950
11976,2026-01-20 09:29:00,CLI-241,Debito,6150
11977,2026-01-20 19:09:00,Consumidor Final,Debito,19300
11978,2026-01-20 10:19:00,CLI-267,Efectivo,12950
11979,2026-01-20 10:27:00,CLI-145,Debito,5300
11980,2026-01-20 17:11:00,CLI-184,Debito,7600
11981,2026-01-20 18:06:00,CLI-295,Mercado Pago,11400
11982,2026-01-20 19:14:00,CLI-107,Mercado Pago,8850
11983,2026-01-20 08:30:00,Consumidor Final,Credito,5600
11984,2026-01-20 08:51:00,Consumidor Final,Debito,8750
11985,2026-01-20 10:14:00,Consumidor Final,Debito,1500
11986,2026-01-20 10:43:00,Consumidor Final,Debito,4050
11987,2026-01-20 16:50:00,CLI-283,Debito,10400
11988,2026-01-20 11:24:00,CLI-213,Efectivo,7200
11989,2026-01-20 19:43:00,CLI-176,Mercado Pago,3700
11990,2026-01-20 11:41:00,Consumidor Final,Efectivo,12850
11991,2026-01-20 16:10:00,CLI-160,Efectivo,5100
11992,2026-01-20 12:49:00,CLI-122,Credito,900
11993,2026-01-20 18:21:00,CLI-269,Debito,11600
11994,2026-01-20 09:42:00,Consumidor Final,Efectivo,7800
11995,2026-01-20 12:02:00,CLI-198,Debito,9200
11996,2026-01-20 16:49:00,CLI-269,Mercado Pago,6800
11997,2026-01-20 17:23:00,CLI-196,Efectivo,16200
11998,2026-01-20 11:52:00,Consumidor Final,Efectivo,4900
11999,2026-01-20 18:55:00,Consumidor Final,Debito,2200
12000,2026-01-20 20:32:00,CLI-150,Efectivo,1800
12001,2026-01-20 19:45:00,CLI-172,Credito,10100
12002,2026-01-20 10:25:00,CLI-152,Mercado Pago,16600
12003,2026-01-20 12:34:00,Consumidor Final,Efectivo,3800
12004,2026-01-20 20:38:00,Consumidor Final,Credito,4700
12005,2026-01-20 20:46:00,Consumidor Final,Debito,11400
12006,2026-01-20 12:51:00,Consumidor Final,Credito,9800
12007,2026-01-20 18:18:00,Consumidor Final,Debito,17700
12008,2026-01-20 12:36:00,Consumidor Final,Credito,22300
12009,2026-01-20 17:41:00,CLI-280,Debito,1500
12010,2026-01-20 11:48:00,Consumidor Final,Mercado Pago,10600
12011,2026-01-20 19:40:00,CLI-150,Mercado Pago,9300
12012,2026-01-20 20:10:00,Consumidor Final,Efectivo,3300
12013,2026-01-20 16:37:00,CLI-157,Mercado Pago,6400
12014,2026-01-20 12:59:00,Consumidor Final,Debito,4400
12015,2026-01-20 19:33:00,CLI-218,Mercado Pago,14500
12016,2026-01-20 08:05:00,CLI-298,Efectivo,4150
12017,2026-01-20 12:39:00,Consumidor Final,Mercado Pago,13100
12018,2026-01-21 09:46:00,CLI-155,Debito,3800
12019,2026-01-21 08:39:00,CLI-238,Credito,10550
12020,2026-01-21 10:54:00,Consumidor Final,Efectivo,1100
12021,2026-01-21 17:18:00,Consumidor Final,Debito,1500
12022,2026-01-21 12:38:00,CLI-137,Mercado Pago,4400
12023,2026-01-21 10:03:00,Consumidor Final,Efectivo,12600
12024,2026-01-21 17:04:00,CLI-226,Debito,1500
12025,2026-01-21 16:22:00,Consumidor Final,Efectivo,2250
12026,2026-01-21 11:33:00,CLI-184,Efectivo,2200
12027,2026-01-21 18:48:00,CLI-267,Mercado Pago,2700
12028,2026-01-21 11:38:00,Consumidor Final,Debito,5100
12029,2026-01-21 16:50:00,CLI-244,Efectivo,7600
12030,2026-01-21 08:10:00,Consumidor Final,Credito,3300
12031,2026-01-21 18:42:00,CLI-265,Debito,4350
12032,2026-01-21 16:13:00,CLI-259,Mercado Pago,3000
12033,2026-01-21 10:06:00,CLI-298,Mercado Pago,16050
12034,2026-01-21 10:11:00,Consumidor Final,Efectivo,8400
12035,2026-01-21 08:22:00,Consumidor Final,Mercado Pago,5400
12036,2026-01-21 18:15:00,CLI-229,Efectivo,2950
12037,2026-01-21 09:57:00,CLI-109,Efectivo,3850
12038,2026-01-21 08:25:00,Consumidor Final,Debito,4800
12039,2026-01-21 18:11:00,CLI-167,Efectivo,14200
12040,2026-01-21 11:54:00,CLI-152,Mercado Pago,14300
12041,2026-01-21 10:08:00,Consumidor Final,Efectivo,15200
12042,2026-01-21 10:36:00,Consumidor Final,Debito,750
12043,2026-01-21 19:23:00,CLI-203,Debito,14950
12044,2026-01-21 09:51:00,Consumidor Final,Mercado Pago,22800
12045,2026-01-21 19:31:00,Consumidor Final,Mercado Pago,21800
12046,2026-01-21 08:03:00,CLI-216,Debito,9200
12047,2026-01-21 20:13:00,Consumidor Final,Efectivo,5400
12048,2026-01-21 17:55:00,Consumidor Final,Efectivo,11400
12049,2026-01-21 08:03:00,CLI-122,Mercado Pago,2400
12050,2026-01-21 17:38:00,Consumidor Final,Debito,25900
12051,2026-01-21 12:47:00,Consumidor Final,Efectivo,2250
12052,2026-01-21 18:31:00,CLI-288,Efectivo,1100
12053,2026-01-21 08:43:00,CLI-170,Efectivo,5450
12054,2026-01-21 10:10:00,Consumidor Final,Efectivo,1500
12055,2026-01-21 19:40:00,Consumidor Final,Efectivo,1500
12056,2026-01-21 17:23:00,Consumidor Final,Debito,25300
12057,2026-01-21 18:05:00,CLI-113,Debito,9600
12058,2026-01-21 17:40:00,CLI-126,Debito,3600
12059,2026-01-21 09:08:00,Consumidor Final,Debito,2200
12060,2026-01-21 18:51:00,CLI-237,Mercado Pago,28650
12061,2026-01-21 16:37:00,CLI-112,Debito,1600
12062,2026-01-21 08:02:00,CLI-209,Mercado Pago,18150
12063,2026-01-21 09:42:00,CLI-200,Credito,6100
12064,2026-01-21 17:57:00,CLI-267,Debito,10500
12065,2026-01-21 18:38:00,CLI-114,Efectivo,8600
12066,2026-01-21 16:39:00,Consumidor Final,Debito,8600
12067,2026-01-21 19:16:00,CLI-216,Debito,3700
12068,2026-01-21 08:34:00,CLI-204,Credito,5400
12069,2026-01-21 09:09:00,Consumidor Final,Mercado Pago,6050
12070,2026-01-21 19:12:00,Consumidor Final,Debito,7400
12071,2026-01-21 17:58:00,CLI-154,Efectivo,4400
12072,2026-01-21 19:42:00,Consumidor Final,Efectivo,1600
12073,2026-01-21 18:14:00,CLI-199,Credito,30450
12074,2026-01-21 16:32:00,Consumidor Final,Mercado Pago,17500
12075,2026-01-21 09:49:00,CLI-119,Debito,13200
12076,2026-01-21 20:21:00,CLI-227,Mercado Pago,6200
12077,2026-01-21 18:41:00,CLI-238,Debito,8400
12078,2026-01-21 09:05:00,CLI-242,Credito,7450
12079,2026-01-21 09:58:00,Consumidor Final,Debito,9400
12080,2026-01-21 17:32:00,Consumidor Final,Mercado Pago,9100
12081,2026-01-21 09:31:00,Consumidor Final,Mercado Pago,7400
12082,2026-01-21 19:43:00,Consumidor Final,Debito,9800
12083,2026-01-21 11:21:00,Consumidor Final,Efectivo,7900
12084,2026-01-21 12:26:00,CLI-144,Mercado Pago,2000
12085,2026-01-21 10:00:00,CLI-248,Credito,750
12086,2026-01-21 09:28:00,Consumidor Final,Credito,13050
12087,2026-01-21 18:09:00,Consumidor Final,Debito,1800
12088,2026-01-21 08:03:00,CLI-202,Mercado Pago,5650
12089,2026-01-21 20:29:00,CLI-189,Credito,13000
12090,2026-01-21 11:49:00,Consumidor Final,Debito,10200
12091,2026-01-21 17:09:00,Consumidor Final,Debito,1800
12092,2026-01-21 16:34:00,CLI-126,Debito,2200
12093,2026-01-21 16:07:00,CLI-186,Debito,7400
12094,2026-01-21 12:21:00,CLI-120,Debito,2700
12095,2026-01-21 18:53:00,CLI-228,Mercado Pago,16200
12096,2026-01-21 19:03:00,CLI-265,Mercado Pago,900
12097,2026-01-21 19:54:00,CLI-251,Debito,5400
12098,2026-01-21 20:45:00,CLI-286,Debito,8250
12099,2026-01-21 10:40:00,Consumidor Final,Mercado Pago,3000
12100,2026-01-21 19:29:00,CLI-163,Mercado Pago,7600
12101,2026-01-21 08:06:00,CLI-153,Debito,5400
12102,2026-01-21 19:19:00,CLI-283,Mercado Pago,5400
12103,2026-01-21 09:56:00,Consumidor Final,Efectivo,15000
12104,2026-01-21 10:59:00,CLI-295,Mercado Pago,3200
12105,2026-01-21 11:38:00,CLI-205,Credito,7050
12106,2026-01-21 12:47:00,Consumidor Final,Efectivo,6900
12107,2026-01-21 10:40:00,CLI-120,Debito,4900
12108,2026-01-21 17:29:00,CLI-142,Mercado Pago,6300
12109,2026-01-21 20:40:00,CLI-140,Debito,24250
12110,2026-01-21 09:35:00,Consumidor Final,Debito,8800
12111,2026-01-21 19:58:00,Consumidor Final,Debito,6000
12112,2026-01-22 11:22:00,Consumidor Final,Mercado Pago,10050
12113,2026-01-22 16:04:00,CLI-122,Debito,13550
12114,2026-01-22 17:09:00,CLI-204,Debito,9950
12115,2026-01-22 12:05:00,Consumidor Final,Mercado Pago,21400
12116,2026-01-22 18:15:00,Consumidor Final,Mercado Pago,11600
12117,2026-01-22 11:27:00,Consumidor Final,Efectivo,3800
12118,2026-01-22 17:02:00,Consumidor Final,Mercado Pago,750
12119,2026-01-22 19:06:00,Consumidor Final,Efectivo,6600
12120,2026-01-22 19:27:00,CLI-281,Efectivo,750
12121,2026-01-22 17:55:00,Consumidor Final,Credito,4050
12122,2026-01-22 10:33:00,CLI-109,Efectivo,2700
12123,2026-01-22 20:46:00,Consumidor Final,Debito,12100
12124,2026-01-22 09:50:00,CLI-149,Efectivo,3300
12125,2026-01-22 20:28:00,Consumidor Final,Mercado Pago,11400
12126,2026-01-22 19:43:00,Consumidor Final,Efectivo,18500
12127,2026-01-22 16:58:00,Consumidor Final,Efectivo,9000
12128,2026-01-22 18:20:00,CLI-281,Mercado Pago,1600
12129,2026-01-22 20:32:00,Consumidor Final,Credito,23600
12130,2026-01-22 19:41:00,CLI-202,Mercado Pago,4800
12131,2026-01-22 10:40:00,Consumidor Final,Debito,6300
12132,2026-01-22 17:53:00,CLI-268,Credito,8400
12133,2026-01-22 12:27:00,CLI-102,Debito,9700
12134,2026-01-22 17:37:00,Consumidor Final,Debito,2200
12135,2026-01-22 11:46:00,CLI-214,Mercado Pago,11300
12136,2026-01-22 18:36:00,CLI-234,Efectivo,7100
12137,2026-01-22 18:51:00,CLI-224,Efectivo,4800
12138,2026-01-22 20:43:00,CLI-182,Debito,5600
12139,2026-01-22 10:33:00,CLI-263,Efectivo,18850
12140,2026-01-22 18:18:00,Consumidor Final,Debito,18500
12141,2026-01-22 19:20:00,CLI-274,Credito,13200
12142,2026-01-22 08:45:00,Consumidor Final,Debito,18000
12143,2026-01-22 09:50:00,Consumidor Final,Mercado Pago,2250
12144,2026-01-22 10:20:00,CLI-272,Mercado Pago,2250
12145,2026-01-22 16:06:00,CLI-136,Mercado Pago,10250
12146,2026-01-22 20:54:00,Consumidor Final,Credito,4900
12147,2026-01-22 17:19:00,Consumidor Final,Mercado Pago,4000
12148,2026-01-22 17:51:00,CLI-121,Efectivo,9400
12149,2026-01-22 19:14:00,CLI-175,Mercado Pago,3800
12150,2026-01-22 20:27:00,Consumidor Final,Efectivo,3100
12151,2026-01-22 17:00:00,CLI-164,Efectivo,7600
12152,2026-01-22 10:21:00,CLI-283,Efectivo,3800
12153,2026-01-22 09:12:00,Consumidor Final,Mercado Pago,8400
12154,2026-01-22 19:54:00,CLI-294,Credito,4300
12155,2026-01-22 11:45:00,CLI-196,Mercado Pago,1600
12156,2026-01-22 12:45:00,Consumidor Final,Mercado Pago,3300
12157,2026-01-22 11:59:00,CLI-148,Mercado Pago,6600
12158,2026-01-22 12:04:00,Consumidor Final,Debito,3000
12159,2026-01-22 12:52:00,Consumidor Final,Debito,10700
12160,2026-01-22 20:39:00,Consumidor Final,Debito,8200
12161,2026-01-22 17:32:00,Consumidor Final,Mercado Pago,7800
12162,2026-01-22 12:03:00,Consumidor Final,Efectivo,8100
12163,2026-01-22 12:43:00,CLI-260,Efectivo,3400
12164,2026-01-22 09:41:00,Consumidor Final,Efectivo,2700
12165,2026-01-22 18:46:00,CLI-250,Efectivo,8100
12166,2026-01-22 11:55:00,CLI-145,Mercado Pago,12500
12167,2026-01-22 19:51:00,CLI-293,Debito,12150
12168,2026-01-22 10:35:00,CLI-284,Mercado Pago,14700
12169,2026-01-22 19:28:00,Consumidor Final,Efectivo,17650
12170,2026-01-22 16:38:00,Consumidor Final,Mercado Pago,6950
12171,2026-01-22 19:37:00,Consumidor Final,Debito,8900
12172,2026-01-22 10:08:00,Consumidor Final,Efectivo,5400
12173,2026-01-22 19:42:00,CLI-206,Mercado Pago,3000
12174,2026-01-22 19:48:00,Consumidor Final,Efectivo,5500
12175,2026-01-22 19:53:00,CLI-234,Mercado Pago,13650
12176,2026-01-22 08:46:00,Consumidor Final,Efectivo,7200
12177,2026-01-22 19:20:00,CLI-147,Mercado Pago,14500
12178,2026-01-22 19:52:00,CLI-223,Efectivo,1600
12179,2026-01-22 16:26:00,CLI-219,Debito,3200
12180,2026-01-22 09:39:00,CLI-298,Debito,4400
12181,2026-01-22 17:13:00,CLI-283,Debito,1800
12182,2026-01-22 12:32:00,CLI-149,Mercado Pago,5650
12183,2026-01-22 12:10:00,CLI-253,Debito,11550
12184,2026-01-22 11:46:00,CLI-137,Debito,2200
12185,2026-01-22 19:51:00,Consumidor Final,Debito,3350
12186,2026-01-22 08:41:00,Consumidor Final,Debito,8400
12187,2026-01-22 09:49:00,Consumidor Final,Efectivo,16700
12188,2026-01-22 17:05:00,CLI-180,Mercado Pago,5400
12189,2026-01-22 12:05:00,CLI-144,Efectivo,8050
12190,2026-01-22 18:04:00,CLI-239,Mercado Pago,1800
12191,2026-01-22 16:38:00,CLI-284,Debito,7500
12192,2026-01-22 09:04:00,CLI-149,Efectivo,1500
12193,2026-01-22 16:08:00,Consumidor Final,Debito,23500
12194,2026-01-22 17:07:00,CLI-195,Efectivo,3600
12195,2026-01-22 19:05:00,Consumidor Final,Debito,33450
12196,2026-01-22 10:56:00,CLI-119,Debito,13000
12197,2026-01-22 19:22:00,CLI-292,Credito,1500
12198,2026-01-22 18:46:00,Consumidor Final,Debito,20500
12199,2026-01-22 20:48:00,Consumidor Final,Efectivo,7600
12200,2026-01-22 11:52:00,Consumidor Final,Debito,3200
12201,2026-01-22 09:14:00,Consumidor Final,Mercado Pago,14800
12202,2026-01-22 16:46:00,CLI-241,Debito,10800
12203,2026-01-22 16:37:00,Consumidor Final,Mercado Pago,1800
12204,2026-01-22 19:51:00,CLI-200,Mercado Pago,1600
12205,2026-01-22 17:56:00,CLI-299,Mercado Pago,7700
12206,2026-01-22 19:35:00,CLI-232,Efectivo,12500
12207,2026-01-22 17:35:00,CLI-126,Mercado Pago,3200
12208,2026-01-22 18:46:00,CLI-249,Mercado Pago,11050
12209,2026-01-22 19:45:00,Consumidor Final,Mercado Pago,13900
12210,2026-01-22 20:56:00,CLI-256,Efectivo,11400
12211,2026-01-22 09:28:00,CLI-233,Credito,3200
12212,2026-01-22 20:45:00,Consumidor Final,Debito,4050
12213,2026-01-22 12:25:00,Consumidor Final,Debito,7200
12214,2026-01-22 18:42:00,CLI-139,Mercado Pago,3300
12215,2026-01-22 18:12:00,CLI-180,Credito,1500
12216,2026-01-22 17:56:00,CLI-286,Debito,3850
12217,2026-01-22 20:21:00,Consumidor Final,Efectivo,10700
12218,2026-01-22 19:39:00,CLI-292,Mercado Pago,3600
12219,2026-01-22 16:29:00,Consumidor Final,Debito,9800
12220,2026-01-22 17:35:00,CLI-204,Efectivo,5400
12221,2026-01-22 08:21:00,Consumidor Final,Efectivo,13200
12222,2026-01-22 09:04:00,CLI-264,Debito,2700
12223,2026-01-22 16:17:00,Consumidor Final,Debito,17100
12224,2026-01-22 16:42:00,CLI-298,Efectivo,6600
12225,2026-01-23 16:04:00,Consumidor Final,Debito,5800
12226,2026-01-23 17:08:00,CLI-128,Credito,7600
12227,2026-01-23 17:15:00,CLI-173,Mercado Pago,1500
12228,2026-01-23 18:46:00,CLI-189,Debito,2000
12229,2026-01-23 12:36:00,Consumidor Final,Mercado Pago,10800
12230,2026-01-23 16:37:00,CLI-213,Efectivo,22050
12231,2026-01-23 20:03:00,Consumidor Final,Mercado Pago,12400
12232,2026-01-23 10:09:00,CLI-193,Debito,16000
12233,2026-01-23 16:27:00,Consumidor Final,Mercado Pago,9650
12234,2026-01-23 10:18:00,CLI-209,Debito,6300
12235,2026-01-23 09:46:00,CLI-294,Debito,5250
12236,2026-01-23 20:25:00,CLI-197,Efectivo,900
12237,2026-01-23 12:31:00,Consumidor Final,Efectivo,19000
12238,2026-01-23 08:09:00,CLI-287,Credito,24350
12239,2026-01-23 10:58:00,Consumidor Final,Mercado Pago,2250
12240,2026-01-23 17:36:00,CLI-286,Efectivo,6300
12241,2026-01-23 16:04:00,Consumidor Final,Debito,13000
12242,2026-01-23 08:06:00,CLI-239,Mercado Pago,17600
12243,2026-01-23 19:53:00,CLI-268,Credito,3600
12244,2026-01-23 08:34:00,CLI-171,Mercado Pago,16100
12245,2026-01-23 17:27:00,CLI-197,Mercado Pago,4500
12246,2026-01-23 09:30:00,Consumidor Final,Mercado Pago,750
12247,2026-01-23 20:45:00,Consumidor Final,Efectivo,900
12248,2026-01-23 16:43:00,CLI-123,Efectivo,9300
12249,2026-01-23 17:22:00,CLI-193,Efectivo,7200
12250,2026-01-23 17:01:00,CLI-284,Credito,11100
12251,2026-01-23 11:47:00,Consumidor Final,Efectivo,6950
12252,2026-01-23 11:11:00,CLI-116,Debito,10300
12253,2026-01-23 16:05:00,CLI-268,Debito,18900
12254,2026-01-23 20:04:00,CLI-109,Mercado Pago,4500
12255,2026-01-23 20:42:00,CLI-253,Efectivo,16500
12256,2026-01-23 08:10:00,CLI-279,Efectivo,11800
12257,2026-01-23 12:21:00,CLI-110,Debito,9250
12258,2026-01-23 09:23:00,CLI-270,Efectivo,2500
12259,2026-01-23 09:39:00,Consumidor Final,Credito,6700
12260,2026-01-23 18:50:00,CLI-231,Mercado Pago,25550
12261,2026-01-23 11:57:00,Consumidor Final,Credito,11500
12262,2026-01-23 09:51:00,CLI-223,Mercado Pago,8700
12263,2026-01-23 18:11:00,Consumidor Final,Mercado Pago,4400
12264,2026-01-23 09:02:00,CLI-162,Efectivo,3800
12265,2026-01-23 10:10:00,CLI-177,Mercado Pago,5500
12266,2026-01-23 18:39:00,CLI-158,Credito,27550
12267,2026-01-23 11:26:00,CLI-186,Debito,7050
12268,2026-01-23 18:48:00,Consumidor Final,Credito,9950
12269,2026-01-23 18:02:00,Consumidor Final,Debito,3600
12270,2026-01-23 09:20:00,CLI-127,Mercado Pago,5900
12271,2026-01-23 18:05:00,Consumidor Final,Efectivo,1500
12272,2026-01-23 10:34:00,CLI-273,Debito,12150
12273,2026-01-23 08:22:00,CLI-125,Mercado Pago,3300
12274,2026-01-23 09:57:00,Consumidor Final,Mercado Pago,6600
12275,2026-01-23 17:05:00,CLI-201,Efectivo,1800
12276,2026-01-23 09:04:00,CLI-163,Efectivo,14350
12277,2026-01-23 16:12:00,Consumidor Final,Debito,8200
12278,2026-01-23 18:02:00,CLI-154,Efectivo,21750
12279,2026-01-23 08:33:00,CLI-249,Debito,14000
12280,2026-01-23 18:48:00,Consumidor Final,Efectivo,14650
12281,2026-01-23 11:30:00,CLI-236,Efectivo,2200
12282,2026-01-23 11:26:00,Consumidor Final,Mercado Pago,6300
12283,2026-01-23 12:10:00,Consumidor Final,Credito,10300
12284,2026-01-23 19:25:00,Consumidor Final,Efectivo,2250
12285,2026-01-23 12:08:00,Consumidor Final,Efectivo,18900
12286,2026-01-23 19:59:00,CLI-253,Efectivo,19000
12287,2026-01-23 17:47:00,Consumidor Final,Efectivo,24300
12288,2026-01-23 20:43:00,Consumidor Final,Debito,8000
12289,2026-01-23 17:56:00,Consumidor Final,Credito,18050
12290,2026-01-23 08:42:00,CLI-199,Mercado Pago,1100
12291,2026-01-23 19:11:00,CLI-199,Mercado Pago,22400
12292,2026-01-23 09:44:00,Consumidor Final,Debito,5500
12293,2026-01-23 16:50:00,Consumidor Final,Debito,1500
12294,2026-01-23 10:44:00,Consumidor Final,Efectivo,10600
12295,2026-01-23 12:06:00,CLI-164,Mercado Pago,1100
12296,2026-01-23 10:33:00,CLI-211,Mercado Pago,3300
12297,2026-01-23 18:43:00,CLI-222,Debito,5450
12298,2026-01-23 12:58:00,CLI-276,Efectivo,900
12299,2026-01-23 10:49:00,Consumidor Final,Efectivo,2250
12300,2026-01-23 18:43:00,CLI-130,Efectivo,12150
12301,2026-01-23 19:15:00,CLI-120,Efectivo,9700
12302,2026-01-23 19:24:00,CLI-184,Debito,5450
12303,2026-01-23 18:01:00,Consumidor Final,Debito,8850
12304,2026-01-23 10:02:00,Consumidor Final,Credito,11150
12305,2026-01-23 17:02:00,CLI-169,Debito,6200
12306,2026-01-23 20:50:00,Consumidor Final,Debito,18000
12307,2026-01-23 20:09:00,CLI-166,Debito,900
12308,2026-01-24 17:59:00,CLI-233,Mercado Pago,1800
12309,2026-01-24 17:51:00,CLI-287,Efectivo,6000
12310,2026-01-24 10:39:00,CLI-142,Debito,4500
12311,2026-01-24 20:52:00,CLI-279,Mercado Pago,3000
12312,2026-01-24 20:52:00,CLI-294,Debito,2200
12313,2026-01-24 18:22:00,CLI-120,Efectivo,15950
12314,2026-01-24 16:03:00,CLI-183,Mercado Pago,900
12315,2026-01-24 10:01:00,CLI-142,Debito,10800
12316,2026-01-24 10:09:00,CLI-157,Efectivo,4500
12317,2026-01-24 19:21:00,CLI-116,Mercado Pago,9550
12318,2026-01-24 20:38:00,Consumidor Final,Debito,10600
12319,2026-01-24 19:57:00,CLI-270,Efectivo,1800
12320,2026-01-24 11:35:00,CLI-261,Debito,4100
12321,2026-01-24 08:31:00,CLI-269,Mercado Pago,2500
12322,2026-01-24 18:00:00,CLI-107,Debito,17750
12323,2026-01-24 19:47:00,CLI-270,Credito,1800
12324,2026-01-24 08:52:00,CLI-180,Efectivo,11400
12325,2026-01-24 11:59:00,CLI-240,Debito,13200
12326,2026-01-24 20:13:00,CLI-151,Debito,7600
12327,2026-01-24 18:35:00,Consumidor Final,Credito,5550
12328,2026-01-24 12:29:00,CLI-236,Debito,1800
12329,2026-01-24 12:10:00,CLI-239,Debito,8800
12330,2026-01-24 09:22:00,CLI-192,Efectivo,13400
12331,2026-01-24 20:13:00,CLI-157,Mercado Pago,4500
12332,2026-01-24 16:10:00,CLI-190,Efectivo,11450
12333,2026-01-24 17:27:00,CLI-276,Mercado Pago,4050
12334,2026-01-24 18:40:00,Consumidor Final,Debito,1500
12335,2026-01-24 11:43:00,Consumidor Final,Efectivo,13500
12336,2026-01-24 09:33:00,CLI-252,Mercado Pago,15800
12337,2026-01-24 20:34:00,Consumidor Final,Efectivo,4700
12338,2026-01-24 17:05:00,CLI-218,Credito,4500
12339,2026-01-24 17:48:00,CLI-246,Debito,3400
12340,2026-01-24 11:08:00,Consumidor Final,Debito,8600
12341,2026-01-24 19:06:00,CLI-202,Debito,6000
12342,2026-01-24 19:15:00,CLI-149,Efectivo,11450
12343,2026-01-24 17:25:00,Consumidor Final,Efectivo,6300
12344,2026-01-24 12:52:00,CLI-285,Mercado Pago,4400
12345,2026-01-24 17:00:00,CLI-293,Debito,2200
12346,2026-01-24 19:55:00,CLI-219,Efectivo,12300
12347,2026-01-24 18:51:00,CLI-255,Mercado Pago,750
12348,2026-01-24 16:26:00,Consumidor Final,Mercado Pago,4800
12349,2026-01-24 12:49:00,CLI-100,Efectivo,5700
12350,2026-01-24 20:50:00,Consumidor Final,Mercado Pago,6400
12351,2026-01-24 16:30:00,CLI-264,Efectivo,1500
12352,2026-01-24 19:33:00,CLI-245,Mercado Pago,6600
12353,2026-01-24 18:33:00,Consumidor Final,Debito,9500
12354,2026-01-24 09:16:00,Consumidor Final,Credito,13900
12355,2026-01-24 09:41:00,CLI-297,Efectivo,6300
12356,2026-01-24 19:24:00,CLI-159,Efectivo,15200
12357,2026-01-24 11:30:00,CLI-288,Debito,1100
12358,2026-01-24 16:48:00,CLI-205,Efectivo,2200
12359,2026-01-24 11:14:00,Consumidor Final,Mercado Pago,1100
12360,2026-01-24 17:03:00,Consumidor Final,Debito,4400
12361,2026-01-24 08:26:00,CLI-268,Mercado Pago,1800
12362,2026-01-24 11:31:00,CLI-296,Efectivo,1100
12363,2026-01-24 12:55:00,CLI-175,Mercado Pago,3600
12364,2026-01-24 19:09:00,Consumidor Final,Efectivo,12000
12365,2026-01-24 20:54:00,CLI-109,Debito,3000
12366,2026-01-24 12:46:00,Consumidor Final,Efectivo,12400
12367,2026-01-24 12:30:00,CLI-195,Efectivo,6500
12368,2026-01-24 18:04:00,CLI-174,Mercado Pago,18800
12369,2026-01-24 19:26:00,CLI-119,Efectivo,21450
12370,2026-01-24 10:51:00,CLI-230,Debito,9600
12371,2026-01-24 18:00:00,Consumidor Final,Efectivo,15600
12372,2026-01-24 08:05:00,Consumidor Final,Credito,5250
12373,2026-01-24 20:20:00,Consumidor Final,Efectivo,6650
12374,2026-01-24 09:05:00,CLI-269,Mercado Pago,10800
12375,2026-01-24 10:38:00,CLI-126,Efectivo,18300
12376,2026-01-24 17:11:00,CLI-174,Efectivo,9300
12377,2026-01-24 12:27:00,CLI-207,Mercado Pago,33550
12378,2026-01-24 18:04:00,CLI-117,Credito,6700
12379,2026-01-24 18:11:00,Consumidor Final,Credito,1500
12380,2026-01-24 10:36:00,CLI-285,Debito,7600
12381,2026-01-24 18:42:00,CLI-137,Mercado Pago,3350
12382,2026-01-24 18:45:00,CLI-227,Efectivo,750
12383,2026-01-24 09:23:00,CLI-246,Efectivo,8450
12384,2026-01-24 08:13:00,CLI-254,Efectivo,6000
12385,2026-01-24 09:12:00,Consumidor Final,Efectivo,9300
12386,2026-01-24 12:27:00,Consumidor Final,Mercado Pago,15800
12387,2026-01-24 10:07:00,Consumidor Final,Mercado Pago,1500
12388,2026-01-24 09:21:00,CLI-143,Efectivo,20250
12389,2026-01-24 11:33:00,CLI-169,Mercado Pago,14300
12390,2026-01-24 18:09:00,Consumidor Final,Efectivo,20600
12391,2026-01-24 08:24:00,Consumidor Final,Credito,1800
12392,2026-01-24 20:55:00,Consumidor Final,Debito,4500
12393,2026-01-24 16:57:00,CLI-185,Mercado Pago,7500
12394,2026-01-24 12:54:00,Consumidor Final,Debito,17600
12395,2026-01-24 17:49:00,CLI-242,Mercado Pago,1800
12396,2026-01-24 12:05:00,CLI-268,Debito,1500
12397,2026-01-24 08:03:00,Consumidor Final,Efectivo,750
12398,2026-01-24 18:38:00,CLI-237,Debito,16600
12399,2026-01-24 09:39:00,CLI-278,Mercado Pago,4800
12400,2026-01-24 12:55:00,CLI-129,Mercado Pago,6900
12401,2026-01-24 11:51:00,Consumidor Final,Debito,4400
12402,2026-01-24 17:20:00,CLI-249,Mercado Pago,2550
12403,2026-01-24 20:35:00,Consumidor Final,Efectivo,2700
12404,2026-01-24 18:15:00,Consumidor Final,Mercado Pago,3000
12405,2026-01-24 19:50:00,CLI-207,Efectivo,4800
12406,2026-01-24 19:57:00,Consumidor Final,Mercado Pago,9200
12407,2026-01-24 17:37:00,Consumidor Final,Debito,4450
12408,2026-01-24 11:36:00,CLI-266,Debito,6050
12409,2026-01-24 17:00:00,CLI-288,Debito,8350
12410,2026-01-24 09:46:00,Consumidor Final,Mercado Pago,16550
12411,2026-01-24 20:20:00,CLI-231,Mercado Pago,16850
12412,2026-01-24 09:45:00,CLI-155,Efectivo,14700
12413,2026-01-24 12:28:00,CLI-219,Mercado Pago,12500
12414,2026-01-24 08:28:00,CLI-223,Efectivo,2950
12415,2026-01-24 20:38:00,CLI-102,Debito,4300
12416,2026-01-24 12:35:00,CLI-162,Credito,2500
12417,2026-01-25 12:58:00,CLI-214,Mercado Pago,10200
12418,2026-01-25 08:46:00,Consumidor Final,Efectivo,3700
12419,2026-01-25 20:50:00,CLI-170,Efectivo,10800
12420,2026-01-25 08:10:00,CLI-221,Mercado Pago,5000
12421,2026-01-25 10:36:00,CLI-295,Debito,14000
12422,2026-01-25 17:15:00,CLI-217,Efectivo,2550
12423,2026-01-25 09:23:00,Consumidor Final,Debito,16400
12424,2026-01-25 09:10:00,CLI-290,Mercado Pago,6050
12425,2026-01-25 11:22:00,Consumidor Final,Debito,6300
12426,2026-01-25 17:08:00,Consumidor Final,Debito,3200
12427,2026-01-25 10:59:00,Consumidor Final,Mercado Pago,5850
12428,2026-01-25 12:38:00,CLI-141,Mercado Pago,9300
12429,2026-01-25 16:42:00,CLI-134,Debito,5400
12430,2026-01-25 19:12:00,CLI-260,Debito,3000
12431,2026-01-25 08:14:00,CLI-148,Mercado Pago,17700
12432,2026-01-25 17:34:00,CLI-180,Debito,21800
12433,2026-01-25 12:01:00,CLI-238,Mercado Pago,1600
12434,2026-01-25 08:26:00,Consumidor Final,Mercado Pago,1800
12435,2026-01-25 16:03:00,Consumidor Final,Efectivo,10850
12436,2026-01-25 18:29:00,CLI-192,Mercado Pago,4500
12437,2026-01-25 16:41:00,CLI-208,Mercado Pago,2250
12438,2026-01-25 16:20:00,CLI-160,Efectivo,7200
12439,2026-01-25 08:41:00,CLI-155,Mercado Pago,19700
12440,2026-01-25 16:56:00,Consumidor Final,Debito,1850
12441,2026-01-25 11:32:00,CLI-254,Efectivo,3600
12442,2026-01-25 18:16:00,CLI-181,Debito,9400
12443,2026-01-25 19:03:00,CLI-222,Efectivo,8250
12444,2026-01-25 10:11:00,CLI-115,Efectivo,11400
12445,2026-01-25 08:18:00,Consumidor Final,Efectivo,3000
12446,2026-01-25 12:32:00,Consumidor Final,Efectivo,9850
12447,2026-01-25 12:51:00,CLI-164,Mercado Pago,16100
12448,2026-01-25 11:09:00,Consumidor Final,Debito,7600
12449,2026-01-25 16:23:00,Consumidor Final,Debito,23800
12450,2026-01-25 16:25:00,CLI-138,Efectivo,16900
12451,2026-01-25 09:25:00,CLI-109,Debito,2250
12452,2026-01-25 12:29:00,Consumidor Final,Debito,10850
12453,2026-01-25 19:59:00,CLI-274,Debito,4800
12454,2026-01-25 18:12:00,Consumidor Final,Mercado Pago,11950
12455,2026-01-25 10:17:00,CLI-271,Mercado Pago,18200
12456,2026-01-25 09:34:00,CLI-225,Credito,2700
12457,2026-01-25 19:17:00,CLI-150,Credito,3300
12458,2026-01-25 17:39:00,CLI-288,Debito,7600
12459,2026-01-25 09:14:00,CLI-291,Debito,6300
12460,2026-01-25 20:22:00,CLI-281,Debito,1500
12461,2026-01-25 20:05:00,Consumidor Final,Mercado Pago,14600
12462,2026-01-25 08:36:00,Consumidor Final,Efectivo,4100
12463,2026-01-25 09:18:00,CLI-237,Debito,2200
12464,2026-01-25 17:44:00,CLI-136,Credito,3700
12465,2026-01-25 18:22:00,Consumidor Final,Efectivo,4500
12466,2026-01-25 09:42:00,CLI-256,Efectivo,11800
12467,2026-01-25 11:59:00,Consumidor Final,Efectivo,11400
12468,2026-01-25 12:06:00,CLI-210,Credito,2000
12469,2026-01-25 09:33:00,CLI-142,Mercado Pago,1600
12470,2026-01-25 16:48:00,Consumidor Final,Efectivo,8400
12471,2026-01-25 12:23:00,Consumidor Final,Debito,11250
12472,2026-01-25 20:00:00,CLI-284,Efectivo,5200
12473,2026-01-25 11:50:00,Consumidor Final,Efectivo,5100
12474,2026-01-25 10:38:00,Consumidor Final,Efectivo,9800
12475,2026-01-25 11:24:00,CLI-136,Efectivo,1600
12476,2026-01-25 17:31:00,Consumidor Final,Debito,5400
12477,2026-01-25 18:14:00,Consumidor Final,Debito,6400
12478,2026-01-25 08:57:00,Consumidor Final,Debito,4500
12479,2026-01-25 08:40:00,Consumidor Final,Mercado Pago,1500
12480,2026-01-25 17:48:00,CLI-182,Mercado Pago,6700
12481,2026-01-25 18:29:00,Consumidor Final,Mercado Pago,13200
12482,2026-01-25 09:58:00,CLI-197,Efectivo,7600
12483,2026-01-25 11:14:00,CLI-227,Mercado Pago,9000
12484,2026-01-25 19:38:00,CLI-170,Efectivo,18150
12485,2026-01-25 17:43:00,CLI-159,Debito,5950
12486,2026-01-25 16:02:00,Consumidor Final,Credito,5800
12487,2026-01-25 11:27:00,CLI-249,Mercado Pago,13600
12488,2026-01-25 18:02:00,Consumidor Final,Efectivo,17250
12489,2026-01-25 12:33:00,Consumidor Final,Credito,8950
12490,2026-01-25 16:49:00,CLI-234,Credito,8350
12491,2026-01-25 16:11:00,Consumidor Final,Mercado Pago,4450
12492,2026-01-25 16:50:00,CLI-172,Credito,1800
12493,2026-01-25 19:05:00,Consumidor Final,Debito,12100
12494,2026-01-25 20:30:00,Consumidor Final,Mercado Pago,5700
12495,2026-01-25 09:20:00,Consumidor Final,Credito,8800
12496,2026-01-25 20:13:00,Consumidor Final,Mercado Pago,6600
12497,2026-01-25 08:59:00,Consumidor Final,Debito,3350
12498,2026-01-25 19:44:00,CLI-283,Efectivo,3800
12499,2026-01-25 18:37:00,CLI-118,Efectivo,9200
12500,2026-01-25 19:03:00,Consumidor Final,Debito,9200
12501,2026-01-26 08:13:00,CLI-111,Mercado Pago,9400
12502,2026-01-26 17:00:00,Consumidor Final,Mercado Pago,6900
12503,2026-01-26 19:43:00,CLI-201,Mercado Pago,11300
12504,2026-01-26 19:19:00,Consumidor Final,Efectivo,5100
12505,2026-01-26 11:13:00,CLI-198,Efectivo,1800
12506,2026-01-26 08:51:00,Consumidor Final,Efectivo,9350
12507,2026-01-26 20:35:00,Consumidor Final,Efectivo,9700
12508,2026-01-26 16:17:00,Consumidor Final,Efectivo,6000
12509,2026-01-26 17:09:00,Consumidor Final,Efectivo,2400
12510,2026-01-26 16:35:00,CLI-186,Debito,16150
12511,2026-01-26 20:20:00,Consumidor Final,Efectivo,3800
12512,2026-01-26 10:55:00,CLI-173,Debito,7600
12513,2026-01-26 19:10:00,Consumidor Final,Debito,6300
12514,2026-01-26 12:20:00,CLI-101,Mercado Pago,3600
12515,2026-01-26 12:00:00,Consumidor Final,Debito,13200
12516,2026-01-26 11:31:00,Consumidor Final,Mercado Pago,750
12517,2026-01-26 17:26:00,Consumidor Final,Mercado Pago,19300
12518,2026-01-26 08:18:00,Consumidor Final,Efectivo,6000
12519,2026-01-26 08:00:00,CLI-298,Efectivo,750
12520,2026-01-26 17:45:00,Consumidor Final,Mercado Pago,9900
12521,2026-01-26 16:41:00,CLI-259,Efectivo,6200
12522,2026-01-26 19:06:00,Consumidor Final,Debito,7350
12523,2026-01-26 17:35:00,CLI-248,Mercado Pago,34550
12524,2026-01-26 19:11:00,CLI-167,Efectivo,8950
12525,2026-01-26 10:03:00,CLI-251,Debito,9600
12526,2026-01-26 17:54:00,CLI-197,Credito,5250
12527,2026-01-26 20:55:00,CLI-210,Mercado Pago,7150
12528,2026-01-26 19:27:00,CLI-264,Debito,6900
12529,2026-01-26 20:26:00,CLI-198,Mercado Pago,11000
12530,2026-01-26 17:42:00,Consumidor Final,Efectivo,8500
12531,2026-01-26 18:57:00,CLI-284,Debito,12050
12532,2026-01-26 08:10:00,CLI-179,Debito,2700
12533,2026-01-26 11:21:00,CLI-277,Mercado Pago,6700
12534,2026-01-26 11:20:00,Consumidor Final,Debito,15100
12535,2026-01-26 17:43:00,Consumidor Final,Debito,30850
12536,2026-01-26 11:22:00,CLI-226,Efectivo,6900
12537,2026-01-26 12:12:00,Consumidor Final,Debito,4800
12538,2026-01-26 19:52:00,CLI-122,Efectivo,18450
12539,2026-01-26 09:38:00,Consumidor Final,Mercado Pago,16400
12540,2026-01-26 09:48:00,CLI-142,Mercado Pago,28650
12541,2026-01-26 20:23:00,CLI-285,Efectivo,17600
12542,2026-01-26 16:16:00,CLI-100,Efectivo,6950
12543,2026-01-26 12:09:00,Consumidor Final,Debito,6000
12544,2026-01-26 11:57:00,Consumidor Final,Debito,4800
12545,2026-01-26 08:34:00,CLI-187,Debito,9300
12546,2026-01-26 20:06:00,CLI-152,Debito,10650
12547,2026-01-26 11:45:00,CLI-136,Efectivo,13050
12548,2026-01-26 20:03:00,CLI-158,Mercado Pago,18250
12549,2026-01-26 18:16:00,CLI-238,Debito,3850
12550,2026-01-26 18:15:00,CLI-299,Debito,6600
12551,2026-01-26 12:36:00,Consumidor Final,Efectivo,13800
12552,2026-01-26 17:57:00,CLI-240,Efectivo,12150
12553,2026-01-26 12:00:00,CLI-203,Credito,9100
12554,2026-01-26 12:48:00,Consumidor Final,Debito,5100
12555,2026-01-26 19:12:00,Consumidor Final,Mercado Pago,10900
12556,2026-01-26 19:57:00,Consumidor Final,Mercado Pago,7600
12557,2026-01-26 12:15:00,CLI-173,Debito,17900
12558,2026-01-26 19:01:00,CLI-237,Mercado Pago,2950
12559,2026-01-26 17:25:00,CLI-148,Debito,4450
12560,2026-01-26 18:48:00,CLI-204,Efectivo,18700
12561,2026-01-26 10:37:00,CLI-210,Mercado Pago,5400
12562,2026-01-26 09:23:00,Consumidor Final,Efectivo,9400
12563,2026-01-26 10:01:00,Consumidor Final,Efectivo,3300
12564,2026-01-26 17:48:00,Consumidor Final,Efectivo,18000
12565,2026-01-26 16:20:00,Consumidor Final,Debito,9000
12566,2026-01-26 16:01:00,CLI-143,Mercado Pago,7250
12567,2026-01-26 19:22:00,Consumidor Final,Debito,2200
12568,2026-01-26 09:05:00,CLI-251,Efectivo,10600
12569,2026-01-26 19:33:00,CLI-266,Debito,1800
12570,2026-01-26 10:49:00,CLI-226,Mercado Pago,8100
12571,2026-01-26 20:52:00,Consumidor Final,Credito,9100
12572,2026-01-26 17:36:00,CLI-190,Efectivo,11100
12573,2026-01-26 11:22:00,CLI-259,Debito,6900
12574,2026-01-26 17:22:00,CLI-284,Mercado Pago,7000
12575,2026-01-26 17:46:00,CLI-235,Efectivo,6300
12576,2026-01-26 20:02:00,CLI-272,Mercado Pago,8900
12577,2026-01-26 20:02:00,CLI-102,Credito,2700
12578,2026-01-26 19:08:00,CLI-227,Debito,12350
12579,2026-01-26 18:06:00,CLI-282,Mercado Pago,3600
12580,2026-01-26 08:42:00,Consumidor Final,Efectivo,5400
12581,2026-01-26 16:18:00,CLI-240,Efectivo,3300
12582,2026-01-26 11:28:00,Consumidor Final,Credito,13600
12583,2026-01-26 17:46:00,CLI-168,Mercado Pago,1500
12584,2026-01-26 17:08:00,CLI-282,Credito,20900
12585,2026-01-26 19:43:00,CLI-295,Mercado Pago,4800
12586,2026-01-26 19:12:00,CLI-110,Debito,3700
12587,2026-01-26 17:12:00,CLI-162,Mercado Pago,2200
12588,2026-01-26 18:05:00,CLI-108,Efectivo,12050
12589,2026-01-26 10:29:00,CLI-212,Efectivo,1600
12590,2026-01-26 08:43:00,Consumidor Final,Debito,3300
12591,2026-01-26 11:57:00,Consumidor Final,Debito,2200
12592,2026-01-26 10:22:00,CLI-106,Efectivo,1500
12593,2026-01-26 16:18:00,Consumidor Final,Mercado Pago,9000
12594,2026-01-26 20:50:00,CLI-105,Debito,8500
12595,2026-01-26 11:02:00,CLI-189,Efectivo,21600
12596,2026-01-26 18:17:00,Consumidor Final,Mercado Pago,4500
12597,2026-01-27 16:36:00,Consumidor Final,Mercado Pago,4500
12598,2026-01-27 12:31:00,Consumidor Final,Debito,1100
12599,2026-01-27 10:24:00,CLI-155,Mercado Pago,5450
12600,2026-01-27 08:18:00,Consumidor Final,Mercado Pago,8900
12601,2026-01-27 10:45:00,CLI-254,Debito,2700
12602,2026-01-27 12:04:00,Consumidor Final,Mercado Pago,3700
12603,2026-01-27 18:55:00,CLI-246,Credito,750
12604,2026-01-27 17:51:00,CLI-238,Credito,1800
12605,2026-01-27 19:13:00,Consumidor Final,Mercado Pago,900
12606,2026-01-27 09:48:00,Consumidor Final,Efectivo,6600
12607,2026-01-27 17:12:00,Consumidor Final,Mercado Pago,13600
12608,2026-01-27 17:55:00,Consumidor Final,Credito,21650
12609,2026-01-27 20:19:00,CLI-290,Debito,6700
12610,2026-01-27 09:27:00,CLI-235,Debito,17900
12611,2026-01-27 11:16:00,Consumidor Final,Debito,6000
12612,2026-01-27 20:33:00,CLI-223,Mercado Pago,750
12613,2026-01-27 12:06:00,CLI-131,Mercado Pago,2700
12614,2026-01-27 20:17:00,Consumidor Final,Efectivo,4000
12615,2026-01-27 17:19:00,CLI-262,Efectivo,2500
12616,2026-01-27 18:45:00,Consumidor Final,Efectivo,6000
12617,2026-01-27 18:40:00,Consumidor Final,Debito,3700
12618,2026-01-27 17:30:00,Consumidor Final,Efectivo,8200
12619,2026-01-27 10:30:00,CLI-112,Mercado Pago,21050
12620,2026-01-27 09:24:00,CLI-130,Mercado Pago,5400
12621,2026-01-27 08:19:00,CLI-229,Credito,8900
12622,2026-01-27 19:46:00,CLI-263,Efectivo,1800
12623,2026-01-27 09:23:00,Consumidor Final,Mercado Pago,9800
12624,2026-01-27 17:38:00,CLI-207,Mercado Pago,13900
12625,2026-01-27 09:14:00,CLI-206,Debito,15000
12626,2026-01-27 18:34:00,Consumidor Final,Mercado Pago,12400
12627,2026-01-27 08:25:00,CLI-148,Debito,2250
12628,2026-01-27 08:42:00,CLI-107,Debito,5600
12629,2026-01-27 10:46:00,CLI-263,Efectivo,27000
12630,2026-01-27 12:49:00,CLI-280,Mercado Pago,6600
12631,2026-01-27 19:25:00,CLI-121,Mercado Pago,23200
12632,2026-01-27 08:03:00,CLI-128,Credito,2200
12633,2026-01-27 16:31:00,Consumidor Final,Mercado Pago,3000
12634,2026-01-27 11:36:00,CLI-139,Debito,7650
12635,2026-01-27 08:45:00,Consumidor Final,Debito,5400
12636,2026-01-27 11:22:00,Consumidor Final,Debito,4400
12637,2026-01-27 17:35:00,Consumidor Final,Mercado Pago,16800
12638,2026-01-27 12:32:00,CLI-242,Efectivo,1800
12639,2026-01-27 08:16:00,CLI-212,Efectivo,6000
12640,2026-01-27 18:21:00,CLI-102,Credito,10350
12641,2026-01-27 11:58:00,CLI-172,Efectivo,3800
12642,2026-01-27 18:38:00,CLI-262,Debito,13600
12643,2026-01-27 18:33:00,Consumidor Final,Efectivo,900
12644,2026-01-27 11:29:00,CLI-198,Efectivo,7500
12645,2026-01-27 18:48:00,Consumidor Final,Credito,9800
12646,2026-01-27 10:54:00,Consumidor Final,Efectivo,7050
12647,2026-01-27 20:14:00,CLI-101,Debito,23300
12648,2026-01-27 10:13:00,CLI-106,Debito,3800
12649,2026-01-27 08:36:00,CLI-137,Debito,6600
12650,2026-01-27 12:44:00,Consumidor Final,Debito,9700
12651,2026-01-27 17:14:00,CLI-274,Credito,13600
12652,2026-01-27 19:04:00,CLI-146,Debito,8700
12653,2026-01-27 11:34:00,Consumidor Final,Mercado Pago,14800
12654,2026-01-27 20:46:00,CLI-273,Efectivo,5900
12655,2026-01-27 09:19:00,Consumidor Final,Efectivo,11400
12656,2026-01-27 12:55:00,CLI-232,Credito,16500
12657,2026-01-27 16:23:00,CLI-121,Efectivo,11600
12658,2026-01-27 20:27:00,CLI-175,Debito,3850
12659,2026-01-27 20:24:00,CLI-261,Efectivo,2900
12660,2026-01-27 12:17:00,CLI-254,Credito,24100
12661,2026-01-27 18:19:00,CLI-155,Mercado Pago,4000
12662,2026-01-27 10:26:00,Consumidor Final,Mercado Pago,4500
12663,2026-01-27 09:08:00,Consumidor Final,Debito,14450
12664,2026-01-27 17:28:00,Consumidor Final,Efectivo,4500
12665,2026-01-27 12:54:00,CLI-113,Mercado Pago,12200
12666,2026-01-27 08:06:00,CLI-143,Mercado Pago,4000
12667,2026-01-27 09:48:00,CLI-267,Mercado Pago,3300
12668,2026-01-27 17:30:00,CLI-125,Debito,5400
12669,2026-01-27 16:57:00,CLI-271,Mercado Pago,2200
12670,2026-01-27 11:08:00,Consumidor Final,Efectivo,8500
12671,2026-01-27 09:52:00,CLI-289,Efectivo,12750
12672,2026-01-27 19:14:00,Consumidor Final,Efectivo,14000
12673,2026-01-27 16:43:00,CLI-158,Efectivo,11400
12674,2026-01-27 08:14:00,CLI-180,Mercado Pago,1850
12675,2026-01-27 10:06:00,Consumidor Final,Debito,3150
12676,2026-01-27 11:06:00,Consumidor Final,Efectivo,9400
12677,2026-01-27 20:11:00,CLI-212,Mercado Pago,10700
12678,2026-01-27 19:13:00,CLI-236,Debito,19300
12679,2026-01-27 17:58:00,Consumidor Final,Credito,4500
12680,2026-01-27 12:16:00,CLI-219,Mercado Pago,11400
12681,2026-01-27 11:57:00,CLI-255,Debito,6700
12682,2026-01-27 11:40:00,CLI-281,Debito,3200
12683,2026-01-27 17:29:00,CLI-175,Mercado Pago,9200
12684,2026-01-27 10:53:00,Consumidor Final,Efectivo,7600
12685,2026-01-27 19:56:00,Consumidor Final,Efectivo,5250
12686,2026-01-27 10:04:00,CLI-131,Efectivo,11250
12687,2026-01-27 18:17:00,Consumidor Final,Mercado Pago,4900
12688,2026-01-27 19:22:00,CLI-139,Mercado Pago,3000
12689,2026-01-27 10:25:00,Consumidor Final,Debito,4000
12690,2026-01-27 09:15:00,CLI-293,Efectivo,9800
12691,2026-01-27 12:18:00,CLI-201,Mercado Pago,750
12692,2026-01-27 18:10:00,Consumidor Final,Mercado Pago,9300
12693,2026-01-27 09:47:00,CLI-165,Mercado Pago,9100
12694,2026-01-27 09:41:00,Consumidor Final,Debito,14500
12695,2026-01-27 10:07:00,Consumidor Final,Credito,12900
12696,2026-01-27 17:03:00,Consumidor Final,Debito,1500
12697,2026-01-27 17:45:00,CLI-271,Debito,2200
12698,2026-01-27 20:56:00,Consumidor Final,Credito,9050
12699,2026-01-27 16:25:00,Consumidor Final,Efectivo,5400
12700,2026-01-27 11:01:00,CLI-257,Debito,5600
12701,2026-01-28 19:33:00,CLI-246,Debito,3150
12702,2026-01-28 17:49:00,Consumidor Final,Efectivo,5400
12703,2026-01-28 09:32:00,CLI-186,Efectivo,15050
12704,2026-01-28 08:55:00,CLI-257,Debito,7100
12705,2026-01-28 17:48:00,CLI-121,Efectivo,1800
12706,2026-01-28 20:00:00,Consumidor Final,Efectivo,8100
12707,2026-01-28 19:41:00,CLI-249,Efectivo,4800
12708,2026-01-28 19:58:00,CLI-115,Efectivo,3600
12709,2026-01-28 10:01:00,CLI-105,Mercado Pago,4900
12710,2026-01-28 18:51:00,CLI-209,Mercado Pago,9200
12711,2026-01-28 19:44:00,Consumidor Final,Mercado Pago,16600
12712,2026-01-28 19:53:00,Consumidor Final,Efectivo,12100
12713,2026-01-28 11:53:00,CLI-218,Mercado Pago,5400
12714,2026-01-28 19:08:00,CLI-198,Mercado Pago,9550
12715,2026-01-28 10:27:00,Consumidor Final,Efectivo,11400
12716,2026-01-28 16:41:00,CLI-132,Efectivo,900
12717,2026-01-28 09:06:00,CLI-293,Credito,3600
12718,2026-01-28 18:13:00,CLI-294,Debito,21600
12719,2026-01-28 08:05:00,Consumidor Final,Debito,5200
12720,2026-01-28 10:17:00,CLI-223,Efectivo,2000
12721,2026-01-28 11:03:00,Consumidor Final,Efectivo,1100
12722,2026-01-28 18:22:00,CLI-105,Credito,7400
12723,2026-01-28 17:06:00,Consumidor Final,Credito,24250
12724,2026-01-28 08:02:00,Consumidor Final,Debito,4500
12725,2026-01-28 18:38:00,Consumidor Final,Efectivo,2250
12726,2026-01-28 17:22:00,CLI-202,Mercado Pago,3700
12727,2026-01-28 12:10:00,CLI-196,Debito,8400
12728,2026-01-28 10:30:00,CLI-127,Efectivo,20600
12729,2026-01-28 10:59:00,Consumidor Final,Credito,2250
12730,2026-01-28 08:48:00,CLI-248,Credito,7800
12731,2026-01-28 10:07:00,CLI-146,Efectivo,27300
12732,2026-01-28 08:36:00,CLI-191,Mercado Pago,15700
12733,2026-01-28 16:56:00,CLI-249,Efectivo,5600
12734,2026-01-28 10:28:00,CLI-101,Mercado Pago,21100
12735,2026-01-28 17:38:00,Consumidor Final,Credito,12400
12736,2026-01-28 17:40:00,Consumidor Final,Efectivo,6500
12737,2026-01-28 12:25:00,Consumidor Final,Debito,3800
12738,2026-01-28 17:09:00,Consumidor Final,Efectivo,7700
12739,2026-01-28 20:49:00,CLI-224,Efectivo,8700
12740,2026-01-28 12:57:00,CLI-233,Debito,900
12741,2026-01-28 12:50:00,CLI-170,Debito,6600
12742,2026-01-28 18:12:00,CLI-210,Mercado Pago,17300
12743,2026-01-28 16:00:00,Consumidor Final,Debito,12800
12744,2026-01-28 08:46:00,Consumidor Final,Debito,19000
12745,2026-01-28 17:01:00,CLI-297,Debito,7050
12746,2026-01-28 11:09:00,CLI-160,Debito,14700
12747,2026-01-28 08:51:00,Consumidor Final,Debito,5800
12748,2026-01-28 16:59:00,CLI-270,Debito,1500
12749,2026-01-28 10:25:00,CLI-272,Mercado Pago,25050
12750,2026-01-28 09:40:00,Consumidor Final,Debito,1600
12751,2026-01-28 09:16:00,CLI-209,Debito,7600
12752,2026-01-28 10:56:00,Consumidor Final,Efectivo,8700
12753,2026-01-28 16:24:00,Consumidor Final,Efectivo,16600
12754,2026-01-28 17:48:00,CLI-270,Efectivo,18800
12755,2026-01-28 11:42:00,Consumidor Final,Mercado Pago,750
12756,2026-01-28 17:33:00,Consumidor Final,Debito,12500
12757,2026-01-28 16:46:00,Consumidor Final,Efectivo,13150
12758,2026-01-28 08:56:00,Consumidor Final,Efectivo,1600
12759,2026-01-28 09:21:00,Consumidor Final,Debito,6800
12760,2026-01-28 17:10:00,Consumidor Final,Credito,2250
12761,2026-01-28 08:47:00,Consumidor Final,Efectivo,3300
12762,2026-01-28 17:23:00,Consumidor Final,Debito,11000
12763,2026-01-28 16:40:00,CLI-144,Mercado Pago,2250
12764,2026-01-28 18:22:00,CLI-207,Mercado Pago,2500
12765,2026-01-28 12:20:00,Consumidor Final,Debito,26500
12766,2026-01-28 20:23:00,Consumidor Final,Efectivo,18800
12767,2026-01-28 16:27:00,CLI-102,Credito,1800
12768,2026-01-28 16:28:00,Consumidor Final,Credito,2200
12769,2026-01-28 16:26:00,Consumidor Final,Mercado Pago,11400
12770,2026-01-28 09:34:00,CLI-219,Efectivo,5400
12771,2026-01-28 09:05:00,CLI-146,Mercado Pago,8700
12772,2026-01-28 17:28:00,CLI-103,Efectivo,3800
12773,2026-01-28 18:52:00,CLI-229,Debito,9100
12774,2026-01-28 18:04:00,Consumidor Final,Debito,3200
12775,2026-01-28 09:33:00,CLI-160,Mercado Pago,7650
12776,2026-01-28 08:54:00,CLI-261,Efectivo,10200
12777,2026-01-28 20:23:00,CLI-191,Mercado Pago,2200
12778,2026-01-28 19:50:00,Consumidor Final,Debito,6600
12779,2026-01-28 09:52:00,CLI-299,Mercado Pago,6600
12780,2026-01-28 17:42:00,Consumidor Final,Mercado Pago,5400
12781,2026-01-28 16:21:00,CLI-142,Efectivo,5400
12782,2026-01-28 17:08:00,Consumidor Final,Debito,16550
12783,2026-01-28 12:35:00,CLI-219,Mercado Pago,12300
12784,2026-01-28 16:48:00,Consumidor Final,Mercado Pago,19000
12785,2026-01-28 16:32:00,Consumidor Final,Debito,15000
12786,2026-01-28 19:45:00,CLI-160,Credito,2250
12787,2026-01-28 20:09:00,Consumidor Final,Efectivo,3000
12788,2026-01-28 11:54:00,CLI-177,Debito,11400
12789,2026-01-28 08:08:00,CLI-224,Efectivo,15200
12790,2026-01-28 16:18:00,CLI-211,Efectivo,8350
12791,2026-01-28 16:10:00,CLI-141,Credito,4800
12792,2026-01-28 17:14:00,CLI-164,Efectivo,3700
12793,2026-01-28 18:15:00,CLI-266,Mercado Pago,17750
12794,2026-01-28 08:24:00,CLI-184,Mercado Pago,10400
12795,2026-01-28 20:31:00,CLI-166,Credito,4300
12796,2026-01-28 17:48:00,CLI-222,Efectivo,4500
12797,2026-01-28 19:45:00,Consumidor Final,Mercado Pago,1800
12798,2026-01-28 19:42:00,CLI-155,Mercado Pago,3600
12799,2026-01-28 20:00:00,Consumidor Final,Mercado Pago,3800
12800,2026-01-29 18:56:00,CLI-164,Debito,18000
12801,2026-01-29 18:35:00,CLI-281,Efectivo,21650
12802,2026-01-29 12:02:00,CLI-233,Debito,4600
12803,2026-01-29 08:42:00,CLI-214,Debito,15900
12804,2026-01-29 11:59:00,CLI-212,Mercado Pago,10650
12805,2026-01-29 10:54:00,Consumidor Final,Efectivo,2250
12806,2026-01-29 11:17:00,CLI-119,Efectivo,4550
12807,2026-01-29 19:44:00,CLI-164,Debito,8400
12808,2026-01-29 20:11:00,Consumidor Final,Debito,6200
12809,2026-01-29 09:12:00,Consumidor Final,Mercado Pago,7600
12810,2026-01-29 17:12:00,Consumidor Final,Mercado Pago,17800
12811,2026-01-29 12:57:00,Consumidor Final,Efectivo,20600
12812,2026-01-29 17:39:00,Consumidor Final,Mercado Pago,1500
12813,2026-01-29 09:03:00,CLI-257,Mercado Pago,4400
12814,2026-01-29 20:56:00,CLI-152,Credito,15850
12815,2026-01-29 12:22:00,CLI-169,Efectivo,6600
12816,2026-01-29 08:35:00,CLI-283,Debito,15300
12817,2026-01-29 17:02:00,CLI-224,Mercado Pago,4800
12818,2026-01-29 17:47:00,Consumidor Final,Efectivo,13150
12819,2026-01-29 17:04:00,CLI-234,Efectivo,3450
12820,2026-01-29 08:22:00,CLI-207,Mercado Pago,27650
12821,2026-01-29 09:26:00,Consumidor Final,Mercado Pago,7300
12822,2026-01-29 12:10:00,CLI-176,Mercado Pago,10700
12823,2026-01-29 08:14:00,CLI-159,Debito,5700
12824,2026-01-29 10:44:00,CLI-199,Mercado Pago,1800
12825,2026-01-29 18:40:00,Consumidor Final,Efectivo,9350
12826,2026-01-29 12:17:00,Consumidor Final,Efectivo,2000
12827,2026-01-29 08:25:00,Consumidor Final,Efectivo,9900
12828,2026-01-29 11:38:00,CLI-276,Debito,2700
12829,2026-01-29 08:53:00,Consumidor Final,Efectivo,6200
12830,2026-01-29 17:12:00,CLI-260,Mercado Pago,6600
12831,2026-01-29 17:01:00,Consumidor Final,Mercado Pago,10550
12832,2026-01-29 20:37:00,Consumidor Final,Mercado Pago,7800
12833,2026-01-29 20:06:00,CLI-114,Mercado Pago,12300
12834,2026-01-29 09:14:00,Consumidor Final,Efectivo,8350
12835,2026-01-29 19:41:00,CLI-203,Debito,5600
12836,2026-01-29 09:03:00,CLI-100,Credito,1600
12837,2026-01-29 18:56:00,CLI-271,Efectivo,5450
12838,2026-01-29 17:52:00,CLI-106,Mercado Pago,12500
12839,2026-01-29 09:56:00,CLI-256,Debito,750
12840,2026-01-29 08:27:00,Consumidor Final,Efectivo,2250
12841,2026-01-29 12:27:00,CLI-246,Mercado Pago,6500
12842,2026-01-29 18:47:00,CLI-256,Mercado Pago,9850
12843,2026-01-29 11:25:00,CLI-108,Efectivo,19800
12844,2026-01-29 17:57:00,CLI-242,Efectivo,3300
12845,2026-01-29 11:08:00,Consumidor Final,Debito,3300
12846,2026-01-29 09:15:00,CLI-245,Mercado Pago,11700
12847,2026-01-29 16:27:00,CLI-197,Mercado Pago,23050
12848,2026-01-29 16:42:00,Consumidor Final,Credito,3850
12849,2026-01-29 19:56:00,Consumidor Final,Debito,2200
12850,2026-01-29 11:38:00,CLI-268,Debito,10600
12851,2026-01-29 16:29:00,Consumidor Final,Mercado Pago,13650
12852,2026-01-29 20:37:00,CLI-272,Efectivo,1800
12853,2026-01-29 17:21:00,CLI-194,Mercado Pago,750
12854,2026-01-29 08:49:00,CLI-153,Mercado Pago,8550
12855,2026-01-29 19:39:00,CLI-201,Debito,1500
12856,2026-01-29 20:08:00,Consumidor Final,Debito,21450
12857,2026-01-29 17:54:00,CLI-221,Mercado Pago,3600
12858,2026-01-29 20:20:00,CLI-180,Credito,1800
12859,2026-01-29 08:47:00,Consumidor Final,Debito,1500
12860,2026-01-29 16:38:00,Consumidor Final,Debito,9000
12861,2026-01-29 12:11:00,CLI-202,Efectivo,12900
12862,2026-01-29 08:03:00,Consumidor Final,Mercado Pago,6300
12863,2026-01-29 18:24:00,Consumidor Final,Debito,13700
12864,2026-01-29 11:29:00,CLI-233,Mercado Pago,12000
12865,2026-01-29 16:38:00,Consumidor Final,Debito,23750
12866,2026-01-29 10:41:00,CLI-196,Debito,4800
12867,2026-01-29 11:10:00,Consumidor Final,Debito,1500
12868,2026-01-29 09:15:00,Consumidor Final,Debito,1100
12869,2026-01-29 08:13:00,CLI-277,Efectivo,3000
12870,2026-01-29 19:58:00,CLI-267,Debito,5250
12871,2026-01-29 11:44:00,CLI-100,Efectivo,5200
12872,2026-01-29 16:01:00,CLI-133,Efectivo,5550
12873,2026-01-29 16:59:00,CLI-179,Mercado Pago,2200
12874,2026-01-29 11:01:00,Consumidor Final,Credito,750
12875,2026-01-29 10:48:00,CLI-294,Efectivo,19100
12876,2026-01-29 16:00:00,Consumidor Final,Debito,14800
12877,2026-01-29 09:47:00,Consumidor Final,Mercado Pago,15400
12878,2026-01-29 20:28:00,CLI-292,Debito,2200
12879,2026-01-29 10:11:00,CLI-119,Debito,10700
12880,2026-01-29 19:28:00,CLI-240,Credito,10000
12881,2026-01-29 11:22:00,CLI-202,Debito,7500
12882,2026-01-29 11:27:00,CLI-181,Efectivo,5400
12883,2026-01-29 19:50:00,CLI-112,Debito,7100
12884,2026-01-29 12:56:00,Consumidor Final,Debito,4900
12885,2026-01-29 17:38:00,Consumidor Final,Efectivo,9900
12886,2026-01-29 16:10:00,Consumidor Final,Efectivo,5600
12887,2026-01-29 16:38:00,CLI-288,Debito,10700
12888,2026-01-29 12:02:00,CLI-212,Credito,24350
12889,2026-01-29 20:51:00,CLI-234,Efectivo,4500
12890,2026-01-29 16:09:00,CLI-198,Debito,10200
12891,2026-01-29 20:01:00,Consumidor Final,Efectivo,16100
12892,2026-01-29 09:13:00,Consumidor Final,Mercado Pago,14400
12893,2026-01-29 16:18:00,CLI-126,Debito,2250
12894,2026-01-29 10:09:00,Consumidor Final,Debito,5500
12895,2026-01-30 09:03:00,CLI-243,Debito,9500
12896,2026-01-30 20:49:00,CLI-263,Mercado Pago,5100
12897,2026-01-30 11:51:00,CLI-145,Debito,1600
12898,2026-01-30 12:45:00,CLI-236,Credito,14900
12899,2026-01-30 16:01:00,Consumidor Final,Efectivo,18750
12900,2026-01-30 08:22:00,Consumidor Final,Debito,7600
12901,2026-01-30 08:01:00,CLI-249,Debito,12900
12902,2026-01-30 19:32:00,CLI-262,Mercado Pago,6600
12903,2026-01-30 08:06:00,Consumidor Final,Mercado Pago,8100
12904,2026-01-30 20:37:00,Consumidor Final,Mercado Pago,900
12905,2026-01-30 09:08:00,CLI-286,Efectivo,6700
12906,2026-01-30 20:43:00,CLI-131,Efectivo,11400
12907,2026-01-30 16:56:00,CLI-171,Efectivo,2600
12908,2026-01-30 09:41:00,Consumidor Final,Mercado Pago,2200
12909,2026-01-30 12:01:00,Consumidor Final,Mercado Pago,5400
12910,2026-01-30 11:10:00,CLI-230,Mercado Pago,3100
12911,2026-01-30 12:25:00,CLI-257,Efectivo,6800
12912,2026-01-30 18:21:00,Consumidor Final,Mercado Pago,13600
12913,2026-01-30 08:30:00,Consumidor Final,Debito,16150
12914,2026-01-30 11:40:00,CLI-206,Credito,6000
12915,2026-01-30 16:18:00,Consumidor Final,Efectivo,16200
12916,2026-01-30 12:57:00,CLI-186,Efectivo,6000
12917,2026-01-30 08:50:00,CLI-156,Efectivo,8800
12918,2026-01-30 10:58:00,Consumidor Final,Mercado Pago,8700
12919,2026-01-30 10:09:00,CLI-188,Mercado Pago,8500
12920,2026-01-30 19:21:00,CLI-174,Mercado Pago,1500
12921,2026-01-30 17:52:00,CLI-260,Efectivo,4400
12922,2026-01-30 18:52:00,CLI-266,Efectivo,12900
12923,2026-01-30 17:14:00,CLI-222,Efectivo,4100
12924,2026-01-30 09:09:00,CLI-172,Mercado Pago,8450
12925,2026-01-30 09:06:00,Consumidor Final,Mercado Pago,5400
12926,2026-01-30 20:28:00,CLI-286,Mercado Pago,5400
12927,2026-01-30 12:55:00,Consumidor Final,Efectivo,19350
12928,2026-01-30 10:08:00,Consumidor Final,Mercado Pago,3200
12929,2026-01-30 20:13:00,CLI-100,Credito,16500
12930,2026-01-30 12:53:00,CLI-282,Debito,2250
12931,2026-01-30 19:02:00,Consumidor Final,Efectivo,22800
12932,2026-01-30 17:09:00,Consumidor Final,Debito,8750
12933,2026-01-30 09:53:00,CLI-181,Credito,18300
12934,2026-01-30 20:47:00,CLI-131,Efectivo,20500
12935,2026-01-30 12:04:00,Consumidor Final,Debito,16300
12936,2026-01-30 18:09:00,Consumidor Final,Debito,5450
12937,2026-01-30 18:09:00,CLI-170,Debito,4200
12938,2026-01-30 19:00:00,Consumidor Final,Debito,12100
12939,2026-01-30 18:18:00,CLI-157,Debito,9800
12940,2026-01-30 16:56:00,CLI-260,Mercado Pago,11400
12941,2026-01-30 19:16:00,Consumidor Final,Efectivo,8200
12942,2026-01-30 19:11:00,CLI-113,Efectivo,2700
12943,2026-01-30 08:34:00,CLI-164,Mercado Pago,1800
12944,2026-01-30 10:18:00,CLI-173,Mercado Pago,3000
12945,2026-01-30 16:29:00,CLI-226,Debito,4200
12946,2026-01-30 17:49:00,Consumidor Final,Debito,10300
12947,2026-01-30 10:24:00,CLI-126,Efectivo,2200
12948,2026-01-30 19:57:00,CLI-188,Efectivo,6600
12949,2026-01-30 11:53:00,CLI-193,Mercado Pago,3300
12950,2026-01-30 16:37:00,Consumidor Final,Efectivo,900
12951,2026-01-30 11:04:00,CLI-263,Credito,1800
12952,2026-01-30 10:09:00,CLI-232,Mercado Pago,9100
12953,2026-01-30 19:59:00,CLI-281,Credito,9550
12954,2026-01-30 12:52:00,CLI-275,Efectivo,4800
12955,2026-01-30 17:37:00,CLI-104,Debito,4500
12956,2026-01-30 20:36:00,Consumidor Final,Mercado Pago,9800
12957,2026-01-30 12:43:00,Consumidor Final,Debito,21900
12958,2026-01-30 16:24:00,CLI-156,Debito,4400
12959,2026-01-30 20:54:00,CLI-278,Mercado Pago,10300
12960,2026-01-30 11:15:00,CLI-140,Debito,2700
12961,2026-01-30 11:34:00,CLI-225,Efectivo,2200
12962,2026-01-30 18:59:00,Consumidor Final,Debito,8900
12963,2026-01-30 08:41:00,CLI-269,Mercado Pago,13650
12964,2026-01-30 10:07:00,CLI-180,Efectivo,15100
12965,2026-01-30 19:45:00,CLI-258,Efectivo,11000
12966,2026-01-30 12:28:00,Consumidor Final,Mercado Pago,11950
12967,2026-01-30 17:26:00,CLI-298,Mercado Pago,3800
12968,2026-01-30 09:11:00,CLI-284,Debito,8100
12969,2026-01-30 18:57:00,CLI-122,Mercado Pago,11400
12970,2026-01-30 11:43:00,CLI-284,Efectivo,10800
12971,2026-01-30 18:01:00,CLI-186,Debito,5200
12972,2026-01-30 18:16:00,CLI-144,Mercado Pago,16100
12973,2026-01-30 16:48:00,CLI-146,Efectivo,3300
12974,2026-01-30 19:53:00,CLI-104,Mercado Pago,13500
12975,2026-01-30 10:10:00,Consumidor Final,Mercado Pago,2700
12976,2026-01-30 09:20:00,Consumidor Final,Debito,2200
12977,2026-01-30 11:31:00,Consumidor Final,Efectivo,1100
12978,2026-01-30 09:23:00,CLI-214,Credito,1500
12979,2026-01-30 19:56:00,Consumidor Final,Mercado Pago,2250
12980,2026-01-30 10:15:00,CLI-171,Efectivo,7700
12981,2026-01-30 09:07:00,Consumidor Final,Efectivo,8000
12982,2026-01-30 19:09:00,CLI-287,Efectivo,2200
12983,2026-01-30 16:12:00,CLI-189,Debito,10300
12984,2026-01-30 17:08:00,CLI-180,Debito,2200
12985,2026-01-30 09:36:00,Consumidor Final,Mercado Pago,3000
12986,2026-01-30 19:26:00,Consumidor Final,Efectivo,19100
12987,2026-01-30 11:19:00,CLI-172,Debito,16300
12988,2026-01-30 16:56:00,Consumidor Final,Mercado Pago,10950
12989,2026-01-30 17:25:00,Consumidor Final,Debito,19800
12990,2026-01-30 18:00:00,Consumidor Final,Mercado Pago,19900
12991,2026-01-30 12:10:00,CLI-185,Debito,2200
12992,2026-01-30 11:49:00,CLI-110,Efectivo,9650
12993,2026-01-30 20:01:00,CLI-236,Debito,750
12994,2026-01-30 16:01:00,Consumidor Final,Debito,16800
12995,2026-01-30 11:20:00,Consumidor Final,Efectivo,12850
12996,2026-01-30 08:19:00,Consumidor Final,Mercado Pago,14450
12997,2026-01-30 12:55:00,CLI-283,Mercado Pago,10500
12998,2026-01-30 16:16:00,CLI-173,Mercado Pago,4800
12999,2026-01-30 16:02:00,CLI-192,Efectivo,18600
13000,2026-01-31 09:21:00,Consumidor Final,Debito,3200
13001,2026-01-31 18:32:00,CLI-186,Efectivo,10300
13002,2026-01-31 08:31:00,CLI-245,Debito,3200
13003,2026-01-31 11:41:00,CLI-224,Efectivo,3600
13004,2026-01-31 10:18:00,CLI-227,Debito,1500
13005,2026-01-31 17:59:00,Consumidor Final,Credito,3200
13006,2026-01-31 17:49:00,CLI-288,Credito,3200
13007,2026-01-31 16:51:00,Consumidor Final,Mercado Pago,3200
13008,2026-01-31 18:45:00,Consumidor Final,Efectivo,25900
13009,2026-01-31 08:12:00,CLI-163,Debito,3200
13010,2026-01-31 09:12:00,Consumidor Final,Mercado Pago,10400
13011,2026-01-31 12:46:00,CLI-198,Credito,10600
13012,2026-01-31 20:19:00,CLI-167,Efectivo,3200
13013,2026-01-31 12:49:00,CLI-264,Mercado Pago,4900
13014,2026-01-31 11:14:00,CLI-291,Debito,3200
13015,2026-01-31 19:47:00,CLI-127,Credito,750
13016,2026-01-31 11:21:00,Consumidor Final,Debito,3200
13017,2026-01-31 17:49:00,Consumidor Final,Debito,5400
13018,2026-01-31 09:28:00,CLI-253,Debito,8600
13019,2026-01-31 10:48:00,CLI-211,Mercado Pago,7050
13020,2026-01-31 10:33:00,Consumidor Final,Efectivo,3200
13021,2026-01-31 18:29:00,CLI-164,Debito,19100
13022,2026-01-31 18:45:00,CLI-267,Efectivo,3200
13023,2026-01-31 18:30:00,Consumidor Final,Efectivo,19400
13024,2026-01-31 11:14:00,Consumidor Final,Debito,13100
13025,2026-01-31 17:59:00,CLI-178,Mercado Pago,4900
13026,2026-01-31 11:04:00,CLI-184,Credito,20950
13027,2026-01-31 09:23:00,Consumidor Final,Efectivo,2250
13028,2026-01-31 12:24:00,CLI-250,Debito,3200
13029,2026-01-31 12:34:00,CLI-262,Mercado Pago,3200
13030,2026-01-31 09:23:00,Consumidor Final,Credito,13200
13031,2026-01-31 17:17:00,CLI-245,Efectivo,9200
13032,2026-01-31 17:09:00,CLI-196,Mercado Pago,3200
13033,2026-01-31 20:26:00,CLI-283,Efectivo,5400
13034,2026-01-31 18:54:00,CLI-230,Debito,9600
13035,2026-01-31 18:23:00,Consumidor Final,Debito,24700
13036,2026-01-31 18:26:00,CLI-129,Efectivo,5150
13037,2026-01-31 19:46:00,Consumidor Final,Debito,3200
13038,2026-01-31 17:13:00,CLI-155,Efectivo,3200
13039,2026-01-31 09:55:00,CLI-126,Debito,5900
13040,2026-01-31 09:41:00,Consumidor Final,Debito,3200
13041,2026-01-31 10:33:00,CLI-128,Mercado Pago,3800
13042,2026-01-31 16:07:00,Consumidor Final,Mercado Pago,14800
13043,2026-01-31 08:24:00,CLI-211,Mercado Pago,20850
13044,2026-01-31 18:25:00,CLI-170,Mercado Pago,3200
13045,2026-01-31 11:18:00,CLI-199,Debito,3200
13046,2026-01-31 19:40:00,CLI-171,Mercado Pago,3300
13047,2026-01-31 17:31:00,Consumidor Final,Mercado Pago,22050
13048,2026-01-31 10:30:00,CLI-134,Debito,8500
13049,2026-01-31 10:33:00,Consumidor Final,Mercado Pago,3200
13050,2026-01-31 16:34:00,CLI-123,Mercado Pago,3200
13051,2026-01-31 18:24:00,CLI-121,Efectivo,4950
13052,2026-01-31 09:47:00,Consumidor Final,Efectivo,1100
13053,2026-01-31 08:00:00,CLI-108,Debito,900
13054,2026-01-31 16:49:00,Consumidor Final,Credito,6500
13055,2026-01-31 20:06:00,Consumidor Final,Efectivo,2700
13056,2026-01-31 17:23:00,CLI-150,Mercado Pago,4000
13057,2026-01-31 11:02:00,CLI-237,Credito,5600
13058,2026-01-31 11:37:00,CLI-188,Efectivo,3200
13059,2026-01-31 17:13:00,Consumidor Final,Efectivo,3200
13060,2026-01-31 20:13:00,Consumidor Final,Efectivo,20600
13061,2026-01-31 08:24:00,CLI-112,Efectivo,3000
13062,2026-01-31 18:20:00,CLI-147,Credito,12950
13063,2026-01-31 08:18:00,Consumidor Final,Credito,6300
13064,2026-01-31 20:46:00,CLI-100,Mercado Pago,1100
13065,2026-01-31 09:13:00,Consumidor Final,Efectivo,10800
13066,2026-01-31 12:23:00,CLI-234,Efectivo,3300
13067,2026-01-31 11:04:00,CLI-245,Debito,6000
13068,2026-01-31 18:39:00,Consumidor Final,Credito,7900
13069,2026-01-31 10:11:00,Consumidor Final,Efectivo,3200
13070,2026-01-31 16:06:00,CLI-208,Credito,3200
13071,2026-01-31 12:38:00,CLI-121,Credito,1800
13072,2026-01-31 20:33:00,CLI-124,Mercado Pago,22700
13073,2026-01-31 09:27:00,CLI-175,Debito,3200
13074,2026-01-31 20:21:00,CLI-230,Debito,3200
13075,2026-01-31 08:33:00,Consumidor Final,Debito,4200
13076,2026-01-31 10:40:00,CLI-144,Debito,3200
13077,2026-01-31 12:59:00,CLI-201,Debito,3000
13078,2026-01-31 20:58:00,Consumidor Final,Credito,3200
13079,2026-01-31 16:04:00,Consumidor Final,Efectivo,17000
13080,2026-01-31 11:18:00,CLI-248,Debito,13600
13081,2026-01-31 17:08:00,CLI-186,Mercado Pago,10000
13082,2026-02-01 08:51:00,CLI-227,Debito,3200
13083,2026-02-01 20:51:00,Consumidor Final,Efectivo,3200
13084,2026-02-01 09:52:00,CLI-239,Credito,3200
13085,2026-02-01 19:52:00,Consumidor Final,Efectivo,3200
13086,2026-02-01 19:21:00,Consumidor Final,Mercado Pago,3200
13087,2026-02-01 12:14:00,CLI-144,Mercado Pago,6000
13088,2026-02-01 08:19:00,CLI-181,Mercado Pago,4800
13089,2026-02-01 17:52:00,Consumidor Final,Mercado Pago,15700
13090,2026-02-01 11:09:00,CLI-127,Debito,1800
13091,2026-02-01 20:09:00,CLI-279,Efectivo,11700
13092,2026-02-01 08:10:00,CLI-179,Efectivo,9850
13093,2026-02-01 19:09:00,CLI-169,Credito,16700
13094,2026-02-01 18:28:00,CLI-191,Debito,3200
13095,2026-02-01 10:14:00,Consumidor Final,Mercado Pago,8400
13096,2026-02-01 17:01:00,Consumidor Final,Efectivo,3200
13097,2026-02-01 19:34:00,CLI-197,Mercado Pago,2700
13098,2026-02-01 11:42:00,CLI-170,Mercado Pago,5150
13099,2026-02-01 20:05:00,CLI-222,Mercado Pago,5800
13100,2026-02-01 20:55:00,CLI-293,Mercado Pago,12300
13101,2026-02-01 11:54:00,CLI-279,Debito,2350
13102,2026-02-01 19:55:00,CLI-190,Debito,12250
13103,2026-02-01 08:55:00,CLI-291,Mercado Pago,1600
13104,2026-02-01 12:19:00,CLI-105,Mercado Pago,3200
13105,2026-02-01 16:44:00,CLI-138,Mercado Pago,3200
13106,2026-02-01 10:39:00,CLI-140,Debito,6500
13107,2026-02-01 11:41:00,CLI-245,Debito,6600
13108,2026-02-01 19:48:00,Consumidor Final,Mercado Pago,3000
13109,2026-02-01 17:30:00,CLI-182,Efectivo,7050
13110,2026-02-01 16:07:00,CLI-244,Efectivo,3200
13111,2026-02-01 18:43:00,Consumidor Final,Mercado Pago,3200
13112,2026-02-01 19:27:00,Consumidor Final,Efectivo,3200
13113,2026-02-01 08:26:00,Consumidor Final,Mercado Pago,8100
13114,2026-02-01 17:47:00,Consumidor Final,Mercado Pago,3200
13115,2026-02-01 19:14:00,Consumidor Final,Debito,1600
13116,2026-02-01 18:38:00,Consumidor Final,Debito,2700
13117,2026-02-01 10:45:00,Consumidor Final,Mercado Pago,10600
13118,2026-02-01 12:37:00,CLI-106,Debito,29100
13119,2026-02-01 18:47:00,CLI-162,Debito,1600
13120,2026-02-01 12:52:00,CLI-129,Debito,3200
13121,2026-02-01 11:11:00,CLI-215,Efectivo,3200
13122,2026-02-01 08:12:00,CLI-254,Efectivo,4500
13123,2026-02-01 16:26:00,CLI-118,Debito,1100
13124,2026-02-01 17:52:00,CLI-178,Efectivo,8600
13125,2026-02-01 19:44:00,CLI-154,Mercado Pago,1650
13126,2026-02-01 11:59:00,CLI-290,Mercado Pago,3200
13127,2026-02-01 10:08:00,Consumidor Final,Efectivo,4350
13128,2026-02-01 08:41:00,Consumidor Final,Mercado Pago,8450
13129,2026-02-01 17:06:00,CLI-227,Debito,13900
13130,2026-02-01 18:04:00,CLI-248,Mercado Pago,23150
13131,2026-02-01 09:31:00,CLI-293,Debito,3200
13132,2026-02-01 10:27:00,CLI-179,Credito,3200
13133,2026-02-01 17:47:00,Consumidor Final,Debito,3200
13134,2026-02-01 10:25:00,Consumidor Final,Debito,9400
13135,2026-02-01 09:08:00,CLI-120,Debito,1500
13136,2026-02-01 08:45:00,CLI-256,Debito,2250
13137,2026-02-01 09:04:00,CLI-179,Debito,16800
13138,2026-02-01 19:33:00,CLI-144,Mercado Pago,3200
13139,2026-02-01 11:32:00,Consumidor Final,Mercado Pago,3200
13140,2026-02-01 08:10:00,CLI-259,Mercado Pago,15300
13141,2026-02-01 12:31:00,CLI-171,Debito,3600
13142,2026-02-01 20:41:00,CLI-216,Mercado Pago,5900
13143,2026-02-01 17:00:00,Consumidor Final,Efectivo,19800
13144,2026-02-01 18:21:00,CLI-292,Mercado Pago,8300
13145,2026-02-01 11:47:00,CLI-135,Debito,3200
13146,2026-02-01 10:51:00,CLI-150,Mercado Pago,8400
13147,2026-02-01 11:08:00,CLI-166,Efectivo,3200
13148,2026-02-01 12:38:00,CLI-239,Mercado Pago,3200
13149,2026-02-01 19:26:00,CLI-285,Efectivo,10850
13150,2026-02-01 16:15:00,Consumidor Final,Mercado Pago,17100
13151,2026-02-01 08:29:00,CLI-165,Efectivo,3200
13152,2026-02-01 17:35:00,Consumidor Final,Debito,5550
13153,2026-02-01 16:08:00,CLI-288,Debito,24800
13154,2026-02-01 20:12:00,CLI-193,Mercado Pago,4200
13155,2026-02-01 19:22:00,Consumidor Final,Efectivo,3000
13156,2026-02-01 20:54:00,Consumidor Final,Mercado Pago,3000
13157,2026-02-01 11:19:00,Consumidor Final,Efectivo,12000
13158,2026-02-01 19:48:00,CLI-225,Debito,3600
13159,2026-02-01 09:01:00,CLI-130,Efectivo,7100
13160,2026-02-01 09:24:00,CLI-263,Mercado Pago,6200
13161,2026-02-01 16:36:00,CLI-166,Debito,4400
13162,2026-02-01 16:35:00,Consumidor Final,Mercado Pago,6200
13163,2026-02-01 17:04:00,CLI-268,Efectivo,11300
13164,2026-02-01 08:53:00,CLI-105,Mercado Pago,4400
13165,2026-02-01 11:24:00,CLI-281,Efectivo,3700
13166,2026-02-01 10:33:00,CLI-179,Mercado Pago,12000
13167,2026-02-01 08:34:00,CLI-200,Mercado Pago,3200
13168,2026-02-01 08:14:00,Consumidor Final,Mercado Pago,3200
13169,2026-02-01 12:02:00,Consumidor Final,Efectivo,12500
13170,2026-02-01 18:35:00,Consumidor Final,Credito,5500
13171,2026-02-02 17:27:00,CLI-199,Credito,6100
13172,2026-02-02 09:38:00,CLI-129,Debito,3200
13173,2026-02-02 17:04:00,CLI-112,Mercado Pago,22500
13174,2026-02-02 11:34:00,CLI-294,Debito,3200
13175,2026-02-02 18:50:00,Consumidor Final,Debito,4900
13176,2026-02-02 17:23:00,Consumidor Final,Debito,6500
13177,2026-02-02 19:12:00,CLI-210,Mercado Pago,5250
13178,2026-02-02 18:01:00,CLI-233,Efectivo,7800
13179,2026-02-02 20:24:00,CLI-128,Efectivo,6000
13180,2026-02-02 11:05:00,Consumidor Final,Mercado Pago,13400
13181,2026-02-02 17:08:00,Consumidor Final,Mercado Pago,6950
13182,2026-02-02 12:54:00,CLI-152,Debito,2200
13183,2026-02-02 08:45:00,Consumidor Final,Credito,3600
13184,2026-02-02 11:27:00,CLI-118,Efectivo,25800
13185,2026-02-02 11:48:00,Consumidor Final,Mercado Pago,3200
13186,2026-02-02 17:20:00,Consumidor Final,Efectivo,3200
13187,2026-02-02 17:14:00,CLI-285,Credito,12500
13188,2026-02-02 17:50:00,Consumidor Final,Efectivo,4500
13189,2026-02-02 16:36:00,Consumidor Final,Debito,6200
13190,2026-02-02 09:19:00,CLI-220,Debito,3200
13191,2026-02-02 10:02:00,CLI-157,Efectivo,2250
13192,2026-02-02 08:20:00,CLI-197,Debito,18300
13193,2026-02-02 08:28:00,CLI-197,Mercado Pago,11550
13194,2026-02-02 10:09:00,Consumidor Final,Debito,9150
13195,2026-02-02 16:53:00,Consumidor Final,Mercado Pago,3200
13196,2026-02-02 19:46:00,CLI-203,Debito,3200
13197,2026-02-02 11:45:00,Consumidor Final,Mercado Pago,10500
13198,2026-02-02 10:37:00,Consumidor Final,Mercado Pago,10600
13199,2026-02-02 20:44:00,Consumidor Final,Debito,3200
13200,2026-02-02 18:57:00,Consumidor Final,Debito,11200
13201,2026-02-02 08:33:00,Consumidor Final,Efectivo,10350
13202,2026-02-02 11:08:00,Consumidor Final,Mercado Pago,3200
13203,2026-02-02 19:20:00,CLI-190,Mercado Pago,3200
13204,2026-02-02 17:15:00,Consumidor Final,Mercado Pago,9050
13205,2026-02-02 08:16:00,Consumidor Final,Efectivo,3200
13206,2026-02-02 20:22:00,CLI-179,Mercado Pago,3200
13207,2026-02-02 16:19:00,Consumidor Final,Efectivo,3200
13208,2026-02-02 12:27:00,CLI-181,Efectivo,3200
13209,2026-02-02 20:55:00,Consumidor Final,Mercado Pago,3200
13210,2026-02-02 20:46:00,CLI-285,Efectivo,3200
13211,2026-02-02 10:30:00,CLI-291,Efectivo,2700
13212,2026-02-02 19:42:00,Consumidor Final,Credito,10650
13213,2026-02-02 18:08:00,CLI-180,Efectivo,3200
13214,2026-02-02 11:59:00,Consumidor Final,Mercado Pago,1500
13215,2026-02-02 16:55:00,CLI-227,Mercado Pago,2400
13216,2026-02-02 12:33:00,Consumidor Final,Debito,3200
13217,2026-02-02 19:55:00,CLI-238,Efectivo,3200
13218,2026-02-02 08:16:00,CLI-111,Mercado Pago,1800
13219,2026-02-02 08:19:00,CLI-158,Credito,3200
13220,2026-02-02 20:06:00,Consumidor Final,Mercado Pago,3200
13221,2026-02-02 09:00:00,CLI-218,Mercado Pago,3200
13222,2026-02-02 17:39:00,Consumidor Final,Mercado Pago,12900
13223,2026-02-02 16:35:00,CLI-147,Efectivo,18200
13224,2026-02-02 09:59:00,Consumidor Final,Mercado Pago,13450
13225,2026-02-02 20:09:00,CLI-137,Mercado Pago,3200
13226,2026-02-02 08:53:00,Consumidor Final,Debito,750
13227,2026-02-02 10:43:00,Consumidor Final,Mercado Pago,3200
13228,2026-02-02 18:09:00,CLI-145,Credito,11450
13229,2026-02-02 12:53:00,CLI-201,Mercado Pago,3700
13230,2026-02-02 12:23:00,Consumidor Final,Mercado Pago,3200
13231,2026-02-02 17:45:00,Consumidor Final,Efectivo,4400
13232,2026-02-02 09:29:00,Consumidor Final,Efectivo,6300
13233,2026-02-02 18:49:00,CLI-128,Efectivo,12400
13234,2026-02-02 18:16:00,CLI-114,Credito,2200
13235,2026-02-02 18:34:00,CLI-123,Mercado Pago,22300
13236,2026-02-02 10:07:00,CLI-287,Mercado Pago,4500
13237,2026-02-02 10:01:00,CLI-221,Efectivo,2200
13238,2026-02-02 11:02:00,Consumidor Final,Debito,6300
13239,2026-02-02 08:35:00,CLI-284,Mercado Pago,12900
13240,2026-02-02 19:44:00,CLI-239,Credito,20100
13241,2026-02-02 18:47:00,CLI-187,Mercado Pago,3200
13242,2026-02-02 10:44:00,Consumidor Final,Credito,19250
13243,2026-02-02 18:18:00,CLI-256,Mercado Pago,7600
13244,2026-02-02 08:56:00,CLI-102,Debito,3200
13245,2026-02-02 17:26:00,CLI-199,Mercado Pago,3200
13246,2026-02-02 09:18:00,Consumidor Final,Debito,3200
13247,2026-02-02 08:40:00,Consumidor Final,Efectivo,7800
13248,2026-02-02 17:04:00,Consumidor Final,Efectivo,3200
13249,2026-02-02 10:44:00,Consumidor Final,Debito,3200
13250,2026-02-02 08:02:00,CLI-266,Efectivo,3200
13251,2026-02-03 10:55:00,Consumidor Final,Efectivo,13200
13252,2026-02-03 10:10:00,CLI-267,Mercado Pago,10200
13253,2026-02-03 18:43:00,Consumidor Final,Efectivo,3200
13254,2026-02-03 19:41:00,Consumidor Final,Efectivo,19500
13255,2026-02-03 16:05:00,CLI-168,Efectivo,29100
13256,2026-02-03 19:22:00,CLI-149,Efectivo,15400
13257,2026-02-03 09:17:00,CLI-247,Efectivo,11200
13258,2026-02-03 16:55:00,CLI-152,Efectivo,3200
13259,2026-02-03 20:36:00,CLI-136,Debito,5400
13260,2026-02-03 17:53:00,Consumidor Final,Efectivo,3200
13261,2026-02-03 18:31:00,CLI-220,Efectivo,3200
13262,2026-02-03 19:02:00,Consumidor Final,Mercado Pago,25350
13263,2026-02-03 11:06:00,CLI-204,Mercado Pago,7100
13264,2026-02-03 12:30:00,CLI-197,Credito,24600
13265,2026-02-03 09:21:00,CLI-252,Mercado Pago,3200
13266,2026-02-03 17:13:00,CLI-234,Mercado Pago,3200
13267,2026-02-03 18:46:00,Consumidor Final,Efectivo,22300
13268,2026-02-03 16:12:00,Consumidor Final,Mercado Pago,9150
13269,2026-02-03 16:20:00,CLI-223,Debito,12500
13270,2026-02-03 20:19:00,Consumidor Final,Efectivo,3200
13271,2026-02-03 11:07:00,CLI-116,Efectivo,7600
13272,2026-02-03 18:05:00,Consumidor Final,Efectivo,3200
13273,2026-02-03 12:56:00,CLI-198,Mercado Pago,3600
13274,2026-02-03 09:51:00,CLI-205,Efectivo,8400
13275,2026-02-03 17:50:00,CLI-187,Debito,6200
13276,2026-02-03 08:16:00,Consumidor Final,Mercado Pago,3200
13277,2026-02-03 12:39:00,CLI-113,Mercado Pago,14350
13278,2026-02-03 16:42:00,CLI-209,Credito,5700
13279,2026-02-03 18:33:00,CLI-150,Mercado Pago,6000
13280,2026-02-03 08:22:00,Consumidor Final,Debito,12150
13281,2026-02-03 16:36:00,CLI-248,Efectivo,5450
13282,2026-02-03 08:33:00,CLI-159,Debito,4800
13283,2026-02-03 08:12:00,CLI-281,Mercado Pago,3200
13284,2026-02-03 09:51:00,CLI-179,Debito,3200
13285,2026-02-03 11:00:00,CLI-128,Mercado Pago,15900
13286,2026-02-03 20:00:00,Consumidor Final,Mercado Pago,3950
13287,2026-02-03 10:48:00,CLI-257,Efectivo,3200
13288,2026-02-03 19:24:00,CLI-277,Mercado Pago,3200
13289,2026-02-03 12:18:00,CLI-115,Efectivo,15100
13290,2026-02-03 18:52:00,Consumidor Final,Mercado Pago,4500
13291,2026-02-03 16:04:00,Consumidor Final,Debito,15050
13292,2026-02-03 16:16:00,Consumidor Final,Efectivo,7600
13293,2026-02-03 16:50:00,CLI-109,Debito,8600
13294,2026-02-03 16:24:00,Consumidor Final,Mercado Pago,9800
13295,2026-02-03 11:12:00,Consumidor Final,Mercado Pago,5900
13296,2026-02-03 09:53:00,Consumidor Final,Debito,21850
13297,2026-02-03 17:26:00,CLI-114,Efectivo,20750
13298,2026-02-03 12:32:00,CLI-135,Debito,3700
13299,2026-02-03 08:25:00,Consumidor Final,Efectivo,15200
13300,2026-02-03 17:52:00,CLI-205,Mercado Pago,1800
13301,2026-02-03 19:22:00,CLI-122,Mercado Pago,750
13302,2026-02-03 09:36:00,CLI-229,Debito,16500
13303,2026-02-03 19:52:00,CLI-191,Debito,13100
13304,2026-02-03 16:00:00,Consumidor Final,Efectivo,1600
13305,2026-02-03 09:03:00,CLI-103,Efectivo,3200
13306,2026-02-03 11:16:00,Consumidor Final,Mercado Pago,6400
13307,2026-02-03 10:49:00,Consumidor Final,Efectivo,8900
13308,2026-02-03 08:47:00,Consumidor Final,Debito,8800
13309,2026-02-03 18:29:00,Consumidor Final,Efectivo,20600
13310,2026-02-03 08:12:00,CLI-100,Mercado Pago,3200
13311,2026-02-03 20:14:00,CLI-144,Debito,3200
13312,2026-02-03 18:35:00,Consumidor Final,Credito,4150
13313,2026-02-03 19:43:00,Consumidor Final,Credito,6600
13314,2026-02-03 17:55:00,CLI-107,Debito,3200
13315,2026-02-03 18:18:00,CLI-103,Mercado Pago,2250
13316,2026-02-03 17:13:00,CLI-203,Efectivo,6600
13317,2026-02-03 16:03:00,Consumidor Final,Mercado Pago,7600
13318,2026-02-03 18:57:00,CLI-144,Efectivo,3000
13319,2026-02-03 11:20:00,Consumidor Final,Efectivo,3200
13320,2026-02-03 20:36:00,Consumidor Final,Mercado Pago,3200
13321,2026-02-03 16:38:00,CLI-176,Efectivo,2200
13322,2026-02-03 17:49:00,CLI-203,Debito,9750
13323,2026-02-03 09:41:00,Consumidor Final,Credito,10900
13324,2026-02-03 17:16:00,CLI-170,Mercado Pago,3200
13325,2026-02-03 12:56:00,Consumidor Final,Efectivo,3200
13326,2026-02-03 08:43:00,Consumidor Final,Credito,3200
13327,2026-02-03 19:37:00,Consumidor Final,Efectivo,3200
13328,2026-02-03 20:44:00,Consumidor Final,Mercado Pago,2700
13329,2026-02-03 12:54:00,Consumidor Final,Mercado Pago,3200
13330,2026-02-03 16:36:00,Consumidor Final,Mercado Pago,3200
13331,2026-02-03 19:04:00,CLI-125,Efectivo,7700
13332,2026-02-03 20:42:00,CLI-289,Mercado Pago,16000
13333,2026-02-03 12:01:00,CLI-248,Efectivo,15700
13334,2026-02-03 11:52:00,Consumidor Final,Mercado Pago,3200
13335,2026-02-03 20:21:00,CLI-271,Mercado Pago,3200
13336,2026-02-03 16:43:00,CLI-109,Debito,3200
13337,2026-02-03 12:59:00,CLI-282,Efectivo,3200
13338,2026-02-03 10:18:00,CLI-190,Efectivo,1800
13339,2026-02-03 16:49:00,CLI-197,Efectivo,10400
13340,2026-02-03 17:37:00,Consumidor Final,Efectivo,3200
13341,2026-02-03 10:00:00,CLI-110,Mercado Pago,1800
13342,2026-02-03 10:05:00,CLI-133,Debito,3200
13343,2026-02-03 09:31:00,CLI-154,Efectivo,7000
13344,2026-02-03 16:21:00,CLI-268,Debito,3200
13345,2026-02-03 11:17:00,CLI-265,Efectivo,5700
13346,2026-02-03 09:01:00,Consumidor Final,Mercado Pago,7600
13347,2026-02-04 20:52:00,CLI-214,Debito,7750
13348,2026-02-04 09:31:00,CLI-208,Mercado Pago,19300
13349,2026-02-04 12:03:00,Consumidor Final,Credito,3200
13350,2026-02-04 20:08:00,Consumidor Final,Mercado Pago,19650
13351,2026-02-04 18:46:00,Consumidor Final,Efectivo,3200
13352,2026-02-04 08:44:00,CLI-271,Debito,3200
13353,2026-02-04 20:19:00,Consumidor Final,Efectivo,3200
13354,2026-02-04 09:40:00,CLI-229,Credito,3200
13355,2026-02-04 11:32:00,Consumidor Final,Efectivo,2200
13356,2026-02-04 12:54:00,CLI-199,Efectivo,3200
13357,2026-02-04 11:10:00,Consumidor Final,Efectivo,3200
13358,2026-02-04 17:05:00,Consumidor Final,Credito,3600
13359,2026-02-04 12:27:00,CLI-221,Mercado Pago,3200
13360,2026-02-04 10:58:00,CLI-297,Credito,3200
13361,2026-02-04 16:03:00,CLI-285,Mercado Pago,3200
13362,2026-02-04 08:02:00,CLI-150,Debito,4700
13363,2026-02-04 08:24:00,CLI-274,Debito,3200
13364,2026-02-04 20:56:00,CLI-181,Mercado Pago,4700
13365,2026-02-04 18:57:00,CLI-222,Efectivo,3200
13366,2026-02-04 12:56:00,Consumidor Final,Mercado Pago,8800
13367,2026-02-04 09:56:00,Consumidor Final,Efectivo,10650
13368,2026-02-04 19:49:00,CLI-170,Mercado Pago,2200
13369,2026-02-04 16:37:00,Consumidor Final,Debito,22100
13370,2026-02-04 20:34:00,CLI-123,Credito,4900
13371,2026-02-04 10:56:00,Consumidor Final,Mercado Pago,3200
13372,2026-02-04 17:18:00,CLI-187,Efectivo,15200
13373,2026-02-04 18:39:00,Consumidor Final,Debito,8500
13374,2026-02-04 11:59:00,Consumidor Final,Efectivo,750
13375,2026-02-04 12:13:00,Consumidor Final,Mercado Pago,3200
13376,2026-02-04 20:27:00,Consumidor Final,Efectivo,3200
13377,2026-02-04 09:18:00,CLI-212,Mercado Pago,2200
13378,2026-02-04 19:14:00,Consumidor Final,Debito,3200
13379,2026-02-04 17:37:00,Consumidor Final,Mercado Pago,3200
13380,2026-02-04 19:44:00,Consumidor Final,Efectivo,3200
13381,2026-02-04 11:10:00,Consumidor Final,Credito,7600
13382,2026-02-04 12:25:00,Consumidor Final,Mercado Pago,3200
13383,2026-02-04 18:30:00,CLI-107,Debito,4100
13384,2026-02-04 17:15:00,CLI-185,Efectivo,2700
13385,2026-02-04 17:45:00,CLI-212,Efectivo,2250
13386,2026-02-04 19:34:00,CLI-102,Debito,21700
13387,2026-02-04 20:56:00,CLI-209,Debito,7100
13388,2026-02-04 08:39:00,Consumidor Final,Credito,3200
13389,2026-02-04 11:39:00,Consumidor Final,Debito,6300
13390,2026-02-04 19:16:00,CLI-129,Efectivo,19400
13391,2026-02-04 10:48:00,CLI-276,Debito,4800
13392,2026-02-04 11:06:00,CLI-287,Debito,4350
13393,2026-02-04 09:30:00,CLI-269,Mercado Pago,3600
13394,2026-02-04 09:03:00,CLI-182,Debito,4800
13395,2026-02-04 10:02:00,Consumidor Final,Debito,3200
13396,2026-02-04 16:51:00,Consumidor Final,Debito,3200
13397,2026-02-04 09:56:00,Consumidor Final,Debito,8700
13398,2026-02-04 10:43:00,Consumidor Final,Mercado Pago,1600
13399,2026-02-04 17:06:00,Consumidor Final,Efectivo,11150
13400,2026-02-04 18:06:00,Consumidor Final,Debito,900
13401,2026-02-04 12:58:00,CLI-127,Efectivo,900
13402,2026-02-04 12:50:00,CLI-295,Mercado Pago,3200
13403,2026-02-04 19:08:00,CLI-187,Debito,11750
13404,2026-02-04 18:27:00,CLI-298,Debito,3200
13405,2026-02-04 08:21:00,CLI-281,Mercado Pago,5250
13406,2026-02-04 19:52:00,CLI-149,Debito,8400
13407,2026-02-04 10:32:00,CLI-244,Debito,5900
13408,2026-02-04 18:08:00,CLI-154,Debito,2200
13409,2026-02-04 19:19:00,CLI-272,Debito,2200
13410,2026-02-04 18:39:00,Consumidor Final,Efectivo,30250
13411,2026-02-04 12:07:00,Consumidor Final,Mercado Pago,3200
13412,2026-02-04 10:11:00,CLI-191,Mercado Pago,3200
13413,2026-02-04 10:54:00,CLI-268,Efectivo,3200
13414,2026-02-04 18:05:00,CLI-290,Mercado Pago,12400
13415,2026-02-04 18:19:00,Consumidor Final,Debito,6200
13416,2026-02-04 12:49:00,CLI-193,Debito,5400
13417,2026-02-04 12:15:00,Consumidor Final,Debito,3800
13418,2026-02-04 11:17:00,CLI-293,Mercado Pago,6300
13419,2026-02-04 17:16:00,Consumidor Final,Debito,14250
13420,2026-02-04 09:31:00,Consumidor Final,Debito,3200
13421,2026-02-04 09:33:00,Consumidor Final,Efectivo,3200
13422,2026-02-04 16:17:00,CLI-163,Mercado Pago,4500
13423,2026-02-04 08:17:00,CLI-293,Efectivo,6800
13424,2026-02-04 17:32:00,CLI-181,Efectivo,3200
13425,2026-02-04 17:12:00,CLI-220,Mercado Pago,9950
13426,2026-02-04 16:42:00,Consumidor Final,Debito,3200
13427,2026-02-04 18:26:00,CLI-120,Mercado Pago,4000
13428,2026-02-04 17:07:00,CLI-244,Efectivo,3200
13429,2026-02-04 11:04:00,Consumidor Final,Debito,19750
13430,2026-02-04 12:49:00,CLI-105,Mercado Pago,3200
13431,2026-02-04 08:47:00,Consumidor Final,Mercado Pago,3200
13432,2026-02-04 18:14:00,CLI-273,Mercado Pago,3200
13433,2026-02-04 10:53:00,CLI-100,Efectivo,14850
13434,2026-02-04 16:52:00,CLI-199,Debito,8600
13435,2026-02-04 11:30:00,CLI-152,Mercado Pago,2250
13436,2026-02-04 08:04:00,CLI-200,Efectivo,12900
13437,2026-02-04 10:52:00,CLI-107,Efectivo,5100
13438,2026-02-04 16:46:00,CLI-104,Debito,13000
13439,2026-02-04 16:19:00,CLI-110,Efectivo,3200
13440,2026-02-04 16:01:00,Consumidor Final,Mercado Pago,16800
13441,2026-02-04 09:32:00,Consumidor Final,Debito,900
13442,2026-02-04 16:58:00,CLI-257,Efectivo,5600
13443,2026-02-04 09:39:00,CLI-142,Debito,3200
13444,2026-02-04 09:53:00,Consumidor Final,Mercado Pago,11600
13445,2026-02-04 17:46:00,CLI-193,Credito,1100
13446,2026-02-04 17:10:00,CLI-114,Debito,3200
13447,2026-02-04 16:27:00,CLI-297,Mercado Pago,6800
13448,2026-02-04 11:06:00,CLI-168,Debito,11400
13449,2026-02-04 17:34:00,Consumidor Final,Efectivo,3200
13450,2026-02-04 20:42:00,Consumidor Final,Mercado Pago,900
13451,2026-02-04 12:19:00,CLI-158,Mercado Pago,1500
13452,2026-02-04 16:00:00,CLI-164,Mercado Pago,11250
13453,2026-02-04 17:39:00,CLI-132,Mercado Pago,9200
13454,2026-02-04 18:00:00,Consumidor Final,Mercado Pago,3200
13455,2026-02-04 17:22:00,CLI-252,Mercado Pago,25700
13456,2026-02-04 17:47:00,CLI-177,Efectivo,2700
13457,2026-02-04 20:11:00,CLI-141,Mercado Pago,9200
13458,2026-02-04 16:02:00,CLI-201,Efectivo,3200
13459,2026-02-05 17:06:00,CLI-191,Efectivo,3200
13460,2026-02-05 20:00:00,Consumidor Final,Mercado Pago,17650
13461,2026-02-05 20:42:00,Consumidor Final,Credito,16300
13462,2026-02-05 09:50:00,CLI-123,Debito,6800
13463,2026-02-05 20:45:00,Consumidor Final,Debito,3200
13464,2026-02-05 11:39:00,CLI-253,Debito,3200
13465,2026-02-05 17:35:00,CLI-224,Mercado Pago,4800
13466,2026-02-05 16:14:00,CLI-148,Efectivo,2250
13467,2026-02-05 16:16:00,Consumidor Final,Debito,1100
13468,2026-02-05 11:41:00,CLI-170,Debito,3200
13469,2026-02-05 10:55:00,CLI-246,Debito,7800
13470,2026-02-05 18:39:00,CLI-213,Efectivo,3200
13471,2026-02-05 11:06:00,CLI-224,Mercado Pago,3200
13472,2026-02-05 11:45:00,CLI-178,Credito,3200
13473,2026-02-05 10:45:00,Consumidor Final,Efectivo,5100
13474,2026-02-05 12:38:00,CLI-149,Efectivo,3200
13475,2026-02-05 08:21:00,Consumidor Final,Efectivo,3200
13476,2026-02-05 19:12:00,CLI-177,Debito,7900
13477,2026-02-05 09:05:00,Consumidor Final,Debito,2250
13478,2026-02-05 16:50:00,CLI-127,Debito,5300
13479,2026-02-05 11:26:00,CLI-120,Credito,2250
13480,2026-02-05 10:51:00,CLI-206,Debito,3200
13481,2026-02-05 19:49:00,Consumidor Final,Debito,8200
13482,2026-02-05 10:54:00,Consumidor Final,Debito,5800
13483,2026-02-05 08:25:00,CLI-135,Debito,3300
13484,2026-02-05 09:42:00,Consumidor Final,Debito,12900
13485,2026-02-05 10:13:00,Consumidor Final,Mercado Pago,7400
13486,2026-02-05 19:40:00,CLI-285,Credito,3200
13487,2026-02-05 17:07:00,CLI-203,Mercado Pago,3200
13488,2026-02-05 19:06:00,CLI-278,Mercado Pago,5400
13489,2026-02-05 16:44:00,CLI-140,Mercado Pago,25600
13490,2026-02-05 12:21:00,Consumidor Final,Debito,3200
13491,2026-02-05 08:29:00,CLI-224,Mercado Pago,4500
13492,2026-02-05 17:29:00,Consumidor Final,Debito,3200
13493,2026-02-05 16:36:00,CLI-136,Efectivo,25050
13494,2026-02-05 11:57:00,Consumidor Final,Debito,8300
13495,2026-02-05 12:36:00,Consumidor Final,Efectivo,3200
13496,2026-02-05 11:32:00,CLI-108,Mercado Pago,7600
13497,2026-02-05 10:50:00,CLI-216,Mercado Pago,3200
13498,2026-02-05 16:11:00,CLI-277,Debito,2700
13499,2026-02-05 08:34:00,CLI-114,Mercado Pago,3200
13500,2026-02-05 16:18:00,Consumidor Final,Efectivo,3200
13501,2026-02-05 18:21:00,CLI-138,Mercado Pago,22350
13502,2026-02-05 18:20:00,Consumidor Final,Credito,3200
13503,2026-02-05 17:06:00,Consumidor Final,Mercado Pago,3200
13504,2026-02-05 19:23:00,CLI-135,Mercado Pago,10000
13505,2026-02-05 20:18:00,Consumidor Final,Mercado Pago,17250
13506,2026-02-05 19:18:00,Consumidor Final,Debito,3200
13507,2026-02-05 10:11:00,CLI-190,Efectivo,3200
13508,2026-02-05 17:31:00,Consumidor Final,Efectivo,3200
13509,2026-02-05 12:19:00,CLI-211,Debito,15550
13510,2026-02-05 16:44:00,CLI-256,Mercado Pago,3200
13511,2026-02-05 10:33:00,Consumidor Final,Debito,2200
13512,2026-02-05 18:48:00,CLI-145,Debito,24600
13513,2026-02-05 19:41:00,CLI-262,Credito,13500
13514,2026-02-05 17:08:00,CLI-234,Debito,1800
13515,2026-02-05 09:40:00,CLI-278,Efectivo,10550
13516,2026-02-05 08:44:00,CLI-240,Efectivo,3200
13517,2026-02-05 18:34:00,CLI-199,Debito,3200
13518,2026-02-05 16:24:00,Consumidor Final,Mercado Pago,3200
13519,2026-02-05 08:03:00,CLI-272,Mercado Pago,3200
13520,2026-02-05 08:20:00,Consumidor Final,Credito,3200
13521,2026-02-05 17:48:00,Consumidor Final,Mercado Pago,900
13522,2026-02-05 10:28:00,CLI-295,Debito,7600
13523,2026-02-05 10:43:00,Consumidor Final,Efectivo,3200
13524,2026-02-05 20:16:00,CLI-100,Mercado Pago,3200
13525,2026-02-05 17:09:00,Consumidor Final,Credito,21450
13526,2026-02-05 10:56:00,CLI-220,Efectivo,27450
13527,2026-02-05 10:29:00,Consumidor Final,Credito,3200
13528,2026-02-05 12:45:00,CLI-249,Efectivo,8950
13529,2026-02-05 10:42:00,Consumidor Final,Mercado Pago,2250
13530,2026-02-05 18:11:00,Consumidor Final,Credito,7100
13531,2026-02-05 16:26:00,Consumidor Final,Mercado Pago,3200
13532,2026-02-05 17:53:00,CLI-208,Mercado Pago,1500
13533,2026-02-05 18:51:00,Consumidor Final,Efectivo,8400
13534,2026-02-05 08:14:00,CLI-219,Mercado Pago,14700
13535,2026-02-05 12:29:00,CLI-281,Debito,6600
13536,2026-02-05 16:51:00,Consumidor Final,Mercado Pago,3200
13537,2026-02-05 18:29:00,CLI-213,Debito,3200
13538,2026-02-05 16:46:00,CLI-220,Mercado Pago,8600
13539,2026-02-05 08:25:00,CLI-291,Credito,3200
13540,2026-02-05 16:03:00,CLI-156,Mercado Pago,5600
13541,2026-02-05 12:44:00,CLI-207,Mercado Pago,2700
13542,2026-02-05 10:31:00,CLI-120,Efectivo,3200
13543,2026-02-05 17:52:00,CLI-186,Efectivo,3200
13544,2026-02-05 17:50:00,Consumidor Final,Credito,21300
13545,2026-02-05 08:11:00,Consumidor Final,Debito,12600
13546,2026-02-05 20:19:00,CLI-285,Efectivo,5600
13547,2026-02-05 11:12:00,CLI-233,Efectivo,3350
13548,2026-02-05 20:00:00,Consumidor Final,Debito,7000
13549,2026-02-05 18:31:00,CLI-121,Efectivo,2200
13550,2026-02-06 11:11:00,CLI-111,Debito,15800
13551,2026-02-06 08:17:00,Consumidor Final,Mercado Pago,1600
13552,2026-02-06 08:21:00,Consumidor Final,Efectivo,3200
13553,2026-02-06 12:41:00,Consumidor Final,Efectivo,3200
13554,2026-02-06 18:48:00,CLI-205,Efectivo,13700
13555,2026-02-06 18:58:00,Consumidor Final,Mercado Pago,3200
13556,2026-02-06 11:52:00,Consumidor Final,Debito,14850
13557,2026-02-06 20:50:00,CLI-177,Mercado Pago,3200
13558,2026-02-06 19:37:00,CLI-223,Debito,13900
13559,2026-02-06 19:07:00,Consumidor Final,Mercado Pago,12000
13560,2026-02-06 18:22:00,CLI-266,Credito,4100
13561,2026-02-06 10:35:00,CLI-120,Mercado Pago,4400
13562,2026-02-06 18:49:00,Consumidor Final,Debito,6600
13563,2026-02-06 20:03:00,Consumidor Final,Efectivo,8150
13564,2026-02-06 17:44:00,CLI-243,Efectivo,3200
13565,2026-02-06 19:30:00,CLI-190,Efectivo,17700
13566,2026-02-06 16:36:00,CLI-140,Efectivo,11300
13567,2026-02-06 09:49:00,CLI-226,Debito,2200
13568,2026-02-06 20:34:00,Consumidor Final,Efectivo,3200
13569,2026-02-06 08:11:00,Consumidor Final,Mercado Pago,4800
13570,2026-02-06 08:43:00,Consumidor Final,Mercado Pago,3200
13571,2026-02-06 19:30:00,CLI-160,Efectivo,3200
13572,2026-02-06 12:07:00,CLI-212,Debito,6200
13573,2026-02-06 08:17:00,Consumidor Final,Efectivo,18450
13574,2026-02-06 20:47:00,Consumidor Final,Efectivo,6100
13575,2026-02-06 11:27:00,CLI-205,Debito,2250
13576,2026-02-06 08:38:00,CLI-217,Efectivo,10700
13577,2026-02-06 20:28:00,CLI-151,Debito,9900
13578,2026-02-06 17:13:00,Consumidor Final,Debito,3200
13579,2026-02-06 17:09:00,Consumidor Final,Mercado Pago,2600
13580,2026-02-06 20:40:00,CLI-106,Efectivo,3200
13581,2026-02-06 12:19:00,Consumidor Final,Efectivo,16450
13582,2026-02-06 09:25:00,Consumidor Final,Efectivo,3200
13583,2026-02-06 17:16:00,Consumidor Final,Debito,5350
13584,2026-02-06 08:05:00,Consumidor Final,Efectivo,3200
13585,2026-02-06 20:58:00,CLI-196,Mercado Pago,3200
13586,2026-02-06 12:49:00,CLI-184,Debito,6500
13587,2026-02-06 08:36:00,Consumidor Final,Mercado Pago,3200
13588,2026-02-06 18:30:00,CLI-266,Debito,6300
13589,2026-02-06 16:16:00,CLI-292,Credito,3200
13590,2026-02-06 11:09:00,Consumidor Final,Mercado Pago,3200
13591,2026-02-06 10:47:00,Consumidor Final,Mercado Pago,3200
13592,2026-02-06 09:43:00,CLI-226,Mercado Pago,3200
13593,2026-02-06 10:24:00,CLI-284,Mercado Pago,20500
13594,2026-02-06 08:21:00,Consumidor Final,Efectivo,11400
13595,2026-02-06 09:22:00,Consumidor Final,Mercado Pago,2700
13596,2026-02-06 19:44:00,Consumidor Final,Mercado Pago,9750
13597,2026-02-06 20:14:00,Consumidor Final,Efectivo,5150
13598,2026-02-06 17:44:00,CLI-160,Efectivo,3700
13599,2026-02-06 16:50:00,Consumidor Final,Debito,4500
13600,2026-02-06 17:14:00,CLI-209,Mercado Pago,4500
13601,2026-02-06 18:58:00,CLI-154,Credito,16350
13602,2026-02-06 09:01:00,Consumidor Final,Mercado Pago,3200
13603,2026-02-06 20:16:00,Consumidor Final,Debito,14100
13604,2026-02-06 19:46:00,CLI-182,Mercado Pago,2250
13605,2026-02-06 20:59:00,CLI-175,Efectivo,3200
13606,2026-02-06 11:22:00,CLI-169,Mercado Pago,16800
13607,2026-02-06 10:53:00,CLI-285,Efectivo,3200
13608,2026-02-06 10:27:00,Consumidor Final,Debito,7100
13609,2026-02-06 16:44:00,Consumidor Final,Credito,4400
13610,2026-02-06 09:33:00,Consumidor Final,Efectivo,13800
13611,2026-02-06 08:33:00,CLI-164,Efectivo,4400
13612,2026-02-06 11:58:00,CLI-158,Debito,3200
13613,2026-02-06 18:25:00,CLI-196,Mercado Pago,3800
13614,2026-02-06 12:01:00,Consumidor Final,Debito,7200
13615,2026-02-06 11:45:00,CLI-180,Debito,9800
13616,2026-02-06 12:38:00,CLI-268,Mercado Pago,15050
13617,2026-02-06 11:35:00,Consumidor Final,Credito,8000
13618,2026-02-06 12:14:00,Consumidor Final,Efectivo,3200
13619,2026-02-06 10:16:00,Consumidor Final,Debito,3200
13620,2026-02-06 09:42:00,Consumidor Final,Debito,5200
13621,2026-02-06 19:02:00,Consumidor Final,Efectivo,3450
13622,2026-02-06 20:15:00,CLI-140,Debito,2200
13623,2026-02-06 12:10:00,CLI-255,Mercado Pago,3600
13624,2026-02-06 09:37:00,CLI-293,Efectivo,2600
13625,2026-02-06 20:15:00,CLI-196,Debito,6100
13626,2026-02-06 10:16:00,CLI-288,Mercado Pago,7700
13627,2026-02-06 09:34:00,CLI-185,Mercado Pago,17600
13628,2026-02-06 20:50:00,Consumidor Final,Credito,11000
13629,2026-02-06 11:02:00,CLI-215,Mercado Pago,6400
13630,2026-02-06 12:44:00,CLI-264,Debito,3200
13631,2026-02-06 18:22:00,CLI-230,Mercado Pago,4900
13632,2026-02-06 08:14:00,CLI-204,Mercado Pago,3200
13633,2026-02-06 16:14:00,Consumidor Final,Debito,21250
13634,2026-02-06 16:54:00,CLI-273,Debito,3200
13635,2026-02-06 12:48:00,CLI-192,Credito,3200
13636,2026-02-06 11:56:00,CLI-296,Debito,3000
13637,2026-02-06 11:15:00,CLI-178,Mercado Pago,9850
13638,2026-02-06 17:18:00,CLI-101,Debito,5400
13639,2026-02-06 16:36:00,Consumidor Final,Mercado Pago,9400
13640,2026-02-06 11:46:00,CLI-255,Efectivo,10600
13641,2026-02-06 19:38:00,CLI-189,Debito,3200
13642,2026-02-06 20:10:00,Consumidor Final,Mercado Pago,3200
13643,2026-02-06 08:04:00,CLI-259,Efectivo,13800
13644,2026-02-06 11:16:00,CLI-173,Debito,2900
13645,2026-02-06 10:19:00,CLI-153,Efectivo,4800
13646,2026-02-06 08:04:00,Consumidor Final,Mercado Pago,15400
13647,2026-02-06 09:59:00,Consumidor Final,Mercado Pago,3200
13648,2026-02-06 16:33:00,Consumidor Final,Efectivo,3200
13649,2026-02-06 11:17:00,CLI-285,Mercado Pago,3200
13650,2026-02-06 08:42:00,Consumidor Final,Efectivo,11200
13651,2026-02-06 10:57:00,CLI-147,Mercado Pago,1500
13652,2026-02-06 20:56:00,CLI-295,Mercado Pago,24750
13653,2026-02-06 19:30:00,Consumidor Final,Efectivo,2200
13654,2026-02-06 09:02:00,CLI-228,Debito,6600
13655,2026-02-06 10:46:00,CLI-139,Efectivo,2200
13656,2026-02-06 19:48:00,CLI-115,Efectivo,13500
13657,2026-02-06 08:30:00,Consumidor Final,Efectivo,2250
13658,2026-02-07 08:44:00,CLI-279,Mercado Pago,1800
13659,2026-02-07 09:27:00,CLI-117,Efectivo,3600
13660,2026-02-07 18:33:00,CLI-127,Debito,13250
13661,2026-02-07 08:11:00,CLI-207,Mercado Pago,18500
13662,2026-02-07 09:45:00,CLI-141,Debito,3200
13663,2026-02-07 20:24:00,CLI-139,Efectivo,3200
13664,2026-02-07 08:21:00,CLI-166,Mercado Pago,4050
13665,2026-02-07 18:32:00,Consumidor Final,Debito,3200
13666,2026-02-07 19:58:00,Consumidor Final,Mercado Pago,3200
13667,2026-02-07 09:43:00,CLI-162,Efectivo,6300
13668,2026-02-07 16:44:00,CLI-291,Efectivo,3300
13669,2026-02-07 17:15:00,Consumidor Final,Efectivo,24250
13670,2026-02-07 10:01:00,Consumidor Final,Debito,3200
13671,2026-02-07 18:30:00,CLI-135,Mercado Pago,4500
13672,2026-02-07 11:08:00,Consumidor Final,Credito,10700
13673,2026-02-07 08:43:00,Consumidor Final,Mercado Pago,3200
13674,2026-02-07 17:12:00,Consumidor Final,Efectivo,3200
13675,2026-02-07 10:04:00,CLI-127,Debito,2200
13676,2026-02-07 17:03:00,Consumidor Final,Efectivo,15700
13677,2026-02-07 12:37:00,CLI-179,Mercado Pago,3200
13678,2026-02-07 20:47:00,Consumidor Final,Mercado Pago,3200
13679,2026-02-07 16:07:00,CLI-135,Debito,10900
13680,2026-02-07 17:26:00,Consumidor Final,Efectivo,7100
13681,2026-02-07 08:42:00,CLI-169,Efectivo,23200
13682,2026-02-07 19:22:00,Consumidor Final,Debito,3200
13683,2026-02-07 11:47:00,Consumidor Final,Debito,2700
13684,2026-02-07 20:09:00,Consumidor Final,Debito,3200
13685,2026-02-07 11:09:00,CLI-248,Mercado Pago,3200
13686,2026-02-07 20:43:00,Consumidor Final,Mercado Pago,3200
13687,2026-02-07 20:40:00,Consumidor Final,Mercado Pago,2250
13688,2026-02-07 08:59:00,CLI-119,Efectivo,24050
13689,2026-02-07 19:49:00,Consumidor Final,Debito,3200
13690,2026-02-07 19:45:00,CLI-272,Efectivo,12500
13691,2026-02-07 16:19:00,CLI-131,Mercado Pago,5900
13692,2026-02-07 10:50:00,Consumidor Final,Efectivo,3200
13693,2026-02-07 12:37:00,Consumidor Final,Debito,3600
13694,2026-02-07 09:49:00,CLI-204,Mercado Pago,6700
13695,2026-02-07 20:30:00,Consumidor Final,Mercado Pago,22850
13696,2026-02-07 08:30:00,CLI-143,Mercado Pago,20700
13697,2026-02-07 09:08:00,CLI-156,Debito,3200
13698,2026-02-07 11:53:00,CLI-118,Debito,11000
13699,2026-02-07 19:41:00,Consumidor Final,Debito,12100
13700,2026-02-07 18:33:00,CLI-201,Debito,3200
13701,2026-02-07 17:42:00,CLI-210,Efectivo,3200
13702,2026-02-07 16:25:00,CLI-189,Mercado Pago,3800
13703,2026-02-07 17:05:00,CLI-231,Efectivo,1500
13704,2026-02-07 11:19:00,CLI-261,Efectivo,13000
13705,2026-02-07 20:54:00,Consumidor Final,Mercado Pago,6600
13706,2026-02-07 12:03:00,Consumidor Final,Mercado Pago,1600
13707,2026-02-07 16:57:00,Consumidor Final,Efectivo,6100
13708,2026-02-07 09:06:00,CLI-154,Mercado Pago,1100
13709,2026-02-07 09:33:00,Consumidor Final,Debito,3200
13710,2026-02-07 08:15:00,CLI-249,Efectivo,3200
13711,2026-02-07 20:13:00,CLI-146,Debito,3200
13712,2026-02-07 18:41:00,Consumidor Final,Efectivo,6700
13713,2026-02-07 18:08:00,Consumidor Final,Debito,3600
13714,2026-02-07 19:17:00,Consumidor Final,Credito,5400
13715,2026-02-07 09:15:00,Consumidor Final,Credito,1800
13716,2026-02-07 17:23:00,CLI-130,Efectivo,14550
13717,2026-02-07 20:57:00,Consumidor Final,Debito,3200
13718,2026-02-07 17:28:00,CLI-115,Debito,29700
13719,2026-02-07 12:35:00,CLI-142,Mercado Pago,3200
13720,2026-02-07 18:02:00,CLI-241,Mercado Pago,5700
13721,2026-02-07 16:48:00,Consumidor Final,Mercado Pago,3200
13722,2026-02-07 11:25:00,CLI-290,Debito,5200
13723,2026-02-07 08:06:00,CLI-252,Debito,5600
13724,2026-02-07 08:40:00,CLI-188,Credito,3200
13725,2026-02-07 10:44:00,CLI-172,Mercado Pago,5800
13726,2026-02-07 10:41:00,Consumidor Final,Mercado Pago,1500
13727,2026-02-07 09:30:00,CLI-268,Debito,2200
13728,2026-02-07 11:19:00,CLI-133,Credito,3200
13729,2026-02-07 08:51:00,CLI-143,Mercado Pago,4400
13730,2026-02-07 20:16:00,Consumidor Final,Mercado Pago,4450
13731,2026-02-07 18:12:00,Consumidor Final,Efectivo,10100
13732,2026-02-07 19:10:00,CLI-273,Mercado Pago,7100
13733,2026-02-07 20:48:00,CLI-179,Debito,5800
13734,2026-02-07 20:41:00,CLI-255,Mercado Pago,13750
13735,2026-02-07 11:59:00,Consumidor Final,Efectivo,22150
13736,2026-02-07 08:58:00,Consumidor Final,Mercado Pago,4300
13737,2026-02-07 11:39:00,CLI-256,Efectivo,26100
13738,2026-02-07 17:14:00,Consumidor Final,Mercado Pago,13800
13739,2026-02-07 19:51:00,CLI-233,Credito,3200
13740,2026-02-07 12:43:00,CLI-199,Debito,3600
13741,2026-02-07 09:38:00,Consumidor Final,Efectivo,16900
13742,2026-02-07 10:26:00,CLI-217,Credito,3200
13743,2026-02-07 11:46:00,CLI-297,Mercado Pago,3200
13744,2026-02-07 16:59:00,Consumidor Final,Credito,4400
13745,2026-02-07 19:36:00,CLI-146,Efectivo,3200
13746,2026-02-07 17:53:00,CLI-150,Efectivo,8200
13747,2026-02-07 08:03:00,Consumidor Final,Credito,3200
13748,2026-02-07 17:43:00,CLI-247,Mercado Pago,3200
13749,2026-02-07 11:17:00,CLI-159,Efectivo,2200
13750,2026-02-07 08:29:00,Consumidor Final,Debito,3200
13751,2026-02-07 18:21:00,Consumidor Final,Efectivo,3200
13752,2026-02-07 12:01:00,Consumidor Final,Efectivo,1600
13753,2026-02-07 17:25:00,Consumidor Final,Debito,11500
13754,2026-02-07 11:35:00,Consumidor Final,Efectivo,4200
13755,2026-02-07 19:49:00,CLI-155,Efectivo,3200
13756,2026-02-07 08:09:00,CLI-280,Debito,14050
13757,2026-02-07 18:00:00,CLI-250,Efectivo,3200
13758,2026-02-07 18:46:00,CLI-261,Debito,17400
13759,2026-02-08 19:57:00,Consumidor Final,Credito,23200
13760,2026-02-08 18:24:00,CLI-175,Mercado Pago,18200
13761,2026-02-08 17:09:00,Consumidor Final,Mercado Pago,3200
13762,2026-02-08 18:58:00,CLI-161,Mercado Pago,3200
13763,2026-02-08 20:13:00,CLI-297,Mercado Pago,3200
13764,2026-02-08 20:33:00,Consumidor Final,Debito,4000
13765,2026-02-08 20:30:00,CLI-270,Mercado Pago,9800
13766,2026-02-08 16:53:00,CLI-222,Debito,3800
13767,2026-02-08 08:56:00,CLI-113,Efectivo,3200
13768,2026-02-08 10:04:00,CLI-181,Efectivo,3200
13769,2026-02-08 17:30:00,Consumidor Final,Mercado Pago,23500
13770,2026-02-08 18:54:00,CLI-286,Mercado Pago,3200
13771,2026-02-08 12:48:00,CLI-159,Mercado Pago,3200
13772,2026-02-08 19:19:00,CLI-146,Efectivo,3200
13773,2026-02-08 16:29:00,Consumidor Final,Mercado Pago,3600
13774,2026-02-08 10:44:00,CLI-272,Mercado Pago,3200
13775,2026-02-08 17:55:00,CLI-233,Mercado Pago,1600
13776,2026-02-08 08:32:00,CLI-276,Debito,13650
13777,2026-02-08 10:31:00,CLI-280,Debito,1600
13778,2026-02-08 20:41:00,CLI-108,Debito,10400
13779,2026-02-08 18:10:00,Consumidor Final,Debito,20700
13780,2026-02-08 17:54:00,Consumidor Final,Debito,1500
13781,2026-02-08 09:06:00,CLI-183,Debito,4500
13782,2026-02-08 17:04:00,CLI-194,Efectivo,12150
13783,2026-02-08 19:08:00,Consumidor Final,Efectivo,6300
13784,2026-02-08 19:11:00,Consumidor Final,Credito,3200
13785,2026-02-08 11:22:00,Consumidor Final,Efectivo,7300
13786,2026-02-08 19:31:00,Consumidor Final,Efectivo,6600
13787,2026-02-08 12:00:00,CLI-197,Credito,3200
13788,2026-02-08 12:55:00,Consumidor Final,Debito,3200
13789,2026-02-08 20:57:00,CLI-227,Mercado Pago,18100
13790,2026-02-08 12:28:00,Consumidor Final,Efectivo,7600
13791,2026-02-08 10:49:00,CLI-232,Efectivo,3200
13792,2026-02-08 11:53:00,Consumidor Final,Mercado Pago,3200
13793,2026-02-08 17:08:00,CLI-249,Mercado Pago,3200
13794,2026-02-08 08:42:00,CLI-218,Mercado Pago,3200
13795,2026-02-08 18:16:00,Consumidor Final,Efectivo,11400
13796,2026-02-08 18:02:00,CLI-110,Efectivo,10900
13797,2026-02-08 17:16:00,CLI-147,Debito,1100
13798,2026-02-08 09:51:00,CLI-182,Credito,3200
13799,2026-02-08 09:59:00,CLI-288,Debito,5400
13800,2026-02-08 17:24:00,Consumidor Final,Mercado Pago,3200
13801,2026-02-08 09:56:00,Consumidor Final,Credito,3200
13802,2026-02-08 17:00:00,CLI-218,Efectivo,5300
13803,2026-02-08 20:04:00,CLI-296,Debito,7700
13804,2026-02-08 12:44:00,Consumidor Final,Mercado Pago,4700
13805,2026-02-08 10:33:00,CLI-216,Debito,19050
13806,2026-02-08 16:50:00,Consumidor Final,Mercado Pago,3200
13807,2026-02-08 08:04:00,CLI-135,Debito,13500
13808,2026-02-08 09:51:00,CLI-289,Mercado Pago,6300
13809,2026-02-08 12:21:00,CLI-130,Debito,10200
13810,2026-02-08 17:53:00,Consumidor Final,Efectivo,3600
13811,2026-02-08 19:39:00,CLI-208,Mercado Pago,19700
13812,2026-02-08 12:17:00,CLI-114,Efectivo,2700
13813,2026-02-08 20:07:00,Consumidor Final,Mercado Pago,3200
13814,2026-02-08 18:45:00,CLI-107,Debito,6500
13815,2026-02-08 08:33:00,CLI-151,Efectivo,3200
13816,2026-02-08 11:55:00,CLI-201,Debito,4400
13817,2026-02-08 17:57:00,CLI-164,Efectivo,900
13818,2026-02-08 11:25:00,CLI-258,Debito,9200
13819,2026-02-08 20:04:00,Consumidor Final,Efectivo,3100
13820,2026-02-08 09:00:00,CLI-222,Efectivo,28500
13821,2026-02-08 19:25:00,CLI-285,Mercado Pago,12900
13822,2026-02-08 12:23:00,CLI-182,Mercado Pago,8000
13823,2026-02-08 16:01:00,Consumidor Final,Credito,2200
13824,2026-02-08 12:08:00,Consumidor Final,Debito,900
13825,2026-02-08 18:17:00,CLI-241,Mercado Pago,3200
13826,2026-02-08 09:41:00,CLI-133,Efectivo,2900
13827,2026-02-08 16:04:00,Consumidor Final,Efectivo,10700
13828,2026-02-08 08:08:00,Consumidor Final,Credito,15700
13829,2026-02-08 19:31:00,CLI-109,Mercado Pago,10800
13830,2026-02-08 20:36:00,Consumidor Final,Credito,3200
13831,2026-02-08 10:51:00,CLI-208,Debito,3200
13832,2026-02-08 12:19:00,CLI-273,Debito,8700
13833,2026-02-08 17:34:00,CLI-212,Credito,6900
13834,2026-02-08 12:47:00,Consumidor Final,Debito,4800
13835,2026-02-08 12:39:00,CLI-268,Efectivo,22950
13836,2026-02-08 10:48:00,CLI-202,Mercado Pago,3200
13837,2026-02-08 08:02:00,CLI-297,Debito,3300
13838,2026-02-08 10:42:00,Consumidor Final,Mercado Pago,3200
13839,2026-02-08 20:43:00,CLI-263,Mercado Pago,3100
13840,2026-02-08 17:56:00,Consumidor Final,Efectivo,3200
13841,2026-02-08 08:15:00,Consumidor Final,Efectivo,3200
13842,2026-02-08 08:01:00,Consumidor Final,Efectivo,3200
13843,2026-02-08 19:11:00,CLI-281,Mercado Pago,16150
13844,2026-02-08 20:58:00,Consumidor Final,Mercado Pago,3200
13845,2026-02-08 08:44:00,CLI-275,Efectivo,4350
13846,2026-02-08 17:41:00,CLI-144,Credito,3200
13847,2026-02-08 16:20:00,CLI-288,Mercado Pago,3200
13848,2026-02-08 08:14:00,CLI-132,Efectivo,3200
13849,2026-02-08 17:47:00,Consumidor Final,Efectivo,3200
13850,2026-02-08 11:22:00,CLI-280,Credito,13200
13851,2026-02-08 17:48:00,CLI-138,Mercado Pago,6900
13852,2026-02-08 11:50:00,Consumidor Final,Debito,2200
13853,2026-02-08 18:01:00,Consumidor Final,Mercado Pago,3200
13854,2026-02-08 16:09:00,Consumidor Final,Mercado Pago,12850
13855,2026-02-09 08:09:00,Consumidor Final,Debito,3200
13856,2026-02-09 18:03:00,CLI-161,Mercado Pago,3200
13857,2026-02-09 12:36:00,CLI-103,Credito,15400
13858,2026-02-09 12:56:00,CLI-164,Mercado Pago,6000
13859,2026-02-09 18:48:00,Consumidor Final,Efectivo,750
13860,2026-02-09 08:05:00,CLI-264,Debito,3200
13861,2026-02-09 10:42:00,CLI-269,Efectivo,3200
13862,2026-02-09 09:43:00,Consumidor Final,Mercado Pago,24800
13863,2026-02-09 11:43:00,Consumidor Final,Debito,1800
13864,2026-02-09 16:58:00,CLI-198,Credito,3200
13865,2026-02-09 16:17:00,Consumidor Final,Debito,3200
13866,2026-02-09 09:57:00,CLI-282,Debito,3200
13867,2026-02-09 18:12:00,CLI-241,Mercado Pago,9100
13868,2026-02-09 09:08:00,CLI-203,Credito,2200
13869,2026-02-09 10:33:00,Consumidor Final,Mercado Pago,6200
13870,2026-02-09 20:19:00,Consumidor Final,Debito,15200
13871,2026-02-09 19:02:00,CLI-174,Efectivo,9300
13872,2026-02-09 16:17:00,Consumidor Final,Efectivo,3200
13873,2026-02-09 17:09:00,CLI-126,Mercado Pago,21800
13874,2026-02-09 19:36:00,CLI-261,Debito,11100
13875,2026-02-09 10:48:00,CLI-122,Mercado Pago,3200
13876,2026-02-09 08:24:00,CLI-202,Mercado Pago,2350
13877,2026-02-09 18:28:00,CLI-190,Mercado Pago,12800
13878,2026-02-09 19:04:00,CLI-119,Mercado Pago,16100
13879,2026-02-09 09:05:00,Consumidor Final,Efectivo,8850
13880,2026-02-09 17:04:00,CLI-216,Efectivo,3200
13881,2026-02-09 16:27:00,Consumidor Final,Debito,12350
13882,2026-02-09 20:06:00,Consumidor Final,Debito,26800
13883,2026-02-09 16:16:00,CLI-289,Efectivo,11050
13884,2026-02-09 16:38:00,CLI-141,Efectivo,15700
13885,2026-02-09 09:17:00,CLI-106,Mercado Pago,3200
13886,2026-02-09 11:54:00,CLI-147,Mercado Pago,3200
13887,2026-02-09 09:55:00,CLI-191,Efectivo,3200
13888,2026-02-09 08:57:00,Consumidor Final,Mercado Pago,3200
13889,2026-02-09 11:09:00,Consumidor Final,Efectivo,17700
13890,2026-02-09 20:22:00,CLI-221,Debito,3200
13891,2026-02-09 08:30:00,CLI-183,Mercado Pago,6900
13892,2026-02-09 12:20:00,CLI-159,Debito,3800
13893,2026-02-09 11:00:00,CLI-297,Mercado Pago,6400
13894,2026-02-09 08:15:00,CLI-281,Debito,4900
13895,2026-02-09 12:00:00,Consumidor Final,Debito,17200
13896,2026-02-09 19:27:00,CLI-131,Credito,1600
13897,2026-02-09 20:18:00,Consumidor Final,Efectivo,11950
13898,2026-02-09 12:30:00,CLI-152,Mercado Pago,2600
13899,2026-02-09 12:37:00,CLI-179,Credito,7600
13900,2026-02-09 12:02:00,CLI-266,Credito,9800
13901,2026-02-09 10:43:00,Consumidor Final,Efectivo,8350
13902,2026-02-09 11:32:00,Consumidor Final,Mercado Pago,3200
13903,2026-02-09 09:20:00,Consumidor Final,Credito,9800
13904,2026-02-09 11:27:00,CLI-278,Credito,1100
13905,2026-02-09 19:15:00,Consumidor Final,Debito,3200
13906,2026-02-09 19:18:00,CLI-112,Debito,22200
13907,2026-02-09 09:02:00,Consumidor Final,Mercado Pago,1600
13908,2026-02-09 20:59:00,CLI-197,Mercado Pago,7950
13909,2026-02-09 10:45:00,CLI-231,Efectivo,22300
13910,2026-02-09 18:37:00,CLI-216,Efectivo,1800
13911,2026-02-09 11:30:00,Consumidor Final,Efectivo,19100
13912,2026-02-09 11:07:00,CLI-103,Debito,3200
13913,2026-02-09 16:59:00,Consumidor Final,Mercado Pago,3200
13914,2026-02-09 08:44:00,CLI-176,Mercado Pago,5600
13915,2026-02-09 17:15:00,CLI-200,Debito,8350
13916,2026-02-09 09:11:00,Consumidor Final,Debito,3200
13917,2026-02-09 17:15:00,Consumidor Final,Mercado Pago,6600
13918,2026-02-09 18:32:00,Consumidor Final,Efectivo,8900
13919,2026-02-09 08:46:00,CLI-198,Debito,9800
13920,2026-02-09 16:04:00,CLI-100,Efectivo,3800
13921,2026-02-09 08:11:00,CLI-242,Mercado Pago,3200
13922,2026-02-09 16:43:00,CLI-159,Mercado Pago,3200
13923,2026-02-09 11:40:00,CLI-167,Debito,5100
13924,2026-02-09 09:00:00,CLI-136,Mercado Pago,11000
13925,2026-02-09 08:21:00,Consumidor Final,Mercado Pago,29700
13926,2026-02-09 16:57:00,Consumidor Final,Debito,4200
13927,2026-02-09 20:21:00,Consumidor Final,Efectivo,3300
13928,2026-02-09 17:29:00,Consumidor Final,Debito,3200
13929,2026-02-09 08:03:00,CLI-189,Debito,5850
13930,2026-02-09 11:53:00,Consumidor Final,Debito,3300
13931,2026-02-09 20:04:00,Consumidor Final,Debito,16200
13932,2026-02-09 19:23:00,Consumidor Final,Mercado Pago,4950
13933,2026-02-09 08:04:00,Consumidor Final,Debito,3200
13934,2026-02-09 09:24:00,CLI-281,Debito,5600
13935,2026-02-09 11:17:00,CLI-125,Mercado Pago,3200
13936,2026-02-09 17:49:00,CLI-148,Mercado Pago,3200
13937,2026-02-09 08:53:00,Consumidor Final,Mercado Pago,13200
13938,2026-02-09 10:50:00,CLI-159,Mercado Pago,3200
13939,2026-02-09 09:05:00,CLI-234,Mercado Pago,4200
13940,2026-02-09 20:34:00,Consumidor Final,Credito,3200
13941,2026-02-09 18:20:00,CLI-284,Mercado Pago,5450
13942,2026-02-09 11:27:00,Consumidor Final,Debito,12500
13943,2026-02-09 20:16:00,Consumidor Final,Efectivo,3200
13944,2026-02-09 18:18:00,CLI-233,Debito,4750
13945,2026-02-09 16:19:00,Consumidor Final,Debito,3300
13946,2026-02-09 17:58:00,Consumidor Final,Debito,3200
13947,2026-02-09 12:54:00,Consumidor Final,Debito,3200
13948,2026-02-09 17:03:00,Consumidor Final,Credito,3200
13949,2026-02-09 17:58:00,CLI-187,Credito,3200
13950,2026-02-09 11:35:00,CLI-211,Debito,2200
13951,2026-02-09 18:11:00,CLI-127,Debito,14250
13952,2026-02-10 12:21:00,Consumidor Final,Debito,3200
13953,2026-02-10 11:44:00,Consumidor Final,Efectivo,18900
13954,2026-02-10 20:44:00,CLI-237,Efectivo,3200
13955,2026-02-10 16:17:00,Consumidor Final,Mercado Pago,3200
13956,2026-02-10 18:08:00,CLI-146,Debito,3200
13957,2026-02-10 12:59:00,CLI-174,Efectivo,20800
13958,2026-02-10 10:07:00,CLI-250,Credito,3800
13959,2026-02-10 16:29:00,CLI-290,Debito,3200
13960,2026-02-10 19:20:00,Consumidor Final,Mercado Pago,19750
13961,2026-02-10 17:02:00,Consumidor Final,Debito,21600
13962,2026-02-10 09:34:00,CLI-284,Debito,3200
13963,2026-02-10 18:49:00,CLI-120,Mercado Pago,15150
13964,2026-02-10 11:48:00,Consumidor Final,Mercado Pago,3200
13965,2026-02-10 16:32:00,Consumidor Final,Debito,7000
13966,2026-02-10 18:32:00,Consumidor Final,Efectivo,9550
13967,2026-02-10 11:48:00,CLI-248,Efectivo,5450
13968,2026-02-10 10:01:00,Consumidor Final,Mercado Pago,11200
13969,2026-02-10 12:48:00,Consumidor Final,Mercado Pago,12500
13970,2026-02-10 12:45:00,CLI-151,Efectivo,3750
13971,2026-02-10 20:33:00,CLI-107,Mercado Pago,10300
13972,2026-02-10 12:57:00,CLI-156,Efectivo,2400
13973,2026-02-10 19:03:00,CLI-294,Credito,4800
13974,2026-02-10 10:24:00,Consumidor Final,Efectivo,5400
13975,2026-02-10 20:08:00,CLI-221,Mercado Pago,4800
13976,2026-02-10 09:12:00,CLI-288,Debito,3200
13977,2026-02-10 16:30:00,Consumidor Final,Debito,11200
13978,2026-02-10 08:32:00,Consumidor Final,Debito,3300
13979,2026-02-10 08:24:00,CLI-116,Debito,7950
13980,2026-02-10 20:38:00,CLI-192,Efectivo,9300
13981,2026-02-10 12:55:00,Consumidor Final,Efectivo,3200
13982,2026-02-10 19:35:00,CLI-280,Efectivo,3200
13983,2026-02-10 10:14:00,Consumidor Final,Mercado Pago,11700
13984,2026-02-10 12:18:00,CLI-148,Credito,1600
13985,2026-02-10 16:43:00,CLI-236,Efectivo,3200
13986,2026-02-10 17:00:00,CLI-251,Efectivo,3200
13987,2026-02-10 11:34:00,CLI-284,Efectivo,2700
13988,2026-02-10 08:45:00,Consumidor Final,Debito,3200
13989,2026-02-10 20:07:00,Consumidor Final,Efectivo,1800
13990,2026-02-10 10:06:00,CLI-115,Efectivo,8100
13991,2026-02-10 20:31:00,CLI-278,Credito,3200
13992,2026-02-10 11:15:00,Consumidor Final,Credito,1500
13993,2026-02-10 08:04:00,CLI-273,Debito,1600
13994,2026-02-10 09:42:00,CLI-284,Debito,3200
13995,2026-02-10 20:17:00,CLI-262,Debito,12700
13996,2026-02-10 16:49:00,Consumidor Final,Mercado Pago,3200
13997,2026-02-10 20:52:00,Consumidor Final,Efectivo,1800
13998,2026-02-10 11:22:00,CLI-235,Mercado Pago,29500
13999,2026-02-10 08:46:00,CLI-258,Mercado Pago,24600
14000,2026-02-10 10:57:00,CLI-184,Mercado Pago,3200
14001,2026-02-10 10:14:00,Consumidor Final,Debito,11800
14002,2026-02-10 20:41:00,CLI-254,Efectivo,10600
14003,2026-02-10 08:21:00,CLI-172,Efectivo,3650
14004,2026-02-10 12:22:00,CLI-270,Debito,5300
14005,2026-02-10 20:37:00,CLI-105,Efectivo,3800
14006,2026-02-10 20:47:00,Consumidor Final,Debito,4800
14007,2026-02-10 10:32:00,CLI-213,Credito,7400
14008,2026-02-10 16:54:00,CLI-184,Debito,3200
14009,2026-02-10 19:38:00,CLI-157,Mercado Pago,3200
14010,2026-02-10 17:26:00,CLI-116,Efectivo,3200
14011,2026-02-10 11:10:00,Consumidor Final,Mercado Pago,9700
14012,2026-02-10 19:24:00,CLI-125,Efectivo,3200
14013,2026-02-10 19:59:00,CLI-205,Mercado Pago,33850
14014,2026-02-10 20:39:00,CLI-124,Efectivo,6850
14015,2026-02-10 11:32:00,CLI-267,Debito,6600
14016,2026-02-10 16:27:00,CLI-147,Credito,5400
14017,2026-02-10 08:07:00,CLI-202,Mercado Pago,12800
14018,2026-02-10 18:25:00,CLI-292,Mercado Pago,14700
14019,2026-02-10 10:41:00,CLI-184,Efectivo,8300
14020,2026-02-10 12:40:00,Consumidor Final,Mercado Pago,9200
14021,2026-02-10 09:27:00,CLI-267,Efectivo,3200
14022,2026-02-10 09:09:00,Consumidor Final,Efectivo,3200
14023,2026-02-10 20:58:00,CLI-275,Efectivo,1500
14024,2026-02-10 19:27:00,Consumidor Final,Efectivo,2950
14025,2026-02-10 19:58:00,CLI-279,Credito,3200
14026,2026-02-10 08:54:00,Consumidor Final,Mercado Pago,11400
14027,2026-02-10 09:02:00,Consumidor Final,Efectivo,3200
14028,2026-02-10 11:33:00,CLI-179,Debito,10900
14029,2026-02-10 08:06:00,CLI-299,Mercado Pago,3200
14030,2026-02-10 08:05:00,CLI-254,Debito,3600
14031,2026-02-10 17:49:00,Consumidor Final,Efectivo,3200
14032,2026-02-10 08:56:00,CLI-286,Credito,3200
14033,2026-02-10 08:57:00,Consumidor Final,Debito,3200
14034,2026-02-10 11:16:00,Consumidor Final,Debito,1600
14035,2026-02-10 19:45:00,CLI-202,Efectivo,13400
14036,2026-02-10 12:56:00,CLI-299,Mercado Pago,3200
14037,2026-02-10 11:57:00,CLI-117,Debito,6800
14038,2026-02-10 16:48:00,CLI-170,Debito,5400
14039,2026-02-10 17:37:00,Consumidor Final,Mercado Pago,5700
14040,2026-02-10 09:10:00,Consumidor Final,Mercado Pago,2250
14041,2026-02-10 11:21:00,CLI-200,Efectivo,2250
14042,2026-02-10 10:16:00,Consumidor Final,Debito,3200
14043,2026-02-10 19:02:00,CLI-178,Debito,4550
14044,2026-02-10 11:55:00,CLI-196,Efectivo,3200
14045,2026-02-10 10:15:00,CLI-237,Efectivo,6500
14046,2026-02-10 11:47:00,CLI-214,Debito,18400
14047,2026-02-10 17:56:00,CLI-246,Efectivo,20750
14048,2026-02-10 09:41:00,CLI-215,Debito,13600
14049,2026-02-10 10:55:00,CLI-201,Mercado Pago,8300
14050,2026-02-10 08:22:00,Consumidor Final,Debito,3200
14051,2026-02-10 08:18:00,CLI-145,Mercado Pago,3200
14052,2026-02-11 10:34:00,Consumidor Final,Mercado Pago,1500
14053,2026-02-11 19:49:00,CLI-218,Efectivo,7150
14054,2026-02-11 08:52:00,CLI-146,Debito,21350
14055,2026-02-11 12:06:00,CLI-278,Debito,3200
14056,2026-02-11 08:44:00,Consumidor Final,Debito,14000
14057,2026-02-11 09:51:00,CLI-262,Credito,3300
14058,2026-02-11 08:57:00,Consumidor Final,Mercado Pago,6350
14059,2026-02-11 18:59:00,Consumidor Final,Mercado Pago,12000
14060,2026-02-11 18:58:00,CLI-254,Debito,6600
14061,2026-02-11 09:34:00,CLI-166,Mercado Pago,6900
14062,2026-02-11 16:53:00,Consumidor Final,Mercado Pago,20200
14063,2026-02-11 19:23:00,CLI-207,Efectivo,7600
14064,2026-02-11 17:26:00,CLI-287,Efectivo,24800
14065,2026-02-11 18:53:00,CLI-231,Mercado Pago,11500
14066,2026-02-11 18:30:00,CLI-193,Mercado Pago,3200
14067,2026-02-11 19:39:00,Consumidor Final,Efectivo,17550
14068,2026-02-11 18:50:00,Consumidor Final,Debito,3200
14069,2026-02-11 09:31:00,CLI-138,Mercado Pago,10100
14070,2026-02-11 19:28:00,Consumidor Final,Efectivo,5600
14071,2026-02-11 17:13:00,Consumidor Final,Debito,750
14072,2026-02-11 17:43:00,CLI-168,Mercado Pago,32750
14073,2026-02-11 10:47:00,CLI-102,Debito,18200
14074,2026-02-11 08:43:00,CLI-275,Mercado Pago,3600
14075,2026-02-11 20:25:00,Consumidor Final,Debito,3200
14076,2026-02-11 18:49:00,Consumidor Final,Debito,4550
14077,2026-02-11 20:21:00,CLI-225,Debito,4400
14078,2026-02-11 10:32:00,CLI-187,Efectivo,5400
14079,2026-02-11 08:44:00,Consumidor Final,Debito,12900
14080,2026-02-11 12:41:00,CLI-104,Efectivo,10850
14081,2026-02-11 11:23:00,Consumidor Final,Efectivo,5400
14082,2026-02-11 10:27:00,Consumidor Final,Mercado Pago,2200
14083,2026-02-11 19:44:00,CLI-181,Mercado Pago,8950
14084,2026-02-11 12:25:00,CLI-280,Debito,3200
14085,2026-02-11 10:17:00,CLI-277,Debito,17400
14086,2026-02-11 16:40:00,CLI-105,Efectivo,3200
14087,2026-02-11 12:08:00,CLI-243,Efectivo,9200
14088,2026-02-11 16:04:00,Consumidor Final,Mercado Pago,26400
14089,2026-02-11 17:52:00,CLI-191,Debito,1600
14090,2026-02-11 18:47:00,Consumidor Final,Efectivo,3200
14091,2026-02-11 08:31:00,Consumidor Final,Mercado Pago,4450
14092,2026-02-11 18:41:00,CLI-163,Efectivo,3200
14093,2026-02-11 20:42:00,CLI-242,Debito,14700
14094,2026-02-11 16:05:00,CLI-291,Debito,10900
14095,2026-02-11 17:36:00,Consumidor Final,Debito,3300
14096,2026-02-11 17:02:00,CLI-173,Efectivo,15300
14097,2026-02-11 12:33:00,CLI-222,Mercado Pago,12400
14098,2026-02-11 11:12:00,CLI-220,Debito,3200
14099,2026-02-11 17:34:00,Consumidor Final,Mercado Pago,18800
14100,2026-02-11 10:43:00,CLI-180,Mercado Pago,6000
14101,2026-02-11 17:10:00,CLI-294,Efectivo,6850
14102,2026-02-11 19:24:00,Consumidor Final,Credito,3200
14103,2026-02-11 10:54:00,Consumidor Final,Mercado Pago,3200
14104,2026-02-11 19:20:00,Consumidor Final,Efectivo,13050
14105,2026-02-11 17:15:00,CLI-199,Mercado Pago,12200
14106,2026-02-11 18:37:00,Consumidor Final,Mercado Pago,5500
14107,2026-02-11 16:44:00,CLI-240,Mercado Pago,16550
14108,2026-02-11 10:29:00,CLI-266,Efectivo,3200
14109,2026-02-11 09:17:00,Consumidor Final,Debito,2200
14110,2026-02-11 11:03:00,Consumidor Final,Efectivo,24450
14111,2026-02-11 16:32:00,Consumidor Final,Credito,7600
14112,2026-02-11 08:09:00,Consumidor Final,Debito,3200
14113,2026-02-11 12:02:00,CLI-140,Mercado Pago,3200
14114,2026-02-11 12:24:00,Consumidor Final,Mercado Pago,3200
14115,2026-02-11 12:08:00,CLI-131,Efectivo,2200
14116,2026-02-11 20:09:00,Consumidor Final,Efectivo,6300
14117,2026-02-11 10:12:00,CLI-196,Efectivo,8100
14118,2026-02-11 11:03:00,CLI-282,Credito,2700
14119,2026-02-11 09:11:00,CLI-188,Efectivo,9400
14120,2026-02-11 11:32:00,Consumidor Final,Efectivo,11400
14121,2026-02-11 18:38:00,CLI-122,Efectivo,7800
14122,2026-02-11 09:30:00,CLI-251,Mercado Pago,7000
14123,2026-02-11 20:20:00,Consumidor Final,Debito,4400
14124,2026-02-11 11:20:00,Consumidor Final,Mercado Pago,3200
14125,2026-02-11 19:36:00,CLI-272,Debito,3200
14126,2026-02-11 09:09:00,CLI-287,Debito,5400
14127,2026-02-11 19:00:00,CLI-110,Mercado Pago,3200
14128,2026-02-11 12:44:00,CLI-166,Efectivo,8550
14129,2026-02-11 10:55:00,Consumidor Final,Debito,3200
14130,2026-02-11 12:01:00,Consumidor Final,Debito,3200
14131,2026-02-11 18:36:00,CLI-199,Mercado Pago,5600
14132,2026-02-11 11:01:00,Consumidor Final,Mercado Pago,4900
14133,2026-02-11 20:21:00,CLI-135,Credito,5900
14134,2026-02-11 16:58:00,Consumidor Final,Mercado Pago,1600
14135,2026-02-11 12:17:00,Consumidor Final,Efectivo,3200
14136,2026-02-11 16:49:00,Consumidor Final,Efectivo,8400
14137,2026-02-11 10:40:00,Consumidor Final,Debito,12200
14138,2026-02-11 08:30:00,Consumidor Final,Credito,1800
14139,2026-02-11 08:47:00,CLI-123,Credito,18300
14140,2026-02-11 08:31:00,CLI-127,Credito,17650
14141,2026-02-11 12:35:00,CLI-101,Mercado Pago,5100
14142,2026-02-11 17:39:00,Consumidor Final,Mercado Pago,3200
14143,2026-02-11 10:00:00,CLI-246,Efectivo,750
14144,2026-02-11 11:01:00,CLI-297,Mercado Pago,13000
14145,2026-02-11 11:26:00,Consumidor Final,Mercado Pago,5900
14146,2026-02-11 20:06:00,CLI-252,Efectivo,2200
14147,2026-02-12 12:24:00,CLI-220,Debito,1500
14148,2026-02-12 18:04:00,CLI-139,Mercado Pago,3200
14149,2026-02-12 20:54:00,CLI-132,Debito,3200
14150,2026-02-12 20:34:00,Consumidor Final,Efectivo,5550
14151,2026-02-12 09:39:00,CLI-271,Credito,15850
14152,2026-02-12 17:13:00,Consumidor Final,Efectivo,3200
14153,2026-02-12 12:54:00,CLI-227,Debito,12150
14154,2026-02-12 19:29:00,CLI-139,Debito,3600
14155,2026-02-12 12:26:00,CLI-287,Mercado Pago,21600
14156,2026-02-12 10:14:00,Consumidor Final,Efectivo,4300
14157,2026-02-12 08:15:00,CLI-225,Mercado Pago,23000
14158,2026-02-12 11:08:00,CLI-142,Mercado Pago,14800
14159,2026-02-12 09:47:00,Consumidor Final,Efectivo,5200
14160,2026-02-12 10:56:00,Consumidor Final,Efectivo,2700
14161,2026-02-12 12:19:00,CLI-248,Credito,4450
14162,2026-02-12 10:39:00,CLI-232,Debito,13350
14163,2026-02-12 08:03:00,CLI-154,Efectivo,3200
14164,2026-02-12 12:16:00,Consumidor Final,Debito,7800
14165,2026-02-12 12:34:00,CLI-281,Debito,2900
14166,2026-02-12 16:31:00,CLI-126,Credito,3200
14167,2026-02-12 10:01:00,Consumidor Final,Efectivo,13300
14168,2026-02-12 17:58:00,CLI-136,Debito,20550
14169,2026-02-12 09:18:00,Consumidor Final,Efectivo,14100
14170,2026-02-12 09:46:00,CLI-226,Mercado Pago,3300
14171,2026-02-12 12:31:00,CLI-139,Debito,6600
14172,2026-02-12 19:57:00,Consumidor Final,Debito,11400
14173,2026-02-12 10:21:00,CLI-240,Efectivo,3200
14174,2026-02-12 19:14:00,Consumidor Final,Mercado Pago,3200
14175,2026-02-12 12:17:00,Consumidor Final,Mercado Pago,11400
14176,2026-02-12 11:42:00,CLI-129,Debito,3450
14177,2026-02-12 10:15:00,Consumidor Final,Efectivo,3200
14178,2026-02-12 16:25:00,Consumidor Final,Mercado Pago,2350
14179,2026-02-12 16:47:00,CLI-151,Mercado Pago,3200
14180,2026-02-12 09:39:00,Consumidor Final,Debito,3200
14181,2026-02-12 09:36:00,CLI-217,Mercado Pago,4350
14182,2026-02-12 17:30:00,CLI-281,Debito,1800
14183,2026-02-12 17:30:00,CLI-161,Debito,7600
14184,2026-02-12 11:47:00,CLI-292,Mercado Pago,3800
14185,2026-02-12 11:40:00,CLI-153,Mercado Pago,14950
14186,2026-02-12 12:29:00,Consumidor Final,Mercado Pago,3200
14187,2026-02-12 16:08:00,Consumidor Final,Efectivo,3200
14188,2026-02-12 19:23:00,CLI-265,Credito,3200
14189,2026-02-12 17:06:00,CLI-187,Mercado Pago,2950
14190,2026-02-12 17:36:00,CLI-212,Efectivo,3200
14191,2026-02-12 18:29:00,CLI-259,Mercado Pago,3200
14192,2026-02-12 20:39:00,CLI-217,Mercado Pago,3200
14193,2026-02-12 16:44:00,CLI-155,Debito,900
14194,2026-02-12 20:47:00,CLI-116,Efectivo,16400
14195,2026-02-12 18:26:00,Consumidor Final,Credito,4950
14196,2026-02-12 11:33:00,Consumidor Final,Mercado Pago,5900
14197,2026-02-12 12:02:00,CLI-179,Efectivo,7600
14198,2026-02-12 12:17:00,CLI-110,Debito,3200
14199,2026-02-12 08:04:00,Consumidor Final,Debito,16400
14200,2026-02-12 16:51:00,Consumidor Final,Debito,17150
14201,2026-02-12 17:20:00,CLI-207,Debito,2900
14202,2026-02-12 11:11:00,CLI-299,Mercado Pago,12450
14203,2026-02-12 10:08:00,CLI-182,Credito,3200
14204,2026-02-12 12:31:00,CLI-153,Efectivo,9150
14205,2026-02-12 20:50:00,Consumidor Final,Credito,8850
14206,2026-02-12 11:28:00,Consumidor Final,Debito,20100
14207,2026-02-12 10:58:00,CLI-234,Debito,2200
14208,2026-02-12 19:10:00,CLI-270,Debito,3200
14209,2026-02-12 16:43:00,CLI-164,Mercado Pago,7350
14210,2026-02-12 18:38:00,Consumidor Final,Debito,6600
14211,2026-02-12 11:03:00,Consumidor Final,Mercado Pago,3000
14212,2026-02-12 11:43:00,CLI-233,Debito,5200
14213,2026-02-12 19:52:00,Consumidor Final,Debito,3100
14214,2026-02-12 08:09:00,CLI-162,Credito,3200
14215,2026-02-12 18:04:00,CLI-119,Mercado Pago,4800
14216,2026-02-12 08:22:00,CLI-268,Mercado Pago,6050
14217,2026-02-12 19:06:00,CLI-226,Debito,3200
14218,2026-02-12 16:05:00,CLI-110,Debito,3200
14219,2026-02-12 17:54:00,Consumidor Final,Efectivo,3200
14220,2026-02-12 20:01:00,CLI-212,Debito,5700
14221,2026-02-12 08:37:00,Consumidor Final,Debito,3200
14222,2026-02-12 08:24:00,CLI-235,Credito,3200
14223,2026-02-12 11:30:00,Consumidor Final,Mercado Pago,7800
14224,2026-02-12 09:32:00,CLI-106,Debito,2200
14225,2026-02-12 11:41:00,Consumidor Final,Credito,12000
14226,2026-02-12 12:18:00,CLI-277,Efectivo,2200
14227,2026-02-12 11:19:00,CLI-160,Mercado Pago,11400
14228,2026-02-12 10:32:00,CLI-226,Efectivo,3200
14229,2026-02-12 11:56:00,Consumidor Final,Credito,22950
14230,2026-02-12 19:04:00,CLI-205,Debito,12000
14231,2026-02-12 11:19:00,CLI-246,Mercado Pago,14900
14232,2026-02-12 18:46:00,CLI-287,Mercado Pago,9350
14233,2026-02-12 10:05:00,Consumidor Final,Efectivo,18250
14234,2026-02-12 18:28:00,Consumidor Final,Mercado Pago,750
14235,2026-02-12 10:13:00,Consumidor Final,Debito,3600
14236,2026-02-12 08:46:00,CLI-128,Mercado Pago,3200
14237,2026-02-12 08:19:00,CLI-157,Mercado Pago,3200
14238,2026-02-12 17:13:00,CLI-263,Mercado Pago,17650
14239,2026-02-12 12:06:00,Consumidor Final,Debito,14050
14240,2026-02-12 16:26:00,Consumidor Final,Efectivo,7600
14241,2026-02-13 12:11:00,Consumidor Final,Debito,9200
14242,2026-02-13 20:00:00,Consumidor Final,Efectivo,2700
14243,2026-02-13 16:01:00,Consumidor Final,Efectivo,10900
14244,2026-02-13 18:43:00,CLI-134,Debito,4400
14245,2026-02-13 17:20:00,Consumidor Final,Efectivo,3200
14246,2026-02-13 09:21:00,Consumidor Final,Mercado Pago,1800
14247,2026-02-13 08:34:00,Consumidor Final,Debito,6300
14248,2026-02-13 10:37:00,Consumidor Final,Debito,3300
14249,2026-02-13 10:41:00,CLI-114,Mercado Pago,4050
14250,2026-02-13 10:11:00,CLI-268,Debito,3700
14251,2026-02-13 12:20:00,Consumidor Final,Credito,3200
14252,2026-02-13 19:04:00,CLI-294,Efectivo,4900
14253,2026-02-13 18:29:00,Consumidor Final,Credito,4000
14254,2026-02-13 11:55:00,CLI-290,Efectivo,5900
14255,2026-02-13 17:31:00,Consumidor Final,Efectivo,1600
14256,2026-02-13 20:50:00,Consumidor Final,Mercado Pago,3200
14257,2026-02-13 17:21:00,Consumidor Final,Mercado Pago,3200
14258,2026-02-13 20:22:00,CLI-170,Credito,3200
14259,2026-02-13 17:01:00,CLI-119,Debito,9800
14260,2026-02-13 09:01:00,CLI-279,Mercado Pago,3200
14261,2026-02-13 11:10:00,CLI-225,Mercado Pago,3100
14262,2026-02-13 18:14:00,CLI-283,Mercado Pago,20500
14263,2026-02-13 19:21:00,Consumidor Final,Efectivo,12550
14264,2026-02-13 20:06:00,CLI-128,Mercado Pago,3200
14265,2026-02-13 10:30:00,CLI-105,Mercado Pago,3200
14266,2026-02-13 17:09:00,CLI-148,Efectivo,3200
14267,2026-02-13 09:27:00,CLI-188,Debito,2600
14268,2026-02-13 08:44:00,CLI-132,Mercado Pago,21600
14269,2026-02-13 19:36:00,CLI-272,Mercado Pago,3200
14270,2026-02-13 17:31:00,Consumidor Final,Debito,3200
14271,2026-02-13 08:06:00,CLI-274,Credito,12500
14272,2026-02-13 18:18:00,CLI-220,Debito,3200
14273,2026-02-13 16:34:00,CLI-110,Mercado Pago,3200
14274,2026-02-13 20:17:00,CLI-131,Credito,3200
14275,2026-02-13 17:30:00,CLI-178,Efectivo,2200
14276,2026-02-13 16:40:00,CLI-211,Debito,11600
14277,2026-02-13 16:08:00,Consumidor Final,Mercado Pago,8350
14278,2026-02-13 19:46:00,Consumidor Final,Mercado Pago,22350
14279,2026-02-13 08:20:00,CLI-205,Debito,11450
14280,2026-02-13 20:07:00,Consumidor Final,Efectivo,2200
14281,2026-02-13 19:06:00,CLI-281,Efectivo,18000
14282,2026-02-13 18:29:00,Consumidor Final,Efectivo,4400
14283,2026-02-13 11:25:00,Consumidor Final,Debito,3200
14284,2026-02-13 19:42:00,CLI-197,Efectivo,3200
14285,2026-02-13 08:38:00,CLI-226,Efectivo,6500
14286,2026-02-13 09:40:00,CLI-108,Mercado Pago,14350
14287,2026-02-13 11:10:00,CLI-287,Debito,1600
14288,2026-02-13 20:50:00,CLI-201,Debito,8200
14289,2026-02-13 10:49:00,CLI-204,Efectivo,1100
14290,2026-02-13 20:27:00,CLI-100,Mercado Pago,15000
14291,2026-02-13 19:26:00,CLI-298,Debito,3400
14292,2026-02-13 18:59:00,Consumidor Final,Debito,3200
14293,2026-02-13 12:03:00,CLI-230,Credito,2250
14294,2026-02-13 12:56:00,Consumidor Final,Mercado Pago,3200
14295,2026-02-13 08:31:00,Consumidor Final,Mercado Pago,3200
14296,2026-02-13 12:52:00,CLI-134,Mercado Pago,3200
14297,2026-02-13 16:11:00,Consumidor Final,Debito,6000
14298,2026-02-13 19:13:00,CLI-167,Credito,4400
14299,2026-02-13 19:56:00,Consumidor Final,Mercado Pago,3200
14300,2026-02-13 20:26:00,CLI-141,Mercado Pago,9200
14301,2026-02-13 19:04:00,CLI-181,Debito,8350
14302,2026-02-13 18:17:00,Consumidor Final,Debito,18200
14303,2026-02-13 19:43:00,Consumidor Final,Efectivo,23150
14304,2026-02-13 09:03:00,CLI-195,Efectivo,3200
14305,2026-02-13 12:09:00,Consumidor Final,Mercado Pago,4200
14306,2026-02-13 18:51:00,Consumidor Final,Debito,29350
14307,2026-02-13 09:55:00,Consumidor Final,Debito,8400
14308,2026-02-13 20:54:00,Consumidor Final,Mercado Pago,3200
14309,2026-02-13 12:08:00,Consumidor Final,Mercado Pago,9000
14310,2026-02-13 10:54:00,CLI-205,Efectivo,3200
14311,2026-02-13 17:38:00,Consumidor Final,Mercado Pago,3300
14312,2026-02-13 11:23:00,CLI-105,Mercado Pago,3200
14313,2026-02-13 11:07:00,Consumidor Final,Debito,1650
14314,2026-02-13 12:49:00,CLI-116,Debito,23000
14315,2026-02-13 08:45:00,Consumidor Final,Debito,11400
14316,2026-02-13 17:47:00,CLI-160,Mercado Pago,1800
14317,2026-02-13 18:08:00,CLI-118,Efectivo,3200
14318,2026-02-13 20:05:00,Consumidor Final,Mercado Pago,3200
14319,2026-02-13 18:49:00,Consumidor Final,Mercado Pago,3200
14320,2026-02-13 20:19:00,Consumidor Final,Debito,9350
14321,2026-02-13 17:46:00,Consumidor Final,Efectivo,5900
14322,2026-02-13 16:57:00,Consumidor Final,Mercado Pago,7500
14323,2026-02-13 16:24:00,Consumidor Final,Debito,11100
14324,2026-02-13 09:11:00,Consumidor Final,Debito,3300
14325,2026-02-13 20:43:00,CLI-252,Debito,5000
14326,2026-02-13 18:18:00,CLI-248,Efectivo,14600
14327,2026-02-13 10:33:00,Consumidor Final,Debito,3200
14328,2026-02-13 19:33:00,CLI-233,Credito,3200
14329,2026-02-13 17:28:00,Consumidor Final,Mercado Pago,16400
14330,2026-02-14 17:52:00,Consumidor Final,Credito,14700
14331,2026-02-14 08:50:00,CLI-202,Debito,8900
14332,2026-02-14 11:03:00,Consumidor Final,Debito,13200
14333,2026-02-14 18:42:00,CLI-273,Efectivo,3200
14334,2026-02-14 16:23:00,Consumidor Final,Efectivo,3100
14335,2026-02-14 17:59:00,Consumidor Final,Mercado Pago,3200
14336,2026-02-14 11:01:00,CLI-114,Efectivo,1600
14337,2026-02-14 08:58:00,Consumidor Final,Credito,3000
14338,2026-02-14 11:06:00,CLI-121,Debito,4300
14339,2026-02-14 16:14:00,Consumidor Final,Efectivo,13300
14340,2026-02-14 08:38:00,CLI-164,Efectivo,3200
14341,2026-02-14 17:19:00,CLI-223,Efectivo,1600
14342,2026-02-14 12:31:00,CLI-205,Efectivo,2200
14343,2026-02-14 12:53:00,Consumidor Final,Credito,1850
14344,2026-02-14 08:33:00,Consumidor Final,Efectivo,13800
14345,2026-02-14 20:04:00,CLI-142,Mercado Pago,750
14346,2026-02-14 16:00:00,CLI-283,Efectivo,3200
14347,2026-02-14 09:19:00,Consumidor Final,Efectivo,3200
14348,2026-02-14 18:20:00,CLI-231,Mercado Pago,3100
14349,2026-02-14 12:33:00,CLI-224,Mercado Pago,14550
14350,2026-02-14 12:08:00,Consumidor Final,Efectivo,3200
14351,2026-02-14 11:10:00,Consumidor Final,Efectivo,3200
14352,2026-02-14 17:50:00,CLI-249,Mercado Pago,6350
14353,2026-02-14 10:45:00,CLI-200,Mercado Pago,15300
14354,2026-02-14 10:33:00,Consumidor Final,Debito,10600
14355,2026-02-14 09:59:00,CLI-245,Credito,3200
14356,2026-02-14 17:38:00,Consumidor Final,Debito,13700
14357,2026-02-14 17:16:00,Consumidor Final,Debito,2200
14358,2026-02-14 12:08:00,Consumidor Final,Debito,7600
14359,2026-02-14 18:50:00,CLI-229,Debito,750
14360,2026-02-14 11:45:00,Consumidor Final,Debito,1100
14361,2026-02-14 18:30:00,CLI-108,Efectivo,3200
14362,2026-02-14 17:04:00,Consumidor Final,Mercado Pago,2700
14363,2026-02-14 18:20:00,Consumidor Final,Mercado Pago,3200
14364,2026-02-14 10:36:00,CLI-206,Mercado Pago,1800
14365,2026-02-14 10:21:00,CLI-268,Efectivo,5400
14366,2026-02-14 17:58:00,Consumidor Final,Debito,12000
14367,2026-02-14 16:13:00,Consumidor Final,Debito,3200
14368,2026-02-14 20:33:00,CLI-112,Debito,5600
14369,2026-02-14 12:38:00,Consumidor Final,Mercado Pago,5400
14370,2026-02-14 18:16:00,CLI-164,Mercado Pago,3200
14371,2026-02-14 19:23:00,Consumidor Final,Debito,3200
14372,2026-02-14 18:35:00,Consumidor Final,Efectivo,4400
14373,2026-02-14 08:24:00,CLI-265,Credito,8300
14374,2026-02-14 19:49:00,CLI-259,Credito,16300
14375,2026-02-14 10:55:00,CLI-117,Efectivo,3200
14376,2026-02-14 16:06:00,CLI-178,Debito,17300
14377,2026-02-14 16:38:00,Consumidor Final,Debito,7600
14378,2026-02-14 18:09:00,Consumidor Final,Mercado Pago,1800
14379,2026-02-14 20:08:00,CLI-145,Credito,3600
14380,2026-02-14 10:18:00,Consumidor Final,Efectivo,3200
14381,2026-02-14 19:55:00,CLI-169,Credito,1800
14382,2026-02-14 10:15:00,CLI-260,Mercado Pago,3200
14383,2026-02-14 19:06:00,CLI-285,Mercado Pago,4800
14384,2026-02-14 10:03:00,Consumidor Final,Debito,3200
14385,2026-02-14 17:06:00,CLI-186,Mercado Pago,3200
14386,2026-02-14 09:12:00,CLI-214,Debito,1500
14387,2026-02-14 12:36:00,CLI-156,Credito,6500
14388,2026-02-14 16:59:00,CLI-281,Efectivo,3200
14389,2026-02-14 11:25:00,Consumidor Final,Efectivo,7200
14390,2026-02-14 11:57:00,CLI-180,Credito,3200
14391,2026-02-14 19:24:00,CLI-280,Efectivo,3200
14392,2026-02-14 10:06:00,CLI-256,Debito,3350
14393,2026-02-14 12:10:00,CLI-196,Efectivo,8750
14394,2026-02-14 09:01:00,CLI-167,Credito,3200
14395,2026-02-14 12:14:00,CLI-272,Mercado Pago,12000
14396,2026-02-14 17:47:00,Consumidor Final,Efectivo,900
14397,2026-02-14 19:11:00,Consumidor Final,Credito,9350
14398,2026-02-14 17:35:00,CLI-197,Efectivo,9700
14399,2026-02-14 18:59:00,CLI-276,Credito,2700
14400,2026-02-14 16:48:00,CLI-258,Credito,12700
14401,2026-02-14 08:19:00,Consumidor Final,Mercado Pago,9800
14402,2026-02-14 11:21:00,CLI-116,Efectivo,5400
14403,2026-02-14 19:55:00,Consumidor Final,Mercado Pago,3200
14404,2026-02-14 20:41:00,CLI-289,Efectivo,4200
14405,2026-02-14 17:20:00,Consumidor Final,Mercado Pago,3200
14406,2026-02-14 19:28:00,Consumidor Final,Efectivo,3200
14407,2026-02-14 08:25:00,CLI-294,Mercado Pago,7200
14408,2026-02-14 20:08:00,Consumidor Final,Efectivo,2700
14409,2026-02-14 18:24:00,Consumidor Final,Mercado Pago,10800
14410,2026-02-14 19:00:00,CLI-179,Debito,3200
14411,2026-02-14 10:15:00,Consumidor Final,Debito,1800
14412,2026-02-14 20:28:00,CLI-193,Mercado Pago,2200
14413,2026-02-14 18:50:00,CLI-217,Efectivo,3200
14414,2026-02-14 18:28:00,CLI-169,Credito,15550
14415,2026-02-14 16:01:00,Consumidor Final,Efectivo,900
14416,2026-02-14 20:58:00,Consumidor Final,Efectivo,9400
14417,2026-02-14 16:27:00,CLI-204,Mercado Pago,3200
14418,2026-02-14 16:56:00,CLI-212,Debito,3200
14419,2026-02-15 16:25:00,Consumidor Final,Mercado Pago,4700
14420,2026-02-15 17:55:00,CLI-189,Debito,3800
14421,2026-02-15 10:40:00,Consumidor Final,Debito,17400
14422,2026-02-15 17:12:00,CLI-122,Mercado Pago,3200
14423,2026-02-15 10:57:00,CLI-275,Debito,14300
14424,2026-02-15 10:18:00,CLI-217,Debito,2200
14425,2026-02-15 18:31:00,Consumidor Final,Credito,13200
14426,2026-02-15 18:07:00,Consumidor Final,Debito,3200
14427,2026-02-15 08:08:00,CLI-257,Efectivo,1600
14428,2026-02-15 17:56:00,CLI-183,Debito,7600
14429,2026-02-15 12:41:00,Consumidor Final,Efectivo,14800
14430,2026-02-15 10:31:00,CLI-284,Debito,3200
14431,2026-02-15 12:08:00,Consumidor Final,Efectivo,9650
14432,2026-02-15 20:21:00,CLI-188,Debito,4500
14433,2026-02-15 17:34:00,Consumidor Final,Debito,9800
14434,2026-02-15 18:12:00,CLI-276,Mercado Pago,3200
14435,2026-02-15 12:29:00,Consumidor Final,Efectivo,5550
14436,2026-02-15 17:58:00,Consumidor Final,Credito,5400
14437,2026-02-15 12:54:00,CLI-149,Credito,1600
14438,2026-02-15 11:16:00,CLI-241,Mercado Pago,8400
14439,2026-02-15 12:03:00,CLI-121,Debito,3200
14440,2026-02-15 08:58:00,Consumidor Final,Efectivo,3800
14441,2026-02-15 20:07:00,CLI-291,Mercado Pago,3600
14442,2026-02-15 18:57:00,Consumidor Final,Debito,16300
14443,2026-02-15 12:49:00,CLI-255,Mercado Pago,21900
14444,2026-02-15 10:16:00,Consumidor Final,Mercado Pago,7050
14445,2026-02-15 12:32:00,Consumidor Final,Debito,3200
14446,2026-02-15 10:56:00,CLI-201,Debito,3200
14447,2026-02-15 17:58:00,Consumidor Final,Mercado Pago,3200
14448,2026-02-15 11:29:00,Consumidor Final,Mercado Pago,1800
14449,2026-02-15 12:53:00,Consumidor Final,Mercado Pago,9400
14450,2026-02-15 17:57:00,CLI-144,Mercado Pago,1500
14451,2026-02-15 08:30:00,Consumidor Final,Debito,1500
14452,2026-02-15 18:18:00,Consumidor Final,Efectivo,3200
14453,2026-02-15 16:30:00,CLI-240,Debito,3200
14454,2026-02-15 09:34:00,CLI-293,Mercado Pago,4000
14455,2026-02-15 09:59:00,Consumidor Final,Efectivo,2600
14456,2026-02-15 09:17:00,CLI-108,Efectivo,3200
14457,2026-02-15 11:39:00,Consumidor Final,Debito,1600
14458,2026-02-15 17:59:00,CLI-197,Mercado Pago,13000
14459,2026-02-15 20:04:00,CLI-241,Debito,3200
14460,2026-02-15 20:07:00,Consumidor Final,Mercado Pago,3000
14461,2026-02-15 09:56:00,CLI-199,Debito,1600
14462,2026-02-15 09:17:00,CLI-269,Mercado Pago,1100
14463,2026-02-15 11:12:00,CLI-239,Credito,19000
14464,2026-02-15 16:21:00,CLI-155,Debito,4500
14465,2026-02-15 11:57:00,Consumidor Final,Mercado Pago,15550
14466,2026-02-15 12:49:00,CLI-104,Debito,3300
14467,2026-02-15 18:47:00,Consumidor Final,Efectivo,3600
14468,2026-02-15 11:00:00,CLI-284,Debito,3200
14469,2026-02-15 19:18:00,CLI-258,Mercado Pago,17800
14470,2026-02-15 10:23:00,Consumidor Final,Debito,8800
14471,2026-02-15 08:49:00,CLI-232,Credito,3200
14472,2026-02-15 16:46:00,Consumidor Final,Debito,7350
14473,2026-02-15 17:21:00,CLI-139,Efectivo,5300
14474,2026-02-15 16:32:00,CLI-146,Debito,13900
14475,2026-02-15 18:42:00,CLI-208,Mercado Pago,3200
14476,2026-02-15 19:11:00,Consumidor Final,Credito,9350
14477,2026-02-15 09:44:00,CLI-265,Mercado Pago,1500
14478,2026-02-15 17:47:00,CLI-112,Efectivo,13600
14479,2026-02-15 17:26:00,Consumidor Final,Mercado Pago,3200
14480,2026-02-15 17:33:00,Consumidor Final,Efectivo,3200
14481,2026-02-15 09:40:00,Consumidor Final,Mercado Pago,3200
14482,2026-02-15 20:47:00,Consumidor Final,Debito,3200
14483,2026-02-15 16:49:00,Consumidor Final,Efectivo,3200
14484,2026-02-15 18:04:00,Consumidor Final,Efectivo,8400
14485,2026-02-15 10:27:00,CLI-279,Credito,9400
14486,2026-02-15 12:32:00,Consumidor Final,Credito,3200
14487,2026-02-15 16:30:00,Consumidor Final,Efectivo,3200
14488,2026-02-15 11:47:00,CLI-253,Debito,14700
14489,2026-02-15 08:23:00,Consumidor Final,Mercado Pago,3200
14490,2026-02-15 10:35:00,CLI-132,Efectivo,3200
14491,2026-02-15 20:51:00,CLI-276,Mercado Pago,19100
14492,2026-02-15 10:43:00,CLI-170,Mercado Pago,10800
14493,2026-02-15 17:37:00,CLI-135,Efectivo,3200
14494,2026-02-15 17:57:00,Consumidor Final,Credito,10600
14495,2026-02-15 20:17:00,Consumidor Final,Efectivo,3200
14496,2026-02-15 10:20:00,CLI-199,Mercado Pago,3200
14497,2026-02-15 18:25:00,CLI-200,Debito,1500
14498,2026-02-15 12:06:00,Consumidor Final,Debito,1800
14499,2026-02-15 12:24:00,Consumidor Final,Efectivo,3200
14500,2026-02-15 18:28:00,CLI-216,Efectivo,1500
14501,2026-02-15 20:09:00,Consumidor Final,Mercado Pago,7400
14502,2026-02-15 08:06:00,Consumidor Final,Debito,3200
14503,2026-02-15 20:37:00,Consumidor Final,Debito,8500
14504,2026-02-15 11:03:00,CLI-230,Debito,3200
14505,2026-02-15 20:47:00,Consumidor Final,Mercado Pago,3200
14506,2026-02-15 12:01:00,CLI-108,Efectivo,3200
14507,2026-02-15 20:44:00,CLI-188,Debito,7000
14508,2026-02-15 08:09:00,CLI-255,Debito,3200
14509,2026-02-15 18:51:00,CLI-118,Credito,3200
14510,2026-02-15 17:18:00,Consumidor Final,Credito,16900
14511,2026-02-15 12:49:00,CLI-153,Efectivo,8750
14512,2026-02-15 12:29:00,Consumidor Final,Efectivo,3200
14513,2026-02-15 08:20:00,CLI-130,Mercado Pago,3300
14514,2026-02-15 20:10:00,Consumidor Final,Debito,3200
14515,2026-02-15 09:03:00,Consumidor Final,Credito,18000
14516,2026-02-15 18:46:00,CLI-253,Mercado Pago,19750
14517,2026-02-15 17:20:00,CLI-167,Efectivo,7000
14518,2026-02-16 20:47:00,CLI-216,Efectivo,1500
14519,2026-02-16 10:11:00,Consumidor Final,Debito,1600
14520,2026-02-16 16:13:00,Consumidor Final,Debito,9300
14521,2026-02-16 09:17:00,Consumidor Final,Debito,28500
14522,2026-02-16 17:13:00,CLI-226,Efectivo,7000
14523,2026-02-16 19:02:00,Consumidor Final,Mercado Pago,14500
14524,2026-02-16 20:03:00,Consumidor Final,Mercado Pago,2950
14525,2026-02-16 19:35:00,Consumidor Final,Credito,20350
14526,2026-02-16 11:46:00,CLI-261,Debito,5250
14527,2026-02-16 09:05:00,Consumidor Final,Credito,2700
14528,2026-02-16 20:30:00,Consumidor Final,Mercado Pago,8700
14529,2026-02-16 17:45:00,Consumidor Final,Efectivo,4750
14530,2026-02-16 08:44:00,CLI-157,Debito,11900
14531,2026-02-16 09:16:00,CLI-278,Efectivo,1500
14532,2026-02-16 11:37:00,CLI-179,Mercado Pago,15650
14533,2026-02-16 10:09:00,Consumidor Final,Mercado Pago,6650
14534,2026-02-16 12:18:00,Consumidor Final,Debito,14100
14535,2026-02-16 11:57:00,Consumidor Final,Efectivo,9300
14536,2026-02-16 12:27:00,CLI-186,Efectivo,22300
14537,2026-02-16 19:44:00,CLI-139,Mercado Pago,11000
14538,2026-02-16 16:12:00,CLI-190,Efectivo,8100
14539,2026-02-16 19:55:00,CLI-290,Mercado Pago,4500
14540,2026-02-16 19:15:00,Consumidor Final,Credito,11400
14541,2026-02-16 10:44:00,Consumidor Final,Debito,17150
14542,2026-02-16 10:13:00,CLI-203,Debito,17000
14543,2026-02-16 18:30:00,CLI-113,Mercado Pago,4800
14544,2026-02-16 08:42:00,Consumidor Final,Efectivo,21050
14545,2026-02-16 08:04:00,CLI-251,Mercado Pago,2700
14546,2026-02-16 20:51:00,CLI-174,Debito,5200
14547,2026-02-16 18:15:00,CLI-275,Efectivo,10600
14548,2026-02-16 10:21:00,Consumidor Final,Debito,1600
14549,2026-02-16 09:54:00,Consumidor Final,Mercado Pago,6800
14550,2026-02-16 17:00:00,CLI-225,Debito,4900
14551,2026-02-16 17:56:00,CLI-149,Credito,7450
14552,2026-02-16 11:01:00,CLI-274,Efectivo,4800
14553,2026-02-16 11:09:00,CLI-160,Efectivo,11400
14554,2026-02-16 16:10:00,Consumidor Final,Mercado Pago,4600
14555,2026-02-16 08:57:00,CLI-293,Mercado Pago,8800
14556,2026-02-16 16:56:00,Consumidor Final,Mercado Pago,4400
14557,2026-02-16 12:09:00,CLI-117,Mercado Pago,17650
14558,2026-02-16 10:08:00,CLI-132,Efectivo,24500
14559,2026-02-16 18:12:00,Consumidor Final,Mercado Pago,3750
14560,2026-02-16 17:47:00,CLI-251,Mercado Pago,5850
14561,2026-02-16 20:01:00,CLI-102,Debito,9850
14562,2026-02-16 18:00:00,CLI-107,Mercado Pago,10000
14563,2026-02-16 12:32:00,Consumidor Final,Debito,12100
14564,2026-02-16 16:12:00,CLI-227,Efectivo,11400
14565,2026-02-16 16:55:00,Consumidor Final,Debito,6450
14566,2026-02-16 12:26:00,Consumidor Final,Mercado Pago,4950
14567,2026-02-16 09:44:00,CLI-262,Debito,6600
14568,2026-02-16 17:20:00,Consumidor Final,Mercado Pago,4700
14569,2026-02-16 17:49:00,Consumidor Final,Mercado Pago,19250
14570,2026-02-16 11:59:00,CLI-275,Efectivo,8000
14571,2026-02-16 16:39:00,CLI-153,Debito,6600
14572,2026-02-16 12:08:00,Consumidor Final,Credito,1100
14573,2026-02-16 11:25:00,Consumidor Final,Credito,10000
14574,2026-02-16 08:46:00,Consumidor Final,Mercado Pago,2200
14575,2026-02-16 16:02:00,CLI-122,Efectivo,25650
14576,2026-02-16 11:41:00,CLI-275,Credito,8100
14577,2026-02-16 17:53:00,CLI-123,Debito,12400
14578,2026-02-16 12:32:00,CLI-157,Mercado Pago,11400
14579,2026-02-16 18:58:00,CLI-159,Debito,13700
14580,2026-02-16 11:31:00,Consumidor Final,Efectivo,3600
14581,2026-02-16 08:14:00,Consumidor Final,Mercado Pago,1100
14582,2026-02-16 09:59:00,Consumidor Final,Debito,8300
14583,2026-02-16 17:27:00,CLI-149,Mercado Pago,8800
14584,2026-02-16 19:06:00,CLI-194,Debito,3600
14585,2026-02-16 09:46:00,CLI-168,Mercado Pago,19900
14586,2026-02-16 19:38:00,CLI-243,Mercado Pago,24850
14587,2026-02-16 16:40:00,CLI-104,Efectivo,16850
14588,2026-02-16 19:54:00,CLI-149,Credito,2250
14589,2026-02-16 18:04:00,CLI-158,Mercado Pago,14950
14590,2026-02-16 17:40:00,CLI-191,Efectivo,2700
14591,2026-02-16 17:38:00,CLI-201,Debito,2200
14592,2026-02-16 17:47:00,CLI-215,Debito,6800
14593,2026-02-16 11:14:00,CLI-290,Efectivo,11100
14594,2026-02-16 19:43:00,CLI-150,Credito,3000
14595,2026-02-16 20:51:00,CLI-258,Efectivo,10800
14596,2026-02-16 19:03:00,CLI-112,Efectivo,1500
14597,2026-02-16 17:58:00,CLI-193,Mercado Pago,2200
14598,2026-02-16 17:46:00,Consumidor Final,Mercado Pago,10150
14599,2026-02-16 08:21:00,CLI-256,Efectivo,20750
14600,2026-02-16 17:34:00,Consumidor Final,Mercado Pago,19500
14601,2026-02-16 09:07:00,CLI-269,Mercado Pago,4100
14602,2026-02-16 08:44:00,CLI-242,Mercado Pago,16950
14603,2026-02-17 10:59:00,CLI-109,Efectivo,8600
14604,2026-02-17 10:00:00,CLI-198,Credito,3300
14605,2026-02-17 11:15:00,Consumidor Final,Mercado Pago,10600
14606,2026-02-17 18:23:00,Consumidor Final,Debito,900
14607,2026-02-17 20:10:00,CLI-288,Debito,10350
14608,2026-02-17 18:13:00,Consumidor Final,Debito,13500
14609,2026-02-17 11:03:00,Consumidor Final,Debito,2900
14610,2026-02-17 11:08:00,CLI-203,Mercado Pago,17400
14611,2026-02-17 12:56:00,CLI-121,Debito,11100
14612,2026-02-17 18:58:00,CLI-121,Mercado Pago,19150
14613,2026-02-17 20:05:00,CLI-177,Debito,6700
14614,2026-02-17 16:04:00,CLI-253,Efectivo,9150
14615,2026-02-17 20:29:00,Consumidor Final,Efectivo,3600
14616,2026-02-17 10:40:00,CLI-126,Mercado Pago,12950
14617,2026-02-17 08:14:00,CLI-116,Credito,1800
14618,2026-02-17 09:51:00,Consumidor Final,Mercado Pago,3000
14619,2026-02-17 19:19:00,CLI-286,Debito,2250
14620,2026-02-17 17:07:00,CLI-156,Debito,19550
14621,2026-02-17 18:52:00,CLI-268,Mercado Pago,20300
14622,2026-02-17 10:42:00,Consumidor Final,Mercado Pago,16000
14623,2026-02-17 19:24:00,Consumidor Final,Efectivo,3300
14624,2026-02-17 10:38:00,CLI-150,Mercado Pago,8800
14625,2026-02-17 20:19:00,Consumidor Final,Efectivo,8500
14626,2026-02-17 17:40:00,CLI-147,Debito,8100
14627,2026-02-17 17:08:00,CLI-205,Mercado Pago,9200
14628,2026-02-17 11:10:00,CLI-221,Debito,5400
14629,2026-02-17 09:59:00,CLI-155,Debito,12500
14630,2026-02-17 09:59:00,CLI-229,Mercado Pago,1100
14631,2026-02-17 11:58:00,CLI-245,Credito,7600
14632,2026-02-17 17:51:00,Consumidor Final,Debito,13300
14633,2026-02-17 12:52:00,CLI-298,Mercado Pago,18600
14634,2026-02-17 11:30:00,Consumidor Final,Efectivo,12400
14635,2026-02-17 17:58:00,Consumidor Final,Efectivo,7500
14636,2026-02-17 20:07:00,CLI-148,Debito,3300
14637,2026-02-17 19:01:00,CLI-126,Debito,3800
14638,2026-02-17 19:17:00,CLI-289,Mercado Pago,6900
14639,2026-02-17 12:33:00,CLI-195,Debito,7700
14640,2026-02-17 16:24:00,CLI-267,Credito,750
14641,2026-02-17 08:29:00,CLI-269,Mercado Pago,900
14642,2026-02-17 11:12:00,Consumidor Final,Efectivo,20350
14643,2026-02-17 10:17:00,CLI-123,Debito,2550
14644,2026-02-17 20:21:00,CLI-109,Mercado Pago,10650
14645,2026-02-17 08:30:00,Consumidor Final,Mercado Pago,14500
14646,2026-02-17 09:46:00,CLI-251,Credito,3300
14647,2026-02-17 08:44:00,Consumidor Final,Efectivo,5200
14648,2026-02-17 19:16:00,Consumidor Final,Debito,16900
14649,2026-02-17 18:59:00,Consumidor Final,Debito,3750
14650,2026-02-17 19:10:00,CLI-181,Credito,14700
14651,2026-02-17 18:39:00,Consumidor Final,Debito,7700
14652,2026-02-17 10:26:00,CLI-124,Efectivo,900
14653,2026-02-17 10:25:00,Consumidor Final,Debito,4800
14654,2026-02-17 18:20:00,Consumidor Final,Credito,18400
14655,2026-02-17 19:28:00,CLI-278,Mercado Pago,14400
14656,2026-02-17 09:22:00,Consumidor Final,Mercado Pago,15100
14657,2026-02-17 12:26:00,CLI-118,Debito,9800
14658,2026-02-17 09:47:00,Consumidor Final,Mercado Pago,2200
14659,2026-02-17 20:11:00,CLI-139,Efectivo,8950
14660,2026-02-17 10:55:00,CLI-279,Efectivo,1800
14661,2026-02-17 17:47:00,Consumidor Final,Debito,15300
14662,2026-02-17 12:55:00,CLI-191,Mercado Pago,5900
14663,2026-02-17 11:04:00,CLI-201,Debito,2200
14664,2026-02-17 18:54:00,Consumidor Final,Mercado Pago,11100
14665,2026-02-17 11:51:00,CLI-221,Mercado Pago,6600
14666,2026-02-17 11:07:00,CLI-155,Mercado Pago,4500
14667,2026-02-17 18:59:00,Consumidor Final,Debito,4450
14668,2026-02-17 20:55:00,Consumidor Final,Efectivo,6050
14669,2026-02-17 19:45:00,CLI-200,Efectivo,3800
14670,2026-02-17 12:09:00,Consumidor Final,Efectivo,7700
14671,2026-02-17 12:55:00,CLI-127,Debito,8700
14672,2026-02-17 08:43:00,CLI-202,Efectivo,6700
14673,2026-02-17 11:56:00,Consumidor Final,Credito,3200
14674,2026-02-17 08:33:00,Consumidor Final,Credito,17100
14675,2026-02-17 16:34:00,CLI-226,Efectivo,9200
14676,2026-02-17 11:29:00,CLI-186,Debito,8100
14677,2026-02-17 19:01:00,Consumidor Final,Debito,7600
14678,2026-02-17 20:23:00,CLI-216,Credito,17900
14679,2026-02-17 17:16:00,CLI-217,Efectivo,7100
14680,2026-02-17 20:16:00,Consumidor Final,Debito,13750
14681,2026-02-17 09:09:00,CLI-159,Efectivo,2200
14682,2026-02-17 08:07:00,CLI-104,Efectivo,16450
14683,2026-02-17 11:51:00,CLI-285,Efectivo,9300
14684,2026-02-17 09:20:00,CLI-247,Credito,12300
14685,2026-02-17 16:28:00,CLI-212,Mercado Pago,900
14686,2026-02-17 17:12:00,CLI-223,Debito,15400
14687,2026-02-17 17:03:00,CLI-214,Debito,4400
14688,2026-02-17 16:52:00,Consumidor Final,Debito,30450
14689,2026-02-17 17:36:00,CLI-253,Efectivo,1600
14690,2026-02-17 11:57:00,CLI-138,Mercado Pago,21300
14691,2026-02-17 11:27:00,CLI-189,Credito,9800
14692,2026-02-17 19:08:00,CLI-271,Debito,4300
14693,2026-02-17 12:13:00,CLI-145,Debito,11900
14694,2026-02-17 10:03:00,CLI-292,Mercado Pago,6750
14695,2026-02-17 09:14:00,Consumidor Final,Mercado Pago,9300
14696,2026-02-17 18:53:00,CLI-286,Efectivo,1800
14697,2026-02-17 20:31:00,Consumidor Final,Mercado Pago,1500
14698,2026-02-17 11:33:00,CLI-219,Debito,8250
14699,2026-02-17 09:53:00,Consumidor Final,Mercado Pago,5700
14700,2026-02-17 17:02:00,CLI-212,Mercado Pago,8000
14701,2026-02-17 09:01:00,CLI-270,Efectivo,2200
14702,2026-02-17 19:36:00,Consumidor Final,Mercado Pago,15550
14703,2026-02-17 09:02:00,CLI-269,Debito,15700
14704,2026-02-17 08:13:00,CLI-141,Mercado Pago,14100
14705,2026-02-17 12:44:00,CLI-190,Mercado Pago,6200
14706,2026-02-17 19:22:00,Consumidor Final,Mercado Pago,11050
14707,2026-02-17 11:48:00,CLI-206,Mercado Pago,10000
14708,2026-02-18 20:53:00,Consumidor Final,Efectivo,7600
14709,2026-02-18 09:21:00,Consumidor Final,Mercado Pago,1100
14710,2026-02-18 16:13:00,CLI-292,Mercado Pago,7600
14711,2026-02-18 12:39:00,Consumidor Final,Debito,16200
14712,2026-02-18 18:27:00,CLI-283,Efectivo,1800
14713,2026-02-18 11:37:00,Consumidor Final,Debito,15300
14714,2026-02-18 12:30:00,CLI-239,Mercado Pago,4800
14715,2026-02-18 12:38:00,CLI-191,Debito,2200
14716,2026-02-18 19:51:00,Consumidor Final,Efectivo,5600
14717,2026-02-18 10:14:00,CLI-248,Efectivo,2200
14718,2026-02-18 16:23:00,CLI-188,Credito,11300
14719,2026-02-18 17:38:00,Consumidor Final,Efectivo,10000
14720,2026-02-18 10:17:00,CLI-235,Debito,8600
14721,2026-02-18 19:16:00,CLI-195,Efectivo,9200
14722,2026-02-18 11:42:00,CLI-109,Mercado Pago,2250
14723,2026-02-18 16:57:00,Consumidor Final,Debito,5400
14724,2026-02-18 19:28:00,Consumidor Final,Efectivo,10300
14725,2026-02-18 11:50:00,CLI-294,Efectivo,5400
14726,2026-02-18 08:41:00,Consumidor Final,Efectivo,13250
14727,2026-02-18 10:03:00,CLI-252,Mercado Pago,13450
14728,2026-02-18 17:59:00,CLI-158,Mercado Pago,7900
14729,2026-02-18 08:15:00,Consumidor Final,Mercado Pago,11400
14730,2026-02-18 11:48:00,CLI-143,Debito,4500
14731,2026-02-18 19:47:00,CLI-253,Efectivo,17150
14732,2026-02-18 08:18:00,CLI-249,Efectivo,7400
14733,2026-02-18 18:36:00,Consumidor Final,Efectivo,10500
14734,2026-02-18 09:37:00,CLI-182,Efectivo,17150
14735,2026-02-18 11:19:00,Consumidor Final,Credito,13000
14736,2026-02-18 11:49:00,Consumidor Final,Efectivo,7800
14737,2026-02-18 09:34:00,Consumidor Final,Efectivo,16800
14738,2026-02-18 09:14:00,CLI-264,Credito,7000
14739,2026-02-18 10:24:00,CLI-178,Efectivo,2200
14740,2026-02-18 10:00:00,Consumidor Final,Debito,3800
14741,2026-02-18 12:26:00,Consumidor Final,Efectivo,7700
14742,2026-02-18 18:37:00,CLI-120,Mercado Pago,4500
14743,2026-02-18 18:55:00,CLI-226,Efectivo,1100
14744,2026-02-18 09:27:00,Consumidor Final,Mercado Pago,1600
14745,2026-02-18 19:02:00,CLI-228,Mercado Pago,8700
14746,2026-02-18 19:37:00,Consumidor Final,Mercado Pago,7650
14747,2026-02-18 08:04:00,Consumidor Final,Debito,8900
14748,2026-02-18 20:38:00,CLI-185,Efectivo,6600
14749,2026-02-18 16:05:00,CLI-119,Mercado Pago,900
14750,2026-02-18 10:17:00,Consumidor Final,Credito,7600
14751,2026-02-18 19:29:00,CLI-159,Mercado Pago,2700
14752,2026-02-18 11:47:00,CLI-155,Mercado Pago,15250
14753,2026-02-18 08:46:00,CLI-118,Efectivo,5400
14754,2026-02-18 12:01:00,Consumidor Final,Mercado Pago,1100
14755,2026-02-18 08:48:00,CLI-259,Efectivo,1800
14756,2026-02-18 16:26:00,CLI-207,Debito,21750
14757,2026-02-18 09:37:00,Consumidor Final,Efectivo,7350
14758,2026-02-18 18:17:00,Consumidor Final,Credito,3300
14759,2026-02-18 08:49:00,CLI-211,Efectivo,6000
14760,2026-02-18 11:17:00,CLI-176,Mercado Pago,8100
14761,2026-02-18 11:45:00,Consumidor Final,Efectivo,3800
14762,2026-02-18 12:01:00,CLI-280,Credito,1500
14763,2026-02-18 10:38:00,CLI-254,Debito,5800
14764,2026-02-18 20:22:00,CLI-149,Debito,11150
14765,2026-02-18 18:30:00,CLI-298,Debito,4800
14766,2026-02-18 16:06:00,CLI-156,Efectivo,2250
14767,2026-02-18 17:53:00,CLI-173,Debito,7100
14768,2026-02-18 10:49:00,Consumidor Final,Mercado Pago,9100
14769,2026-02-18 08:49:00,Consumidor Final,Efectivo,4950
14770,2026-02-18 08:22:00,CLI-191,Debito,3000
14771,2026-02-18 18:38:00,CLI-297,Efectivo,9800
14772,2026-02-18 18:10:00,CLI-108,Efectivo,6450
14773,2026-02-18 19:50:00,CLI-255,Debito,7650
14774,2026-02-18 09:17:00,CLI-249,Debito,3700
14775,2026-02-18 18:39:00,CLI-246,Efectivo,2250
14776,2026-02-18 18:31:00,CLI-211,Mercado Pago,5700
14777,2026-02-18 18:18:00,CLI-139,Mercado Pago,11400
14778,2026-02-18 12:44:00,Consumidor Final,Efectivo,18350
14779,2026-02-18 11:59:00,CLI-276,Efectivo,2200
14780,2026-02-18 18:56:00,Consumidor Final,Debito,8100
14781,2026-02-18 17:33:00,CLI-218,Efectivo,23800
14782,2026-02-18 18:23:00,CLI-161,Mercado Pago,19900
14783,2026-02-18 19:29:00,CLI-293,Mercado Pago,7050
14784,2026-02-18 19:45:00,Consumidor Final,Credito,4800
14785,2026-02-18 16:02:00,CLI-150,Debito,4800
14786,2026-02-18 16:02:00,CLI-217,Efectivo,15100
14787,2026-02-18 11:45:00,Consumidor Final,Debito,2400
14788,2026-02-18 11:10:00,Consumidor Final,Efectivo,8500
14789,2026-02-18 16:25:00,Consumidor Final,Efectivo,8400
14790,2026-02-18 17:41:00,Consumidor Final,Efectivo,16950
14791,2026-02-18 12:54:00,Consumidor Final,Efectivo,10900
14792,2026-02-18 11:24:00,Consumidor Final,Mercado Pago,11350
14793,2026-02-18 19:15:00,Consumidor Final,Debito,12050
14794,2026-02-18 11:29:00,CLI-274,Efectivo,4700
14795,2026-02-18 18:38:00,CLI-182,Efectivo,1800
14796,2026-02-18 16:42:00,Consumidor Final,Mercado Pago,18100
14797,2026-02-18 10:17:00,CLI-230,Debito,12300
14798,2026-02-18 18:32:00,Consumidor Final,Debito,10700
14799,2026-02-18 20:15:00,Consumidor Final,Debito,900
14800,2026-02-18 08:22:00,CLI-172,Mercado Pago,2900
14801,2026-02-18 09:52:00,Consumidor Final,Mercado Pago,7600
14802,2026-02-18 17:40:00,Consumidor Final,Mercado Pago,5700
14803,2026-02-18 19:21:00,Consumidor Final,Debito,2250
14804,2026-02-18 12:04:00,CLI-155,Efectivo,7350
14805,2026-02-18 17:09:00,Consumidor Final,Debito,13200
14806,2026-02-18 09:50:00,CLI-131,Mercado Pago,7150
14807,2026-02-18 18:34:00,CLI-211,Mercado Pago,18000
14808,2026-02-18 16:23:00,CLI-217,Mercado Pago,15050
14809,2026-02-18 08:09:00,CLI-224,Mercado Pago,8700
14810,2026-02-19 08:24:00,CLI-209,Mercado Pago,16350
14811,2026-02-19 12:33:00,CLI-240,Debito,7600
14812,2026-02-19 18:09:00,Consumidor Final,Mercado Pago,14200
14813,2026-02-19 12:47:00,CLI-295,Efectivo,3600
14814,2026-02-19 16:11:00,CLI-272,Efectivo,15750
14815,2026-02-19 20:53:00,CLI-243,Debito,1600
14816,2026-02-19 08:37:00,CLI-191,Mercado Pago,7200
14817,2026-02-19 10:17:00,CLI-295,Efectivo,3000
14818,2026-02-19 12:11:00,Consumidor Final,Debito,1100
14819,2026-02-19 16:49:00,CLI-106,Mercado Pago,12700
14820,2026-02-19 20:58:00,Consumidor Final,Debito,16200
14821,2026-02-19 18:05:00,CLI-229,Mercado Pago,1100
14822,2026-02-19 19:50:00,Consumidor Final,Efectivo,8400
14823,2026-02-19 11:22:00,CLI-289,Efectivo,1500
14824,2026-02-19 08:02:00,CLI-164,Efectivo,15400
14825,2026-02-19 19:06:00,Consumidor Final,Efectivo,6200
14826,2026-02-19 18:17:00,CLI-216,Debito,5400
14827,2026-02-19 09:03:00,CLI-145,Mercado Pago,8500
14828,2026-02-19 10:44:00,Consumidor Final,Debito,8400
14829,2026-02-19 18:18:00,Consumidor Final,Efectivo,3950
14830,2026-02-19 09:00:00,Consumidor Final,Efectivo,14400
14831,2026-02-19 08:38:00,CLI-274,Efectivo,11450
14832,2026-02-19 19:29:00,Consumidor Final,Mercado Pago,4600
14833,2026-02-19 17:15:00,CLI-280,Debito,7550
14834,2026-02-19 17:19:00,CLI-293,Mercado Pago,11400
14835,2026-02-19 18:24:00,Consumidor Final,Efectivo,8600
14836,2026-02-19 17:32:00,CLI-286,Efectivo,11700
14837,2026-02-19 12:26:00,CLI-249,Efectivo,19900
14838,2026-02-19 17:37:00,Consumidor Final,Mercado Pago,23200
14839,2026-02-19 19:06:00,Consumidor Final,Debito,17200
14840,2026-02-19 18:14:00,CLI-159,Debito,25350
14841,2026-02-19 18:39:00,CLI-202,Debito,3800
14842,2026-02-19 09:28:00,Consumidor Final,Mercado Pago,6000
14843,2026-02-19 20:53:00,Consumidor Final,Efectivo,900
14844,2026-02-19 11:40:00,Consumidor Final,Efectivo,7500
14845,2026-02-19 11:24:00,CLI-185,Mercado Pago,5900
14846,2026-02-19 09:52:00,Consumidor Final,Efectivo,16500
14847,2026-02-19 08:16:00,Consumidor Final,Mercado Pago,6900
14848,2026-02-19 16:14:00,CLI-238,Mercado Pago,17050
14849,2026-02-19 20:42:00,CLI-264,Mercado Pago,7600
14850,2026-02-19 18:46:00,Consumidor Final,Mercado Pago,2350
14851,2026-02-19 10:36:00,Consumidor Final,Credito,3600
14852,2026-02-19 20:27:00,CLI-237,Debito,8000
14853,2026-02-19 20:45:00,CLI-118,Debito,2200
14854,2026-02-19 12:01:00,CLI-257,Debito,10450
14855,2026-02-19 11:05:00,CLI-144,Debito,9600
14856,2026-02-19 18:46:00,CLI-167,Credito,6200
14857,2026-02-19 17:03:00,Consumidor Final,Mercado Pago,7800
14858,2026-02-19 16:02:00,Consumidor Final,Credito,14700
14859,2026-02-19 10:09:00,CLI-247,Efectivo,4400
14860,2026-02-19 18:40:00,CLI-242,Mercado Pago,10650
14861,2026-02-19 20:17:00,CLI-121,Debito,11400
14862,2026-02-19 12:54:00,Consumidor Final,Efectivo,4800
14863,2026-02-19 17:18:00,CLI-253,Credito,10800
14864,2026-02-19 12:08:00,CLI-101,Debito,12700
14865,2026-02-19 12:51:00,Consumidor Final,Debito,11550
14866,2026-02-19 19:04:00,Consumidor Final,Efectivo,4100
14867,2026-02-19 09:00:00,CLI-269,Debito,6600
14868,2026-02-19 17:44:00,CLI-284,Efectivo,17800
14869,2026-02-19 08:10:00,CLI-209,Mercado Pago,24500
14870,2026-02-19 12:15:00,CLI-103,Debito,14200
14871,2026-02-19 10:20:00,CLI-204,Mercado Pago,15100
14872,2026-02-19 18:03:00,CLI-198,Debito,8000
14873,2026-02-19 19:32:00,Consumidor Final,Efectivo,6300
14874,2026-02-19 16:49:00,CLI-135,Efectivo,7150
14875,2026-02-19 18:43:00,CLI-115,Debito,7650
14876,2026-02-19 18:26:00,CLI-265,Efectivo,16900
14877,2026-02-19 18:33:00,CLI-273,Debito,11400
14878,2026-02-19 18:28:00,Consumidor Final,Efectivo,8200
14879,2026-02-19 20:10:00,Consumidor Final,Debito,23250
14880,2026-02-19 11:44:00,CLI-196,Mercado Pago,25100
14881,2026-02-19 20:06:00,CLI-100,Efectivo,1800
14882,2026-02-19 11:20:00,Consumidor Final,Debito,5400
14883,2026-02-19 16:04:00,CLI-282,Efectivo,1500
14884,2026-02-19 11:51:00,CLI-268,Debito,16500
14885,2026-02-19 09:56:00,Consumidor Final,Efectivo,3700
14886,2026-02-19 09:35:00,Consumidor Final,Efectivo,11500
14887,2026-02-19 12:08:00,CLI-136,Mercado Pago,8800
14888,2026-02-19 09:26:00,Consumidor Final,Mercado Pago,9600
14889,2026-02-19 08:30:00,CLI-255,Mercado Pago,1800
14890,2026-02-19 20:24:00,CLI-252,Mercado Pago,4500
14891,2026-02-19 11:47:00,CLI-219,Credito,18800
14892,2026-02-19 18:22:00,CLI-100,Efectivo,2200
14893,2026-02-19 20:30:00,CLI-175,Debito,10800
14894,2026-02-19 16:07:00,Consumidor Final,Mercado Pago,6800
14895,2026-02-19 09:26:00,CLI-273,Debito,1800
14896,2026-02-19 11:21:00,CLI-166,Debito,5950
14897,2026-02-19 20:46:00,CLI-234,Mercado Pago,1600
14898,2026-02-19 12:38:00,Consumidor Final,Credito,9300
14899,2026-02-19 18:26:00,Consumidor Final,Debito,11100
14900,2026-02-19 17:47:00,CLI-192,Mercado Pago,9500
14901,2026-02-19 12:01:00,Consumidor Final,Credito,3800
14902,2026-02-19 17:26:00,Consumidor Final,Efectivo,12100
14903,2026-02-19 11:19:00,Consumidor Final,Efectivo,1500
14904,2026-02-19 11:22:00,Consumidor Final,Efectivo,6600
14905,2026-02-19 08:40:00,CLI-281,Efectivo,10000
14906,2026-02-19 20:07:00,CLI-198,Mercado Pago,5700
14907,2026-02-19 08:41:00,CLI-213,Mercado Pago,2200
14908,2026-02-19 09:39:00,CLI-116,Debito,4400
14909,2026-02-19 11:24:00,CLI-224,Debito,20200
14910,2026-02-19 12:24:00,CLI-216,Debito,12700
14911,2026-02-19 09:21:00,CLI-289,Mercado Pago,3800
14912,2026-02-19 17:09:00,CLI-244,Mercado Pago,13800
14913,2026-02-19 20:33:00,Consumidor Final,Mercado Pago,9250
14914,2026-02-19 20:18:00,CLI-225,Efectivo,25850
14915,2026-02-19 18:50:00,Consumidor Final,Mercado Pago,4800
14916,2026-02-19 16:00:00,Consumidor Final,Efectivo,3800
14917,2026-02-19 19:02:00,Consumidor Final,Debito,8100
14918,2026-02-19 08:47:00,Consumidor Final,Efectivo,19200
14919,2026-02-19 20:27:00,CLI-207,Debito,19050
14920,2026-02-19 17:02:00,Consumidor Final,Efectivo,6600
14921,2026-02-20 17:27:00,CLI-158,Debito,11700
14922,2026-02-20 11:22:00,CLI-296,Credito,6600
14923,2026-02-20 18:33:00,CLI-159,Debito,900
14924,2026-02-20 19:19:00,CLI-155,Mercado Pago,12150
14925,2026-02-20 19:45:00,CLI-135,Mercado Pago,5900
14926,2026-02-20 09:51:00,CLI-138,Efectivo,3300
14927,2026-02-20 17:51:00,CLI-221,Debito,8200
14928,2026-02-20 08:58:00,CLI-266,Mercado Pago,10200
14929,2026-02-20 20:00:00,CLI-122,Credito,1500
14930,2026-02-20 17:57:00,Consumidor Final,Debito,1500
14931,2026-02-20 08:46:00,CLI-212,Efectivo,13450
14932,2026-02-20 18:03:00,CLI-108,Mercado Pago,1800
14933,2026-02-20 12:13:00,Consumidor Final,Efectivo,11200
14934,2026-02-20 20:31:00,Consumidor Final,Credito,1100
14935,2026-02-20 10:46:00,Consumidor Final,Credito,10250
14936,2026-02-20 20:51:00,CLI-105,Debito,6300
14937,2026-02-20 19:40:00,Consumidor Final,Debito,13400
14938,2026-02-20 19:54:00,CLI-220,Debito,16800
14939,2026-02-20 10:32:00,Consumidor Final,Credito,15200
14940,2026-02-20 18:39:00,CLI-273,Mercado Pago,7500
14941,2026-02-20 20:08:00,CLI-283,Debito,6600
14942,2026-02-20 08:46:00,Consumidor Final,Debito,7000
14943,2026-02-20 12:01:00,CLI-167,Mercado Pago,8400
14944,2026-02-20 18:42:00,CLI-286,Efectivo,5800
14945,2026-02-20 08:45:00,CLI-112,Efectivo,10300
14946,2026-02-20 20:57:00,CLI-130,Mercado Pago,9200
14947,2026-02-20 09:37:00,Consumidor Final,Mercado Pago,5200
14948,2026-02-20 12:51:00,CLI-218,Mercado Pago,5800
14949,2026-02-20 18:47:00,Consumidor Final,Debito,16200
14950,2026-02-20 10:50:00,Consumidor Final,Efectivo,6750
14951,2026-02-20 16:33:00,Consumidor Final,Efectivo,1100
14952,2026-02-20 16:53:00,CLI-240,Debito,9000
14953,2026-02-20 18:04:00,Consumidor Final,Mercado Pago,25000
14954,2026-02-20 10:20:00,CLI-174,Efectivo,4800
14955,2026-02-20 16:30:00,Consumidor Final,Mercado Pago,4400
14956,2026-02-20 12:20:00,CLI-136,Mercado Pago,6300
14957,2026-02-20 10:12:00,Consumidor Final,Debito,6300
14958,2026-02-20 17:28:00,Consumidor Final,Debito,7500
14959,2026-02-20 19:47:00,CLI-195,Efectivo,7000
14960,2026-02-20 18:42:00,Consumidor Final,Mercado Pago,8500
14961,2026-02-20 20:55:00,CLI-260,Efectivo,13650
14962,2026-02-20 16:19:00,Consumidor Final,Efectivo,4300
14963,2026-02-20 17:01:00,CLI-227,Debito,7000
14964,2026-02-20 11:37:00,CLI-197,Mercado Pago,8800
14965,2026-02-20 10:40:00,Consumidor Final,Debito,4450
14966,2026-02-20 18:12:00,Consumidor Final,Mercado Pago,15200
14967,2026-02-20 19:14:00,Consumidor Final,Mercado Pago,3200
14968,2026-02-20 10:56:00,Consumidor Final,Efectivo,9950
14969,2026-02-20 11:59:00,CLI-210,Mercado Pago,6550
14970,2026-02-20 09:25:00,CLI-272,Credito,2700
14971,2026-02-20 17:30:00,Consumidor Final,Efectivo,1500
14972,2026-02-20 08:28:00,Consumidor Final,Efectivo,15300
14973,2026-02-20 20:31:00,Consumidor Final,Mercado Pago,750
14974,2026-02-20 12:31:00,CLI-129,Debito,1500
14975,2026-02-20 12:08:00,CLI-150,Efectivo,3000
14976,2026-02-20 11:31:00,CLI-237,Mercado Pago,9600
14977,2026-02-20 19:24:00,CLI-108,Mercado Pago,3800
14978,2026-02-20 17:05:00,CLI-102,Debito,1800
14979,2026-02-20 09:33:00,CLI-129,Credito,3200
14980,2026-02-20 10:04:00,CLI-227,Debito,26550
14981,2026-02-20 20:55:00,Consumidor Final,Debito,10100
14982,2026-02-20 19:48:00,Consumidor Final,Efectivo,14500
14983,2026-02-20 19:12:00,Consumidor Final,Mercado Pago,4700
14984,2026-02-20 12:55:00,CLI-194,Mercado Pago,8100
14985,2026-02-20 09:42:00,CLI-261,Mercado Pago,8200
14986,2026-02-20 17:43:00,CLI-167,Mercado Pago,5400
14987,2026-02-20 18:19:00,CLI-285,Efectivo,3600
14988,2026-02-20 16:22:00,CLI-215,Mercado Pago,1800
14989,2026-02-20 11:39:00,CLI-299,Efectivo,2250
14990,2026-02-20 12:43:00,CLI-239,Debito,9500
14991,2026-02-20 17:31:00,Consumidor Final,Mercado Pago,7400
14992,2026-02-20 19:25:00,CLI-140,Efectivo,11400
14993,2026-02-20 18:22:00,CLI-149,Debito,4500
14994,2026-02-20 20:16:00,Consumidor Final,Debito,1500
14995,2026-02-20 08:19:00,CLI-226,Credito,18150
14996,2026-02-20 17:24:00,CLI-268,Efectivo,11350
14997,2026-02-20 18:45:00,CLI-206,Debito,18750
14998,2026-02-20 17:54:00,CLI-201,Debito,4200
14999,2026-02-20 18:02:00,Consumidor Final,Debito,11800
15000,2026-02-20 20:02:00,CLI-260,Efectivo,5700
15001,2026-02-20 19:59:00,CLI-292,Mercado Pago,12000
15002,2026-02-21 08:43:00,CLI-188,Efectivo,2700
15003,2026-02-21 08:04:00,CLI-195,Mercado Pago,3000
15004,2026-02-21 10:00:00,CLI-212,Efectivo,3200
15005,2026-02-21 10:30:00,CLI-141,Debito,5950
15006,2026-02-21 11:44:00,Consumidor Final,Mercado Pago,16200
15007,2026-02-21 20:40:00,CLI-216,Mercado Pago,2900
15008,2026-02-21 19:12:00,CLI-136,Mercado Pago,16500
15009,2026-02-21 08:51:00,CLI-245,Debito,750
15010,2026-02-21 18:05:00,Consumidor Final,Debito,7500
15011,2026-02-21 18:43:00,CLI-244,Debito,8600
15012,2026-02-21 08:38:00,Consumidor Final,Efectivo,22900
15013,2026-02-21 09:28:00,Consumidor Final,Efectivo,1100
15014,2026-02-21 11:02:00,Consumidor Final,Mercado Pago,19150
15015,2026-02-21 08:59:00,Consumidor Final,Debito,3350
15016,2026-02-21 18:44:00,CLI-119,Debito,8000
15017,2026-02-21 16:18:00,CLI-201,Mercado Pago,1600
15018,2026-02-21 10:35:00,CLI-234,Efectivo,5600
15019,2026-02-21 18:10:00,CLI-291,Efectivo,4500
15020,2026-02-21 18:31:00,CLI-115,Debito,11400
15021,2026-02-21 17:38:00,CLI-196,Efectivo,14100
15022,2026-02-21 11:37:00,CLI-105,Mercado Pago,17400
15023,2026-02-21 18:16:00,CLI-263,Efectivo,28800
15024,2026-02-21 16:12:00,Consumidor Final,Mercado Pago,2200
15025,2026-02-21 10:29:00,CLI-220,Efectivo,1500
15026,2026-02-21 16:25:00,Consumidor Final,Credito,16500
15027,2026-02-21 20:10:00,Consumidor Final,Credito,17300
15028,2026-02-21 09:15:00,Consumidor Final,Debito,18500
15029,2026-02-21 16:28:00,CLI-182,Efectivo,13600
15030,2026-02-21 08:28:00,CLI-157,Debito,8050
15031,2026-02-21 20:06:00,CLI-203,Mercado Pago,13950
15032,2026-02-21 20:29:00,CLI-250,Credito,8950
15033,2026-02-21 10:24:00,CLI-176,Mercado Pago,25700
15034,2026-02-21 09:53:00,CLI-298,Efectivo,6000
15035,2026-02-21 08:08:00,CLI-292,Debito,6750
15036,2026-02-21 11:46:00,CLI-129,Mercado Pago,2700
15037,2026-02-21 10:27:00,CLI-126,Debito,4400
15038,2026-02-21 20:08:00,Consumidor Final,Mercado Pago,7000
15039,2026-02-21 11:37:00,CLI-252,Debito,2350
15040,2026-02-21 10:53:00,CLI-250,Credito,1600
15041,2026-02-21 12:05:00,Consumidor Final,Mercado Pago,4800
15042,2026-02-21 11:38:00,CLI-164,Mercado Pago,4400
15043,2026-02-21 08:31:00,CLI-205,Efectivo,9600
15044,2026-02-21 19:10:00,Consumidor Final,Efectivo,6600
15045,2026-02-21 19:27:00,Consumidor Final,Credito,16300
15046,2026-02-21 20:29:00,CLI-283,Efectivo,4800
15047,2026-02-21 09:28:00,Consumidor Final,Efectivo,5100
15048,2026-02-21 18:03:00,Consumidor Final,Debito,11400
15049,2026-02-21 10:19:00,CLI-113,Efectivo,8700
15050,2026-02-21 10:32:00,Consumidor Final,Mercado Pago,4150
15051,2026-02-21 17:57:00,Consumidor Final,Debito,5200
15052,2026-02-21 12:50:00,Consumidor Final,Credito,7550
15053,2026-02-21 08:12:00,CLI-286,Efectivo,11400
15054,2026-02-21 11:43:00,CLI-286,Mercado Pago,9800
15055,2026-02-21 12:58:00,Consumidor Final,Debito,4500
15056,2026-02-21 17:35:00,CLI-171,Efectivo,3300
15057,2026-02-21 17:27:00,CLI-269,Mercado Pago,8450
15058,2026-02-21 11:20:00,CLI-261,Mercado Pago,6350
15059,2026-02-21 10:11:00,CLI-167,Mercado Pago,10550
15060,2026-02-21 20:11:00,CLI-290,Efectivo,6600
15061,2026-02-21 16:04:00,CLI-275,Efectivo,11100
15062,2026-02-21 12:18:00,CLI-259,Efectivo,750
15063,2026-02-21 19:40:00,CLI-236,Mercado Pago,10700
15064,2026-02-21 08:51:00,CLI-217,Mercado Pago,6500
15065,2026-02-21 11:45:00,Consumidor Final,Debito,14600
15066,2026-02-21 12:10:00,CLI-178,Efectivo,2200
15067,2026-02-21 08:13:00,Consumidor Final,Debito,4500
15068,2026-02-21 11:16:00,CLI-297,Mercado Pago,4500
15069,2026-02-21 17:21:00,CLI-164,Mercado Pago,16900
15070,2026-02-21 20:09:00,Consumidor Final,Credito,9200
15071,2026-02-21 16:52:00,Consumidor Final,Mercado Pago,7100
15072,2026-02-21 18:53:00,CLI-249,Debito,16050
15073,2026-02-21 18:44:00,CLI-159,Efectivo,17050
15074,2026-02-21 08:42:00,CLI-170,Debito,6000
15075,2026-02-21 20:03:00,CLI-220,Debito,6600
15076,2026-02-21 18:01:00,CLI-119,Mercado Pago,9700
15077,2026-02-21 08:48:00,Consumidor Final,Debito,3700
15078,2026-02-21 20:14:00,CLI-184,Credito,1500
15079,2026-02-21 11:25:00,CLI-126,Debito,6500
15080,2026-02-21 16:38:00,Consumidor Final,Mercado Pago,4000
15081,2026-02-21 10:49:00,CLI-158,Mercado Pago,7050
15082,2026-02-21 18:22:00,Consumidor Final,Efectivo,10350
15083,2026-02-21 20:14:00,CLI-259,Debito,8100
15084,2026-02-21 10:37:00,CLI-187,Mercado Pago,8900
15085,2026-02-21 16:06:00,CLI-277,Debito,3300
15086,2026-02-21 08:24:00,Consumidor Final,Debito,3300
15087,2026-02-21 10:24:00,CLI-130,Debito,12000
15088,2026-02-21 17:30:00,CLI-136,Efectivo,9700
15089,2026-02-21 16:00:00,CLI-127,Efectivo,3200
15090,2026-02-21 09:33:00,CLI-217,Efectivo,1800
15091,2026-02-21 17:08:00,Consumidor Final,Efectivo,7200
15092,2026-02-21 12:03:00,Consumidor Final,Efectivo,12000
15093,2026-02-21 16:21:00,Consumidor Final,Efectivo,12100
15094,2026-02-21 20:00:00,Consumidor Final,Mercado Pago,14000
15095,2026-02-21 16:55:00,Consumidor Final,Mercado Pago,9400
15096,2026-02-21 10:03:00,Consumidor Final,Debito,6600
15097,2026-02-21 11:55:00,Consumidor Final,Mercado Pago,4700
15098,2026-02-21 10:14:00,Consumidor Final,Mercado Pago,19750
15099,2026-02-21 20:11:00,Consumidor Final,Credito,14450
15100,2026-02-21 11:41:00,CLI-265,Efectivo,6350
15101,2026-02-21 12:36:00,Consumidor Final,Mercado Pago,15750
15102,2026-02-21 20:19:00,Consumidor Final,Debito,3800
15103,2026-02-21 12:12:00,CLI-196,Efectivo,4500
15104,2026-02-21 12:50:00,CLI-105,Credito,5850
15105,2026-02-21 20:35:00,Consumidor Final,Debito,9800
15106,2026-02-21 20:13:00,Consumidor Final,Efectivo,11400
15107,2026-02-21 08:36:00,CLI-145,Credito,19800
15108,2026-02-21 08:05:00,CLI-249,Credito,8450
15109,2026-02-21 16:43:00,CLI-142,Efectivo,6300
15110,2026-02-21 18:08:00,Consumidor Final,Debito,3450
15111,2026-02-22 19:13:00,Consumidor Final,Mercado Pago,1500
15112,2026-02-22 08:00:00,CLI-146,Efectivo,20300
15113,2026-02-22 08:37:00,CLI-245,Debito,9800
15114,2026-02-22 20:20:00,CLI-144,Debito,11400
15115,2026-02-22 11:52:00,CLI-252,Efectivo,10200
15116,2026-02-22 17:38:00,Consumidor Final,Debito,1600
15117,2026-02-22 09:14:00,CLI-278,Debito,1600
15118,2026-02-22 16:06:00,CLI-234,Efectivo,12300
15119,2026-02-22 12:37:00,CLI-110,Mercado Pago,750
15120,2026-02-22 12:00:00,Consumidor Final,Mercado Pago,4900
15121,2026-02-22 19:14:00,CLI-145,Efectivo,7150
15122,2026-02-22 18:49:00,Consumidor Final,Debito,1600
15123,2026-02-22 09:04:00,CLI-236,Mercado Pago,7200
15124,2026-02-22 19:55:00,CLI-263,Efectivo,3400
15125,2026-02-22 10:11:00,Consumidor Final,Mercado Pago,750
15126,2026-02-22 08:16:00,CLI-265,Mercado Pago,1800
15127,2026-02-22 17:48:00,Consumidor Final,Debito,17200
15128,2026-02-22 18:55:00,CLI-269,Debito,6600
15129,2026-02-22 11:46:00,CLI-116,Efectivo,2250
15130,2026-02-22 12:56:00,CLI-234,Credito,22400
15131,2026-02-22 12:09:00,CLI-229,Mercado Pago,11400
15132,2026-02-22 19:53:00,CLI-242,Mercado Pago,4400
15133,2026-02-22 16:08:00,Consumidor Final,Debito,2600
15134,2026-02-22 09:07:00,CLI-130,Mercado Pago,16050
15135,2026-02-22 10:50:00,Consumidor Final,Mercado Pago,13350
15136,2026-02-22 10:32:00,CLI-119,Efectivo,8100
15137,2026-02-22 08:27:00,Consumidor Final,Mercado Pago,5100
15138,2026-02-22 16:39:00,CLI-142,Debito,6900
15139,2026-02-22 19:36:00,Consumidor Final,Debito,5400
15140,2026-02-22 19:28:00,Consumidor Final,Efectivo,14600
15141,2026-02-22 08:39:00,CLI-289,Debito,11400
15142,2026-02-22 09:01:00,Consumidor Final,Debito,4500
15143,2026-02-22 20:27:00,Consumidor Final,Efectivo,3100
15144,2026-02-22 09:12:00,CLI-162,Debito,13000
15145,2026-02-22 08:13:00,CLI-143,Debito,3400
15146,2026-02-22 20:58:00,CLI-182,Efectivo,10600
15147,2026-02-22 17:44:00,Consumidor Final,Debito,5400
15148,2026-02-22 19:25:00,CLI-200,Efectivo,11500
15149,2026-02-22 09:36:00,CLI-137,Efectivo,16700
15150,2026-02-22 12:09:00,CLI-283,Efectivo,9200
15151,2026-02-22 18:31:00,CLI-177,Debito,22200
15152,2026-02-22 11:19:00,Consumidor Final,Mercado Pago,17500
15153,2026-02-22 16:06:00,CLI-195,Mercado Pago,22500
15154,2026-02-22 10:12:00,CLI-138,Debito,8800
15155,2026-02-22 08:23:00,Consumidor Final,Mercado Pago,6600
15156,2026-02-22 08:30:00,CLI-179,Efectivo,3800
15157,2026-02-22 17:16:00,Consumidor Final,Mercado Pago,4800
15158,2026-02-22 18:14:00,CLI-173,Efectivo,7600
15159,2026-02-22 19:58:00,CLI-289,Efectivo,3200
15160,2026-02-22 20:16:00,Consumidor Final,Debito,7500
15161,2026-02-22 08:12:00,CLI-163,Efectivo,11800
15162,2026-02-22 08:32:00,Consumidor Final,Efectivo,6200
15163,2026-02-22 19:15:00,CLI-228,Debito,16250
15164,2026-02-22 10:14:00,CLI-227,Mercado Pago,8100
15165,2026-02-22 17:07:00,Consumidor Final,Mercado Pago,13200
15166,2026-02-22 11:38:00,Consumidor Final,Mercado Pago,10200
15167,2026-02-22 20:07:00,Consumidor Final,Mercado Pago,8800
15168,2026-02-22 08:25:00,CLI-156,Efectivo,750
15169,2026-02-22 18:57:00,Consumidor Final,Efectivo,6500
15170,2026-02-22 17:17:00,CLI-180,Mercado Pago,14500
15171,2026-02-22 10:55:00,Consumidor Final,Debito,8500
15172,2026-02-22 12:38:00,CLI-257,Debito,25150
15173,2026-02-22 10:14:00,CLI-156,Efectivo,4800
15174,2026-02-22 10:49:00,CLI-106,Mercado Pago,2200
15175,2026-02-22 12:16:00,Consumidor Final,Debito,13200
15176,2026-02-22 12:35:00,Consumidor Final,Efectivo,5600
15177,2026-02-22 10:06:00,CLI-103,Debito,8700
15178,2026-02-22 09:29:00,CLI-194,Efectivo,11500
15179,2026-02-22 18:47:00,CLI-179,Mercado Pago,750
15180,2026-02-22 10:58:00,CLI-202,Efectivo,14400
15181,2026-02-22 09:01:00,CLI-180,Efectivo,3000
15182,2026-02-22 17:42:00,Consumidor Final,Efectivo,16700
15183,2026-02-22 10:32:00,CLI-119,Efectivo,21400
15184,2026-02-22 17:50:00,CLI-125,Debito,16850
15185,2026-02-22 16:54:00,Consumidor Final,Mercado Pago,1100
15186,2026-02-22 11:07:00,CLI-249,Mercado Pago,2600
15187,2026-02-22 16:43:00,Consumidor Final,Credito,4850
15188,2026-02-22 10:32:00,CLI-199,Efectivo,15000
15189,2026-02-22 08:36:00,CLI-256,Debito,4200
15190,2026-02-22 20:30:00,CLI-293,Mercado Pago,1800
15191,2026-02-22 09:29:00,CLI-188,Debito,4700
15192,2026-02-22 17:38:00,CLI-265,Credito,7000
15193,2026-02-22 10:21:00,CLI-180,Credito,7600
15194,2026-02-22 12:29:00,CLI-184,Efectivo,13650
15195,2026-02-22 10:35:00,Consumidor Final,Mercado Pago,2250
15196,2026-02-22 08:51:00,Consumidor Final,Debito,8400
15197,2026-02-22 12:24:00,CLI-187,Efectivo,12400
15198,2026-02-22 09:33:00,Consumidor Final,Mercado Pago,21950
15199,2026-02-22 11:00:00,Consumidor Final,Credito,5600
15200,2026-02-22 08:17:00,CLI-194,Efectivo,8500
15201,2026-02-22 17:54:00,Consumidor Final,Debito,9800
15202,2026-02-22 19:54:00,CLI-264,Mercado Pago,7650
15203,2026-02-22 08:43:00,Consumidor Final,Credito,22750
15204,2026-02-22 19:26:00,Consumidor Final,Efectivo,10800
15205,2026-02-22 17:09:00,Consumidor Final,Mercado Pago,6300
15206,2026-02-22 19:26:00,CLI-274,Debito,1500
15207,2026-02-22 08:21:00,Consumidor Final,Mercado Pago,24000
15208,2026-02-22 11:34:00,Consumidor Final,Credito,8750
15209,2026-02-22 19:20:00,CLI-191,Credito,12700
15210,2026-02-22 12:26:00,CLI-146,Debito,10200
15211,2026-02-22 19:57:00,CLI-125,Debito,4500
15212,2026-02-22 20:36:00,Consumidor Final,Debito,10800
15213,2026-02-22 17:54:00,CLI-223,Credito,750
15214,2026-02-22 20:20:00,Consumidor Final,Mercado Pago,12900
15215,2026-02-22 16:51:00,Consumidor Final,Efectivo,5400
15216,2026-02-22 10:37:00,CLI-220,Credito,1600
15217,2026-02-22 19:51:00,CLI-259,Mercado Pago,5100
15218,2026-02-22 18:54:00,CLI-156,Efectivo,21600
15219,2026-02-22 18:47:00,CLI-217,Efectivo,10900
15220,2026-02-22 18:58:00,Consumidor Final,Mercado Pago,4500
15221,2026-02-22 16:59:00,CLI-220,Credito,25350
15222,2026-02-22 08:25:00,Consumidor Final,Debito,900
15223,2026-02-22 08:09:00,CLI-195,Mercado Pago,6600
15224,2026-02-22 11:38:00,CLI-192,Mercado Pago,8450
15225,2026-02-22 19:27:00,CLI-153,Mercado Pago,8100
15226,2026-02-22 09:13:00,Consumidor Final,Debito,1800
15227,2026-02-22 18:30:00,Consumidor Final,Credito,7950
15228,2026-02-22 20:55:00,Consumidor Final,Efectivo,6600
15229,2026-02-23 09:48:00,CLI-269,Mercado Pago,4200
15230,2026-02-23 10:01:00,Consumidor Final,Mercado Pago,5400
15231,2026-02-23 20:58:00,CLI-267,Mercado Pago,1500
15232,2026-02-23 19:18:00,Consumidor Final,Mercado Pago,18300
15233,2026-02-23 16:01:00,CLI-291,Efectivo,3300
15234,2026-02-23 18:34:00,Consumidor Final,Efectivo,30650
15235,2026-02-23 08:23:00,CLI-178,Debito,10800
15236,2026-02-23 16:55:00,CLI-277,Efectivo,900
15237,2026-02-23 09:27:00,CLI-252,Mercado Pago,6050
15238,2026-02-23 16:24:00,CLI-137,Debito,26200
15239,2026-02-23 18:35:00,Consumidor Final,Efectivo,8450
15240,2026-02-23 16:03:00,CLI-163,Efectivo,4400
15241,2026-02-23 08:53:00,CLI-178,Mercado Pago,10100
15242,2026-02-23 16:44:00,CLI-254,Debito,5250
15243,2026-02-23 09:49:00,Consumidor Final,Mercado Pago,3750
15244,2026-02-23 16:26:00,CLI-175,Efectivo,2700
15245,2026-02-23 08:39:00,Consumidor Final,Credito,1600
15246,2026-02-23 18:09:00,CLI-269,Debito,19950
15247,2026-02-23 10:21:00,CLI-206,Mercado Pago,16700
15248,2026-02-23 18:18:00,CLI-181,Debito,3200
15249,2026-02-23 10:53:00,CLI-268,Debito,4800
15250,2026-02-23 12:57:00,Consumidor Final,Mercado Pago,5100
15251,2026-02-23 09:23:00,Consumidor Final,Debito,5400
15252,2026-02-23 09:31:00,CLI-255,Mercado Pago,13900
15253,2026-02-23 08:05:00,CLI-283,Debito,13850
15254,2026-02-23 12:33:00,CLI-104,Efectivo,3600
15255,2026-02-23 09:57:00,CLI-282,Efectivo,3000
15256,2026-02-23 18:43:00,CLI-298,Debito,4300
15257,2026-02-23 19:10:00,CLI-107,Mercado Pago,7300
15258,2026-02-23 09:59:00,Consumidor Final,Mercado Pago,12750
15259,2026-02-23 18:43:00,CLI-112,Debito,3000
15260,2026-02-23 08:54:00,Consumidor Final,Efectivo,15250
15261,2026-02-23 11:33:00,Consumidor Final,Mercado Pago,11300
15262,2026-02-23 20:03:00,Consumidor Final,Credito,14950
15263,2026-02-23 20:29:00,CLI-182,Mercado Pago,2950
15264,2026-02-23 10:31:00,CLI-210,Efectivo,12200
15265,2026-02-23 18:23:00,CLI-133,Debito,6600
15266,2026-02-23 19:45:00,CLI-250,Debito,900
15267,2026-02-23 20:02:00,Consumidor Final,Debito,19150
15268,2026-02-23 20:24:00,CLI-128,Mercado Pago,3850
15269,2026-02-23 19:43:00,Consumidor Final,Debito,2250
15270,2026-02-23 19:25:00,CLI-284,Efectivo,9250
15271,2026-02-23 12:00:00,CLI-254,Mercado Pago,4050
15272,2026-02-23 10:57:00,CLI-176,Efectivo,9800
15273,2026-02-23 09:48:00,CLI-187,Efectivo,18600
15274,2026-02-23 10:43:00,Consumidor Final,Mercado Pago,16350
15275,2026-02-23 20:09:00,CLI-219,Efectivo,16800
15276,2026-02-23 10:01:00,CLI-111,Debito,7700
15277,2026-02-23 10:40:00,CLI-212,Mercado Pago,4800
15278,2026-02-23 10:49:00,CLI-274,Efectivo,3600
15279,2026-02-23 19:19:00,CLI-292,Mercado Pago,14600
15280,2026-02-23 16:15:00,Consumidor Final,Debito,2250
15281,2026-02-23 18:58:00,CLI-140,Efectivo,5700
15282,2026-02-23 18:22:00,CLI-131,Debito,19900
15283,2026-02-23 18:30:00,CLI-286,Debito,6900
15284,2026-02-23 10:42:00,CLI-169,Debito,7900
15285,2026-02-23 19:24:00,CLI-120,Efectivo,8400
15286,2026-02-23 17:36:00,CLI-193,Credito,4800
15287,2026-02-23 08:37:00,CLI-122,Debito,19900
15288,2026-02-23 16:15:00,CLI-252,Efectivo,10800
15289,2026-02-23 20:22:00,Consumidor Final,Efectivo,3000
15290,2026-02-23 11:08:00,CLI-266,Efectivo,4800
15291,2026-02-23 12:32:00,Consumidor Final,Efectivo,3200
15292,2026-02-23 10:19:00,Consumidor Final,Mercado Pago,7600
15293,2026-02-23 08:38:00,CLI-191,Efectivo,22150
15294,2026-02-23 11:57:00,Consumidor Final,Mercado Pago,14600
15295,2026-02-23 17:49:00,Consumidor Final,Efectivo,7500
15296,2026-02-23 19:17:00,CLI-205,Efectivo,15800
15297,2026-02-23 09:50:00,Consumidor Final,Debito,20300
15298,2026-02-23 17:40:00,CLI-285,Efectivo,15950
15299,2026-02-23 19:22:00,Consumidor Final,Efectivo,1800
15300,2026-02-23 18:28:00,CLI-272,Debito,5500
15301,2026-02-23 09:40:00,CLI-118,Efectivo,13000
15302,2026-02-23 20:15:00,CLI-251,Efectivo,20250
15303,2026-02-23 20:14:00,Consumidor Final,Debito,2200
15304,2026-02-23 18:13:00,Consumidor Final,Debito,20600
15305,2026-02-23 19:35:00,CLI-270,Mercado Pago,1100
15306,2026-02-23 16:47:00,Consumidor Final,Debito,16000
15307,2026-02-23 08:40:00,Consumidor Final,Mercado Pago,4000
15308,2026-02-23 20:27:00,CLI-136,Mercado Pago,7000
15309,2026-02-23 18:24:00,Consumidor Final,Efectivo,1600
15310,2026-02-23 08:28:00,Consumidor Final,Debito,1100
15311,2026-02-23 17:25:00,CLI-287,Efectivo,13550
15312,2026-02-23 19:44:00,CLI-123,Debito,6600
15313,2026-02-23 20:09:00,CLI-130,Efectivo,7900
15314,2026-02-23 10:39:00,CLI-248,Mercado Pago,20400
15315,2026-02-23 16:27:00,CLI-148,Mercado Pago,5800
15316,2026-02-23 12:19:00,CLI-119,Efectivo,1500
15317,2026-02-23 11:46:00,CLI-252,Efectivo,3200
15318,2026-02-23 12:53:00,CLI-148,Efectivo,13700
15319,2026-02-23 12:04:00,Consumidor Final,Credito,1600
15320,2026-02-23 09:00:00,Consumidor Final,Efectivo,11600
15321,2026-02-23 16:37:00,CLI-209,Mercado Pago,16300
15322,2026-02-23 12:53:00,Consumidor Final,Debito,6000
15323,2026-02-23 12:50:00,CLI-130,Mercado Pago,3750
15324,2026-02-23 12:33:00,Consumidor Final,Efectivo,5300
15325,2026-02-23 19:55:00,Consumidor Final,Debito,6800
15326,2026-02-23 19:23:00,Consumidor Final,Mercado Pago,9800
15327,2026-02-23 19:33:00,CLI-118,Debito,3200
15328,2026-02-23 11:26:00,CLI-293,Efectivo,4450
15329,2026-02-23 09:42:00,CLI-298,Mercado Pago,7200
15330,2026-02-23 17:12:00,CLI-266,Debito,25900
15331,2026-02-23 19:33:00,CLI-248,Efectivo,6400
15332,2026-02-23 20:56:00,CLI-155,Efectivo,16700
15333,2026-02-23 18:22:00,CLI-290,Credito,9950
15334,2026-02-23 08:29:00,CLI-256,Efectivo,22550
15335,2026-02-23 09:34:00,CLI-170,Mercado Pago,11400
15336,2026-02-23 20:09:00,CLI-105,Debito,5700
15337,2026-02-23 12:42:00,Consumidor Final,Efectivo,8500
15338,2026-02-23 10:06:00,Consumidor Final,Mercado Pago,13000
15339,2026-02-23 16:29:00,Consumidor Final,Efectivo,11800
15340,2026-02-23 09:03:00,CLI-160,Debito,2200
15341,2026-02-23 10:57:00,Consumidor Final,Credito,6500
15342,2026-02-23 19:09:00,CLI-228,Credito,13800
15343,2026-02-23 10:17:00,CLI-156,Credito,4800
15344,2026-02-23 12:53:00,CLI-117,Debito,5300
15345,2026-02-23 16:32:00,Consumidor Final,Mercado Pago,1500
15346,2026-02-23 19:10:00,CLI-178,Mercado Pago,7600
15347,2026-02-23 17:07:00,CLI-139,Debito,9900
15348,2026-02-24 16:46:00,Consumidor Final,Debito,10800
15349,2026-02-24 20:24:00,CLI-187,Credito,6300
15350,2026-02-24 18:39:00,Consumidor Final,Mercado Pago,11500
15351,2026-02-24 12:47:00,Consumidor Final,Debito,25650
15352,2026-02-24 12:34:00,Consumidor Final,Efectivo,11100
15353,2026-02-24 17:20:00,Consumidor Final,Mercado Pago,1850
15354,2026-02-24 11:21:00,CLI-106,Efectivo,3200
15355,2026-02-24 20:56:00,CLI-241,Debito,8000
15356,2026-02-24 18:50:00,CLI-257,Mercado Pago,4400
15357,2026-02-24 08:02:00,Consumidor Final,Credito,23050
15358,2026-02-24 18:12:00,Consumidor Final,Efectivo,30850
15359,2026-02-24 16:11:00,CLI-133,Mercado Pago,6800
15360,2026-02-24 17:28:00,CLI-193,Mercado Pago,12350
15361,2026-02-24 20:41:00,CLI-275,Debito,1800
15362,2026-02-24 18:01:00,Consumidor Final,Mercado Pago,11650
15363,2026-02-24 10:16:00,CLI-271,Mercado Pago,2250
15364,2026-02-24 17:31:00,CLI-268,Mercado Pago,1600
15365,2026-02-24 19:34:00,CLI-214,Debito,3800
15366,2026-02-24 08:23:00,CLI-142,Debito,3100
15367,2026-02-24 10:50:00,CLI-180,Credito,21700
15368,2026-02-24 09:52:00,CLI-109,Debito,4000
15369,2026-02-24 20:24:00,Consumidor Final,Mercado Pago,2700
15370,2026-02-24 10:30:00,CLI-231,Mercado Pago,2200
15371,2026-02-24 16:28:00,Consumidor Final,Debito,2700
15372,2026-02-24 17:56:00,CLI-161,Credito,2250
15373,2026-02-24 10:42:00,Consumidor Final,Mercado Pago,18950
15374,2026-02-24 08:30:00,Consumidor Final,Efectivo,25250
15375,2026-02-24 09:58:00,CLI-285,Efectivo,3150
15376,2026-02-24 19:54:00,CLI-179,Mercado Pago,3800
15377,2026-02-24 12:10:00,CLI-111,Efectivo,8000
15378,2026-02-24 09:01:00,CLI-125,Debito,18800
15379,2026-02-24 17:14:00,CLI-131,Debito,21650
15380,2026-02-24 17:49:00,CLI-166,Debito,12500
15381,2026-02-24 12:33:00,CLI-185,Debito,24000
15382,2026-02-24 11:00:00,CLI-210,Efectivo,14150
15383,2026-02-24 16:51:00,CLI-202,Efectivo,9500
15384,2026-02-24 11:53:00,Consumidor Final,Credito,900
15385,2026-02-24 18:36:00,CLI-164,Debito,2700
15386,2026-02-24 12:03:00,CLI-137,Efectivo,18900
15387,2026-02-24 20:11:00,CLI-283,Efectivo,8700
15388,2026-02-24 09:18:00,Consumidor Final,Mercado Pago,4500
15389,2026-02-24 10:23:00,CLI-271,Mercado Pago,900
15390,2026-02-24 11:27:00,CLI-251,Debito,5400
15391,2026-02-24 10:48:00,CLI-123,Credito,10700
15392,2026-02-24 11:33:00,Consumidor Final,Debito,6300
15393,2026-02-24 18:40:00,CLI-149,Mercado Pago,17400
15394,2026-02-24 19:00:00,Consumidor Final,Credito,14900
15395,2026-02-24 12:25:00,Consumidor Final,Mercado Pago,14200
15396,2026-02-24 17:07:00,CLI-135,Mercado Pago,4400
15397,2026-02-24 20:15:00,Consumidor Final,Efectivo,900
15398,2026-02-24 17:52:00,CLI-241,Mercado Pago,5250
15399,2026-02-24 12:47:00,CLI-139,Efectivo,25200
15400,2026-02-24 18:30:00,CLI-185,Efectivo,16500
15401,2026-02-24 09:14:00,Consumidor Final,Mercado Pago,22450
15402,2026-02-24 16:04:00,Consumidor Final,Mercado Pago,3600
15403,2026-02-24 20:02:00,CLI-203,Efectivo,6600
15404,2026-02-24 10:24:00,Consumidor Final,Efectivo,1600
15405,2026-02-24 12:36:00,CLI-232,Debito,7600
15406,2026-02-24 18:50:00,Consumidor Final,Efectivo,10250
15407,2026-02-24 12:14:00,CLI-259,Mercado Pago,5250
15408,2026-02-24 16:10:00,CLI-200,Efectivo,4800
15409,2026-02-24 18:32:00,Consumidor Final,Efectivo,1800
15410,2026-02-24 19:44:00,CLI-215,Debito,14300
15411,2026-02-24 09:29:00,CLI-222,Debito,4300
15412,2026-02-24 10:49:00,Consumidor Final,Efectivo,4400
15413,2026-02-24 20:15:00,CLI-255,Efectivo,3000
15414,2026-02-24 17:45:00,CLI-276,Mercado Pago,16350
15415,2026-02-24 12:48:00,CLI-154,Debito,10100
15416,2026-02-24 12:30:00,Consumidor Final,Mercado Pago,14200
15417,2026-02-24 12:19:00,Consumidor Final,Efectivo,8300
15418,2026-02-24 19:42:00,CLI-105,Efectivo,4500
15419,2026-02-24 16:49:00,CLI-242,Efectivo,16100
15420,2026-02-24 18:25:00,CLI-124,Mercado Pago,11400
15421,2026-02-24 08:55:00,CLI-145,Efectivo,2900
15422,2026-02-24 12:17:00,Consumidor Final,Efectivo,4700
15423,2026-02-24 19:30:00,CLI-191,Credito,15800
15424,2026-02-24 16:31:00,CLI-234,Debito,1800
15425,2026-02-24 17:17:00,CLI-105,Efectivo,3300
15426,2026-02-24 20:04:00,CLI-265,Mercado Pago,2200
15427,2026-02-24 08:21:00,CLI-118,Efectivo,11800
15428,2026-02-24 17:33:00,CLI-221,Debito,3800
15429,2026-02-24 12:01:00,CLI-255,Mercado Pago,2700
15430,2026-02-24 11:46:00,Consumidor Final,Debito,900
15431,2026-02-24 20:15:00,Consumidor Final,Debito,3450
15432,2026-02-24 08:05:00,Consumidor Final,Efectivo,11900
15433,2026-02-24 09:45:00,Consumidor Final,Credito,13000
15434,2026-02-24 10:43:00,CLI-200,Efectivo,5900
15435,2026-02-24 19:21:00,CLI-233,Credito,20300
15436,2026-02-24 11:35:00,CLI-274,Mercado Pago,16700
15437,2026-02-24 17:40:00,Consumidor Final,Mercado Pago,4700
15438,2026-02-24 20:03:00,CLI-270,Credito,10800
15439,2026-02-24 19:29:00,CLI-204,Mercado Pago,6800
15440,2026-02-25 11:33:00,Consumidor Final,Efectivo,1500
15441,2026-02-25 09:10:00,Consumidor Final,Credito,27850
15442,2026-02-25 11:00:00,Consumidor Final,Debito,5100
15443,2026-02-25 17:45:00,CLI-193,Debito,7300
15444,2026-02-25 11:20:00,Consumidor Final,Efectivo,8500
15445,2026-02-25 16:37:00,Consumidor Final,Mercado Pago,6300
15446,2026-02-25 16:02:00,CLI-146,Efectivo,16800
15447,2026-02-25 11:22:00,CLI-289,Credito,12400
15448,2026-02-25 19:27:00,CLI-271,Efectivo,1100
15449,2026-02-25 11:41:00,CLI-186,Mercado Pago,7400
15450,2026-02-25 20:12:00,CLI-155,Mercado Pago,7500
15451,2026-02-25 20:13:00,CLI-242,Debito,21300
15452,2026-02-25 20:12:00,Consumidor Final,Debito,7100
15453,2026-02-25 12:16:00,CLI-119,Efectivo,16350
15454,2026-02-25 11:48:00,CLI-155,Mercado Pago,15600
15455,2026-02-25 20:48:00,Consumidor Final,Credito,1800
15456,2026-02-25 17:55:00,Consumidor Final,Debito,16850
15457,2026-02-25 19:11:00,Consumidor Final,Debito,15500
15458,2026-02-25 20:36:00,Consumidor Final,Credito,2250
15459,2026-02-25 16:36:00,CLI-249,Efectivo,6000
15460,2026-02-25 08:55:00,CLI-256,Debito,5100
15461,2026-02-25 17:15:00,Consumidor Final,Debito,15200
15462,2026-02-25 17:10:00,CLI-233,Mercado Pago,11350
15463,2026-02-25 19:50:00,CLI-178,Efectivo,18450
15464,2026-02-25 20:55:00,CLI-278,Efectivo,900
15465,2026-02-25 17:52:00,CLI-129,Efectivo,6300
15466,2026-02-25 19:28:00,CLI-210,Debito,1800
15467,2026-02-25 12:19:00,Consumidor Final,Debito,16300
15468,2026-02-25 18:52:00,CLI-291,Debito,5800
15469,2026-02-25 09:40:00,Consumidor Final,Debito,13850
15470,2026-02-25 09:08:00,CLI-266,Mercado Pago,8200
15471,2026-02-25 12:34:00,CLI-159,Debito,8650
15472,2026-02-25 09:22:00,CLI-286,Credito,3750
15473,2026-02-25 12:24:00,CLI-151,Debito,5300
15474,2026-02-25 17:17:00,Consumidor Final,Debito,5400
15475,2026-02-25 19:15:00,CLI-210,Debito,3800
15476,2026-02-25 11:35:00,CLI-227,Efectivo,15100
15477,2026-02-25 19:27:00,CLI-270,Mercado Pago,15100
15478,2026-02-25 18:53:00,Consumidor Final,Efectivo,23800
15479,2026-02-25 10:10:00,CLI-206,Credito,5450
15480,2026-02-25 19:09:00,CLI-177,Efectivo,6000
15481,2026-02-25 19:24:00,Consumidor Final,Mercado Pago,14700
15482,2026-02-25 16:03:00,Consumidor Final,Debito,4400
15483,2026-02-25 18:40:00,CLI-213,Efectivo,11300
15484,2026-02-25 09:07:00,CLI-266,Debito,9100
15485,2026-02-25 10:48:00,CLI-233,Mercado Pago,1500
15486,2026-02-25 12:19:00,Consumidor Final,Debito,3200
15487,2026-02-25 12:44:00,Consumidor Final,Debito,5100
15488,2026-02-25 16:03:00,CLI-112,Debito,11400
15489,2026-02-25 20:39:00,Consumidor Final,Mercado Pago,16950
15490,2026-02-25 12:49:00,Consumidor Final,Mercado Pago,3800
15491,2026-02-25 16:21:00,CLI-114,Mercado Pago,19200
15492,2026-02-25 20:20:00,CLI-232,Debito,6800
15493,2026-02-25 08:42:00,Consumidor Final,Efectivo,7800
15494,2026-02-25 20:23:00,Consumidor Final,Mercado Pago,10500
15495,2026-02-25 10:16:00,CLI-235,Mercado Pago,8400
15496,2026-02-25 18:45:00,Consumidor Final,Efectivo,10050
15497,2026-02-25 11:02:00,CLI-163,Mercado Pago,14550
15498,2026-02-25 18:02:00,Consumidor Final,Mercado Pago,17650
15499,2026-02-25 17:23:00,Consumidor Final,Debito,2200
15500,2026-02-25 18:14:00,Consumidor Final,Mercado Pago,12400
15501,2026-02-25 19:57:00,Consumidor Final,Mercado Pago,7600
15502,2026-02-25 11:02:00,CLI-244,Debito,3300
15503,2026-02-25 09:10:00,Consumidor Final,Mercado Pago,13600
15504,2026-02-25 16:00:00,Consumidor Final,Mercado Pago,3800
15505,2026-02-25 11:28:00,Consumidor Final,Efectivo,7450
15506,2026-02-25 20:43:00,CLI-247,Mercado Pago,11400
15507,2026-02-25 08:03:00,CLI-295,Mercado Pago,3800
15508,2026-02-25 12:43:00,CLI-291,Debito,13750
15509,2026-02-25 20:05:00,Consumidor Final,Efectivo,2400
15510,2026-02-25 18:03:00,CLI-161,Debito,3400
15511,2026-02-25 10:51:00,CLI-159,Debito,750
15512,2026-02-25 19:16:00,CLI-219,Debito,3600
15513,2026-02-25 10:53:00,CLI-186,Debito,6300
15514,2026-02-25 17:41:00,CLI-236,Efectivo,34250
15515,2026-02-25 17:27:00,CLI-204,Mercado Pago,1100
15516,2026-02-25 10:08:00,CLI-222,Mercado Pago,7950
15517,2026-02-25 19:47:00,CLI-197,Efectivo,4000
15518,2026-02-25 20:42:00,CLI-164,Debito,8400
15519,2026-02-25 17:37:00,Consumidor Final,Mercado Pago,4400
15520,2026-02-25 19:13:00,Consumidor Final,Mercado Pago,5950
15521,2026-02-25 08:02:00,CLI-199,Debito,10050
15522,2026-02-25 18:00:00,Consumidor Final,Mercado Pago,4750
15523,2026-02-25 10:22:00,Consumidor Final,Credito,8750
15524,2026-02-25 17:36:00,Consumidor Final,Efectivo,17400
15525,2026-02-25 16:02:00,CLI-204,Mercado Pago,19200
15526,2026-02-26 12:25:00,Consumidor Final,Efectivo,4400
15527,2026-02-26 19:26:00,CLI-125,Debito,4700
15528,2026-02-26 11:43:00,CLI-267,Credito,25900
15529,2026-02-26 16:26:00,Consumidor Final,Efectivo,6600
15530,2026-02-26 12:45:00,CLI-208,Mercado Pago,5700
15531,2026-02-26 08:12:00,CLI-195,Mercado Pago,4200
15532,2026-02-26 20:24:00,Consumidor Final,Debito,11300
15533,2026-02-26 10:12:00,Consumidor Final,Efectivo,9400
15534,2026-02-26 17:10:00,Consumidor Final,Efectivo,12000
15535,2026-02-26 10:59:00,CLI-220,Efectivo,11400
15536,2026-02-26 17:37:00,CLI-101,Debito,9400
15537,2026-02-26 17:36:00,Consumidor Final,Credito,36050
15538,2026-02-26 18:39:00,Consumidor Final,Debito,5450
15539,2026-02-26 10:20:00,CLI-288,Mercado Pago,7200
15540,2026-02-26 11:03:00,Consumidor Final,Debito,8900
15541,2026-02-26 19:09:00,Consumidor Final,Efectivo,3400
15542,2026-02-26 09:56:00,Consumidor Final,Debito,7300
15543,2026-02-26 09:13:00,Consumidor Final,Mercado Pago,19800
15544,2026-02-26 16:10:00,Consumidor Final,Mercado Pago,5100
15545,2026-02-26 12:49:00,CLI-276,Mercado Pago,3800
15546,2026-02-26 10:28:00,CLI-268,Efectivo,16900
15547,2026-02-26 16:28:00,CLI-273,Mercado Pago,4400
15548,2026-02-26 10:00:00,Consumidor Final,Efectivo,6200
15549,2026-02-26 09:20:00,Consumidor Final,Mercado Pago,14250
15550,2026-02-26 20:44:00,CLI-175,Efectivo,12300
15551,2026-02-26 12:15:00,CLI-171,Debito,5600
15552,2026-02-26 19:51:00,CLI-110,Credito,4000
15553,2026-02-26 19:42:00,Consumidor Final,Mercado Pago,4900
15554,2026-02-26 16:40:00,CLI-232,Mercado Pago,12500
15555,2026-02-26 12:52:00,CLI-152,Debito,11550
15556,2026-02-26 10:26:00,CLI-228,Efectivo,14700
15557,2026-02-26 19:12:00,CLI-221,Debito,4800
15558,2026-02-26 11:18:00,CLI-112,Efectivo,2200
15559,2026-02-26 12:04:00,Consumidor Final,Efectivo,11050
15560,2026-02-26 09:55:00,CLI-120,Mercado Pago,4400
15561,2026-02-26 20:48:00,Consumidor Final,Efectivo,3300
15562,2026-02-26 18:39:00,Consumidor Final,Efectivo,14350
15563,2026-02-26 19:53:00,Consumidor Final,Efectivo,1100
15564,2026-02-26 12:32:00,CLI-272,Mercado Pago,3450
15565,2026-02-26 17:03:00,Consumidor Final,Efectivo,26750
15566,2026-02-26 11:48:00,Consumidor Final,Debito,2350
15567,2026-02-26 17:06:00,Consumidor Final,Efectivo,750
15568,2026-02-26 11:22:00,Consumidor Final,Efectivo,4500
15569,2026-02-26 16:13:00,Consumidor Final,Efectivo,7900
15570,2026-02-26 09:21:00,Consumidor Final,Debito,1600
15571,2026-02-26 08:41:00,Consumidor Final,Credito,10800
15572,2026-02-26 19:57:00,Consumidor Final,Mercado Pago,9000
15573,2026-02-26 10:17:00,CLI-163,Efectivo,5850
15574,2026-02-26 18:35:00,Consumidor Final,Mercado Pago,9650
15575,2026-02-26 09:47:00,CLI-145,Debito,18200
15576,2026-02-26 12:07:00,CLI-133,Debito,11700
15577,2026-02-26 08:07:00,CLI-122,Mercado Pago,13000
15578,2026-02-26 17:37:00,CLI-296,Debito,7700
15579,2026-02-26 10:54:00,CLI-124,Debito,3800
15580,2026-02-26 12:05:00,CLI-193,Efectivo,3800
15581,2026-02-26 12:06:00,CLI-271,Debito,4500
15582,2026-02-26 11:35:00,CLI-243,Debito,18050
15583,2026-02-26 11:39:00,Consumidor Final,Efectivo,3800
15584,2026-02-26 16:44:00,Consumidor Final,Efectivo,12000
15585,2026-02-26 12:57:00,CLI-270,Mercado Pago,7650
15586,2026-02-26 08:45:00,CLI-129,Mercado Pago,19850
15587,2026-02-26 08:37:00,Consumidor Final,Efectivo,750
15588,2026-02-26 11:02:00,Consumidor Final,Debito,10850
15589,2026-02-26 11:10:00,Consumidor Final,Mercado Pago,8100
15590,2026-02-26 12:04:00,CLI-201,Efectivo,3000
15591,2026-02-26 17:19:00,CLI-126,Mercado Pago,11800
15592,2026-02-26 20:07:00,CLI-195,Mercado Pago,4800
15593,2026-02-26 08:36:00,CLI-155,Debito,22650
15594,2026-02-26 20:22:00,CLI-164,Mercado Pago,900
15595,2026-02-26 18:30:00,CLI-104,Debito,1800
15596,2026-02-26 20:55:00,CLI-291,Efectivo,3100
15597,2026-02-26 08:09:00,CLI-105,Mercado Pago,4100
15598,2026-02-26 18:44:00,Consumidor Final,Debito,1500
15599,2026-02-26 17:24:00,CLI-114,Mercado Pago,4950
15600,2026-02-26 18:26:00,Consumidor Final,Efectivo,15100
15601,2026-02-26 17:32:00,CLI-199,Debito,1500
15602,2026-02-26 17:39:00,Consumidor Final,Mercado Pago,14000
15603,2026-02-26 16:48:00,CLI-239,Efectivo,25250
15604,2026-02-26 08:56:00,Consumidor Final,Credito,10350
15605,2026-02-26 19:41:00,Consumidor Final,Efectivo,1800
15606,2026-02-26 17:26:00,CLI-241,Debito,13600
15607,2026-02-26 11:14:00,Consumidor Final,Efectivo,15700
15608,2026-02-26 10:38:00,Consumidor Final,Debito,900
15609,2026-02-26 09:43:00,CLI-235,Mercado Pago,20950
15610,2026-02-26 20:59:00,Consumidor Final,Credito,3300
15611,2026-02-26 09:34:00,CLI-105,Efectivo,6300
15612,2026-02-26 09:45:00,CLI-261,Mercado Pago,4900
15613,2026-02-26 19:07:00,Consumidor Final,Debito,7000
15614,2026-02-26 19:15:00,Consumidor Final,Debito,10900
15615,2026-02-26 17:17:00,CLI-296,Debito,8650
15616,2026-02-26 11:09:00,Consumidor Final,Mercado Pago,900
15617,2026-02-26 10:05:00,CLI-141,Credito,2200
15618,2026-02-26 19:11:00,CLI-155,Efectivo,1500
15619,2026-02-26 09:18:00,CLI-273,Efectivo,8600
15620,2026-02-26 11:58:00,Consumidor Final,Credito,7700
15621,2026-02-26 08:08:00,CLI-149,Efectivo,10200
15622,2026-02-26 10:11:00,Consumidor Final,Efectivo,11400
15623,2026-02-26 19:12:00,CLI-276,Debito,16000
15624,2026-02-26 20:53:00,CLI-251,Efectivo,750
15625,2026-02-27 18:23:00,CLI-199,Efectivo,13400
15626,2026-02-27 09:14:00,CLI-282,Mercado Pago,3000
15627,2026-02-27 09:36:00,CLI-120,Credito,16000
15628,2026-02-27 10:32:00,Consumidor Final,Credito,11100
15629,2026-02-27 11:09:00,Consumidor Final,Debito,18500
15630,2026-02-27 09:50:00,CLI-132,Credito,6900
15631,2026-02-27 20:55:00,CLI-123,Debito,8600
15632,2026-02-27 08:05:00,Consumidor Final,Debito,22400
15633,2026-02-27 10:42:00,Consumidor Final,Debito,9900
15634,2026-02-27 20:30:00,Consumidor Final,Mercado Pago,12000
15635,2026-02-27 12:45:00,CLI-269,Debito,5100
15636,2026-02-27 09:47:00,CLI-242,Mercado Pago,2200
15637,2026-02-27 19:47:00,CLI-130,Efectivo,2700
15638,2026-02-27 20:00:00,Consumidor Final,Mercado Pago,1500
15639,2026-02-27 11:26:00,Consumidor Final,Credito,7350
15640,2026-02-27 12:52:00,CLI-115,Debito,3200
15641,2026-02-27 12:38:00,Consumidor Final,Debito,13650
15642,2026-02-27 11:33:00,Consumidor Final,Credito,750
15643,2026-02-27 10:45:00,CLI-264,Debito,8100
15644,2026-02-27 10:50:00,Consumidor Final,Debito,14100
15645,2026-02-27 17:29:00,CLI-151,Efectivo,9900
15646,2026-02-27 09:46:00,CLI-179,Debito,2200
15647,2026-02-27 08:37:00,Consumidor Final,Credito,2200
15648,2026-02-27 11:28:00,Consumidor Final,Debito,10650
15649,2026-02-27 16:07:00,Consumidor Final,Credito,5700
15650,2026-02-27 18:29:00,CLI-151,Debito,16250
15651,2026-02-27 10:53:00,Consumidor Final,Efectivo,2200
15652,2026-02-27 11:27:00,Consumidor Final,Efectivo,4050
15653,2026-02-27 19:19:00,CLI-133,Mercado Pago,3600
15654,2026-02-27 10:43:00,Consumidor Final,Efectivo,7300
15655,2026-02-27 09:28:00,CLI-219,Efectivo,10250
15656,2026-02-27 09:37:00,Consumidor Final,Debito,1800
15657,2026-02-27 18:37:00,CLI-161,Mercado Pago,21450
15658,2026-02-27 20:34:00,Consumidor Final,Efectivo,6500
15659,2026-02-27 12:27:00,Consumidor Final,Mercado Pago,3200
15660,2026-02-27 16:14:00,CLI-119,Credito,9050
15661,2026-02-27 09:32:00,CLI-288,Efectivo,21700
15662,2026-02-27 20:36:00,CLI-199,Mercado Pago,6550
15663,2026-02-27 12:23:00,Consumidor Final,Efectivo,5300
15664,2026-02-27 12:31:00,CLI-208,Mercado Pago,5900
15665,2026-02-27 10:33:00,CLI-161,Debito,13600
15666,2026-02-27 20:09:00,CLI-237,Debito,17100
15667,2026-02-27 11:19:00,Consumidor Final,Mercado Pago,2550
15668,2026-02-27 18:21:00,CLI-196,Efectivo,2200
15669,2026-02-27 08:50:00,Consumidor Final,Efectivo,16850
15670,2026-02-27 20:46:00,CLI-144,Mercado Pago,6000
15671,2026-02-27 09:35:00,Consumidor Final,Efectivo,750
15672,2026-02-27 19:08:00,Consumidor Final,Debito,6300
15673,2026-02-27 16:42:00,Consumidor Final,Mercado Pago,27750
15674,2026-02-27 18:09:00,Consumidor Final,Efectivo,16750
15675,2026-02-27 19:41:00,CLI-285,Debito,21950
15676,2026-02-27 17:34:00,CLI-121,Mercado Pago,4800
15677,2026-02-27 12:10:00,Consumidor Final,Credito,3700
15678,2026-02-27 08:02:00,CLI-202,Debito,11000
15679,2026-02-27 16:24:00,Consumidor Final,Efectivo,2200
15680,2026-02-27 16:39:00,CLI-175,Mercado Pago,5800
15681,2026-02-27 16:52:00,Consumidor Final,Efectivo,3800
15682,2026-02-27 12:20:00,CLI-276,Efectivo,9800
15683,2026-02-27 11:19:00,CLI-201,Debito,14900
15684,2026-02-27 19:19:00,CLI-216,Efectivo,3400
15685,2026-02-27 17:08:00,CLI-112,Efectivo,9200
15686,2026-02-27 16:41:00,Consumidor Final,Efectivo,4400
15687,2026-02-27 20:49:00,CLI-293,Mercado Pago,1800
15688,2026-02-27 12:25:00,Consumidor Final,Efectivo,12000
15689,2026-02-27 12:46:00,CLI-167,Mercado Pago,3850
15690,2026-02-27 12:14:00,Consumidor Final,Credito,19750
15691,2026-02-27 19:53:00,CLI-257,Mercado Pago,6500
15692,2026-02-27 20:39:00,CLI-184,Efectivo,8350
15693,2026-02-27 09:17:00,CLI-296,Credito,7050
15694,2026-02-27 19:49:00,CLI-226,Efectivo,2200
15695,2026-02-27 12:40:00,Consumidor Final,Debito,8200
15696,2026-02-27 20:46:00,Consumidor Final,Credito,12000
15697,2026-02-27 16:51:00,CLI-254,Debito,13200
15698,2026-02-27 08:19:00,Consumidor Final,Debito,30250
15699,2026-02-27 19:23:00,CLI-102,Debito,14450
15700,2026-02-27 09:32:00,CLI-292,Efectivo,1800
15701,2026-02-27 20:38:00,Consumidor Final,Credito,11400
15702,2026-02-27 11:26:00,CLI-153,Efectivo,9600
15703,2026-02-27 11:45:00,CLI-202,Mercado Pago,5950
15704,2026-02-27 16:18:00,CLI-288,Efectivo,12000
15705,2026-02-27 08:20:00,CLI-299,Debito,11400
15706,2026-02-27 19:24:00,CLI-246,Mercado Pago,2700
15707,2026-02-27 10:10:00,Consumidor Final,Efectivo,6300
15708,2026-02-27 18:18:00,CLI-190,Efectivo,9300
15709,2026-02-27 20:07:00,CLI-131,Debito,6600
15710,2026-02-27 19:49:00,CLI-203,Debito,12700
15711,2026-02-27 09:43:00,Consumidor Final,Efectivo,3600
15712,2026-02-27 08:01:00,CLI-276,Efectivo,7400
15713,2026-02-27 17:03:00,Consumidor Final,Mercado Pago,4400
15714,2026-02-27 11:17:00,CLI-275,Mercado Pago,9800
15715,2026-02-28 18:09:00,Consumidor Final,Efectivo,21350
15716,2026-02-28 09:41:00,CLI-216,Debito,2700
15717,2026-02-28 09:12:00,CLI-250,Efectivo,11300
15718,2026-02-28 18:54:00,Consumidor Final,Efectivo,2200
15719,2026-02-28 18:46:00,Consumidor Final,Credito,3300
15720,2026-02-28 17:52:00,Consumidor Final,Debito,3300
15721,2026-02-28 17:31:00,CLI-115,Debito,4700
15722,2026-02-28 09:09:00,Consumidor Final,Mercado Pago,4050
15723,2026-02-28 16:35:00,Consumidor Final,Debito,17900
15724,2026-02-28 17:31:00,Consumidor Final,Debito,1650
15725,2026-02-28 11:27:00,Consumidor Final,Debito,7700
15726,2026-02-28 19:15:00,CLI-248,Efectivo,1500
15727,2026-02-28 18:00:00,Consumidor Final,Mercado Pago,14300
15728,2026-02-28 16:26:00,Consumidor Final,Debito,12900
15729,2026-02-28 09:20:00,CLI-256,Efectivo,10000
15730,2026-02-28 08:07:00,CLI-201,Debito,3750
15731,2026-02-28 08:50:00,CLI-278,Debito,9000
15732,2026-02-28 16:25:00,CLI-136,Mercado Pago,3600
15733,2026-02-28 16:42:00,CLI-211,Debito,1800
15734,2026-02-28 18:29:00,CLI-290,Debito,12200
15735,2026-02-28 09:43:00,CLI-147,Efectivo,5450
15736,2026-02-28 08:46:00,CLI-190,Efectivo,5100
15737,2026-02-28 08:31:00,CLI-156,Efectivo,9800
15738,2026-02-28 09:22:00,Consumidor Final,Debito,11750
15739,2026-02-28 12:56:00,CLI-247,Credito,1800
15740,2026-02-28 09:28:00,Consumidor Final,Efectivo,8100
15741,2026-02-28 11:14:00,CLI-256,Mercado Pago,16550
15742,2026-02-28 11:42:00,CLI-141,Mercado Pago,8200
15743,2026-02-28 12:58:00,Consumidor Final,Debito,5600
15744,2026-02-28 08:57:00,CLI-291,Debito,1800
15745,2026-02-28 10:26:00,CLI-103,Credito,19950
15746,2026-02-28 20:57:00,CLI-109,Mercado Pago,3750
15747,2026-02-28 08:37:00,CLI-272,Debito,11300
15748,2026-02-28 19:03:00,CLI-205,Credito,5300
15749,2026-02-28 08:33:00,CLI-186,Efectivo,16350
15750,2026-02-28 18:37:00,CLI-161,Debito,6700
15751,2026-02-28 12:02:00,CLI-222,Mercado Pago,7000
15752,2026-02-28 18:37:00,Consumidor Final,Debito,12900
15753,2026-02-28 12:29:00,Consumidor Final,Efectivo,15500
15754,2026-02-28 16:51:00,Consumidor Final,Efectivo,11400
15755,2026-02-28 16:59:00,CLI-288,Efectivo,17550
15756,2026-02-28 19:56:00,CLI-294,Debito,2950
15757,2026-02-28 12:32:00,Consumidor Final,Debito,2600
15758,2026-02-28 09:45:00,CLI-294,Efectivo,9800
15759,2026-02-28 20:07:00,CLI-172,Mercado Pago,8800
15760,2026-02-28 18:46:00,Consumidor Final,Mercado Pago,3800
15761,2026-02-28 08:38:00,CLI-289,Efectivo,4500
15762,2026-02-28 12:45:00,Consumidor Final,Mercado Pago,5800
15763,2026-02-28 12:26:00,CLI-108,Credito,6600
15764,2026-02-28 16:28:00,CLI-205,Efectivo,4500
15765,2026-02-28 11:09:00,CLI-124,Mercado Pago,7000
15766,2026-02-28 18:17:00,CLI-139,Efectivo,3350
15767,2026-02-28 16:56:00,CLI-235,Efectivo,8700
15768,2026-02-28 17:49:00,Consumidor Final,Debito,7000
15769,2026-02-28 09:01:00,Consumidor Final,Debito,8700
15770,2026-02-28 09:59:00,CLI-238,Debito,23600
15771,2026-02-28 11:21:00,Consumidor Final,Debito,12500
15772,2026-02-28 19:47:00,CLI-111,Debito,8200
15773,2026-02-28 18:58:00,Consumidor Final,Mercado Pago,8900
15774,2026-02-28 20:31:00,CLI-207,Credito,3800
15775,2026-02-28 19:00:00,Consumidor Final,Mercado Pago,7150
15776,2026-02-28 19:36:00,CLI-214,Mercado Pago,8000
15777,2026-02-28 09:49:00,Consumidor Final,Mercado Pago,7600
15778,2026-02-28 11:29:00,CLI-206,Mercado Pago,4500
15779,2026-02-28 16:17:00,CLI-132,Debito,14400
15780,2026-02-28 16:48:00,Consumidor Final,Debito,10300
15781,2026-02-28 19:05:00,Consumidor Final,Mercado Pago,2200
15782,2026-02-28 20:39:00,CLI-245,Efectivo,7350
15783,2026-02-28 20:39:00,CLI-148,Efectivo,750
15784,2026-02-28 17:59:00,Consumidor Final,Efectivo,11700
15785,2026-02-28 16:26:00,CLI-229,Mercado Pago,8600
15786,2026-02-28 16:51:00,Consumidor Final,Mercado Pago,7400
15787,2026-02-28 17:03:00,Consumidor Final,Debito,12600
15788,2026-02-28 19:28:00,CLI-261,Debito,1500
15789,2026-02-28 09:53:00,CLI-226,Debito,1800
15790,2026-02-28 10:23:00,CLI-278,Debito,15300
15791,2026-02-28 19:33:00,CLI-166,Mercado Pago,1500
15792,2026-02-28 11:23:00,CLI-293,Debito,7600
15793,2026-02-28 08:12:00,Consumidor Final,Efectivo,15900
15794,2026-02-28 11:34:00,CLI-226,Mercado Pago,15000
15795,2026-02-28 18:36:00,Consumidor Final,Debito,17550
15796,2026-02-28 09:49:00,CLI-290,Debito,5400
15797,2026-03-01 19:27:00,Consumidor Final,Efectivo,12700
15798,2026-03-01 19:17:00,Consumidor Final,Debito,9200
15799,2026-03-01 18:29:00,CLI-126,Debito,8900
15800,2026-03-01 08:11:00,Consumidor Final,Mercado Pago,23350
15801,2026-03-01 09:33:00,CLI-146,Efectivo,5150
15802,2026-03-01 20:55:00,Consumidor Final,Efectivo,8200
15803,2026-03-01 08:52:00,Consumidor Final,Debito,3800
15804,2026-03-01 08:06:00,CLI-136,Credito,19500
15805,2026-03-01 17:57:00,Consumidor Final,Mercado Pago,1800
15806,2026-03-01 20:19:00,Consumidor Final,Mercado Pago,6600
15807,2026-03-01 11:52:00,Consumidor Final,Efectivo,10500
15808,2026-03-01 12:10:00,Consumidor Final,Mercado Pago,10500
15809,2026-03-01 20:34:00,CLI-187,Mercado Pago,21500
15810,2026-03-01 09:42:00,CLI-279,Mercado Pago,9900
15811,2026-03-01 12:19:00,Consumidor Final,Mercado Pago,14750
15812,2026-03-01 20:39:00,Consumidor Final,Debito,23450
15813,2026-03-01 17:56:00,Consumidor Final,Efectivo,11850
15814,2026-03-01 09:09:00,Consumidor Final,Debito,10300
15815,2026-03-01 17:20:00,CLI-271,Debito,4000
15816,2026-03-01 20:24:00,Consumidor Final,Credito,15800
15817,2026-03-01 20:27:00,CLI-214,Debito,15950
15818,2026-03-01 08:51:00,Consumidor Final,Mercado Pago,10900
15819,2026-03-01 10:45:00,CLI-263,Efectivo,3600
15820,2026-03-01 11:33:00,CLI-199,Efectivo,2200
15821,2026-03-01 08:25:00,Consumidor Final,Efectivo,3200
15822,2026-03-01 08:06:00,CLI-134,Mercado Pago,17450
15823,2026-03-01 11:03:00,CLI-108,Credito,7600
15824,2026-03-01 16:07:00,Consumidor Final,Efectivo,3700
15825,2026-03-01 18:12:00,CLI-234,Efectivo,2700
15826,2026-03-01 11:25:00,CLI-117,Debito,2250
15827,2026-03-01 18:02:00,CLI-268,Efectivo,10650
15828,2026-03-01 12:50:00,CLI-189,Debito,6200
15829,2026-03-01 10:10:00,CLI-153,Efectivo,1600
15830,2026-03-01 10:37:00,CLI-264,Debito,4400
15831,2026-03-01 11:41:00,CLI-220,Efectivo,13800
15832,2026-03-01 10:29:00,Consumidor Final,Mercado Pago,2200
15833,2026-03-01 20:30:00,CLI-232,Credito,1500
15834,2026-03-01 19:28:00,Consumidor Final,Efectivo,3300
15835,2026-03-01 12:35:00,CLI-277,Mercado Pago,900
15836,2026-03-01 19:48:00,CLI-272,Mercado Pago,6150
15837,2026-03-01 11:10:00,CLI-156,Efectivo,7200
15838,2026-03-01 17:54:00,CLI-229,Mercado Pago,14900
15839,2026-03-01 18:01:00,CLI-176,Efectivo,5600
15840,2026-03-01 16:32:00,Consumidor Final,Efectivo,12500
15841,2026-03-01 19:35:00,CLI-113,Credito,13000
15842,2026-03-01 11:18:00,CLI-208,Credito,12500
15843,2026-03-01 18:06:00,CLI-233,Efectivo,1800
15844,2026-03-01 16:42:00,CLI-292,Mercado Pago,3300
15845,2026-03-01 17:08:00,Consumidor Final,Debito,3800
15846,2026-03-01 11:30:00,CLI-117,Debito,750
15847,2026-03-01 20:45:00,CLI-128,Debito,9150
15848,2026-03-01 17:07:00,CLI-113,Mercado Pago,1800
15849,2026-03-01 12:01:00,CLI-235,Credito,6600
15850,2026-03-01 17:39:00,Consumidor Final,Credito,3850
15851,2026-03-01 11:37:00,CLI-266,Debito,3000
15852,2026-03-01 19:19:00,CLI-138,Efectivo,1100
15853,2026-03-01 08:09:00,CLI-158,Credito,8100
15854,2026-03-01 17:15:00,CLI-198,Mercado Pago,12800
15855,2026-03-01 09:45:00,Consumidor Final,Efectivo,25000
15856,2026-03-01 09:49:00,Consumidor Final,Mercado Pago,1100
15857,2026-03-01 20:04:00,CLI-159,Debito,17600
15858,2026-03-01 18:32:00,CLI-295,Mercado Pago,21800
15859,2026-03-01 08:18:00,CLI-117,Mercado Pago,2250
15860,2026-03-01 16:37:00,Consumidor Final,Debito,11400
15861,2026-03-01 18:29:00,Consumidor Final,Debito,22400
15862,2026-03-01 11:00:00,Consumidor Final,Mercado Pago,4100
15863,2026-03-01 12:31:00,Consumidor Final,Efectivo,4800
15864,2026-03-01 20:20:00,Consumidor Final,Efectivo,4950
15865,2026-03-01 12:27:00,CLI-238,Debito,6600
15866,2026-03-01 17:07:00,Consumidor Final,Debito,12000
15867,2026-03-01 12:00:00,Consumidor Final,Efectivo,7850
15868,2026-03-01 20:25:00,Consumidor Final,Mercado Pago,10350
15869,2026-03-01 11:51:00,Consumidor Final,Debito,19800
15870,2026-03-01 12:43:00,Consumidor Final,Efectivo,20650
15871,2026-03-01 17:22:00,CLI-131,Mercado Pago,4900
15872,2026-03-01 16:07:00,CLI-193,Mercado Pago,7600
15873,2026-03-01 11:32:00,Consumidor Final,Mercado Pago,750
15874,2026-03-01 08:40:00,Consumidor Final,Debito,12000
15875,2026-03-01 16:36:00,CLI-104,Debito,8000
15876,2026-03-01 08:33:00,CLI-200,Mercado Pago,5250
15877,2026-03-01 18:50:00,Consumidor Final,Credito,12150
15878,2026-03-01 19:28:00,CLI-107,Efectivo,5200
15879,2026-03-01 16:59:00,CLI-157,Efectivo,6000
15880,2026-03-01 16:13:00,Consumidor Final,Debito,18450
15881,2026-03-01 12:43:00,CLI-108,Efectivo,3200
15882,2026-03-01 09:12:00,CLI-176,Efectivo,3000
15883,2026-03-01 16:51:00,Consumidor Final,Mercado Pago,750
15884,2026-03-01 11:03:00,CLI-196,Efectivo,7800
15885,2026-03-01 16:12:00,Consumidor Final,Credito,2250
15886,2026-03-01 12:14:00,CLI-164,Debito,1800
15887,2026-03-01 10:10:00,CLI-107,Efectivo,12650
15888,2026-03-02 10:15:00,CLI-148,Efectivo,4000
15889,2026-03-02 17:56:00,CLI-173,Mercado Pago,20200
15890,2026-03-02 16:03:00,CLI-281,Debito,3800
15891,2026-03-02 08:39:00,Consumidor Final,Debito,4400
15892,2026-03-02 08:01:00,Consumidor Final,Mercado Pago,9400
15893,2026-03-02 11:48:00,Consumidor Final,Efectivo,10700
15894,2026-03-02 11:30:00,CLI-163,Efectivo,9800
15895,2026-03-02 08:59:00,CLI-177,Mercado Pago,33200
15896,2026-03-02 09:48:00,CLI-181,Debito,1800
15897,2026-03-02 16:14:00,Consumidor Final,Mercado Pago,29100
15898,2026-03-02 19:07:00,CLI-292,Efectivo,9300
15899,2026-03-02 16:54:00,Consumidor Final,Debito,14700
15900,2026-03-02 16:25:00,CLI-270,Efectivo,2200
15901,2026-03-02 18:30:00,CLI-140,Mercado Pago,11900
15902,2026-03-02 10:58:00,CLI-283,Efectivo,3800
15903,2026-03-02 18:20:00,CLI-167,Mercado Pago,8950
15904,2026-03-02 20:50:00,CLI-191,Debito,7300
15905,2026-03-02 17:34:00,Consumidor Final,Efectivo,5400
15906,2026-03-02 20:36:00,CLI-126,Mercado Pago,1800
15907,2026-03-02 16:33:00,CLI-196,Mercado Pago,12200
15908,2026-03-02 16:36:00,Consumidor Final,Debito,16700
15909,2026-03-02 18:25:00,CLI-190,Credito,10950
15910,2026-03-02 19:28:00,CLI-108,Efectivo,11300
15911,2026-03-02 08:09:00,CLI-247,Efectivo,23000
15912,2026-03-02 17:31:00,Consumidor Final,Efectivo,1100
15913,2026-03-02 12:24:00,CLI-273,Credito,14600
15914,2026-03-02 18:58:00,Consumidor Final,Mercado Pago,6700
15915,2026-03-02 11:31:00,CLI-102,Mercado Pago,1500
15916,2026-03-02 11:50:00,CLI-192,Mercado Pago,1800
15917,2026-03-02 11:11:00,Consumidor Final,Efectivo,13200
15918,2026-03-02 18:08:00,Consumidor Final,Debito,21900
15919,2026-03-02 10:58:00,CLI-221,Debito,3300
15920,2026-03-02 20:33:00,Consumidor Final,Efectivo,12150
15921,2026-03-02 11:35:00,CLI-270,Debito,3600
15922,2026-03-02 08:47:00,Consumidor Final,Efectivo,12300
15923,2026-03-02 17:47:00,CLI-223,Credito,3000
15924,2026-03-02 08:21:00,CLI-200,Debito,15150
15925,2026-03-02 16:07:00,CLI-140,Mercado Pago,5000
15926,2026-03-02 08:30:00,CLI-149,Mercado Pago,18300
15927,2026-03-02 17:21:00,CLI-299,Credito,6600
15928,2026-03-02 10:32:00,Consumidor Final,Mercado Pago,4800
15929,2026-03-02 11:37:00,Consumidor Final,Mercado Pago,1600
15930,2026-03-02 08:49:00,CLI-162,Mercado Pago,19650
15931,2026-03-02 09:55:00,CLI-192,Debito,11400
15932,2026-03-02 19:20:00,CLI-274,Debito,5900
15933,2026-03-02 20:22:00,CLI-265,Debito,17000
15934,2026-03-02 12:38:00,Consumidor Final,Efectivo,3000
15935,2026-03-02 18:56:00,CLI-158,Mercado Pago,20400
15936,2026-03-02 20:13:00,Consumidor Final,Debito,3350
15937,2026-03-02 19:35:00,CLI-156,Debito,7700
15938,2026-03-02 11:05:00,Consumidor Final,Debito,9950
15939,2026-03-02 19:40:00,CLI-227,Credito,5400
15940,2026-03-02 11:11:00,CLI-259,Debito,4500
15941,2026-03-02 17:42:00,CLI-210,Mercado Pago,6300
15942,2026-03-02 17:41:00,Consumidor Final,Mercado Pago,12900
15943,2026-03-02 20:34:00,Consumidor Final,Mercado Pago,8600
15944,2026-03-02 12:55:00,CLI-259,Mercado Pago,6700
15945,2026-03-02 12:35:00,CLI-255,Debito,2550
15946,2026-03-02 10:46:00,Consumidor Final,Efectivo,21050
15947,2026-03-02 09:00:00,CLI-240,Mercado Pago,11200
15948,2026-03-02 11:54:00,CLI-131,Mercado Pago,17700
15949,2026-03-02 18:30:00,CLI-286,Efectivo,7150
15950,2026-03-02 16:10:00,CLI-268,Credito,19500
15951,2026-03-02 16:51:00,CLI-130,Mercado Pago,3000
15952,2026-03-02 12:53:00,Consumidor Final,Mercado Pago,21400
15953,2026-03-02 20:16:00,CLI-242,Efectivo,4150
15954,2026-03-02 18:02:00,CLI-152,Debito,1500
15955,2026-03-02 19:54:00,CLI-142,Debito,1100
15956,2026-03-02 11:12:00,CLI-262,Mercado Pago,6300
15957,2026-03-02 10:25:00,Consumidor Final,Mercado Pago,900
15958,2026-03-02 16:57:00,CLI-264,Debito,5500
15959,2026-03-02 10:44:00,CLI-235,Credito,12150
15960,2026-03-02 12:48:00,CLI-129,Debito,12400
15961,2026-03-02 12:53:00,CLI-107,Credito,2700
15962,2026-03-02 18:55:00,CLI-178,Credito,8500
15963,2026-03-02 12:55:00,CLI-228,Mercado Pago,8700
15964,2026-03-02 12:19:00,CLI-252,Efectivo,8000
15965,2026-03-02 12:00:00,CLI-161,Debito,8100
15966,2026-03-02 10:33:00,CLI-291,Debito,4200
15967,2026-03-02 19:43:00,CLI-171,Efectivo,11100
15968,2026-03-02 12:23:00,CLI-219,Efectivo,900
15969,2026-03-02 20:25:00,CLI-290,Efectivo,17000
15970,2026-03-02 20:18:00,CLI-106,Debito,22650
15971,2026-03-02 10:33:00,CLI-213,Debito,1600
15972,2026-03-02 09:51:00,CLI-123,Efectivo,11400
15973,2026-03-02 09:45:00,CLI-251,Efectivo,6400
15974,2026-03-02 10:24:00,CLI-209,Credito,5450
15975,2026-03-02 16:33:00,Consumidor Final,Mercado Pago,13850
15976,2026-03-02 16:03:00,CLI-149,Debito,7600
15977,2026-03-02 19:53:00,CLI-294,Debito,12600
15978,2026-03-02 19:38:00,CLI-165,Efectivo,11200
15979,2026-03-02 10:37:00,CLI-149,Efectivo,5600
15980,2026-03-02 12:03:00,CLI-183,Efectivo,2400
15981,2026-03-02 18:15:00,CLI-175,Mercado Pago,3350
15982,2026-03-02 08:45:00,CLI-288,Mercado Pago,1800
15983,2026-03-02 08:17:00,Consumidor Final,Mercado Pago,6350
15984,2026-03-02 18:16:00,Consumidor Final,Debito,1500
15985,2026-03-02 08:57:00,CLI-114,Efectivo,9800
15986,2026-03-02 11:35:00,CLI-150,Debito,6300
15987,2026-03-02 10:11:00,CLI-171,Credito,8600
15988,2026-03-02 12:52:00,CLI-155,Debito,12950
15989,2026-03-02 18:03:00,Consumidor Final,Debito,2200
15990,2026-03-02 16:10:00,CLI-104,Efectivo,6800
15991,2026-03-02 18:05:00,CLI-247,Mercado Pago,4050
15992,2026-03-02 20:28:00,CLI-272,Mercado Pago,14600
15993,2026-03-02 19:15:00,Consumidor Final,Efectivo,2350
15994,2026-03-02 17:22:00,CLI-150,Efectivo,5100
15995,2026-03-02 20:07:00,Consumidor Final,Debito,10300
15996,2026-03-02 19:03:00,CLI-111,Efectivo,13650
15997,2026-03-03 16:19:00,Consumidor Final,Mercado Pago,6000
15998,2026-03-03 18:25:00,Consumidor Final,Efectivo,8200
15999,2026-03-03 20:17:00,CLI-235,Debito,10150
16000,2026-03-03 17:03:00,Consumidor Final,Efectivo,900
16001,2026-03-03 11:11:00,CLI-288,Mercado Pago,3300
16002,2026-03-03 10:58:00,Consumidor Final,Debito,4800
16003,2026-03-03 09:24:00,CLI-245,Efectivo,24000
16004,2026-03-03 17:04:00,CLI-102,Mercado Pago,12400
16005,2026-03-03 08:20:00,CLI-218,Efectivo,30550
16006,2026-03-03 16:49:00,CLI-230,Credito,2400
16007,2026-03-03 19:31:00,Consumidor Final,Efectivo,12400
16008,2026-03-03 19:47:00,Consumidor Final,Credito,3800
16009,2026-03-03 12:59:00,Consumidor Final,Credito,12700
16010,2026-03-03 16:04:00,CLI-284,Mercado Pago,11000
16011,2026-03-03 20:36:00,CLI-291,Debito,8850
16012,2026-03-03 11:19:00,Consumidor Final,Mercado Pago,10350
16013,2026-03-03 08:06:00,CLI-261,Debito,6900
16014,2026-03-03 12:22:00,Consumidor Final,Debito,9300
16015,2026-03-03 10:04:00,CLI-207,Mercado Pago,1500
16016,2026-03-03 16:19:00,CLI-115,Debito,22300
16017,2026-03-03 11:28:00,Consumidor Final,Credito,6150
16018,2026-03-03 12:37:00,Consumidor Final,Debito,5300
16019,2026-03-03 08:32:00,CLI-109,Efectivo,2700
16020,2026-03-03 11:13:00,CLI-136,Efectivo,6500
16021,2026-03-03 09:24:00,CLI-204,Debito,7400
16022,2026-03-03 11:29:00,CLI-115,Efectivo,9900
16023,2026-03-03 09:52:00,CLI-150,Efectivo,6000
16024,2026-03-03 18:21:00,CLI-251,Mercado Pago,3700
16025,2026-03-03 11:01:00,CLI-132,Efectivo,9900
16026,2026-03-03 08:29:00,CLI-115,Efectivo,4500
16027,2026-03-03 18:48:00,CLI-244,Mercado Pago,7500
16028,2026-03-03 12:34:00,CLI-201,Debito,5100
16029,2026-03-03 20:19:00,CLI-299,Debito,21000
16030,2026-03-03 11:11:00,CLI-215,Debito,7200
16031,2026-03-03 12:30:00,CLI-157,Mercado Pago,9300
16032,2026-03-03 12:24:00,Consumidor Final,Mercado Pago,1600
16033,2026-03-03 11:27:00,CLI-201,Efectivo,2000
16034,2026-03-03 11:58:00,CLI-266,Efectivo,15700
16035,2026-03-03 12:50:00,CLI-169,Efectivo,7750
16036,2026-03-03 10:43:00,CLI-281,Debito,2000
16037,2026-03-03 10:09:00,CLI-174,Efectivo,11200
16038,2026-03-03 12:42:00,Consumidor Final,Debito,1500
16039,2026-03-03 17:39:00,Consumidor Final,Efectivo,10200
16040,2026-03-03 16:17:00,Consumidor Final,Debito,1500
16041,2026-03-03 08:18:00,CLI-242,Debito,6850
16042,2026-03-03 17:30:00,Consumidor Final,Mercado Pago,1800
16043,2026-03-03 11:36:00,CLI-269,Mercado Pago,22600
16044,2026-03-03 20:30:00,CLI-284,Debito,2600
16045,2026-03-03 18:26:00,Consumidor Final,Credito,4400
16046,2026-03-03 11:15:00,CLI-155,Efectivo,1500
16047,2026-03-03 18:17:00,Consumidor Final,Debito,9700
16048,2026-03-03 11:35:00,CLI-161,Mercado Pago,2700
16049,2026-03-03 16:48:00,CLI-279,Efectivo,19900
16050,2026-03-03 08:31:00,Consumidor Final,Mercado Pago,6400
16051,2026-03-03 09:10:00,CLI-105,Efectivo,18900
16052,2026-03-03 16:36:00,Consumidor Final,Debito,3800
16053,2026-03-03 19:49:00,CLI-242,Mercado Pago,5700
16054,2026-03-03 09:31:00,Consumidor Final,Mercado Pago,1500
16055,2026-03-03 20:30:00,Consumidor Final,Mercado Pago,2200
16056,2026-03-03 17:18:00,Consumidor Final,Mercado Pago,7200
16057,2026-03-03 11:53:00,Consumidor Final,Debito,12400
16058,2026-03-03 18:48:00,CLI-186,Debito,11400
16059,2026-03-03 09:09:00,Consumidor Final,Debito,11400
16060,2026-03-03 19:04:00,Consumidor Final,Mercado Pago,11400
16061,2026-03-03 20:48:00,Consumidor Final,Credito,15150
16062,2026-03-03 08:13:00,Consumidor Final,Debito,12900
16063,2026-03-03 11:28:00,CLI-255,Efectivo,10550
16064,2026-03-03 19:06:00,Consumidor Final,Debito,7600
16065,2026-03-03 18:50:00,CLI-292,Mercado Pago,3300
16066,2026-03-03 11:54:00,Consumidor Final,Debito,3450
16067,2026-03-03 17:49:00,Consumidor Final,Mercado Pago,4200
16068,2026-03-03 16:01:00,CLI-105,Efectivo,23600
16069,2026-03-03 18:13:00,Consumidor Final,Mercado Pago,5400
16070,2026-03-03 20:21:00,Consumidor Final,Mercado Pago,3800
16071,2026-03-03 11:06:00,CLI-243,Mercado Pago,16500
16072,2026-03-03 16:02:00,Consumidor Final,Mercado Pago,21400
16073,2026-03-03 09:11:00,Consumidor Final,Debito,16900
16074,2026-03-03 19:21:00,CLI-120,Debito,25850
16075,2026-03-03 10:28:00,CLI-257,Debito,8550
16076,2026-03-03 16:40:00,Consumidor Final,Efectivo,1500
16077,2026-03-03 18:45:00,Consumidor Final,Efectivo,15150
16078,2026-03-03 11:21:00,CLI-138,Mercado Pago,7750
16079,2026-03-03 12:49:00,CLI-282,Efectivo,9100
16080,2026-03-03 12:04:00,CLI-239,Credito,11400
16081,2026-03-03 10:33:00,Consumidor Final,Debito,16000
16082,2026-03-03 20:08:00,CLI-226,Debito,11900
16083,2026-03-03 10:00:00,CLI-199,Mercado Pago,5000
16084,2026-03-03 12:20:00,CLI-139,Mercado Pago,4900
16085,2026-03-04 17:51:00,Consumidor Final,Efectivo,4000
16086,2026-03-04 12:56:00,Consumidor Final,Efectivo,11100
16087,2026-03-04 17:52:00,CLI-294,Efectivo,12000
16088,2026-03-04 10:57:00,Consumidor Final,Mercado Pago,13600
16089,2026-03-04 08:04:00,CLI-118,Mercado Pago,5300
16090,2026-03-04 19:16:00,CLI-127,Credito,6500
16091,2026-03-04 19:49:00,CLI-211,Mercado Pago,6300
16092,2026-03-04 09:52:00,Consumidor Final,Debito,5800
16093,2026-03-04 16:56:00,CLI-147,Debito,8250
16094,2026-03-04 12:38:00,Consumidor Final,Efectivo,12500
16095,2026-03-04 16:30:00,Consumidor Final,Debito,23800
16096,2026-03-04 09:59:00,CLI-293,Efectivo,5100
16097,2026-03-04 11:48:00,CLI-222,Efectivo,14700
16098,2026-03-04 18:02:00,CLI-216,Credito,4400
16099,2026-03-04 11:20:00,CLI-166,Efectivo,7400
16100,2026-03-04 11:44:00,Consumidor Final,Debito,1100
16101,2026-03-04 20:32:00,CLI-239,Debito,18950
16102,2026-03-04 12:39:00,Consumidor Final,Debito,5850
16103,2026-03-04 12:23:00,CLI-271,Efectivo,12800
16104,2026-03-04 09:43:00,Consumidor Final,Mercado Pago,22150
16105,2026-03-04 09:15:00,Consumidor Final,Debito,12250
16106,2026-03-04 18:09:00,Consumidor Final,Credito,6600
16107,2026-03-04 20:17:00,CLI-272,Mercado Pago,15150
16108,2026-03-04 10:29:00,CLI-115,Mercado Pago,5900
16109,2026-03-04 20:39:00,CLI-284,Efectivo,6600
16110,2026-03-04 09:35:00,Consumidor Final,Efectivo,1800
16111,2026-03-04 16:21:00,CLI-186,Mercado Pago,9800
16112,2026-03-04 11:30:00,Consumidor Final,Efectivo,7800
16113,2026-03-04 19:02:00,Consumidor Final,Credito,2200
16114,2026-03-04 12:11:00,CLI-108,Debito,6600
16115,2026-03-04 09:29:00,CLI-113,Efectivo,12300
16116,2026-03-04 09:15:00,Consumidor Final,Mercado Pago,6800
16117,2026-03-04 08:11:00,Consumidor Final,Debito,11700
16118,2026-03-04 20:38:00,Consumidor Final,Debito,12900
16119,2026-03-04 19:32:00,CLI-285,Mercado Pago,15000
16120,2026-03-04 17:01:00,Consumidor Final,Debito,4500
16121,2026-03-04 11:42:00,CLI-290,Mercado Pago,7050
16122,2026-03-04 11:58:00,Consumidor Final,Efectivo,13750
16123,2026-03-04 18:47:00,CLI-284,Efectivo,8950
16124,2026-03-04 18:07:00,Consumidor Final,Efectivo,8250
16125,2026-03-04 09:35:00,CLI-104,Efectivo,4050
16126,2026-03-04 10:17:00,CLI-130,Efectivo,17450
16127,2026-03-04 08:16:00,Consumidor Final,Credito,9100
16128,2026-03-04 19:28:00,CLI-181,Credito,22650
16129,2026-03-04 17:05:00,Consumidor Final,Efectivo,3100
16130,2026-03-04 11:51:00,CLI-181,Credito,900
16131,2026-03-04 17:49:00,CLI-105,Efectivo,2200
16132,2026-03-04 12:31:00,CLI-267,Mercado Pago,13900
16133,2026-03-04 16:55:00,Consumidor Final,Efectivo,2200
16134,2026-03-04 10:55:00,Consumidor Final,Mercado Pago,1100
16135,2026-03-04 11:16:00,CLI-224,Efectivo,1500
16136,2026-03-04 09:13:00,CLI-279,Efectivo,4050
16137,2026-03-04 20:52:00,CLI-126,Efectivo,3600
16138,2026-03-04 12:17:00,CLI-175,Mercado Pago,9700
16139,2026-03-04 17:05:00,CLI-251,Efectivo,7600
16140,2026-03-04 16:21:00,CLI-280,Debito,5800
16141,2026-03-04 11:27:00,CLI-222,Debito,2700
16142,2026-03-04 10:26:00,Consumidor Final,Efectivo,900
16143,2026-03-04 08:23:00,Consumidor Final,Debito,18600
16144,2026-03-04 18:06:00,CLI-212,Mercado Pago,11650
16145,2026-03-04 16:43:00,CLI-183,Efectivo,15800
16146,2026-03-04 16:43:00,Consumidor Final,Mercado Pago,8200
16147,2026-03-04 12:01:00,CLI-179,Debito,4300
16148,2026-03-04 16:03:00,CLI-220,Mercado Pago,4900
16149,2026-03-04 19:09:00,CLI-239,Mercado Pago,10300
16150,2026-03-04 19:35:00,CLI-294,Efectivo,3600
16151,2026-03-04 16:51:00,Consumidor Final,Efectivo,7500
16152,2026-03-04 19:33:00,CLI-249,Efectivo,4800
16153,2026-03-04 16:56:00,CLI-171,Credito,6600
16154,2026-03-04 10:11:00,CLI-256,Efectivo,4700
16155,2026-03-04 12:39:00,Consumidor Final,Mercado Pago,5700
16156,2026-03-04 19:38:00,CLI-139,Efectivo,15400
16157,2026-03-04 18:40:00,CLI-146,Debito,10800
16158,2026-03-04 08:27:00,CLI-194,Debito,1500
16159,2026-03-04 17:53:00,CLI-173,Efectivo,7950
16160,2026-03-04 11:08:00,CLI-178,Efectivo,4050
16161,2026-03-04 18:13:00,CLI-191,Mercado Pago,23600
16162,2026-03-04 16:32:00,Consumidor Final,Mercado Pago,12600
16163,2026-03-04 18:49:00,Consumidor Final,Efectivo,9000
16164,2026-03-04 17:32:00,CLI-177,Debito,11400
16165,2026-03-04 12:23:00,CLI-160,Mercado Pago,5850
16166,2026-03-04 17:12:00,Consumidor Final,Mercado Pago,4200
16167,2026-03-04 19:23:00,CLI-109,Debito,1800
16168,2026-03-04 08:45:00,CLI-109,Debito,1100
16169,2026-03-04 16:05:00,Consumidor Final,Debito,16000
16170,2026-03-04 09:24:00,Consumidor Final,Efectivo,23850
16171,2026-03-04 16:38:00,Consumidor Final,Debito,6100
16172,2026-03-04 17:22:00,Consumidor Final,Debito,2700
16173,2026-03-04 19:08:00,Consumidor Final,Efectivo,2700
16174,2026-03-04 10:30:00,CLI-242,Efectivo,8000
16175,2026-03-04 10:30:00,CLI-294,Mercado Pago,13200
16176,2026-03-04 09:49:00,Consumidor Final,Mercado Pago,1600
16177,2026-03-04 16:53:00,Consumidor Final,Debito,3000
16178,2026-03-04 11:41:00,CLI-113,Efectivo,7000
16179,2026-03-04 19:41:00,CLI-219,Mercado Pago,3400
16180,2026-03-04 12:01:00,Consumidor Final,Mercado Pago,14050
16181,2026-03-04 09:09:00,CLI-161,Debito,20700
16182,2026-03-04 20:43:00,CLI-106,Efectivo,750
16183,2026-03-04 11:22:00,CLI-145,Efectivo,900
16184,2026-03-04 17:53:00,CLI-167,Mercado Pago,17900
16185,2026-03-04 09:50:00,CLI-120,Debito,3800
16186,2026-03-04 09:08:00,Consumidor Final,Mercado Pago,16800
16187,2026-03-04 10:35:00,Consumidor Final,Debito,2600
16188,2026-03-04 20:16:00,CLI-205,Mercado Pago,10800
16189,2026-03-04 16:31:00,CLI-108,Debito,10150
16190,2026-03-04 09:20:00,Consumidor Final,Debito,3200
16191,2026-03-04 16:21:00,CLI-107,Efectivo,1500
16192,2026-03-04 09:10:00,CLI-159,Credito,11400
16193,2026-03-04 16:50:00,Consumidor Final,Debito,7700
16194,2026-03-04 18:50:00,CLI-271,Efectivo,17200
16195,2026-03-04 17:12:00,Consumidor Final,Efectivo,33050
16196,2026-03-04 18:31:00,CLI-292,Efectivo,3100
16197,2026-03-04 17:40:00,CLI-106,Mercado Pago,4900
16198,2026-03-04 12:43:00,Consumidor Final,Credito,14800
16199,2026-03-05 19:47:00,CLI-299,Efectivo,4800
16200,2026-03-05 10:15:00,CLI-191,Efectivo,9400
16201,2026-03-05 17:45:00,CLI-126,Credito,6300
16202,2026-03-05 16:48:00,CLI-147,Mercado Pago,8900
16203,2026-03-05 09:24:00,CLI-218,Credito,8900
16204,2026-03-05 08:41:00,CLI-129,Debito,1100
16205,2026-03-05 16:07:00,Consumidor Final,Debito,3800
16206,2026-03-05 10:58:00,CLI-251,Mercado Pago,12900
16207,2026-03-05 11:29:00,CLI-213,Mercado Pago,18450
16208,2026-03-05 16:15:00,CLI-125,Mercado Pago,3800
16209,2026-03-05 18:41:00,Consumidor Final,Debito,7650
16210,2026-03-05 19:57:00,Consumidor Final,Efectivo,16000
16211,2026-03-05 16:38:00,CLI-110,Debito,2200
16212,2026-03-05 17:27:00,Consumidor Final,Debito,9450
16213,2026-03-05 08:26:00,CLI-159,Efectivo,10200
16214,2026-03-05 17:30:00,CLI-115,Efectivo,2250
16215,2026-03-05 20:55:00,CLI-205,Debito,3100
16216,2026-03-05 20:35:00,CLI-267,Efectivo,14300
16217,2026-03-05 12:01:00,CLI-233,Mercado Pago,8600
16218,2026-03-05 10:25:00,Consumidor Final,Efectivo,12000
16219,2026-03-05 19:29:00,CLI-286,Efectivo,11400
16220,2026-03-05 12:32:00,Consumidor Final,Mercado Pago,12250
16221,2026-03-05 11:57:00,CLI-295,Efectivo,1600
16222,2026-03-05 11:58:00,Consumidor Final,Mercado Pago,10500
16223,2026-03-05 17:20:00,Consumidor Final,Efectivo,12500
16224,2026-03-05 09:29:00,CLI-107,Debito,12300
16225,2026-03-05 19:41:00,CLI-160,Debito,3000
16226,2026-03-05 16:37:00,CLI-284,Efectivo,12050
16227,2026-03-05 09:30:00,Consumidor Final,Debito,900
16228,2026-03-05 18:59:00,CLI-131,Debito,12800
16229,2026-03-05 09:52:00,Consumidor Final,Efectivo,10100
16230,2026-03-05 19:05:00,CLI-290,Credito,4000
16231,2026-03-05 19:03:00,Consumidor Final,Debito,14100
16232,2026-03-05 20:18:00,Consumidor Final,Debito,12600
16233,2026-03-05 20:38:00,CLI-160,Debito,3800
16234,2026-03-05 20:40:00,CLI-159,Debito,5100
16235,2026-03-05 11:47:00,Consumidor Final,Debito,1500
16236,2026-03-05 16:29:00,Consumidor Final,Efectivo,4700
16237,2026-03-05 12:40:00,Consumidor Final,Debito,4500
16238,2026-03-05 20:50:00,CLI-197,Debito,7700
16239,2026-03-05 11:55:00,Consumidor Final,Debito,13600
16240,2026-03-05 08:18:00,CLI-159,Efectivo,10300
16241,2026-03-05 20:22:00,CLI-181,Efectivo,3000
16242,2026-03-05 19:12:00,CLI-181,Efectivo,3850
16243,2026-03-05 16:38:00,Consumidor Final,Efectivo,9900
16244,2026-03-05 18:45:00,Consumidor Final,Debito,14100
16245,2026-03-05 16:54:00,CLI-117,Mercado Pago,1600
16246,2026-03-05 19:12:00,Consumidor Final,Mercado Pago,9300
16247,2026-03-05 20:09:00,CLI-291,Debito,13200
16248,2026-03-05 17:18:00,Consumidor Final,Efectivo,1600
16249,2026-03-05 19:54:00,CLI-287,Mercado Pago,1600
16250,2026-03-05 20:28:00,Consumidor Final,Efectivo,8250
16251,2026-03-05 18:39:00,CLI-240,Debito,6100
16252,2026-03-05 10:26:00,Consumidor Final,Debito,14600
16253,2026-03-05 17:24:00,CLI-120,Efectivo,6200
16254,2026-03-05 17:10:00,CLI-122,Mercado Pago,12900
16255,2026-03-05 08:07:00,CLI-171,Mercado Pago,7200
16256,2026-03-05 19:27:00,CLI-222,Efectivo,2200
16257,2026-03-05 11:04:00,CLI-216,Mercado Pago,4500
16258,2026-03-05 19:27:00,Consumidor Final,Debito,16700
16259,2026-03-05 16:56:00,CLI-132,Efectivo,8300
16260,2026-03-05 10:04:00,CLI-132,Efectivo,7600
16261,2026-03-05 09:26:00,Consumidor Final,Debito,4400
16262,2026-03-05 19:50:00,Consumidor Final,Debito,16650
16263,2026-03-05 08:51:00,Consumidor Final,Efectivo,6800
16264,2026-03-05 08:07:00,CLI-198,Debito,750
16265,2026-03-05 11:10:00,Consumidor Final,Debito,12300
16266,2026-03-05 12:18:00,CLI-202,Debito,11400
16267,2026-03-05 10:34:00,Consumidor Final,Debito,2200
16268,2026-03-05 10:15:00,Consumidor Final,Mercado Pago,13000
16269,2026-03-05 12:55:00,Consumidor Final,Mercado Pago,1500
16270,2026-03-05 08:32:00,Consumidor Final,Credito,4300
16271,2026-03-05 17:36:00,CLI-118,Efectivo,7600
16272,2026-03-05 09:53:00,CLI-213,Mercado Pago,13600
16273,2026-03-05 20:04:00,CLI-149,Mercado Pago,3600
16274,2026-03-05 11:25:00,CLI-268,Efectivo,10700
16275,2026-03-05 10:12:00,Consumidor Final,Efectivo,8050
16276,2026-03-05 08:32:00,Consumidor Final,Debito,9150
16277,2026-03-05 10:42:00,CLI-111,Credito,13600
16278,2026-03-05 17:43:00,CLI-299,Mercado Pago,2200
16279,2026-03-05 16:21:00,CLI-274,Mercado Pago,4500
16280,2026-03-05 11:52:00,Consumidor Final,Efectivo,5500
16281,2026-03-05 18:49:00,CLI-249,Credito,17100
16282,2026-03-05 18:26:00,CLI-262,Mercado Pago,2200
16283,2026-03-05 20:28:00,CLI-260,Debito,4400
16284,2026-03-05 09:19:00,Consumidor Final,Efectivo,15800
16285,2026-03-05 19:52:00,Consumidor Final,Debito,1100
16286,2026-03-05 18:16:00,Consumidor Final,Efectivo,7100
16287,2026-03-05 09:09:00,Consumidor Final,Efectivo,21350
16288,2026-03-05 09:39:00,Consumidor Final,Efectivo,5450
16289,2026-03-05 11:59:00,Consumidor Final,Mercado Pago,11000
16290,2026-03-05 18:01:00,CLI-210,Efectivo,12150
16291,2026-03-05 09:04:00,Consumidor Final,Debito,10450
16292,2026-03-05 20:32:00,CLI-272,Debito,16600
16293,2026-03-05 18:49:00,Consumidor Final,Efectivo,11300
16294,2026-03-05 20:33:00,CLI-140,Mercado Pago,1500
16295,2026-03-05 10:34:00,Consumidor Final,Mercado Pago,17250
16296,2026-03-05 12:36:00,Consumidor Final,Mercado Pago,17400
16297,2026-03-05 12:27:00,CLI-246,Efectivo,1500
16298,2026-03-05 16:34:00,CLI-169,Efectivo,14500
16299,2026-03-05 16:38:00,CLI-190,Efectivo,11400
16300,2026-03-05 08:06:00,CLI-219,Mercado Pago,3000
16301,2026-03-05 08:21:00,Consumidor Final,Efectivo,1800
16302,2026-03-05 08:57:00,Consumidor Final,Debito,5400
16303,2026-03-05 09:16:00,Consumidor Final,Efectivo,1800
16304,2026-03-05 19:35:00,Consumidor Final,Efectivo,1800
16305,2026-03-05 17:23:00,CLI-249,Efectivo,10550
16306,2026-03-05 10:08:00,CLI-199,Mercado Pago,8400
16307,2026-03-05 12:35:00,Consumidor Final,Efectivo,6700
16308,2026-03-05 08:44:00,Consumidor Final,Efectivo,7600
16309,2026-03-05 11:47:00,Consumidor Final,Efectivo,4950
16310,2026-03-05 18:49:00,CLI-295,Mercado Pago,4800
16311,2026-03-05 12:34:00,CLI-162,Debito,9800
16312,2026-03-05 18:06:00,Consumidor Final,Efectivo,19050
16313,2026-03-05 20:13:00,CLI-174,Mercado Pago,3600
16314,2026-03-05 20:36:00,CLI-194,Efectivo,18050
16315,2026-03-05 12:43:00,CLI-264,Mercado Pago,3600
16316,2026-03-05 08:12:00,Consumidor Final,Mercado Pago,1500
16317,2026-03-05 12:16:00,CLI-246,Mercado Pago,21800
16318,2026-03-06 11:31:00,Consumidor Final,Credito,11300
16319,2026-03-06 12:55:00,Consumidor Final,Debito,15900
16320,2026-03-06 10:48:00,Consumidor Final,Debito,3100
16321,2026-03-06 19:28:00,Consumidor Final,Credito,3850
16322,2026-03-06 20:41:00,CLI-115,Debito,3800
16323,2026-03-06 10:07:00,Consumidor Final,Efectivo,4800
16324,2026-03-06 18:18:00,CLI-112,Debito,15450
16325,2026-03-06 11:06:00,CLI-107,Mercado Pago,1100
16326,2026-03-06 19:45:00,Consumidor Final,Mercado Pago,3750
16327,2026-03-06 16:22:00,CLI-296,Mercado Pago,9150
16328,2026-03-06 12:18:00,Consumidor Final,Mercado Pago,8200
16329,2026-03-06 18:59:00,CLI-251,Credito,10100
16330,2026-03-06 19:14:00,Consumidor Final,Mercado Pago,6000
16331,2026-03-06 09:54:00,CLI-154,Efectivo,29700
16332,2026-03-06 12:19:00,Consumidor Final,Efectivo,7400
16333,2026-03-06 09:13:00,CLI-130,Mercado Pago,5000
16334,2026-03-06 20:52:00,Consumidor Final,Debito,13250
16335,2026-03-06 11:59:00,CLI-258,Credito,2600
16336,2026-03-06 17:25:00,CLI-105,Mercado Pago,7850
16337,2026-03-06 11:32:00,CLI-159,Mercado Pago,5900
16338,2026-03-06 16:33:00,CLI-211,Efectivo,4700
16339,2026-03-06 17:10:00,CLI-175,Efectivo,8100
16340,2026-03-06 19:32:00,CLI-284,Efectivo,2200
16341,2026-03-06 10:32:00,Consumidor Final,Efectivo,6600
16342,2026-03-06 10:28:00,CLI-119,Debito,9200
16343,2026-03-06 16:00:00,CLI-189,Efectivo,6000
16344,2026-03-06 19:58:00,Consumidor Final,Debito,7500
16345,2026-03-06 18:54:00,Consumidor Final,Mercado Pago,9900
16346,2026-03-06 19:54:00,Consumidor Final,Efectivo,2200
16347,2026-03-06 11:16:00,Consumidor Final,Mercado Pago,2250
16348,2026-03-06 11:16:00,Consumidor Final,Efectivo,13300
16349,2026-03-06 10:49:00,Consumidor Final,Mercado Pago,4500
16350,2026-03-06 12:37:00,Consumidor Final,Efectivo,7200
16351,2026-03-06 10:55:00,Consumidor Final,Efectivo,3800
16352,2026-03-06 10:52:00,CLI-244,Efectivo,3200
16353,2026-03-06 08:03:00,CLI-294,Mercado Pago,3200
16354,2026-03-06 18:58:00,CLI-211,Mercado Pago,4500
16355,2026-03-06 20:59:00,Consumidor Final,Mercado Pago,900
16356,2026-03-06 18:38:00,Consumidor Final,Debito,13000
16357,2026-03-06 20:08:00,CLI-205,Credito,12150
16358,2026-03-06 09:30:00,CLI-178,Credito,7600
16359,2026-03-06 17:50:00,Consumidor Final,Mercado Pago,3600
16360,2026-03-06 18:51:00,CLI-224,Efectivo,2200
16361,2026-03-06 19:34:00,Consumidor Final,Credito,20000
16362,2026-03-06 10:54:00,Consumidor Final,Efectivo,750
16363,2026-03-06 20:17:00,CLI-188,Efectivo,11500
16364,2026-03-06 11:28:00,Consumidor Final,Debito,6050
16365,2026-03-06 11:52:00,Consumidor Final,Mercado Pago,6300
16366,2026-03-06 08:11:00,CLI-117,Debito,3000
16367,2026-03-06 20:43:00,Consumidor Final,Mercado Pago,6600
16368,2026-03-06 19:46:00,Consumidor Final,Debito,8300
16369,2026-03-06 17:08:00,CLI-145,Mercado Pago,10550
16370,2026-03-06 11:10:00,CLI-218,Debito,18950
16371,2026-03-06 17:20:00,CLI-156,Efectivo,9200
16372,2026-03-06 20:28:00,CLI-181,Mercado Pago,1800
16373,2026-03-06 19:41:00,CLI-273,Debito,8100
16374,2026-03-06 11:02:00,Consumidor Final,Credito,9550
16375,2026-03-06 09:33:00,Consumidor Final,Credito,16800
16376,2026-03-06 09:42:00,Consumidor Final,Debito,4800
16377,2026-03-06 18:18:00,CLI-217,Efectivo,4800
16378,2026-03-06 19:56:00,Consumidor Final,Debito,4050
16379,2026-03-06 10:54:00,Consumidor Final,Debito,14900
16380,2026-03-06 08:00:00,CLI-217,Efectivo,9800
16381,2026-03-06 11:25:00,CLI-114,Mercado Pago,7100
16382,2026-03-06 17:47:00,CLI-217,Debito,16400
16383,2026-03-06 19:39:00,Consumidor Final,Mercado Pago,10100
16384,2026-03-06 19:43:00,CLI-289,Efectivo,12250
16385,2026-03-06 12:05:00,Consumidor Final,Debito,9200
16386,2026-03-06 17:50:00,CLI-299,Efectivo,13250
16387,2026-03-06 16:47:00,Consumidor Final,Efectivo,14700
16388,2026-03-06 20:53:00,Consumidor Final,Efectivo,17700
16389,2026-03-06 10:50:00,CLI-252,Mercado Pago,11300
16390,2026-03-06 17:43:00,CLI-160,Mercado Pago,17300
16391,2026-03-06 09:08:00,CLI-133,Debito,6600
16392,2026-03-06 12:47:00,CLI-102,Debito,3850
16393,2026-03-06 10:05:00,CLI-183,Credito,9400
16394,2026-03-06 09:57:00,CLI-258,Mercado Pago,9800
16395,2026-03-06 10:18:00,Consumidor Final,Mercado Pago,2200
16396,2026-03-06 10:06:00,CLI-232,Debito,27200
16397,2026-03-06 08:06:00,CLI-134,Efectivo,18600
16398,2026-03-06 11:22:00,CLI-157,Mercado Pago,6000
16399,2026-03-06 08:58:00,Consumidor Final,Efectivo,750
16400,2026-03-06 08:59:00,CLI-241,Efectivo,900
16401,2026-03-06 10:09:00,Consumidor Final,Mercado Pago,6200
16402,2026-03-06 20:21:00,CLI-287,Mercado Pago,13800
16403,2026-03-06 11:41:00,CLI-151,Mercado Pago,9800
16404,2026-03-06 18:07:00,CLI-256,Debito,2250
16405,2026-03-06 18:14:00,CLI-176,Debito,6100
16406,2026-03-06 18:26:00,CLI-107,Mercado Pago,15000
16407,2026-03-06 12:49:00,CLI-204,Efectivo,10800
16408,2026-03-06 17:54:00,CLI-113,Mercado Pago,29950
16409,2026-03-07 10:52:00,Consumidor Final,Efectivo,1600
16410,2026-03-07 17:29:00,CLI-213,Efectivo,9200
16411,2026-03-07 09:54:00,CLI-254,Debito,8000
16412,2026-03-07 08:11:00,CLI-100,Debito,10100
16413,2026-03-07 09:20:00,CLI-193,Efectivo,12150
16414,2026-03-07 12:15:00,CLI-214,Efectivo,2250
16415,2026-03-07 17:02:00,CLI-120,Debito,10600
16416,2026-03-07 17:39:00,Consumidor Final,Debito,3300
16417,2026-03-07 09:09:00,CLI-149,Mercado Pago,5100
16418,2026-03-07 12:50:00,CLI-123,Mercado Pago,4900
16419,2026-03-07 19:06:00,Consumidor Final,Efectivo,900
16420,2026-03-07 11:33:00,Consumidor Final,Debito,14500
16421,2026-03-07 12:20:00,CLI-125,Efectivo,5200
16422,2026-03-07 17:01:00,CLI-247,Mercado Pago,5450
16423,2026-03-07 18:18:00,Consumidor Final,Debito,9400
16424,2026-03-07 17:08:00,Consumidor Final,Mercado Pago,8400
16425,2026-03-07 19:57:00,CLI-120,Debito,1500
16426,2026-03-07 08:21:00,Consumidor Final,Efectivo,3300
16427,2026-03-07 20:34:00,Consumidor Final,Credito,10300
16428,2026-03-07 08:21:00,CLI-137,Mercado Pago,2700
16429,2026-03-07 16:34:00,Consumidor Final,Debito,1800
16430,2026-03-07 19:09:00,CLI-146,Debito,6900
16431,2026-03-07 18:15:00,Consumidor Final,Efectivo,15800
16432,2026-03-07 09:44:00,Consumidor Final,Debito,16000
16433,2026-03-07 11:31:00,CLI-138,Debito,8600
16434,2026-03-07 17:05:00,CLI-232,Debito,1500
16435,2026-03-07 19:42:00,Consumidor Final,Credito,2400
16436,2026-03-07 12:07:00,Consumidor Final,Debito,9100
16437,2026-03-07 17:34:00,Consumidor Final,Debito,7150
16438,2026-03-07 16:42:00,Consumidor Final,Mercado Pago,9600
16439,2026-03-07 10:12:00,CLI-268,Efectivo,4200
16440,2026-03-07 11:56:00,Consumidor Final,Efectivo,6800
16441,2026-03-07 16:09:00,CLI-194,Debito,13050
16442,2026-03-07 11:12:00,Consumidor Final,Efectivo,7600
16443,2026-03-07 20:09:00,Consumidor Final,Efectivo,10500
16444,2026-03-07 11:13:00,CLI-153,Mercado Pago,3200
16445,2026-03-07 16:03:00,CLI-238,Mercado Pago,2200
16446,2026-03-07 20:02:00,CLI-199,Efectivo,10950
16447,2026-03-07 10:04:00,Consumidor Final,Credito,13000
16448,2026-03-07 09:45:00,Consumidor Final,Debito,4500
16449,2026-03-07 18:30:00,CLI-257,Mercado Pago,8600
16450,2026-03-07 08:46:00,Consumidor Final,Debito,26850
16451,2026-03-07 19:32:00,CLI-174,Debito,3000
16452,2026-03-07 17:48:00,Consumidor Final,Credito,8900
16453,2026-03-07 20:43:00,Consumidor Final,Credito,4950
16454,2026-03-07 20:44:00,Consumidor Final,Efectivo,11800
16455,2026-03-07 18:30:00,CLI-190,Debito,3750
16456,2026-03-07 18:19:00,CLI-289,Mercado Pago,6600
16457,2026-03-07 16:26:00,Consumidor Final,Mercado Pago,22500
16458,2026-03-07 16:00:00,CLI-216,Debito,9400
16459,2026-03-07 16:14:00,CLI-205,Efectivo,15800
16460,2026-03-07 17:43:00,CLI-174,Mercado Pago,25050
16461,2026-03-07 17:03:00,Consumidor Final,Debito,10800
16462,2026-03-07 10:14:00,CLI-221,Debito,4500
16463,2026-03-07 20:26:00,Consumidor Final,Mercado Pago,3100
16464,2026-03-07 10:47:00,Consumidor Final,Efectivo,12400
16465,2026-03-07 12:18:00,CLI-244,Efectivo,4700
16466,2026-03-07 17:54:00,Consumidor Final,Debito,5250
16467,2026-03-07 19:01:00,Consumidor Final,Debito,6700
16468,2026-03-07 19:24:00,CLI-165,Efectivo,1500
16469,2026-03-07 12:31:00,Consumidor Final,Efectivo,16500
16470,2026-03-07 11:55:00,Consumidor Final,Mercado Pago,4400
16471,2026-03-07 19:46:00,Consumidor Final,Debito,900
16472,2026-03-07 18:32:00,Consumidor Final,Debito,8400
16473,2026-03-07 16:57:00,CLI-169,Debito,750
16474,2026-03-07 08:48:00,Consumidor Final,Debito,6900
16475,2026-03-07 17:33:00,CLI-134,Debito,6600
16476,2026-03-07 10:59:00,CLI-212,Efectivo,14300
16477,2026-03-07 17:26:00,CLI-143,Credito,5400
16478,2026-03-07 09:44:00,Consumidor Final,Mercado Pago,21300
16479,2026-03-07 11:31:00,Consumidor Final,Efectivo,9500
16480,2026-03-07 12:24:00,CLI-291,Mercado Pago,10350
16481,2026-03-07 20:49:00,CLI-177,Debito,5500
16482,2026-03-07 17:01:00,CLI-148,Debito,4500
16483,2026-03-07 16:44:00,CLI-117,Efectivo,18900
16484,2026-03-07 20:03:00,CLI-216,Credito,4800
16485,2026-03-07 11:46:00,CLI-182,Debito,9300
16486,2026-03-07 19:22:00,Consumidor Final,Efectivo,7550
16487,2026-03-07 18:39:00,CLI-122,Mercado Pago,2200
16488,2026-03-07 19:34:00,CLI-213,Mercado Pago,6300
16489,2026-03-07 19:23:00,Consumidor Final,Efectivo,3000
16490,2026-03-07 12:19:00,Consumidor Final,Efectivo,3800
16491,2026-03-07 18:50:00,CLI-223,Mercado Pago,9950
16492,2026-03-07 10:28:00,CLI-144,Debito,6800
16493,2026-03-07 17:32:00,CLI-169,Efectivo,23050
16494,2026-03-07 20:53:00,CLI-226,Debito,7000
16495,2026-03-07 09:25:00,Consumidor Final,Efectivo,16550
16496,2026-03-07 11:36:00,Consumidor Final,Credito,18500
16497,2026-03-07 17:20:00,CLI-178,Mercado Pago,6050
16498,2026-03-07 16:22:00,CLI-231,Credito,19300
16499,2026-03-07 18:19:00,CLI-171,Mercado Pago,4350
16500,2026-03-07 11:24:00,Consumidor Final,Debito,15600
16501,2026-03-07 10:28:00,CLI-268,Debito,11250
16502,2026-03-07 09:46:00,CLI-171,Debito,9600
16503,2026-03-07 10:55:00,CLI-245,Efectivo,900
16504,2026-03-07 19:07:00,CLI-272,Efectivo,3200
16505,2026-03-07 19:15:00,CLI-238,Mercado Pago,3200
16506,2026-03-07 20:55:00,CLI-125,Debito,14000
16507,2026-03-07 19:25:00,CLI-165,Debito,9900
16508,2026-03-07 08:04:00,Consumidor Final,Efectivo,17500
16509,2026-03-07 11:26:00,CLI-162,Debito,3000
16510,2026-03-07 08:13:00,CLI-218,Credito,16600
16511,2026-03-07 08:47:00,Consumidor Final,Efectivo,17100
16512,2026-03-07 12:24:00,Consumidor Final,Mercado Pago,9800
16513,2026-03-07 12:05:00,Consumidor Final,Efectivo,6200
16514,2026-03-07 09:43:00,Consumidor Final,Mercado Pago,11000
16515,2026-03-07 19:17:00,Consumidor Final,Mercado Pago,3600
16516,2026-03-07 08:51:00,Consumidor Final,Credito,6500
16517,2026-03-07 11:06:00,CLI-178,Mercado Pago,6650
16518,2026-03-07 12:17:00,Consumidor Final,Mercado Pago,6600
16519,2026-03-07 16:17:00,Consumidor Final,Debito,4500
16520,2026-03-07 08:42:00,CLI-157,Mercado Pago,6600
16521,2026-03-07 16:01:00,CLI-116,Efectivo,10800
16522,2026-03-07 10:57:00,CLI-222,Credito,9250
16523,2026-03-07 18:51:00,Consumidor Final,Credito,4800
16524,2026-03-08 08:48:00,CLI-135,Mercado Pago,11400
16525,2026-03-08 18:43:00,Consumidor Final,Mercado Pago,19200
16526,2026-03-08 09:09:00,CLI-165,Efectivo,13800
16527,2026-03-08 17:20:00,Consumidor Final,Efectivo,2200
16528,2026-03-08 17:37:00,CLI-137,Debito,23900
16529,2026-03-08 08:07:00,Consumidor Final,Efectivo,1500
16530,2026-03-08 11:52:00,Consumidor Final,Mercado Pago,7600
16531,2026-03-08 17:09:00,Consumidor Final,Debito,14650
16532,2026-03-08 16:05:00,CLI-159,Efectivo,3300
16533,2026-03-08 19:13:00,CLI-268,Debito,11400
16534,2026-03-08 17:32:00,CLI-158,Mercado Pago,11400
16535,2026-03-08 12:02:00,CLI-107,Credito,11500
16536,2026-03-08 11:01:00,CLI-130,Debito,3000
16537,2026-03-08 16:48:00,CLI-161,Mercado Pago,13100
16538,2026-03-08 16:45:00,CLI-153,Credito,13950
16539,2026-03-08 10:00:00,CLI-259,Mercado Pago,10000
16540,2026-03-08 18:41:00,Consumidor Final,Mercado Pago,15250
16541,2026-03-08 12:09:00,CLI-228,Efectivo,11400
16542,2026-03-08 11:16:00,CLI-177,Efectivo,6000
16543,2026-03-08 08:27:00,CLI-205,Mercado Pago,11450
16544,2026-03-08 16:38:00,CLI-251,Efectivo,3150
16545,2026-03-08 16:22:00,Consumidor Final,Debito,1800
16546,2026-03-08 12:07:00,CLI-241,Debito,5400
16547,2026-03-08 12:43:00,CLI-155,Credito,12050
16548,2026-03-08 08:06:00,CLI-100,Mercado Pago,9700
16549,2026-03-08 11:59:00,CLI-218,Efectivo,7600
16550,2026-03-08 16:22:00,CLI-136,Mercado Pago,11300
16551,2026-03-08 11:48:00,Consumidor Final,Mercado Pago,2500
16552,2026-03-08 18:19:00,CLI-242,Efectivo,3200
16553,2026-03-08 17:09:00,CLI-244,Debito,8500
16554,2026-03-08 17:49:00,CLI-111,Efectivo,3300
16555,2026-03-08 16:12:00,CLI-219,Credito,3450
16556,2026-03-08 20:32:00,Consumidor Final,Efectivo,4500
16557,2026-03-08 08:51:00,Consumidor Final,Debito,10700
16558,2026-03-08 10:49:00,CLI-263,Mercado Pago,2700
16559,2026-03-08 18:59:00,Consumidor Final,Efectivo,22500
16560,2026-03-08 10:58:00,Consumidor Final,Efectivo,1500
16561,2026-03-08 10:08:00,CLI-249,Efectivo,6650
16562,2026-03-08 11:33:00,CLI-251,Credito,7200
16563,2026-03-08 08:54:00,Consumidor Final,Efectivo,21750
16564,2026-03-08 19:42:00,Consumidor Final,Efectivo,3800
16565,2026-03-08 09:02:00,CLI-263,Debito,8100
16566,2026-03-08 09:00:00,Consumidor Final,Mercado Pago,900
16567,2026-03-08 11:20:00,Consumidor Final,Credito,5400
16568,2026-03-08 18:13:00,CLI-277,Debito,18000
16569,2026-03-08 20:58:00,CLI-100,Efectivo,3200
16570,2026-03-08 09:08:00,CLI-225,Mercado Pago,1600
16571,2026-03-08 09:38:00,Consumidor Final,Credito,7550
16572,2026-03-08 08:21:00,Consumidor Final,Debito,3950
16573,2026-03-08 08:12:00,CLI-263,Credito,2200
16574,2026-03-08 17:02:00,Consumidor Final,Mercado Pago,17300
16575,2026-03-08 20:21:00,Consumidor Final,Debito,6600
16576,2026-03-08 20:11:00,Consumidor Final,Mercado Pago,3300
16577,2026-03-08 08:42:00,Consumidor Final,Efectivo,8800
16578,2026-03-08 18:25:00,Consumidor Final,Debito,10300
16579,2026-03-08 11:21:00,CLI-239,Efectivo,13200
16580,2026-03-08 16:40:00,CLI-133,Debito,1800
16581,2026-03-08 09:47:00,Consumidor Final,Efectivo,3100
16582,2026-03-08 20:23:00,CLI-231,Mercado Pago,1500
16583,2026-03-08 12:22:00,CLI-165,Mercado Pago,750
16584,2026-03-08 18:14:00,CLI-166,Debito,5650
16585,2026-03-08 12:18:00,CLI-230,Efectivo,24000
16586,2026-03-08 20:35:00,CLI-197,Efectivo,2700
16587,2026-03-08 17:38:00,Consumidor Final,Debito,4700
16588,2026-03-08 20:45:00,Consumidor Final,Mercado Pago,7300
16589,2026-03-08 17:20:00,Consumidor Final,Efectivo,2950
16590,2026-03-08 20:27:00,CLI-143,Efectivo,16200
16591,2026-03-08 09:07:00,Consumidor Final,Efectivo,1800
16592,2026-03-08 09:03:00,CLI-168,Credito,7200
16593,2026-03-08 18:51:00,Consumidor Final,Credito,17300
16594,2026-03-08 20:42:00,CLI-287,Mercado Pago,3400
16595,2026-03-08 17:40:00,CLI-259,Debito,7700
16596,2026-03-08 11:54:00,CLI-263,Debito,7000
16597,2026-03-08 12:23:00,CLI-151,Mercado Pago,4400
16598,2026-03-08 19:15:00,CLI-124,Efectivo,6300
16599,2026-03-08 11:11:00,Consumidor Final,Debito,13800
16600,2026-03-08 17:40:00,Consumidor Final,Mercado Pago,14350
16601,2026-03-08 16:57:00,CLI-209,Efectivo,15250
16602,2026-03-08 19:49:00,Consumidor Final,Debito,4900
16603,2026-03-08 11:01:00,CLI-223,Efectivo,5400
16604,2026-03-08 10:42:00,CLI-289,Mercado Pago,7200
16605,2026-03-08 12:45:00,Consumidor Final,Efectivo,11400
16606,2026-03-08 18:14:00,Consumidor Final,Debito,8900
16607,2026-03-08 18:49:00,CLI-221,Debito,7300
16608,2026-03-08 08:30:00,CLI-230,Debito,7000
16609,2026-03-08 18:32:00,CLI-102,Debito,4800
16610,2026-03-08 18:20:00,CLI-220,Credito,17600
16611,2026-03-08 12:45:00,CLI-254,Debito,3800
16612,2026-03-08 17:20:00,Consumidor Final,Efectivo,15900
16613,2026-03-08 12:56:00,CLI-212,Efectivo,8350
16614,2026-03-08 10:42:00,Consumidor Final,Mercado Pago,17300
16615,2026-03-08 19:14:00,CLI-104,Debito,6800
16616,2026-03-08 19:56:00,CLI-216,Efectivo,9100
16617,2026-03-08 08:48:00,Consumidor Final,Mercado Pago,14350
16618,2026-03-08 18:37:00,Consumidor Final,Mercado Pago,16800
16619,2026-03-08 18:17:00,Consumidor Final,Credito,5400
16620,2026-03-09 09:19:00,Consumidor Final,Debito,1600
16621,2026-03-09 11:25:00,CLI-274,Mercado Pago,23300
16622,2026-03-09 09:38:00,Consumidor Final,Efectivo,2200
16623,2026-03-09 16:42:00,CLI-223,Mercado Pago,6600
16624,2026-03-09 20:46:00,Consumidor Final,Mercado Pago,3650
16625,2026-03-09 17:44:00,CLI-259,Debito,4400
16626,2026-03-09 11:07:00,Consumidor Final,Debito,750
16627,2026-03-09 20:29:00,CLI-238,Debito,8800
16628,2026-03-09 17:06:00,CLI-210,Mercado Pago,18700
16629,2026-03-09 19:15:00,Consumidor Final,Debito,1500
16630,2026-03-09 08:47:00,CLI-119,Efectivo,12600
16631,2026-03-09 09:28:00,CLI-270,Mercado Pago,18500
16632,2026-03-09 12:38:00,Consumidor Final,Debito,7600
16633,2026-03-09 11:24:00,CLI-298,Mercado Pago,16300
16634,2026-03-09 11:04:00,CLI-169,Mercado Pago,12700
16635,2026-03-09 16:50:00,Consumidor Final,Debito,8400
16636,2026-03-09 10:08:00,CLI-284,Credito,3800
16637,2026-03-09 12:55:00,CLI-148,Efectivo,3700
16638,2026-03-09 11:58:00,Consumidor Final,Debito,7350
16639,2026-03-09 20:58:00,CLI-189,Mercado Pago,900
16640,2026-03-09 09:30:00,Consumidor Final,Efectivo,10650
16641,2026-03-09 16:21:00,CLI-218,Debito,1500
16642,2026-03-09 10:27:00,Consumidor Final,Debito,2700
16643,2026-03-09 20:57:00,CLI-207,Efectivo,4500
16644,2026-03-09 08:03:00,Consumidor Final,Efectivo,3800
16645,2026-03-09 17:34:00,Consumidor Final,Efectivo,1600
16646,2026-03-09 08:03:00,Consumidor Final,Efectivo,8000
16647,2026-03-09 16:23:00,CLI-113,Mercado Pago,16200
16648,2026-03-09 19:23:00,Consumidor Final,Mercado Pago,900
16649,2026-03-09 19:28:00,Consumidor Final,Debito,21500
16650,2026-03-09 12:41:00,Consumidor Final,Credito,4050
16651,2026-03-09 08:20:00,Consumidor Final,Efectivo,11850
16652,2026-03-09 10:10:00,CLI-230,Mercado Pago,11650
16653,2026-03-09 20:25:00,Consumidor Final,Credito,9950
16654,2026-03-09 17:57:00,Consumidor Final,Mercado Pago,18700
16655,2026-03-09 16:28:00,CLI-174,Efectivo,13750
16656,2026-03-09 19:23:00,CLI-195,Mercado Pago,5600
16657,2026-03-09 20:16:00,CLI-257,Mercado Pago,900
16658,2026-03-09 10:41:00,CLI-128,Mercado Pago,11550
16659,2026-03-09 17:58:00,CLI-228,Debito,4500
16660,2026-03-09 16:02:00,Consumidor Final,Efectivo,11400
16661,2026-03-09 09:56:00,Consumidor Final,Efectivo,14700
16662,2026-03-09 18:09:00,CLI-105,Efectivo,2200
16663,2026-03-09 20:13:00,Consumidor Final,Debito,7700
16664,2026-03-09 08:13:00,CLI-112,Efectivo,15600
16665,2026-03-09 10:02:00,Consumidor Final,Mercado Pago,9350
16666,2026-03-09 20:19:00,CLI-204,Mercado Pago,5100
16667,2026-03-09 08:24:00,CLI-134,Mercado Pago,6800
16668,2026-03-09 20:29:00,Consumidor Final,Mercado Pago,13200
16669,2026-03-09 19:08:00,Consumidor Final,Credito,1500
16670,2026-03-09 16:24:00,CLI-129,Mercado Pago,6500
16671,2026-03-09 17:08:00,Consumidor Final,Efectivo,1800
16672,2026-03-09 17:11:00,Consumidor Final,Efectivo,24150
16673,2026-03-09 10:27:00,Consumidor Final,Mercado Pago,12000
16674,2026-03-09 19:59:00,CLI-207,Debito,3300
16675,2026-03-09 11:50:00,Consumidor Final,Efectivo,6600
16676,2026-03-09 08:39:00,CLI-238,Efectivo,11300
16677,2026-03-09 19:02:00,Consumidor Final,Mercado Pago,1800
16678,2026-03-09 12:55:00,Consumidor Final,Mercado Pago,8100
16679,2026-03-09 10:09:00,Consumidor Final,Efectivo,6400
16680,2026-03-09 08:29:00,CLI-229,Debito,3100
16681,2026-03-09 18:23:00,Consumidor Final,Efectivo,1500
16682,2026-03-09 12:49:00,CLI-293,Efectivo,900
16683,2026-03-09 18:15:00,CLI-295,Debito,10200
16684,2026-03-09 09:25:00,Consumidor Final,Debito,5900
16685,2026-03-09 11:26:00,CLI-291,Efectivo,29000
16686,2026-03-09 10:22:00,CLI-184,Efectivo,2200
16687,2026-03-09 19:41:00,Consumidor Final,Mercado Pago,4800
16688,2026-03-09 12:26:00,Consumidor Final,Efectivo,6200
16689,2026-03-09 12:21:00,CLI-152,Debito,12100
16690,2026-03-09 16:39:00,CLI-219,Mercado Pago,10050
16691,2026-03-09 20:19:00,CLI-197,Debito,8000
16692,2026-03-09 19:51:00,CLI-209,Debito,15700
16693,2026-03-09 11:23:00,CLI-125,Efectivo,8200
16694,2026-03-09 12:34:00,CLI-145,Mercado Pago,3800
16695,2026-03-09 09:23:00,Consumidor Final,Efectivo,4400
16696,2026-03-09 11:46:00,Consumidor Final,Efectivo,1800
16697,2026-03-09 08:02:00,CLI-185,Debito,7100
16698,2026-03-09 16:36:00,CLI-279,Efectivo,8050
16699,2026-03-09 18:16:00,CLI-244,Efectivo,14100
16700,2026-03-09 20:00:00,CLI-206,Mercado Pago,8350
16701,2026-03-09 20:29:00,Consumidor Final,Debito,9250
16702,2026-03-09 09:01:00,CLI-213,Efectivo,19650
16703,2026-03-09 16:38:00,CLI-108,Efectivo,2250
16704,2026-03-09 10:53:00,Consumidor Final,Mercado Pago,27000
16705,2026-03-09 18:30:00,Consumidor Final,Debito,24000
16706,2026-03-09 10:58:00,Consumidor Final,Mercado Pago,3600
16707,2026-03-09 10:19:00,CLI-147,Debito,7800
16708,2026-03-09 08:59:00,CLI-101,Mercado Pago,5400
16709,2026-03-09 08:31:00,Consumidor Final,Mercado Pago,4400
16710,2026-03-09 08:49:00,CLI-267,Mercado Pago,9800
16711,2026-03-09 11:15:00,Consumidor Final,Mercado Pago,2250
16712,2026-03-09 11:35:00,Consumidor Final,Efectivo,5400
16713,2026-03-09 19:12:00,CLI-294,Debito,2500
16714,2026-03-09 20:24:00,Consumidor Final,Debito,16450
16715,2026-03-09 08:41:00,Consumidor Final,Credito,6600
16716,2026-03-09 19:53:00,CLI-258,Debito,5400
16717,2026-03-09 18:29:00,CLI-146,Debito,16900
16718,2026-03-09 12:44:00,CLI-178,Efectivo,2200
16719,2026-03-09 19:46:00,CLI-192,Efectivo,1500
16720,2026-03-09 11:03:00,CLI-154,Efectivo,11400
16721,2026-03-09 20:13:00,Consumidor Final,Efectivo,6500
16722,2026-03-09 12:40:00,CLI-252,Mercado Pago,12300
16723,2026-03-09 17:39:00,Consumidor Final,Debito,19000
16724,2026-03-09 16:42:00,CLI-136,Efectivo,18950
16725,2026-03-09 16:29:00,Consumidor Final,Efectivo,4750
16726,2026-03-09 17:25:00,Consumidor Final,Mercado Pago,3000
16727,2026-03-09 09:38:00,CLI-103,Debito,10200
16728,2026-03-09 12:35:00,CLI-185,Credito,17700
16729,2026-03-09 17:36:00,CLI-209,Efectivo,5250
16730,2026-03-09 20:29:00,Consumidor Final,Credito,4900
16731,2026-03-09 11:51:00,CLI-231,Efectivo,2200
16732,2026-03-09 10:28:00,CLI-232,Mercado Pago,10900
16733,2026-03-10 17:30:00,Consumidor Final,Efectivo,9300
16734,2026-03-10 17:11:00,CLI-291,Mercado Pago,12900
16735,2026-03-10 19:24:00,CLI-292,Mercado Pago,11400
16736,2026-03-10 12:08:00,CLI-195,Debito,11150
16737,2026-03-10 11:38:00,CLI-135,Debito,5700
16738,2026-03-10 18:51:00,CLI-233,Mercado Pago,7200
16739,2026-03-10 11:05:00,CLI-114,Debito,4400
16740,2026-03-10 09:49:00,CLI-258,Mercado Pago,900
16741,2026-03-10 20:30:00,CLI-285,Debito,9900
16742,2026-03-10 16:51:00,CLI-109,Mercado Pago,7600
16743,2026-03-10 09:41:00,Consumidor Final,Mercado Pago,1600
16744,2026-03-10 19:23:00,CLI-260,Debito,6800
16745,2026-03-10 16:58:00,CLI-128,Debito,4500
16746,2026-03-10 11:39:00,Consumidor Final,Mercado Pago,6600
16747,2026-03-10 10:19:00,Consumidor Final,Debito,5400
16748,2026-03-10 18:36:00,CLI-187,Debito,16500
16749,2026-03-10 08:30:00,Consumidor Final,Debito,2400
16750,2026-03-10 18:17:00,Consumidor Final,Mercado Pago,6050
16751,2026-03-10 08:13:00,CLI-270,Debito,11650
16752,2026-03-10 17:19:00,CLI-132,Debito,9400
16753,2026-03-10 10:22:00,CLI-294,Debito,6900
16754,2026-03-10 10:50:00,CLI-217,Mercado Pago,5300
16755,2026-03-10 20:25:00,CLI-276,Efectivo,7000
16756,2026-03-10 08:48:00,Consumidor Final,Debito,3800
16757,2026-03-10 18:31:00,CLI-202,Mercado Pago,13750
16758,2026-03-10 16:30:00,CLI-107,Debito,8600
16759,2026-03-10 20:48:00,CLI-183,Efectivo,1500
16760,2026-03-10 17:15:00,CLI-223,Debito,4500
16761,2026-03-10 11:41:00,CLI-210,Mercado Pago,6150
16762,2026-03-10 09:17:00,Consumidor Final,Mercado Pago,21000
16763,2026-03-10 20:52:00,CLI-298,Efectivo,10200
16764,2026-03-10 17:12:00,CLI-138,Mercado Pago,14400
16765,2026-03-10 11:33:00,CLI-255,Credito,16100
16766,2026-03-10 17:54:00,Consumidor Final,Mercado Pago,3800
16767,2026-03-10 19:34:00,Consumidor Final,Debito,3300
16768,2026-03-10 08:05:00,CLI-271,Efectivo,11500
16769,2026-03-10 10:31:00,CLI-249,Debito,21900
16770,2026-03-10 08:10:00,Consumidor Final,Efectivo,8100
16771,2026-03-10 10:50:00,CLI-157,Efectivo,5800
16772,2026-03-10 18:05:00,Consumidor Final,Mercado Pago,17800
16773,2026-03-10 11:08:00,CLI-164,Efectivo,1100
16774,2026-03-10 16:33:00,CLI-221,Credito,23350
16775,2026-03-10 12:11:00,CLI-290,Mercado Pago,2700
16776,2026-03-10 18:43:00,Consumidor Final,Efectivo,10700
16777,2026-03-10 17:34:00,CLI-253,Debito,3300
16778,2026-03-10 08:18:00,Consumidor Final,Mercado Pago,9500
16779,2026-03-10 18:59:00,CLI-119,Debito,4200
16780,2026-03-10 08:14:00,CLI-117,Mercado Pago,4400
16781,2026-03-10 11:10:00,Consumidor Final,Efectivo,4600
16782,2026-03-10 09:23:00,CLI-290,Debito,7600
16783,2026-03-10 08:45:00,CLI-275,Efectivo,8150
16784,2026-03-10 17:25:00,CLI-209,Credito,900
16785,2026-03-10 18:24:00,CLI-276,Efectivo,8900
16786,2026-03-10 18:30:00,CLI-160,Efectivo,7250
16787,2026-03-10 09:13:00,CLI-159,Mercado Pago,17700
16788,2026-03-10 12:20:00,Consumidor Final,Credito,8300
16789,2026-03-10 08:29:00,Consumidor Final,Debito,3700
16790,2026-03-10 12:46:00,CLI-188,Mercado Pago,17300
16791,2026-03-10 09:07:00,CLI-202,Debito,13300
16792,2026-03-10 19:06:00,Consumidor Final,Efectivo,4400
16793,2026-03-10 17:43:00,Consumidor Final,Mercado Pago,9400
16794,2026-03-10 12:49:00,CLI-250,Mercado Pago,14100
16795,2026-03-10 12:06:00,CLI-288,Credito,6000
16796,2026-03-10 16:37:00,Consumidor Final,Mercado Pago,1100
16797,2026-03-10 16:53:00,CLI-247,Mercado Pago,4400
16798,2026-03-10 19:07:00,CLI-271,Mercado Pago,20000
16799,2026-03-10 08:08:00,Consumidor Final,Mercado Pago,13200
16800,2026-03-10 18:37:00,Consumidor Final,Mercado Pago,13950
16801,2026-03-10 18:31:00,CLI-189,Efectivo,15600
16802,2026-03-10 18:32:00,CLI-140,Mercado Pago,12850
16803,2026-03-10 19:47:00,Consumidor Final,Debito,4900
16804,2026-03-10 12:12:00,Consumidor Final,Efectivo,4800
16805,2026-03-10 12:32:00,CLI-213,Debito,4800
16806,2026-03-10 09:24:00,CLI-232,Mercado Pago,8100
16807,2026-03-10 17:16:00,Consumidor Final,Debito,10000
16808,2026-03-10 19:11:00,CLI-223,Efectivo,21400
16809,2026-03-10 08:27:00,Consumidor Final,Debito,9200
16810,2026-03-10 09:07:00,Consumidor Final,Mercado Pago,11500
16811,2026-03-10 18:43:00,CLI-182,Mercado Pago,2200
16812,2026-03-10 19:02:00,Consumidor Final,Mercado Pago,10750
16813,2026-03-10 11:55:00,CLI-123,Credito,16850
16814,2026-03-10 09:29:00,Consumidor Final,Efectivo,10700
16815,2026-03-10 12:32:00,CLI-217,Debito,5650
16816,2026-03-10 09:27:00,Consumidor Final,Mercado Pago,23550
16817,2026-03-10 10:33:00,Consumidor Final,Efectivo,7600
16818,2026-03-10 20:04:00,Consumidor Final,Efectivo,1800
16819,2026-03-10 09:42:00,Consumidor Final,Debito,16950
16820,2026-03-10 18:55:00,CLI-105,Efectivo,9300
16821,2026-03-10 08:44:00,CLI-190,Debito,6300
16822,2026-03-10 09:01:00,Consumidor Final,Credito,6200
16823,2026-03-10 19:39:00,CLI-200,Mercado Pago,1500
16824,2026-03-10 20:32:00,CLI-197,Efectivo,1500
16825,2026-03-10 10:46:00,CLI-149,Mercado Pago,14450
16826,2026-03-10 19:03:00,CLI-219,Efectivo,19000
16827,2026-03-10 20:07:00,CLI-243,Debito,4900
16828,2026-03-10 17:24:00,CLI-264,Mercado Pago,11500
16829,2026-03-10 11:11:00,CLI-156,Efectivo,5850
16830,2026-03-11 09:32:00,CLI-192,Debito,2250
16831,2026-03-11 11:45:00,CLI-129,Debito,3300
16832,2026-03-11 17:37:00,Consumidor Final,Mercado Pago,12500
16833,2026-03-11 08:21:00,CLI-141,Debito,6650
16834,2026-03-11 12:03:00,Consumidor Final,Mercado Pago,900
16835,2026-03-11 20:55:00,Consumidor Final,Efectivo,2200
16836,2026-03-11 12:59:00,Consumidor Final,Debito,11100
16837,2026-03-11 18:02:00,Consumidor Final,Efectivo,9500
16838,2026-03-11 17:39:00,CLI-149,Debito,16000
16839,2026-03-11 10:41:00,CLI-294,Credito,20600
16840,2026-03-11 08:57:00,Consumidor Final,Mercado Pago,2700
16841,2026-03-11 18:04:00,CLI-173,Mercado Pago,11400
16842,2026-03-11 17:01:00,Consumidor Final,Credito,3300
16843,2026-03-11 17:27:00,Consumidor Final,Debito,3000
16844,2026-03-11 19:27:00,Consumidor Final,Debito,19950
16845,2026-03-11 17:24:00,Consumidor Final,Efectivo,12000
16846,2026-03-11 20:02:00,Consumidor Final,Debito,11400
16847,2026-03-11 16:19:00,CLI-240,Debito,2950
16848,2026-03-11 19:53:00,CLI-267,Efectivo,6500
16849,2026-03-11 19:22:00,Consumidor Final,Efectivo,11250
16850,2026-03-11 08:45:00,CLI-180,Credito,5900
16851,2026-03-11 12:56:00,CLI-294,Mercado Pago,8500
16852,2026-03-11 08:46:00,CLI-141,Efectivo,24500
16853,2026-03-11 17:47:00,CLI-171,Credito,5400
16854,2026-03-11 08:47:00,Consumidor Final,Efectivo,1800
16855,2026-03-11 18:48:00,CLI-282,Efectivo,22900
16856,2026-03-11 20:27:00,CLI-173,Efectivo,16300
16857,2026-03-11 08:03:00,Consumidor Final,Debito,1500
16858,2026-03-11 18:56:00,Consumidor Final,Mercado Pago,8600
16859,2026-03-11 09:43:00,CLI-133,Debito,7000
16860,2026-03-11 17:37:00,Consumidor Final,Credito,21600
16861,2026-03-11 20:35:00,CLI-132,Debito,14000
16862,2026-03-11 10:11:00,CLI-198,Mercado Pago,22800
16863,2026-03-11 17:12:00,CLI-243,Mercado Pago,8600
16864,2026-03-11 18:34:00,Consumidor Final,Debito,6300
16865,2026-03-11 09:02:00,CLI-222,Debito,13650
16866,2026-03-11 19:48:00,CLI-110,Efectivo,1500
16867,2026-03-11 16:33:00,CLI-148,Efectivo,2700
16868,2026-03-11 08:13:00,CLI-225,Mercado Pago,10800
16869,2026-03-11 17:30:00,CLI-200,Debito,7650
16870,2026-03-11 09:56:00,CLI-269,Efectivo,14400
16871,2026-03-11 11:25:00,Consumidor Final,Debito,3300
16872,2026-03-11 12:08:00,CLI-299,Mercado Pago,2700
16873,2026-03-11 10:29:00,CLI-196,Debito,7450
16874,2026-03-11 08:01:00,CLI-192,Mercado Pago,3800
16875,2026-03-11 19:58:00,CLI-227,Efectivo,4400
16876,2026-03-11 08:21:00,Consumidor Final,Mercado Pago,17900
16877,2026-03-11 11:40:00,Consumidor Final,Debito,750
16878,2026-03-11 20:25:00,CLI-269,Mercado Pago,2250
16879,2026-03-11 20:03:00,Consumidor Final,Efectivo,5400
16880,2026-03-11 18:39:00,CLI-129,Mercado Pago,3600
16881,2026-03-11 10:31:00,CLI-165,Credito,7100
16882,2026-03-11 09:06:00,Consumidor Final,Mercado Pago,1800
16883,2026-03-11 11:32:00,CLI-143,Mercado Pago,3600
16884,2026-03-11 09:54:00,Consumidor Final,Mercado Pago,12000
16885,2026-03-11 17:03:00,CLI-214,Debito,13100
16886,2026-03-11 11:01:00,CLI-188,Mercado Pago,5600
16887,2026-03-11 12:51:00,Consumidor Final,Mercado Pago,3100
16888,2026-03-11 20:44:00,CLI-194,Efectivo,8000
16889,2026-03-11 16:38:00,CLI-113,Credito,6900
16890,2026-03-11 16:58:00,CLI-161,Efectivo,16100
16891,2026-03-11 11:10:00,Consumidor Final,Credito,5600
16892,2026-03-11 09:53:00,Consumidor Final,Efectivo,2600
16893,2026-03-11 16:24:00,CLI-285,Efectivo,7700
16894,2026-03-11 09:59:00,Consumidor Final,Debito,1100
16895,2026-03-11 16:26:00,CLI-153,Efectivo,6600
16896,2026-03-11 12:15:00,CLI-282,Credito,10900
16897,2026-03-11 20:04:00,CLI-279,Mercado Pago,4800
16898,2026-03-11 11:19:00,CLI-275,Debito,5300
16899,2026-03-11 08:27:00,Consumidor Final,Mercado Pago,4350
16900,2026-03-11 08:21:00,CLI-141,Debito,10050
16901,2026-03-11 08:44:00,CLI-233,Debito,5900
16902,2026-03-11 12:47:00,CLI-258,Efectivo,2250
16903,2026-03-11 19:19:00,CLI-230,Mercado Pago,4400
16904,2026-03-11 18:20:00,Consumidor Final,Debito,12500
16905,2026-03-11 19:28:00,Consumidor Final,Efectivo,4000
16906,2026-03-11 20:38:00,Consumidor Final,Debito,15000
16907,2026-03-11 19:42:00,CLI-152,Mercado Pago,3600
16908,2026-03-11 12:56:00,Consumidor Final,Mercado Pago,3300
16909,2026-03-11 19:28:00,Consumidor Final,Credito,5600
16910,2026-03-11 09:37:00,Consumidor Final,Mercado Pago,8400
16911,2026-03-11 19:45:00,Consumidor Final,Debito,22300
16912,2026-03-11 12:05:00,CLI-126,Mercado Pago,5800
16913,2026-03-11 18:17:00,CLI-119,Efectivo,15200
16914,2026-03-11 19:53:00,CLI-240,Mercado Pago,5900
16915,2026-03-11 10:12:00,CLI-196,Mercado Pago,8850
16916,2026-03-11 12:40:00,CLI-256,Efectivo,4900
16917,2026-03-11 09:16:00,CLI-291,Credito,1800
16918,2026-03-11 19:14:00,CLI-156,Mercado Pago,16650
16919,2026-03-11 16:55:00,CLI-169,Debito,14600
16920,2026-03-11 10:13:00,CLI-214,Mercado Pago,5800
16921,2026-03-11 12:50:00,CLI-104,Debito,23250
16922,2026-03-11 12:02:00,CLI-131,Mercado Pago,4500
16923,2026-03-11 20:01:00,CLI-131,Debito,11000
16924,2026-03-12 20:12:00,CLI-198,Efectivo,7950
16925,2026-03-12 20:14:00,CLI-255,Debito,5900
16926,2026-03-12 10:50:00,Consumidor Final,Efectivo,6250
16927,2026-03-12 10:11:00,CLI-278,Debito,13150
16928,2026-03-12 18:39:00,CLI-133,Efectivo,1800
16929,2026-03-12 09:38:00,CLI-102,Mercado Pago,8400
16930,2026-03-12 12:22:00,Consumidor Final,Debito,18400
16931,2026-03-12 16:24:00,Consumidor Final,Efectivo,4800
16932,2026-03-12 19:55:00,CLI-101,Credito,5400
16933,2026-03-12 11:41:00,Consumidor Final,Efectivo,4500
16934,2026-03-12 17:41:00,Consumidor Final,Efectivo,2900
16935,2026-03-12 19:51:00,CLI-231,Mercado Pago,4300
16936,2026-03-12 20:14:00,Consumidor Final,Debito,3200
16937,2026-03-12 20:43:00,Consumidor Final,Mercado Pago,5600
16938,2026-03-12 18:54:00,CLI-255,Efectivo,8000
16939,2026-03-12 10:15:00,Consumidor Final,Credito,21700
16940,2026-03-12 18:46:00,Consumidor Final,Debito,5400
16941,2026-03-12 11:04:00,Consumidor Final,Mercado Pago,14300
16942,2026-03-12 17:08:00,Consumidor Final,Mercado Pago,10000
16943,2026-03-12 10:16:00,CLI-225,Mercado Pago,6600
16944,2026-03-12 08:35:00,Consumidor Final,Efectivo,6500
16945,2026-03-12 08:14:00,CLI-221,Mercado Pago,7100
16946,2026-03-12 20:07:00,Consumidor Final,Efectivo,6150
16947,2026-03-12 09:57:00,CLI-130,Debito,1500
16948,2026-03-12 20:40:00,Consumidor Final,Efectivo,9400
16949,2026-03-12 08:48:00,CLI-183,Efectivo,5400
16950,2026-03-12 16:18:00,CLI-168,Mercado Pago,12700
16951,2026-03-12 19:04:00,CLI-227,Efectivo,4500
16952,2026-03-12 17:06:00,CLI-209,Debito,11550
16953,2026-03-12 08:20:00,CLI-113,Mercado Pago,6900
16954,2026-03-12 10:55:00,Consumidor Final,Efectivo,16000
16955,2026-03-12 10:20:00,CLI-187,Efectivo,15800
16956,2026-03-12 10:03:00,Consumidor Final,Efectivo,13600
16957,2026-03-12 12:34:00,CLI-231,Efectivo,13600
16958,2026-03-12 10:24:00,CLI-299,Mercado Pago,31350
16959,2026-03-12 16:41:00,CLI-128,Debito,7400
16960,2026-03-12 08:03:00,CLI-206,Efectivo,7200
16961,2026-03-12 16:21:00,CLI-129,Efectivo,17400
16962,2026-03-12 18:00:00,CLI-191,Efectivo,7600
16963,2026-03-12 19:14:00,CLI-250,Debito,3200
16964,2026-03-12 12:11:00,Consumidor Final,Mercado Pago,2700
16965,2026-03-12 12:56:00,Consumidor Final,Mercado Pago,17900
16966,2026-03-12 09:05:00,Consumidor Final,Efectivo,2350
16967,2026-03-12 19:37:00,CLI-193,Debito,14950
16968,2026-03-12 18:35:00,CLI-246,Efectivo,10600
16969,2026-03-12 09:04:00,CLI-143,Mercado Pago,4500
16970,2026-03-12 17:58:00,CLI-170,Credito,2200
16971,2026-03-12 12:53:00,CLI-289,Mercado Pago,10400
16972,2026-03-12 20:39:00,CLI-257,Debito,12150
16973,2026-03-12 10:09:00,CLI-297,Mercado Pago,900
16974,2026-03-12 18:30:00,Consumidor Final,Credito,5200
16975,2026-03-12 17:47:00,CLI-220,Efectivo,8800
16976,2026-03-12 11:47:00,CLI-256,Credito,8100
16977,2026-03-12 16:32:00,Consumidor Final,Efectivo,2200
16978,2026-03-12 18:58:00,CLI-141,Mercado Pago,4100
16979,2026-03-12 09:11:00,CLI-170,Debito,5700
16980,2026-03-12 17:28:00,Consumidor Final,Mercado Pago,13650
16981,2026-03-12 20:16:00,CLI-260,Credito,4900
16982,2026-03-12 16:56:00,CLI-141,Efectivo,2200
16983,2026-03-12 18:47:00,CLI-241,Debito,1500
16984,2026-03-12 17:09:00,Consumidor Final,Debito,12300
16985,2026-03-12 17:33:00,CLI-171,Efectivo,6600
16986,2026-03-12 11:45:00,Consumidor Final,Debito,18400
16987,2026-03-12 11:27:00,Consumidor Final,Credito,9800
16988,2026-03-12 18:37:00,CLI-122,Efectivo,23400
16989,2026-03-12 11:08:00,CLI-262,Debito,3750
16990,2026-03-12 18:40:00,CLI-273,Debito,5600
16991,2026-03-12 20:23:00,CLI-124,Mercado Pago,7050
16992,2026-03-12 10:02:00,CLI-141,Debito,4500
16993,2026-03-12 12:58:00,CLI-182,Debito,7200
16994,2026-03-12 12:32:00,CLI-155,Mercado Pago,3750
16995,2026-03-12 19:27:00,Consumidor Final,Efectivo,1800
16996,2026-03-12 11:01:00,Consumidor Final,Debito,14700
16997,2026-03-12 19:55:00,CLI-279,Efectivo,19650
16998,2026-03-12 19:36:00,CLI-247,Mercado Pago,4700
16999,2026-03-12 20:32:00,CLI-174,Mercado Pago,7900
17000,2026-03-12 17:06:00,Consumidor Final,Debito,14500
17001,2026-03-12 16:22:00,Consumidor Final,Mercado Pago,1600
17002,2026-03-12 20:30:00,Consumidor Final,Mercado Pago,4400
17003,2026-03-12 18:00:00,CLI-284,Debito,14300
17004,2026-03-12 19:28:00,CLI-280,Efectivo,6650
17005,2026-03-12 17:51:00,CLI-222,Debito,7200
17006,2026-03-12 12:20:00,CLI-246,Debito,10000
17007,2026-03-12 17:57:00,Consumidor Final,Efectivo,8000
17008,2026-03-12 10:49:00,CLI-163,Credito,16600
17009,2026-03-12 20:28:00,Consumidor Final,Mercado Pago,1800
17010,2026-03-12 09:00:00,CLI-219,Debito,6300
17011,2026-03-12 18:38:00,CLI-276,Mercado Pago,900
17012,2026-03-12 10:56:00,Consumidor Final,Debito,14650
17013,2026-03-12 08:00:00,CLI-289,Mercado Pago,2700
17014,2026-03-12 11:29:00,Consumidor Final,Debito,3800
17015,2026-03-12 20:55:00,CLI-163,Mercado Pago,13800
17016,2026-03-12 10:42:00,Consumidor Final,Mercado Pago,3200
17017,2026-03-12 10:55:00,CLI-213,Debito,12100
17018,2026-03-12 19:03:00,CLI-102,Mercado Pago,10100
17019,2026-03-12 17:26:00,CLI-136,Efectivo,6050
17020,2026-03-12 16:13:00,CLI-175,Mercado Pago,12400
17021,2026-03-12 17:49:00,Consumidor Final,Mercado Pago,4650
17022,2026-03-12 19:14:00,CLI-110,Credito,8650
17023,2026-03-12 09:03:00,CLI-159,Mercado Pago,11500
17024,2026-03-12 09:31:00,Consumidor Final,Efectivo,11000
17025,2026-03-12 16:41:00,CLI-249,Efectivo,3200
17026,2026-03-12 19:51:00,CLI-251,Mercado Pago,3600
17027,2026-03-12 19:14:00,Consumidor Final,Mercado Pago,2700
17028,2026-03-12 18:14:00,CLI-106,Debito,2250
17029,2026-03-12 16:01:00,Consumidor Final,Efectivo,3100
17030,2026-03-12 09:57:00,Consumidor Final,Debito,7950
17031,2026-03-12 11:53:00,Consumidor Final,Efectivo,10800
17032,2026-03-12 18:51:00,CLI-274,Efectivo,9800
17033,2026-03-13 08:22:00,CLI-214,Efectivo,10200
17034,2026-03-13 08:09:00,CLI-137,Efectivo,4500
17035,2026-03-13 12:45:00,Consumidor Final,Mercado Pago,4500
17036,2026-03-13 19:04:00,Consumidor Final,Mercado Pago,2200
17037,2026-03-13 18:01:00,CLI-140,Mercado Pago,7200
17038,2026-03-13 20:47:00,Consumidor Final,Efectivo,1600
17039,2026-03-13 11:43:00,CLI-175,Debito,11600
17040,2026-03-13 19:55:00,CLI-134,Efectivo,14500
17041,2026-03-13 09:35:00,CLI-188,Efectivo,17300
17042,2026-03-13 19:52:00,CLI-116,Mercado Pago,3200
17043,2026-03-13 16:57:00,CLI-262,Mercado Pago,9550
17044,2026-03-13 19:44:00,Consumidor Final,Debito,6600
17045,2026-03-13 17:32:00,Consumidor Final,Efectivo,14000
17046,2026-03-13 16:31:00,CLI-264,Debito,4000
17047,2026-03-13 17:26:00,Consumidor Final,Efectivo,18600
17048,2026-03-13 11:43:00,CLI-288,Mercado Pago,3600
17049,2026-03-13 20:46:00,Consumidor Final,Mercado Pago,13000
17050,2026-03-13 12:53:00,CLI-253,Efectivo,5300
17051,2026-03-13 17:15:00,CLI-204,Efectivo,6600
17052,2026-03-13 18:39:00,Consumidor Final,Mercado Pago,15150
17053,2026-03-13 16:42:00,CLI-207,Mercado Pago,11200
17054,2026-03-13 09:55:00,CLI-172,Debito,3450
17055,2026-03-13 18:38:00,CLI-280,Efectivo,4800
17056,2026-03-13 09:00:00,CLI-122,Debito,4400
17057,2026-03-13 08:28:00,Consumidor Final,Debito,11300
17058,2026-03-13 12:00:00,Consumidor Final,Debito,13300
17059,2026-03-13 12:28:00,CLI-111,Efectivo,16800
17060,2026-03-13 20:41:00,Consumidor Final,Efectivo,14700
17061,2026-03-13 09:10:00,CLI-158,Credito,7700
17062,2026-03-13 17:57:00,CLI-202,Mercado Pago,15700
17063,2026-03-13 17:57:00,Consumidor Final,Credito,17850
17064,2026-03-13 17:37:00,CLI-188,Mercado Pago,17200
17065,2026-03-13 20:33:00,CLI-269,Debito,8100
17066,2026-03-13 16:27:00,Consumidor Final,Efectivo,3200
17067,2026-03-13 17:44:00,Consumidor Final,Credito,5550
17068,2026-03-13 08:10:00,Consumidor Final,Debito,10900
17069,2026-03-13 11:38:00,Consumidor Final,Credito,13700
17070,2026-03-13 16:09:00,CLI-283,Mercado Pago,7600
17071,2026-03-13 17:37:00,CLI-246,Mercado Pago,13250
17072,2026-03-13 12:35:00,Consumidor Final,Efectivo,3100
17073,2026-03-13 11:31:00,CLI-223,Credito,12100
17074,2026-03-13 08:00:00,CLI-187,Efectivo,3200
17075,2026-03-13 12:03:00,Consumidor Final,Debito,13600
17076,2026-03-13 08:44:00,CLI-112,Debito,8400
17077,2026-03-13 09:56:00,Consumidor Final,Mercado Pago,4500
17078,2026-03-13 08:52:00,Consumidor Final,Debito,12900
17079,2026-03-13 17:54:00,Consumidor Final,Debito,4500
17080,2026-03-13 16:39:00,Consumidor Final,Mercado Pago,21200
17081,2026-03-13 09:00:00,CLI-238,Mercado Pago,750
17082,2026-03-13 18:38:00,CLI-269,Debito,22900
17083,2026-03-13 16:28:00,Consumidor Final,Efectivo,11400
17084,2026-03-13 12:05:00,CLI-153,Mercado Pago,4500
17085,2026-03-13 09:36:00,Consumidor Final,Mercado Pago,20300
17086,2026-03-13 11:19:00,Consumidor Final,Efectivo,6800
17087,2026-03-13 11:01:00,Consumidor Final,Debito,6700
17088,2026-03-13 11:37:00,Consumidor Final,Mercado Pago,4750
17089,2026-03-13 20:44:00,Consumidor Final,Mercado Pago,2200
17090,2026-03-13 16:57:00,CLI-194,Mercado Pago,3700
17091,2026-03-13 10:07:00,CLI-246,Debito,7800
17092,2026-03-13 18:36:00,Consumidor Final,Efectivo,19650
17093,2026-03-13 09:44:00,CLI-216,Mercado Pago,3800
17094,2026-03-13 16:40:00,Consumidor Final,Efectivo,10300
17095,2026-03-13 10:58:00,CLI-113,Debito,1500
17096,2026-03-13 20:02:00,CLI-182,Mercado Pago,8000
17097,2026-03-13 08:16:00,CLI-196,Mercado Pago,4500
17098,2026-03-13 11:33:00,CLI-287,Credito,7600
17099,2026-03-13 08:46:00,CLI-257,Debito,8200
17100,2026-03-13 18:42:00,Consumidor Final,Debito,11400
17101,2026-03-13 18:44:00,CLI-100,Debito,12150
17102,2026-03-13 10:57:00,Consumidor Final,Efectivo,16300
17103,2026-03-13 08:29:00,CLI-175,Mercado Pago,10650
17104,2026-03-13 10:08:00,Consumidor Final,Mercado Pago,17400
17105,2026-03-13 19:47:00,CLI-149,Debito,21550
17106,2026-03-13 10:23:00,CLI-292,Efectivo,3800
17107,2026-03-13 17:43:00,Consumidor Final,Mercado Pago,18950
17108,2026-03-13 18:14:00,CLI-165,Mercado Pago,6600
17109,2026-03-13 10:36:00,CLI-147,Mercado Pago,3000
17110,2026-03-13 12:50:00,Consumidor Final,Mercado Pago,19150
17111,2026-03-13 19:07:00,CLI-155,Debito,11000
17112,2026-03-13 17:02:00,Consumidor Final,Debito,6600
17113,2026-03-13 10:12:00,Consumidor Final,Credito,12400
17114,2026-03-13 11:23:00,Consumidor Final,Credito,2700
17115,2026-03-13 12:33:00,CLI-152,Efectivo,11400
17116,2026-03-13 10:05:00,CLI-101,Mercado Pago,5700
17117,2026-03-13 10:41:00,CLI-152,Debito,4500
17118,2026-03-13 20:00:00,CLI-172,Credito,1650
17119,2026-03-13 19:26:00,CLI-263,Debito,9200
17120,2026-03-13 09:49:00,CLI-116,Mercado Pago,1500
17121,2026-03-13 18:30:00,Consumidor Final,Efectivo,8350
17122,2026-03-13 16:31:00,CLI-234,Debito,13500
17123,2026-03-13 17:59:00,CLI-263,Mercado Pago,3350
17124,2026-03-13 09:19:00,Consumidor Final,Mercado Pago,1800
17125,2026-03-13 19:19:00,CLI-172,Debito,11300
17126,2026-03-13 12:43:00,Consumidor Final,Efectivo,12500
17127,2026-03-13 11:27:00,CLI-209,Credito,20300
17128,2026-03-13 10:26:00,CLI-264,Mercado Pago,3000
17129,2026-03-13 19:26:00,CLI-100,Efectivo,10800
17130,2026-03-13 19:04:00,CLI-127,Mercado Pago,4400
17131,2026-03-13 11:44:00,CLI-285,Efectivo,8400
17132,2026-03-13 09:37:00,CLI-116,Mercado Pago,17100
17133,2026-03-13 10:41:00,Consumidor Final,Credito,2600
17134,2026-03-13 09:42:00,Consumidor Final,Efectivo,2900
17135,2026-03-13 08:30:00,CLI-238,Efectivo,10700
17136,2026-03-13 17:54:00,Consumidor Final,Credito,3200
17137,2026-03-13 09:18:00,Consumidor Final,Efectivo,8600
17138,2026-03-13 09:07:00,Consumidor Final,Debito,6500
17139,2026-03-14 17:39:00,Consumidor Final,Mercado Pago,8150
17140,2026-03-14 16:43:00,Consumidor Final,Debito,6600
17141,2026-03-14 20:05:00,CLI-102,Mercado Pago,8550
17142,2026-03-14 19:42:00,Consumidor Final,Mercado Pago,1600
17143,2026-03-14 18:33:00,Consumidor Final,Credito,14700
17144,2026-03-14 08:52:00,Consumidor Final,Mercado Pago,4600
17145,2026-03-14 17:50:00,CLI-280,Efectivo,5500
17146,2026-03-14 08:07:00,CLI-206,Mercado Pago,9200
17147,2026-03-14 16:35:00,CLI-194,Mercado Pago,1800
17148,2026-03-14 16:08:00,CLI-176,Credito,7200
17149,2026-03-14 10:03:00,CLI-131,Efectivo,10600
17150,2026-03-14 16:51:00,CLI-293,Mercado Pago,1850
17151,2026-03-14 18:50:00,Consumidor Final,Efectivo,9400
17152,2026-03-14 19:11:00,Consumidor Final,Debito,11150
17153,2026-03-14 19:15:00,CLI-106,Debito,9800
17154,2026-03-14 17:01:00,CLI-163,Mercado Pago,3300
17155,2026-03-14 12:38:00,CLI-251,Efectivo,2950
17156,2026-03-14 10:03:00,CLI-183,Mercado Pago,6600
17157,2026-03-14 17:34:00,CLI-129,Debito,14600
17158,2026-03-14 20:52:00,CLI-225,Mercado Pago,4750
17159,2026-03-14 10:15:00,CLI-124,Mercado Pago,5500
17160,2026-03-14 11:41:00,CLI-154,Debito,16800
17161,2026-03-14 09:15:00,Consumidor Final,Efectivo,15000
17162,2026-03-14 16:23:00,CLI-169,Mercado Pago,13600
17163,2026-03-14 12:20:00,CLI-190,Credito,8750
17164,2026-03-14 09:53:00,Consumidor Final,Credito,750
17165,2026-03-14 08:10:00,CLI-163,Efectivo,4400
17166,2026-03-14 09:28:00,Consumidor Final,Efectivo,5400
17167,2026-03-14 16:48:00,CLI-175,Debito,20850
17168,2026-03-14 19:19:00,CLI-188,Debito,2250
17169,2026-03-14 08:18:00,Consumidor Final,Mercado Pago,4500
17170,2026-03-14 09:43:00,CLI-115,Debito,11050
17171,2026-03-14 20:01:00,CLI-205,Mercado Pago,6900
17172,2026-03-14 08:39:00,Consumidor Final,Mercado Pago,900
17173,2026-03-14 18:49:00,CLI-203,Debito,10300
17174,2026-03-14 20:44:00,CLI-181,Mercado Pago,19650
17175,2026-03-14 17:49:00,CLI-172,Mercado Pago,3300
17176,2026-03-14 20:03:00,CLI-193,Mercado Pago,12400
17177,2026-03-14 19:24:00,CLI-110,Efectivo,8200
17178,2026-03-14 16:56:00,Consumidor Final,Debito,21800
17179,2026-03-14 10:40:00,Consumidor Final,Efectivo,10200
17180,2026-03-14 19:04:00,Consumidor Final,Efectivo,14650
17181,2026-03-14 16:08:00,CLI-204,Debito,17500
17182,2026-03-14 18:10:00,CLI-167,Efectivo,13200
17183,2026-03-14 19:38:00,Consumidor Final,Efectivo,1500
17184,2026-03-14 10:31:00,CLI-287,Debito,1100
17185,2026-03-14 11:53:00,Consumidor Final,Efectivo,4700
17186,2026-03-14 19:45:00,CLI-220,Debito,5650
17187,2026-03-14 12:16:00,CLI-232,Efectivo,17700
17188,2026-03-14 16:54:00,CLI-216,Efectivo,11100
17189,2026-03-14 18:32:00,CLI-260,Mercado Pago,4450
17190,2026-03-14 10:27:00,Consumidor Final,Mercado Pago,6300
17191,2026-03-14 20:10:00,Consumidor Final,Debito,19450
17192,2026-03-14 18:03:00,CLI-286,Debito,3800
17193,2026-03-14 18:11:00,Consumidor Final,Mercado Pago,10000
17194,2026-03-14 17:41:00,CLI-239,Debito,7300
17195,2026-03-14 09:09:00,CLI-297,Efectivo,10600
17196,2026-03-14 16:53:00,Consumidor Final,Mercado Pago,3000
17197,2026-03-14 08:52:00,CLI-282,Efectivo,3600
17198,2026-03-14 16:32:00,CLI-267,Debito,7100
17199,2026-03-14 19:43:00,CLI-105,Mercado Pago,17950
17200,2026-03-14 20:35:00,CLI-106,Mercado Pago,11400
17201,2026-03-14 18:17:00,Consumidor Final,Credito,11400
17202,2026-03-14 09:12:00,Consumidor Final,Mercado Pago,4000
17203,2026-03-14 11:00:00,CLI-104,Mercado Pago,23250
17204,2026-03-14 12:36:00,CLI-147,Mercado Pago,23300
17205,2026-03-14 19:54:00,CLI-190,Debito,10800
17206,2026-03-14 16:59:00,CLI-198,Debito,1800
17207,2026-03-14 12:56:00,CLI-121,Mercado Pago,2900
17208,2026-03-14 20:38:00,Consumidor Final,Mercado Pago,17450
17209,2026-03-14 10:59:00,CLI-178,Mercado Pago,5800
17210,2026-03-14 12:45:00,Consumidor Final,Mercado Pago,3300
17211,2026-03-14 08:37:00,CLI-202,Debito,4900
17212,2026-03-14 18:13:00,CLI-106,Credito,22800
17213,2026-03-14 16:03:00,CLI-124,Debito,13550
17214,2026-03-14 09:29:00,CLI-255,Efectivo,6700
17215,2026-03-14 09:38:00,CLI-207,Efectivo,2200
17216,2026-03-14 17:58:00,CLI-251,Debito,3800
17217,2026-03-14 16:27:00,Consumidor Final,Debito,7600
17218,2026-03-14 17:31:00,CLI-216,Debito,7000
17219,2026-03-14 09:47:00,CLI-179,Mercado Pago,3600
17220,2026-03-14 16:47:00,Consumidor Final,Debito,750
17221,2026-03-14 11:11:00,Consumidor Final,Efectivo,3400
17222,2026-03-14 10:22:00,Consumidor Final,Debito,16600
17223,2026-03-14 10:54:00,Consumidor Final,Mercado Pago,5250
17224,2026-03-14 20:28:00,Consumidor Final,Mercado Pago,4600
17225,2026-03-14 08:36:00,Consumidor Final,Debito,750
17226,2026-03-14 18:56:00,CLI-104,Mercado Pago,2550
17227,2026-03-14 12:36:00,CLI-198,Mercado Pago,18500
17228,2026-03-14 16:15:00,Consumidor Final,Efectivo,7000
17229,2026-03-14 16:46:00,CLI-140,Debito,7000
17230,2026-03-14 17:55:00,Consumidor Final,Efectivo,2200
17231,2026-03-14 18:09:00,Consumidor Final,Debito,2200
17232,2026-03-14 08:01:00,CLI-156,Efectivo,5600
17233,2026-03-14 08:20:00,CLI-292,Efectivo,13000
17234,2026-03-14 12:34:00,CLI-125,Debito,3200
17235,2026-03-14 20:41:00,Consumidor Final,Mercado Pago,1600
17236,2026-03-14 10:59:00,CLI-192,Mercado Pago,17400
17237,2026-03-14 20:05:00,CLI-157,Debito,23250
17238,2026-03-14 20:03:00,CLI-299,Mercado Pago,8100
17239,2026-03-14 16:08:00,CLI-249,Debito,21700
17240,2026-03-14 10:18:00,CLI-100,Mercado Pago,4800
17241,2026-03-14 10:57:00,Consumidor Final,Debito,19900
17242,2026-03-14 20:01:00,Consumidor Final,Debito,8400
17243,2026-03-15 10:45:00,Consumidor Final,Efectivo,8900
17244,2026-03-15 11:31:00,CLI-183,Mercado Pago,9800
17245,2026-03-15 17:27:00,CLI-269,Efectivo,16600
17246,2026-03-15 11:50:00,CLI-188,Efectivo,1800
17247,2026-03-15 08:24:00,Consumidor Final,Debito,4800
17248,2026-03-15 09:44:00,CLI-207,Mercado Pago,11000
17249,2026-03-15 11:50:00,Consumidor Final,Mercado Pago,9300
17250,2026-03-15 08:35:00,CLI-274,Efectivo,2200
17251,2026-03-15 17:32:00,CLI-245,Debito,3800
17252,2026-03-15 11:33:00,CLI-174,Mercado Pago,3850
17253,2026-03-15 16:24:00,CLI-109,Mercado Pago,15100
17254,2026-03-15 19:57:00,CLI-196,Credito,2550
17255,2026-03-15 20:06:00,Consumidor Final,Debito,12750
17256,2026-03-15 11:33:00,Consumidor Final,Efectivo,6600
17257,2026-03-15 12:43:00,CLI-238,Efectivo,14800
17258,2026-03-15 18:42:00,Consumidor Final,Debito,1100
17259,2026-03-15 09:05:00,Consumidor Final,Efectivo,3100
17260,2026-03-15 12:21:00,Consumidor Final,Mercado Pago,11400
17261,2026-03-15 20:24:00,CLI-181,Efectivo,2250
17262,2026-03-15 20:53:00,CLI-105,Debito,21250
17263,2026-03-15 18:20:00,CLI-153,Efectivo,5250
17264,2026-03-15 19:39:00,CLI-276,Mercado Pago,15900
17265,2026-03-15 17:02:00,CLI-201,Credito,7350
17266,2026-03-15 20:51:00,CLI-162,Mercado Pago,2250
17267,2026-03-15 17:33:00,Consumidor Final,Debito,10350
17268,2026-03-15 16:37:00,Consumidor Final,Mercado Pago,19400
17269,2026-03-15 16:44:00,CLI-155,Credito,10350
17270,2026-03-15 11:03:00,CLI-122,Mercado Pago,3000
17271,2026-03-15 12:06:00,Consumidor Final,Mercado Pago,13000
17272,2026-03-15 18:29:00,Consumidor Final,Efectivo,6600
17273,2026-03-15 17:56:00,CLI-265,Debito,1500
17274,2026-03-15 17:55:00,CLI-210,Debito,4900
17275,2026-03-15 17:06:00,Consumidor Final,Mercado Pago,1500
17276,2026-03-15 19:53:00,Consumidor Final,Efectivo,4100
17277,2026-03-15 20:29:00,CLI-224,Mercado Pago,20100
17278,2026-03-15 10:59:00,Consumidor Final,Mercado Pago,2200
17279,2026-03-15 17:58:00,Consumidor Final,Efectivo,14400
17280,2026-03-15 19:46:00,Consumidor Final,Debito,9950
17281,2026-03-15 10:38:00,CLI-220,Debito,3300
17282,2026-03-15 16:28:00,CLI-252,Credito,3300
17283,2026-03-15 18:42:00,CLI-216,Efectivo,13450
17284,2026-03-15 11:53:00,Consumidor Final,Debito,7750
17285,2026-03-15 17:38:00,CLI-154,Mercado Pago,9950
17286,2026-03-15 09:20:00,Consumidor Final,Debito,8000
17287,2026-03-15 19:27:00,CLI-228,Debito,15150
17288,2026-03-15 20:51:00,CLI-260,Mercado Pago,8800
17289,2026-03-15 16:50:00,CLI-183,Mercado Pago,16500
17290,2026-03-15 11:46:00,CLI-217,Mercado Pago,5400
17291,2026-03-15 17:27:00,CLI-211,Mercado Pago,14100
17292,2026-03-15 10:26:00,CLI-190,Debito,5250
17293,2026-03-15 17:37:00,CLI-108,Mercado Pago,21500
17294,2026-03-15 09:06:00,Consumidor Final,Efectivo,8150
17295,2026-03-15 09:12:00,Consumidor Final,Credito,8750
17296,2026-03-15 09:29:00,Consumidor Final,Efectivo,19900
17297,2026-03-15 18:55:00,Consumidor Final,Mercado Pago,10850
17298,2026-03-15 16:07:00,CLI-109,Mercado Pago,10000
17299,2026-03-15 20:01:00,Consumidor Final,Debito,8600
17300,2026-03-15 18:04:00,Consumidor Final,Efectivo,21700
17301,2026-03-15 16:46:00,CLI-258,Efectivo,3800
17302,2026-03-15 08:12:00,Consumidor Final,Debito,9150
17303,2026-03-15 17:43:00,Consumidor Final,Credito,10750
17304,2026-03-15 17:10:00,CLI-240,Credito,9200
17305,2026-03-15 10:12:00,CLI-165,Mercado Pago,4000
17306,2026-03-15 20:42:00,Consumidor Final,Efectivo,12800
17307,2026-03-15 18:24:00,Consumidor Final,Debito,12100
17308,2026-03-15 10:07:00,Consumidor Final,Mercado Pago,11000
17309,2026-03-15 18:58:00,Consumidor Final,Mercado Pago,16600
17310,2026-03-15 09:40:00,Consumidor Final,Debito,5400
17311,2026-03-15 11:05:00,Consumidor Final,Debito,1500
17312,2026-03-15 19:31:00,CLI-178,Debito,16300
17313,2026-03-15 16:57:00,CLI-134,Efectivo,5800
17314,2026-03-15 08:10:00,CLI-163,Efectivo,34350
17315,2026-03-15 18:59:00,Consumidor Final,Mercado Pago,1800
17316,2026-03-15 16:53:00,Consumidor Final,Debito,17200
17317,2026-03-15 09:16:00,CLI-138,Efectivo,10500
17318,2026-03-15 11:36:00,CLI-237,Mercado Pago,5150
17319,2026-03-15 17:15:00,CLI-291,Debito,2700
17320,2026-03-15 20:06:00,CLI-138,Efectivo,4450
17321,2026-03-15 18:40:00,Consumidor Final,Credito,14250
17322,2026-03-15 18:31:00,Consumidor Final,Credito,7400
17323,2026-03-15 18:36:00,CLI-101,Mercado Pago,20350
17324,2026-03-16 17:45:00,Consumidor Final,Efectivo,6300
17325,2026-03-16 17:17:00,CLI-278,Debito,6050
17326,2026-03-16 10:41:00,CLI-138,Mercado Pago,18300
17327,2026-03-16 17:10:00,CLI-132,Mercado Pago,13300
17328,2026-03-16 09:55:00,CLI-294,Efectivo,1800
17329,2026-03-16 18:52:00,CLI-259,Efectivo,8700
17330,2026-03-16 08:47:00,CLI-140,Efectivo,8500
17331,2026-03-16 19:54:00,CLI-173,Debito,7050
17332,2026-03-16 19:53:00,CLI-261,Credito,2700
17333,2026-03-16 17:02:00,CLI-144,Credito,6600
17334,2026-03-16 08:05:00,CLI-204,Credito,1100
17335,2026-03-16 16:09:00,CLI-171,Debito,10200
17336,2026-03-16 12:07:00,CLI-144,Mercado Pago,2200
17337,2026-03-16 17:07:00,Consumidor Final,Mercado Pago,15750
17338,2026-03-16 20:55:00,Consumidor Final,Efectivo,9000
17339,2026-03-16 19:23:00,CLI-214,Mercado Pago,20800
17340,2026-03-16 12:31:00,CLI-174,Debito,900
17341,2026-03-16 08:17:00,Consumidor Final,Mercado Pago,6500
17342,2026-03-16 17:03:00,Consumidor Final,Mercado Pago,8150
17343,2026-03-16 16:31:00,CLI-273,Mercado Pago,5300
17344,2026-03-16 10:09:00,CLI-274,Debito,2700
17345,2026-03-16 20:19:00,CLI-177,Credito,15350
17346,2026-03-16 12:32:00,CLI-296,Debito,11700
17347,2026-03-16 11:50:00,Consumidor Final,Debito,8850
17348,2026-03-16 11:23:00,CLI-282,Mercado Pago,20400
17349,2026-03-16 11:56:00,CLI-238,Debito,20000
17350,2026-03-16 12:25:00,Consumidor Final,Mercado Pago,14650
17351,2026-03-16 20:16:00,Consumidor Final,Debito,10950
17352,2026-03-16 20:17:00,Consumidor Final,Efectivo,11200
17353,2026-03-16 19:00:00,CLI-214,Debito,4800
17354,2026-03-16 12:31:00,CLI-289,Efectivo,6600
17355,2026-03-16 16:31:00,Consumidor Final,Debito,6150
17356,2026-03-16 08:44:00,CLI-169,Mercado Pago,13100
17357,2026-03-16 12:25:00,CLI-186,Mercado Pago,1800
17358,2026-03-16 19:07:00,CLI-289,Mercado Pago,1500
17359,2026-03-16 11:43:00,Consumidor Final,Mercado Pago,7200
17360,2026-03-16 18:02:00,Consumidor Final,Efectivo,2200
17361,2026-03-16 12:04:00,CLI-287,Debito,8450
17362,2026-03-16 19:58:00,CLI-246,Debito,6100
17363,2026-03-16 17:41:00,CLI-272,Mercado Pago,2600
17364,2026-03-16 09:14:00,CLI-122,Debito,14100
17365,2026-03-16 11:51:00,Consumidor Final,Debito,2700
17366,2026-03-16 20:51:00,CLI-147,Efectivo,3850
17367,2026-03-16 17:36:00,CLI-160,Efectivo,6600
17368,2026-03-16 17:28:00,CLI-219,Debito,4350
17369,2026-03-16 10:53:00,Consumidor Final,Efectivo,750
17370,2026-03-16 19:44:00,CLI-207,Debito,27200
17371,2026-03-16 08:09:00,CLI-134,Debito,9050
17372,2026-03-16 08:52:00,CLI-149,Mercado Pago,4000
17373,2026-03-16 11:51:00,CLI-269,Efectivo,22550
17374,2026-03-16 18:47:00,CLI-171,Efectivo,25900
17375,2026-03-16 17:05:00,CLI-286,Mercado Pago,4800
17376,2026-03-16 20:41:00,Consumidor Final,Efectivo,13750
17377,2026-03-16 08:55:00,CLI-118,Debito,7500
17378,2026-03-16 16:47:00,CLI-260,Efectivo,7200
17379,2026-03-16 12:01:00,CLI-198,Debito,7600
17380,2026-03-16 08:41:00,Consumidor Final,Efectivo,5100
17381,2026-03-16 17:47:00,CLI-124,Debito,14050
17382,2026-03-16 17:23:00,CLI-296,Efectivo,9200
17383,2026-03-16 10:12:00,Consumidor Final,Mercado Pago,1800
17384,2026-03-16 09:50:00,CLI-123,Mercado Pago,25000
17385,2026-03-16 12:57:00,CLI-170,Efectivo,8600
17386,2026-03-16 11:19:00,CLI-111,Debito,6300
17387,2026-03-16 12:10:00,CLI-174,Mercado Pago,22250
17388,2026-03-16 11:25:00,CLI-172,Efectivo,750
17389,2026-03-16 16:44:00,CLI-263,Mercado Pago,6900
17390,2026-03-16 09:31:00,CLI-240,Debito,1800
17391,2026-03-16 19:02:00,CLI-137,Efectivo,11200
17392,2026-03-16 20:56:00,Consumidor Final,Debito,16450
17393,2026-03-16 12:09:00,Consumidor Final,Credito,5850
17394,2026-03-16 08:58:00,CLI-158,Debito,20250
17395,2026-03-16 10:20:00,CLI-237,Mercado Pago,750
17396,2026-03-16 19:07:00,Consumidor Final,Credito,3600
17397,2026-03-16 11:22:00,CLI-273,Efectivo,6300
17398,2026-03-16 08:44:00,Consumidor Final,Mercado Pago,3300
17399,2026-03-16 18:33:00,CLI-174,Mercado Pago,3200
17400,2026-03-16 10:54:00,CLI-156,Credito,4400
17401,2026-03-16 17:24:00,Consumidor Final,Mercado Pago,9400
17402,2026-03-16 16:07:00,Consumidor Final,Efectivo,1600
17403,2026-03-16 17:02:00,Consumidor Final,Debito,26200
17404,2026-03-16 12:33:00,Consumidor Final,Efectivo,2200
17405,2026-03-16 18:26:00,Consumidor Final,Mercado Pago,3800
17406,2026-03-16 08:17:00,Consumidor Final,Debito,13600
17407,2026-03-16 12:07:00,CLI-238,Debito,1600
17408,2026-03-16 19:29:00,Consumidor Final,Debito,5600
17409,2026-03-16 17:29:00,Consumidor Final,Mercado Pago,5900
17410,2026-03-16 19:31:00,CLI-138,Debito,5300
17411,2026-03-16 12:30:00,CLI-175,Debito,7600
17412,2026-03-16 17:18:00,CLI-233,Debito,15950
17413,2026-03-16 19:50:00,CLI-132,Efectivo,21700
17414,2026-03-16 18:33:00,CLI-289,Debito,14200
17415,2026-03-16 17:58:00,CLI-133,Efectivo,13200
17416,2026-03-16 08:41:00,CLI-267,Debito,4600
17417,2026-03-16 20:57:00,CLI-151,Debito,2700
17418,2026-03-16 18:27:00,Consumidor Final,Debito,8200
17419,2026-03-16 11:29:00,Consumidor Final,Mercado Pago,25300
17420,2026-03-16 10:18:00,CLI-216,Credito,3300
17421,2026-03-16 20:13:00,CLI-109,Efectivo,3300
17422,2026-03-16 18:31:00,CLI-120,Efectivo,6600
17423,2026-03-16 20:55:00,Consumidor Final,Debito,4100
17424,2026-03-16 18:28:00,CLI-136,Mercado Pago,18350
17425,2026-03-16 12:28:00,Consumidor Final,Debito,6700
17426,2026-03-16 11:29:00,CLI-119,Credito,3800
17427,2026-03-16 17:55:00,Consumidor Final,Debito,15550
17428,2026-03-16 16:38:00,Consumidor Final,Mercado Pago,3800
17429,2026-03-16 20:22:00,Consumidor Final,Debito,13600
17430,2026-03-16 12:24:00,Consumidor Final,Debito,8200
17431,2026-03-16 12:51:00,Consumidor Final,Debito,6300
17432,2026-03-16 10:13:00,Consumidor Final,Debito,7800
17433,2026-03-16 20:32:00,CLI-217,Mercado Pago,20350
17434,2026-03-16 18:56:00,Consumidor Final,Debito,16100
17435,2026-03-16 20:19:00,CLI-192,Mercado Pago,1500
17436,2026-03-16 10:11:00,CLI-176,Mercado Pago,8100
17437,2026-03-16 19:40:00,CLI-261,Efectivo,8400
17438,2026-03-16 12:58:00,Consumidor Final,Mercado Pago,24100
17439,2026-03-16 17:55:00,Consumidor Final,Mercado Pago,9300
17440,2026-03-16 10:14:00,CLI-251,Credito,4700
17441,2026-03-16 08:20:00,Consumidor Final,Credito,2500
17442,2026-03-17 09:06:00,CLI-264,Debito,5600
17443,2026-03-17 09:18:00,CLI-258,Efectivo,13300
17444,2026-03-17 18:05:00,CLI-185,Debito,11900
17445,2026-03-17 11:52:00,Consumidor Final,Debito,8200
17446,2026-03-17 10:34:00,CLI-174,Efectivo,7500
17447,2026-03-17 10:32:00,CLI-114,Mercado Pago,10850
17448,2026-03-17 19:09:00,Consumidor Final,Debito,19250
17449,2026-03-17 17:06:00,CLI-144,Credito,9150
17450,2026-03-17 08:36:00,Consumidor Final,Debito,13300
17451,2026-03-17 10:34:00,CLI-226,Debito,22300
17452,2026-03-17 19:46:00,CLI-211,Efectivo,14300
17453,2026-03-17 20:15:00,Consumidor Final,Efectivo,23250
17454,2026-03-17 20:51:00,CLI-198,Debito,8100
17455,2026-03-17 19:26:00,CLI-233,Debito,13800
17456,2026-03-17 17:11:00,Consumidor Final,Efectivo,10950
17457,2026-03-17 19:28:00,CLI-202,Mercado Pago,4800
17458,2026-03-17 18:18:00,Consumidor Final,Mercado Pago,19400
17459,2026-03-17 10:03:00,CLI-267,Debito,6400
17460,2026-03-17 20:53:00,CLI-171,Debito,1500
17461,2026-03-17 18:38:00,Consumidor Final,Efectivo,12200
17462,2026-03-17 20:09:00,Consumidor Final,Mercado Pago,19100
17463,2026-03-17 19:40:00,Consumidor Final,Debito,10550
17464,2026-03-17 08:00:00,Consumidor Final,Debito,3300
17465,2026-03-17 20:53:00,CLI-123,Mercado Pago,15900
17466,2026-03-17 19:59:00,Consumidor Final,Debito,15050
17467,2026-03-17 11:52:00,Consumidor Final,Mercado Pago,7700
17468,2026-03-17 18:18:00,Consumidor Final,Credito,1600
17469,2026-03-17 08:32:00,Consumidor Final,Debito,750
17470,2026-03-17 10:27:00,CLI-274,Efectivo,4800
17471,2026-03-17 19:56:00,Consumidor Final,Mercado Pago,7400
17472,2026-03-17 16:07:00,Consumidor Final,Debito,16100
17473,2026-03-17 10:36:00,Consumidor Final,Debito,8850
17474,2026-03-17 20:22:00,CLI-277,Debito,7800
17475,2026-03-17 11:33:00,Consumidor Final,Efectivo,11200
17476,2026-03-17 11:35:00,CLI-131,Efectivo,14200
17477,2026-03-17 09:41:00,CLI-234,Efectivo,8500
17478,2026-03-17 10:58:00,CLI-144,Debito,9500
17479,2026-03-17 17:59:00,CLI-270,Efectivo,8600
17480,2026-03-17 19:07:00,CLI-263,Debito,6050
17481,2026-03-17 17:17:00,CLI-247,Efectivo,4800
17482,2026-03-17 08:42:00,CLI-139,Efectivo,14500
17483,2026-03-17 17:13:00,CLI-253,Mercado Pago,6050
17484,2026-03-17 10:23:00,CLI-177,Efectivo,4400
17485,2026-03-17 12:38:00,CLI-128,Debito,3600
17486,2026-03-17 16:20:00,CLI-208,Mercado Pago,13800
17487,2026-03-17 10:32:00,CLI-158,Credito,8700
17488,2026-03-17 12:59:00,Consumidor Final,Mercado Pago,15900
17489,2026-03-17 16:00:00,Consumidor Final,Debito,4800
17490,2026-03-17 11:12:00,Consumidor Final,Efectivo,4800
17491,2026-03-17 16:37:00,Consumidor Final,Debito,16950
17492,2026-03-17 10:58:00,CLI-296,Debito,3600
17493,2026-03-17 17:46:00,Consumidor Final,Efectivo,16800
17494,2026-03-17 18:51:00,CLI-200,Debito,11600
17495,2026-03-17 08:54:00,CLI-210,Debito,3300
17496,2026-03-17 18:38:00,CLI-173,Debito,10350
17497,2026-03-17 19:36:00,CLI-185,Mercado Pago,16500
17498,2026-03-17 17:11:00,Consumidor Final,Debito,8600
17499,2026-03-17 08:15:00,Consumidor Final,Credito,25300
17500,2026-03-17 09:00:00,CLI-188,Efectivo,7100
17501,2026-03-17 11:19:00,Consumidor Final,Credito,22400
17502,2026-03-17 19:25:00,Consumidor Final,Mercado Pago,6800
17503,2026-03-17 11:23:00,Consumidor Final,Debito,1100
17504,2026-03-17 18:09:00,CLI-267,Debito,3300
17505,2026-03-17 17:46:00,Consumidor Final,Debito,12300
17506,2026-03-17 17:57:00,CLI-139,Debito,5550
17507,2026-03-17 20:25:00,Consumidor Final,Efectivo,7650
17508,2026-03-17 19:42:00,Consumidor Final,Efectivo,3800
17509,2026-03-17 20:43:00,CLI-243,Credito,3800
17510,2026-03-17 12:37:00,Consumidor Final,Efectivo,7050
17511,2026-03-17 19:44:00,CLI-289,Efectivo,9400
17512,2026-03-17 16:56:00,CLI-117,Efectivo,3000
17513,2026-03-17 10:15:00,Consumidor Final,Credito,13000
17514,2026-03-17 20:20:00,Consumidor Final,Efectivo,9200
17515,2026-03-17 20:16:00,CLI-280,Debito,3800
17516,2026-03-17 08:19:00,Consumidor Final,Efectivo,4800
17517,2026-03-17 19:32:00,CLI-112,Efectivo,2250
17518,2026-03-17 17:09:00,CLI-147,Debito,4200
17519,2026-03-17 12:56:00,CLI-117,Debito,5800
17520,2026-03-17 11:07:00,Consumidor Final,Debito,4400
17521,2026-03-17 17:20:00,Consumidor Final,Efectivo,9600
17522,2026-03-18 18:39:00,CLI-196,Credito,6600
17523,2026-03-18 19:37:00,Consumidor Final,Debito,14800
17524,2026-03-18 17:41:00,Consumidor Final,Mercado Pago,13200
17525,2026-03-18 20:18:00,CLI-276,Debito,7600
17526,2026-03-18 18:15:00,Consumidor Final,Credito,1500
17527,2026-03-18 20:06:00,CLI-287,Credito,17600
17528,2026-03-18 11:44:00,CLI-253,Efectivo,10100
17529,2026-03-18 17:42:00,Consumidor Final,Efectivo,750
17530,2026-03-18 10:44:00,CLI-242,Efectivo,20600
17531,2026-03-18 20:07:00,Consumidor Final,Mercado Pago,14500
17532,2026-03-18 17:43:00,CLI-218,Debito,5100
17533,2026-03-18 16:14:00,CLI-242,Debito,2700
17534,2026-03-18 19:16:00,CLI-200,Efectivo,7400
17535,2026-03-18 17:41:00,Consumidor Final,Efectivo,14150
17536,2026-03-18 19:47:00,Consumidor Final,Debito,4800
17537,2026-03-18 10:47:00,CLI-202,Debito,2400
17538,2026-03-18 19:41:00,Consumidor Final,Debito,26450
17539,2026-03-18 11:39:00,CLI-235,Mercado Pago,11400
17540,2026-03-18 09:40:00,CLI-121,Efectivo,4650
17541,2026-03-18 20:41:00,Consumidor Final,Efectivo,3600
17542,2026-03-18 18:34:00,CLI-268,Mercado Pago,19450
17543,2026-03-18 09:48:00,CLI-119,Mercado Pago,14250
17544,2026-03-18 11:07:00,Consumidor Final,Efectivo,1600
17545,2026-03-18 12:13:00,Consumidor Final,Efectivo,11200
17546,2026-03-18 12:57:00,Consumidor Final,Debito,5800
17547,2026-03-18 16:27:00,CLI-223,Mercado Pago,9350
17548,2026-03-18 16:58:00,CLI-168,Efectivo,18750
17549,2026-03-18 20:51:00,Consumidor Final,Mercado Pago,9800
17550,2026-03-18 20:06:00,CLI-261,Mercado Pago,1800
17551,2026-03-18 16:02:00,Consumidor Final,Debito,1500
17552,2026-03-18 08:46:00,Consumidor Final,Debito,8100
17553,2026-03-18 10:19:00,Consumidor Final,Debito,4100
17554,2026-03-18 12:34:00,CLI-210,Mercado Pago,6300
17555,2026-03-18 09:27:00,Consumidor Final,Mercado Pago,5550
17556,2026-03-18 18:13:00,Consumidor Final,Debito,3000
17557,2026-03-18 17:13:00,CLI-221,Debito,2700
17558,2026-03-18 18:40:00,Consumidor Final,Efectivo,21050
17559,2026-03-18 10:02:00,Consumidor Final,Mercado Pago,2200
17560,2026-03-18 19:36:00,CLI-140,Mercado Pago,2400
17561,2026-03-18 11:45:00,CLI-258,Mercado Pago,2700
17562,2026-03-18 17:23:00,CLI-247,Efectivo,12200
17563,2026-03-18 17:40:00,Consumidor Final,Mercado Pago,8400
17564,2026-03-18 18:01:00,Consumidor Final,Efectivo,12000
17565,2026-03-18 17:58:00,Consumidor Final,Debito,8900
17566,2026-03-18 11:04:00,Consumidor Final,Debito,3300
17567,2026-03-18 16:04:00,Consumidor Final,Mercado Pago,7350
17568,2026-03-18 19:48:00,CLI-203,Mercado Pago,6500
17569,2026-03-18 16:09:00,Consumidor Final,Debito,14800
17570,2026-03-18 09:38:00,CLI-272,Efectivo,25100
17571,2026-03-18 20:25:00,Consumidor Final,Efectivo,7600
17572,2026-03-18 11:13:00,CLI-156,Efectivo,22100
17573,2026-03-18 19:38:00,CLI-229,Mercado Pago,14250
17574,2026-03-18 10:36:00,Consumidor Final,Efectivo,7500
17575,2026-03-18 20:27:00,CLI-231,Mercado Pago,14000
17576,2026-03-18 18:30:00,CLI-275,Efectivo,7350
17577,2026-03-18 20:47:00,Consumidor Final,Efectivo,11850
17578,2026-03-18 18:52:00,CLI-165,Debito,17400
17579,2026-03-18 19:39:00,Consumidor Final,Credito,8500
17580,2026-03-18 17:49:00,CLI-183,Mercado Pago,6500
17581,2026-03-18 10:00:00,Consumidor Final,Credito,11100
17582,2026-03-18 17:32:00,CLI-102,Credito,8900
17583,2026-03-18 17:16:00,Consumidor Final,Efectivo,1600
17584,2026-03-18 16:02:00,CLI-221,Debito,10800
17585,2026-03-18 09:28:00,CLI-267,Debito,9250
17586,2026-03-18 09:59:00,Consumidor Final,Mercado Pago,19500
17587,2026-03-18 09:35:00,CLI-239,Debito,20000
17588,2026-03-18 08:13:00,CLI-265,Efectivo,15700
17589,2026-03-18 16:57:00,CLI-208,Debito,3300
17590,2026-03-18 19:08:00,Consumidor Final,Debito,4800
17591,2026-03-18 12:57:00,Consumidor Final,Efectivo,17000
17592,2026-03-18 16:07:00,Consumidor Final,Debito,8500
17593,2026-03-18 18:36:00,Consumidor Final,Mercado Pago,3800
17594,2026-03-18 16:50:00,CLI-191,Debito,10900
17595,2026-03-18 08:27:00,Consumidor Final,Efectivo,23600
17596,2026-03-18 20:37:00,Consumidor Final,Mercado Pago,5400
17597,2026-03-18 11:24:00,CLI-239,Mercado Pago,7200
17598,2026-03-18 11:39:00,Consumidor Final,Efectivo,4050
17599,2026-03-18 09:50:00,CLI-299,Debito,25400
17600,2026-03-18 10:40:00,CLI-282,Debito,14600
17601,2026-03-18 16:12:00,Consumidor Final,Debito,9000
17602,2026-03-18 17:57:00,Consumidor Final,Debito,12400
17603,2026-03-18 09:03:00,Consumidor Final,Mercado Pago,3800
17604,2026-03-18 11:33:00,CLI-238,Efectivo,10100
17605,2026-03-18 18:35:00,CLI-260,Mercado Pago,20700
17606,2026-03-18 09:07:00,Consumidor Final,Efectivo,6250
17607,2026-03-19 09:44:00,CLI-219,Debito,3300
17608,2026-03-19 11:04:00,Consumidor Final,Mercado Pago,3000
17609,2026-03-19 09:01:00,CLI-229,Efectivo,11500
17610,2026-03-19 10:55:00,CLI-117,Efectivo,7400
17611,2026-03-19 12:04:00,Consumidor Final,Mercado Pago,9800
17612,2026-03-19 17:59:00,CLI-117,Efectivo,5800
17613,2026-03-19 17:10:00,CLI-186,Mercado Pago,19450
17614,2026-03-19 17:51:00,Consumidor Final,Efectivo,4500
17615,2026-03-19 12:20:00,CLI-209,Credito,12400
17616,2026-03-19 18:16:00,CLI-225,Mercado Pago,11400
17617,2026-03-19 09:04:00,CLI-118,Debito,9200
17618,2026-03-19 20:55:00,Consumidor Final,Efectivo,1600
17619,2026-03-19 11:29:00,Consumidor Final,Mercado Pago,2200
17620,2026-03-19 10:32:00,Consumidor Final,Efectivo,22550
17621,2026-03-19 20:15:00,CLI-299,Debito,18100
17622,2026-03-19 20:11:00,Consumidor Final,Mercado Pago,2700
17623,2026-03-19 11:33:00,CLI-204,Mercado Pago,5300
17624,2026-03-19 08:36:00,CLI-182,Efectivo,5400
17625,2026-03-19 20:01:00,Consumidor Final,Debito,12000
17626,2026-03-19 11:48:00,CLI-143,Debito,16800
17627,2026-03-19 16:33:00,CLI-284,Mercado Pago,4550
17628,2026-03-19 18:12:00,CLI-172,Debito,1800
17629,2026-03-19 12:45:00,CLI-183,Mercado Pago,17750
17630,2026-03-19 12:40:00,CLI-238,Mercado Pago,1500
17631,2026-03-19 16:16:00,CLI-270,Mercado Pago,4400
17632,2026-03-19 18:17:00,Consumidor Final,Mercado Pago,750
17633,2026-03-19 11:24:00,Consumidor Final,Mercado Pago,1800
17634,2026-03-19 16:30:00,CLI-281,Mercado Pago,3600
17635,2026-03-19 20:54:00,CLI-169,Mercado Pago,3300
17636,2026-03-19 09:58:00,CLI-160,Efectivo,1500
17637,2026-03-19 20:21:00,Consumidor Final,Credito,6200
17638,2026-03-19 19:54:00,CLI-222,Credito,9100
17639,2026-03-19 12:04:00,Consumidor Final,Debito,900
17640,2026-03-19 08:08:00,CLI-261,Debito,4700
17641,2026-03-19 12:34:00,CLI-120,Credito,4800
17642,2026-03-19 17:27:00,CLI-148,Mercado Pago,3400
17643,2026-03-19 20:59:00,CLI-167,Debito,6300
17644,2026-03-19 08:19:00,Consumidor Final,Credito,11900
17645,2026-03-19 20:39:00,CLI-157,Mercado Pago,14600
17646,2026-03-19 08:15:00,CLI-101,Mercado Pago,5900
17647,2026-03-19 16:57:00,CLI-269,Debito,25950
17648,2026-03-19 16:14:00,CLI-283,Credito,2200
17649,2026-03-19 19:05:00,CLI-258,Debito,12400
17650,2026-03-19 18:14:00,Consumidor Final,Efectivo,12000
17651,2026-03-19 08:55:00,Consumidor Final,Debito,3200
17652,2026-03-19 17:55:00,CLI-133,Debito,9700
17653,2026-03-19 08:08:00,CLI-132,Mercado Pago,6700
17654,2026-03-19 17:38:00,Consumidor Final,Credito,26100
17655,2026-03-19 16:48:00,CLI-272,Efectivo,1800
17656,2026-03-19 12:19:00,Consumidor Final,Debito,4450
17657,2026-03-19 08:48:00,Consumidor Final,Debito,1100
17658,2026-03-19 19:51:00,CLI-167,Credito,1650
17659,2026-03-19 10:13:00,CLI-151,Mercado Pago,4800
17660,2026-03-19 19:52:00,Consumidor Final,Mercado Pago,13100
17661,2026-03-19 20:39:00,CLI-177,Mercado Pago,16550
17662,2026-03-19 20:24:00,Consumidor Final,Efectivo,17200
17663,2026-03-19 12:43:00,CLI-100,Efectivo,3200
17664,2026-03-19 11:18:00,CLI-220,Mercado Pago,8500
17665,2026-03-19 19:27:00,CLI-170,Efectivo,24700
17666,2026-03-19 09:45:00,CLI-103,Mercado Pago,3000
17667,2026-03-19 11:02:00,Consumidor Final,Credito,1100
17668,2026-03-19 16:34:00,CLI-102,Mercado Pago,19550
17669,2026-03-19 16:54:00,Consumidor Final,Efectivo,4800
17670,2026-03-19 08:05:00,Consumidor Final,Efectivo,16100
17671,2026-03-19 19:31:00,Consumidor Final,Efectivo,4800
17672,2026-03-19 19:31:00,Consumidor Final,Efectivo,2950
17673,2026-03-19 20:58:00,CLI-226,Debito,12800
17674,2026-03-19 11:25:00,Consumidor Final,Debito,7150
17675,2026-03-19 20:14:00,CLI-289,Mercado Pago,13400
17676,2026-03-19 17:09:00,CLI-230,Debito,1800
17677,2026-03-19 16:44:00,Consumidor Final,Mercado Pago,6600
17678,2026-03-19 20:06:00,Consumidor Final,Efectivo,5600
17679,2026-03-19 18:12:00,CLI-235,Credito,14950
17680,2026-03-19 20:14:00,CLI-101,Efectivo,5300
17681,2026-03-19 11:46:00,CLI-224,Efectivo,10100
17682,2026-03-19 12:01:00,Consumidor Final,Efectivo,9100
17683,2026-03-19 12:57:00,Consumidor Final,Mercado Pago,15600
17684,2026-03-19 10:53:00,Consumidor Final,Mercado Pago,17400
17685,2026-03-19 12:38:00,CLI-253,Debito,2250
17686,2026-03-19 16:36:00,Consumidor Final,Mercado Pago,1800
17687,2026-03-19 10:56:00,CLI-209,Debito,6900
17688,2026-03-19 20:26:00,Consumidor Final,Efectivo,12900
17689,2026-03-19 16:01:00,Consumidor Final,Credito,4800
17690,2026-03-19 16:09:00,CLI-148,Debito,5400
17691,2026-03-19 11:14:00,CLI-158,Credito,9700
17692,2026-03-19 11:05:00,Consumidor Final,Mercado Pago,9200
17693,2026-03-19 17:11:00,Consumidor Final,Efectivo,10350
17694,2026-03-19 08:42:00,Consumidor Final,Debito,13500
17695,2026-03-19 17:27:00,CLI-187,Debito,1800
17696,2026-03-19 11:20:00,CLI-194,Debito,4200
17697,2026-03-19 18:11:00,CLI-183,Credito,4000
17698,2026-03-19 09:08:00,CLI-162,Credito,8800
17699,2026-03-19 10:11:00,CLI-187,Efectivo,6050
17700,2026-03-19 09:04:00,CLI-284,Mercado Pago,11700
17701,2026-03-19 19:05:00,CLI-165,Efectivo,11550
17702,2026-03-19 16:58:00,Consumidor Final,Debito,7800
17703,2026-03-19 17:56:00,CLI-254,Credito,2600
17704,2026-03-19 09:54:00,Consumidor Final,Mercado Pago,3600
17705,2026-03-19 20:04:00,CLI-164,Efectivo,8300
17706,2026-03-19 09:59:00,CLI-170,Mercado Pago,20600
17707,2026-03-19 17:44:00,Consumidor Final,Efectivo,7800
17708,2026-03-19 09:34:00,CLI-229,Efectivo,9100
17709,2026-03-19 11:04:00,CLI-173,Mercado Pago,10400
17710,2026-03-19 08:49:00,CLI-122,Efectivo,11200
17711,2026-03-19 10:07:00,Consumidor Final,Debito,6700
17712,2026-03-19 11:13:00,Consumidor Final,Efectivo,19150
17713,2026-03-19 11:16:00,Consumidor Final,Efectivo,10500
17714,2026-03-19 17:25:00,Consumidor Final,Efectivo,8000
17715,2026-03-19 12:44:00,CLI-101,Credito,9500
17716,2026-03-19 08:27:00,CLI-294,Efectivo,1800
17717,2026-03-19 20:40:00,CLI-186,Efectivo,10800
17718,2026-03-19 19:38:00,CLI-125,Mercado Pago,12050
17719,2026-03-19 09:46:00,CLI-142,Mercado Pago,16200
17720,2026-03-19 18:49:00,CLI-204,Debito,4400
17721,2026-03-19 17:32:00,CLI-126,Mercado Pago,9400
17722,2026-03-19 10:44:00,Consumidor Final,Efectivo,11400
17723,2026-03-20 09:04:00,Consumidor Final,Debito,6600
17724,2026-03-20 17:40:00,Consumidor Final,Debito,7600
17725,2026-03-20 12:42:00,CLI-297,Debito,3300
17726,2026-03-20 10:23:00,CLI-239,Debito,9350
17727,2026-03-20 08:19:00,CLI-144,Debito,15800
17728,2026-03-20 12:18:00,CLI-124,Debito,14400
17729,2026-03-20 11:53:00,CLI-119,Efectivo,3300
17730,2026-03-20 11:28:00,CLI-245,Efectivo,12200
17731,2026-03-20 11:33:00,CLI-141,Debito,15850
17732,2026-03-20 20:17:00,CLI-207,Debito,7350
17733,2026-03-20 08:21:00,Consumidor Final,Debito,13800
17734,2026-03-20 18:59:00,Consumidor Final,Mercado Pago,4800
17735,2026-03-20 19:05:00,CLI-219,Mercado Pago,28400
17736,2026-03-20 09:18:00,Consumidor Final,Debito,14100
17737,2026-03-20 08:57:00,CLI-243,Efectivo,7100
17738,2026-03-20 19:05:00,Consumidor Final,Efectivo,22550
17739,2026-03-20 08:18:00,Consumidor Final,Efectivo,12450
17740,2026-03-20 08:41:00,CLI-137,Mercado Pago,19000
17741,2026-03-20 10:15:00,CLI-210,Mercado Pago,4500
17742,2026-03-20 08:18:00,Consumidor Final,Debito,22100
17743,2026-03-20 09:15:00,CLI-211,Mercado Pago,15700
17744,2026-03-20 16:18:00,Consumidor Final,Mercado Pago,5400
17745,2026-03-20 20:26:00,CLI-245,Efectivo,9200
17746,2026-03-20 20:26:00,CLI-278,Efectivo,3400
17747,2026-03-20 12:36:00,CLI-115,Debito,7000
17748,2026-03-20 10:17:00,CLI-223,Efectivo,8600
17749,2026-03-20 09:00:00,CLI-174,Debito,14550
17750,2026-03-20 20:21:00,Consumidor Final,Credito,1500
17751,2026-03-20 08:03:00,CLI-204,Debito,23200
17752,2026-03-20 08:58:00,CLI-172,Efectivo,7050
17753,2026-03-20 10:42:00,Consumidor Final,Efectivo,9600
17754,2026-03-20 10:08:00,CLI-229,Debito,15250
17755,2026-03-20 08:48:00,Consumidor Final,Mercado Pago,18100
17756,2026-03-20 12:32:00,CLI-262,Credito,14650
17757,2026-03-20 10:19:00,Consumidor Final,Credito,1600
17758,2026-03-20 17:53:00,Consumidor Final,Debito,9900
17759,2026-03-20 19:28:00,Consumidor Final,Efectivo,5600
17760,2026-03-20 12:31:00,CLI-235,Credito,2000
17761,2026-03-20 12:32:00,Consumidor Final,Mercado Pago,900
17762,2026-03-20 12:18:00,CLI-272,Mercado Pago,17800
17763,2026-03-20 18:11:00,CLI-230,Efectivo,6800
17764,2026-03-20 11:06:00,Consumidor Final,Debito,5450
17765,2026-03-20 20:48:00,CLI-273,Mercado Pago,2700
17766,2026-03-20 20:54:00,Consumidor Final,Debito,3300
17767,2026-03-20 10:58:00,Consumidor Final,Debito,14200
17768,2026-03-20 20:42:00,Consumidor Final,Debito,5900
17769,2026-03-20 19:26:00,Consumidor Final,Debito,6600
17770,2026-03-20 10:31:00,CLI-137,Debito,20350
17771,2026-03-20 17:10:00,Consumidor Final,Debito,3600
17772,2026-03-20 20:51:00,CLI-176,Debito,2200
17773,2026-03-20 17:22:00,Consumidor Final,Debito,10400
17774,2026-03-20 16:27:00,CLI-220,Mercado Pago,1800
17775,2026-03-20 16:48:00,Consumidor Final,Debito,1800
17776,2026-03-20 10:08:00,CLI-253,Efectivo,1800
17777,2026-03-20 08:15:00,CLI-217,Debito,27900
17778,2026-03-20 19:41:00,CLI-262,Efectivo,7600
17779,2026-03-20 16:52:00,CLI-217,Debito,8400
17780,2026-03-20 08:33:00,Consumidor Final,Efectivo,7700
17781,2026-03-20 17:40:00,CLI-219,Efectivo,8800
17782,2026-03-20 19:03:00,CLI-236,Mercado Pago,3200
17783,2026-03-20 20:03:00,Consumidor Final,Debito,10800
17784,2026-03-20 08:30:00,CLI-118,Debito,3600
17785,2026-03-20 08:22:00,Consumidor Final,Mercado Pago,1500
17786,2026-03-20 08:57:00,CLI-239,Debito,3800
17787,2026-03-20 19:25:00,CLI-207,Efectivo,1100
17788,2026-03-20 17:41:00,CLI-221,Efectivo,15900
17789,2026-03-20 20:59:00,CLI-277,Mercado Pago,1800
17790,2026-03-20 10:21:00,CLI-189,Credito,13900
17791,2026-03-20 10:15:00,CLI-193,Mercado Pago,11150
17792,2026-03-20 16:39:00,Consumidor Final,Mercado Pago,8200
17793,2026-03-20 12:36:00,CLI-259,Efectivo,15150
17794,2026-03-20 19:41:00,CLI-147,Debito,6300
17795,2026-03-20 16:35:00,CLI-177,Efectivo,7600
17796,2026-03-20 20:09:00,Consumidor Final,Efectivo,15350
17797,2026-03-20 18:09:00,CLI-127,Mercado Pago,5600
17798,2026-03-20 16:20:00,CLI-196,Mercado Pago,8800
17799,2026-03-20 12:03:00,Consumidor Final,Debito,1800
17800,2026-03-20 16:15:00,Consumidor Final,Mercado Pago,4550
17801,2026-03-20 08:01:00,CLI-118,Debito,15700
17802,2026-03-20 08:54:00,CLI-124,Credito,3000
17803,2026-03-20 20:23:00,Consumidor Final,Mercado Pago,1500
17804,2026-03-20 19:41:00,CLI-231,Debito,5500
17805,2026-03-20 17:25:00,CLI-194,Efectivo,6950
17806,2026-03-20 12:49:00,Consumidor Final,Efectivo,6750
17807,2026-03-20 18:28:00,CLI-178,Credito,4600
17808,2026-03-20 10:27:00,CLI-121,Credito,8900
17809,2026-03-20 18:58:00,Consumidor Final,Debito,5600
17810,2026-03-20 17:58:00,CLI-199,Mercado Pago,10600
17811,2026-03-20 19:49:00,CLI-175,Debito,25350
17812,2026-03-20 20:02:00,Consumidor Final,Efectivo,22300
17813,2026-03-20 10:09:00,Consumidor Final,Mercado Pago,6700
17814,2026-03-20 11:53:00,Consumidor Final,Mercado Pago,15300
17815,2026-03-20 12:17:00,CLI-121,Credito,11450
17816,2026-03-20 20:39:00,CLI-126,Efectivo,7600
17817,2026-03-20 16:57:00,CLI-127,Mercado Pago,3300
17818,2026-03-20 12:28:00,CLI-297,Mercado Pago,2700
17819,2026-03-20 09:29:00,CLI-263,Mercado Pago,5500
17820,2026-03-20 17:40:00,CLI-214,Mercado Pago,8800
17821,2026-03-20 20:48:00,CLI-165,Debito,11400
17822,2026-03-20 17:40:00,CLI-237,Debito,20700
17823,2026-03-20 16:06:00,CLI-228,Efectivo,18300
17824,2026-03-20 18:25:00,CLI-177,Mercado Pago,9900
17825,2026-03-20 17:07:00,CLI-298,Mercado Pago,1500
17826,2026-03-20 17:17:00,Consumidor Final,Efectivo,3200
17827,2026-03-20 08:02:00,CLI-225,Mercado Pago,7050
17828,2026-03-20 10:07:00,CLI-261,Efectivo,12500
17829,2026-03-20 09:20:00,CLI-157,Efectivo,750
17830,2026-03-20 18:50:00,Consumidor Final,Debito,14500
17831,2026-03-20 18:37:00,Consumidor Final,Debito,9250
17832,2026-03-20 16:43:00,CLI-137,Mercado Pago,7800
17833,2026-03-20 18:23:00,CLI-143,Mercado Pago,7600
17834,2026-03-20 18:21:00,Consumidor Final,Debito,6200
17835,2026-03-20 10:28:00,CLI-135,Debito,12400
17836,2026-03-20 16:51:00,Consumidor Final,Mercado Pago,12900
17837,2026-03-21 16:12:00,Consumidor Final,Credito,7550
17838,2026-03-21 16:00:00,CLI-294,Debito,1800
17839,2026-03-21 20:54:00,CLI-275,Debito,900
17840,2026-03-21 11:23:00,CLI-259,Mercado Pago,7800
17841,2026-03-21 08:29:00,CLI-189,Credito,1800
17842,2026-03-21 20:41:00,Consumidor Final,Efectivo,1100
17843,2026-03-21 16:38:00,CLI-290,Debito,6700
17844,2026-03-21 08:04:00,CLI-229,Mercado Pago,4450
17845,2026-03-21 12:09:00,Consumidor Final,Efectivo,13600
17846,2026-03-21 16:05:00,CLI-258,Efectivo,8350
17847,2026-03-21 11:08:00,CLI-190,Efectivo,18700
17848,2026-03-21 20:28:00,CLI-176,Credito,16500
17849,2026-03-21 16:03:00,Consumidor Final,Efectivo,17450
17850,2026-03-21 11:07:00,CLI-163,Mercado Pago,3600
17851,2026-03-21 18:22:00,Consumidor Final,Efectivo,5900
17852,2026-03-21 08:34:00,CLI-206,Efectivo,4950
17853,2026-03-21 18:21:00,Consumidor Final,Mercado Pago,1100
17854,2026-03-21 08:39:00,CLI-143,Efectivo,5900
17855,2026-03-21 17:15:00,CLI-195,Mercado Pago,25200
17856,2026-03-21 18:28:00,Consumidor Final,Efectivo,10500
17857,2026-03-21 08:08:00,Consumidor Final,Credito,2600
17858,2026-03-21 08:24:00,CLI-251,Mercado Pago,2700
17859,2026-03-21 11:06:00,CLI-210,Debito,3700
17860,2026-03-21 09:17:00,CLI-116,Debito,2700
17861,2026-03-21 11:45:00,Consumidor Final,Efectivo,10800
17862,2026-03-21 19:45:00,Consumidor Final,Credito,7400
17863,2026-03-21 11:52:00,Consumidor Final,Efectivo,3200
17864,2026-03-21 17:34:00,CLI-129,Efectivo,17700
17865,2026-03-21 10:00:00,CLI-140,Debito,1500
17866,2026-03-21 19:14:00,CLI-118,Efectivo,19500
17867,2026-03-21 19:10:00,CLI-152,Debito,5300
17868,2026-03-21 10:44:00,Consumidor Final,Mercado Pago,3600
17869,2026-03-21 16:50:00,CLI-209,Debito,750
17870,2026-03-21 08:24:00,CLI-114,Debito,7000
17871,2026-03-21 20:26:00,CLI-176,Efectivo,36250
17872,2026-03-21 19:42:00,CLI-125,Debito,5900
17873,2026-03-21 08:07:00,CLI-187,Credito,8150
17874,2026-03-21 20:24:00,Consumidor Final,Efectivo,6750
17875,2026-03-21 10:48:00,CLI-144,Debito,7500
17876,2026-03-21 09:04:00,CLI-141,Debito,12900
17877,2026-03-21 12:11:00,Consumidor Final,Debito,4000
17878,2026-03-21 20:05:00,CLI-199,Mercado Pago,9500
17879,2026-03-21 12:49:00,CLI-257,Mercado Pago,3600
17880,2026-03-21 19:55:00,CLI-230,Efectivo,16900
17881,2026-03-21 18:15:00,CLI-219,Efectivo,1500
17882,2026-03-21 17:51:00,Consumidor Final,Mercado Pago,3800
17883,2026-03-21 19:05:00,Consumidor Final,Debito,4900
17884,2026-03-21 16:28:00,CLI-279,Debito,3200
17885,2026-03-21 10:57:00,CLI-125,Efectivo,13900
17886,2026-03-21 12:05:00,CLI-161,Mercado Pago,16800
17887,2026-03-21 08:17:00,CLI-116,Debito,9300
17888,2026-03-21 09:56:00,CLI-172,Efectivo,24000
17889,2026-03-21 16:35:00,Consumidor Final,Debito,12400
17890,2026-03-21 10:39:00,CLI-280,Mercado Pago,8350
17891,2026-03-21 19:51:00,CLI-177,Efectivo,4400
17892,2026-03-21 19:41:00,Consumidor Final,Mercado Pago,7600
17893,2026-03-21 12:44:00,Consumidor Final,Credito,18900
17894,2026-03-21 09:35:00,CLI-268,Mercado Pago,4350
17895,2026-03-21 08:05:00,CLI-234,Debito,17000
17896,2026-03-21 09:13:00,Consumidor Final,Credito,9300
17897,2026-03-21 12:22:00,CLI-146,Mercado Pago,4900
17898,2026-03-21 18:57:00,CLI-106,Mercado Pago,14500
17899,2026-03-21 20:13:00,CLI-277,Debito,11200
17900,2026-03-21 18:08:00,Consumidor Final,Efectivo,2200
17901,2026-03-21 12:15:00,CLI-256,Debito,8500
17902,2026-03-21 20:07:00,CLI-224,Mercado Pago,750
17903,2026-03-21 18:46:00,Consumidor Final,Debito,14200
17904,2026-03-21 10:55:00,CLI-227,Credito,2400
17905,2026-03-21 20:23:00,Consumidor Final,Efectivo,22500
17906,2026-03-21 18:23:00,Consumidor Final,Debito,12500
17907,2026-03-21 09:06:00,CLI-294,Mercado Pago,9100
17908,2026-03-21 10:22:00,CLI-213,Mercado Pago,4200
17909,2026-03-21 19:00:00,Consumidor Final,Efectivo,19000
17910,2026-03-21 16:55:00,Consumidor Final,Mercado Pago,12300
17911,2026-03-21 16:55:00,Consumidor Final,Mercado Pago,7200
17912,2026-03-21 19:35:00,CLI-287,Debito,9300
17913,2026-03-21 09:11:00,CLI-218,Debito,8700
17914,2026-03-21 16:37:00,CLI-218,Efectivo,24000
17915,2026-03-21 20:31:00,Consumidor Final,Mercado Pago,14400
17916,2026-03-21 10:27:00,Consumidor Final,Debito,9600
17917,2026-03-21 18:18:00,Consumidor Final,Efectivo,14850
17918,2026-03-21 11:33:00,CLI-115,Debito,1800
17919,2026-03-21 11:47:00,Consumidor Final,Efectivo,1500
17920,2026-03-21 18:27:00,CLI-203,Debito,1100
17921,2026-03-21 11:07:00,CLI-249,Mercado Pago,1100
17922,2026-03-21 16:38:00,CLI-209,Debito,17200
17923,2026-03-21 19:02:00,Consumidor Final,Debito,19750
17924,2026-03-21 08:41:00,CLI-287,Efectivo,21350
17925,2026-03-21 17:39:00,Consumidor Final,Credito,33350
17926,2026-03-21 20:51:00,CLI-274,Debito,14350
17927,2026-03-21 16:27:00,Consumidor Final,Mercado Pago,7250
17928,2026-03-21 19:45:00,CLI-228,Debito,21900
17929,2026-03-21 19:47:00,CLI-204,Mercado Pago,19050
17930,2026-03-21 17:31:00,CLI-184,Efectivo,1100
17931,2026-03-21 12:35:00,CLI-146,Debito,11350
17932,2026-03-21 18:10:00,CLI-183,Efectivo,5250
17933,2026-03-21 08:43:00,CLI-212,Efectivo,9300
17934,2026-03-21 20:26:00,CLI-110,Mercado Pago,4400
17935,2026-03-21 16:16:00,CLI-245,Efectivo,4800
17936,2026-03-21 10:23:00,CLI-252,Debito,4550
17937,2026-03-21 10:50:00,Consumidor Final,Efectivo,16800
17938,2026-03-21 09:18:00,Consumidor Final,Mercado Pago,1500
17939,2026-03-21 18:04:00,CLI-230,Mercado Pago,21300
17940,2026-03-21 16:07:00,Consumidor Final,Credito,7600
17941,2026-03-21 19:50:00,CLI-208,Credito,6900
17942,2026-03-21 09:13:00,CLI-264,Efectivo,3300
17943,2026-03-21 10:44:00,CLI-102,Debito,15400
17944,2026-03-21 08:04:00,Consumidor Final,Debito,19900
17945,2026-03-21 19:38:00,Consumidor Final,Efectivo,5650
17946,2026-03-21 19:13:00,CLI-130,Mercado Pago,10100
17947,2026-03-21 11:37:00,CLI-122,Debito,6150
17948,2026-03-21 19:16:00,CLI-211,Efectivo,3300
17949,2026-03-21 10:55:00,Consumidor Final,Debito,9550
17950,2026-03-21 09:03:00,CLI-227,Debito,3000
17951,2026-03-21 09:42:00,CLI-186,Efectivo,1800
17952,2026-03-22 08:49:00,CLI-252,Mercado Pago,13000
17953,2026-03-22 18:34:00,CLI-260,Efectivo,5900
17954,2026-03-22 09:07:00,CLI-162,Debito,4400
17955,2026-03-22 11:09:00,Consumidor Final,Efectivo,7650
17956,2026-03-22 09:46:00,Consumidor Final,Debito,1500
17957,2026-03-22 17:23:00,CLI-176,Mercado Pago,3000
17958,2026-03-22 20:06:00,CLI-291,Credito,8400
17959,2026-03-22 12:28:00,CLI-273,Credito,9500
17960,2026-03-22 18:48:00,CLI-298,Debito,7600
17961,2026-03-22 11:26:00,CLI-116,Mercado Pago,3800
17962,2026-03-22 12:24:00,Consumidor Final,Efectivo,3600
17963,2026-03-22 20:52:00,CLI-121,Mercado Pago,3700
17964,2026-03-22 20:54:00,CLI-113,Debito,23250
17965,2026-03-22 19:50:00,Consumidor Final,Mercado Pago,5400
17966,2026-03-22 09:20:00,Consumidor Final,Debito,6750
17967,2026-03-22 17:42:00,CLI-272,Debito,6000
17968,2026-03-22 16:30:00,Consumidor Final,Efectivo,7600
17969,2026-03-22 11:01:00,CLI-126,Mercado Pago,19500
17970,2026-03-22 09:49:00,CLI-119,Efectivo,4400
17971,2026-03-22 09:15:00,CLI-288,Efectivo,18400
17972,2026-03-22 09:37:00,Consumidor Final,Mercado Pago,16000
17973,2026-03-22 18:00:00,Consumidor Final,Mercado Pago,7600
17974,2026-03-22 10:43:00,Consumidor Final,Mercado Pago,3850
17975,2026-03-22 08:22:00,Consumidor Final,Debito,750
17976,2026-03-22 18:08:00,CLI-274,Mercado Pago,5900
17977,2026-03-22 19:10:00,Consumidor Final,Debito,16800
17978,2026-03-22 08:36:00,CLI-148,Efectivo,18950
17979,2026-03-22 12:51:00,Consumidor Final,Credito,2250
17980,2026-03-22 17:57:00,CLI-236,Mercado Pago,2500
17981,2026-03-22 08:54:00,CLI-145,Efectivo,4800
17982,2026-03-22 09:17:00,Consumidor Final,Mercado Pago,4700
17983,2026-03-22 16:26:00,Consumidor Final,Efectivo,10800
17984,2026-03-22 11:32:00,CLI-264,Credito,6300
17985,2026-03-22 10:09:00,CLI-238,Mercado Pago,10000
17986,2026-03-22 12:33:00,Consumidor Final,Mercado Pago,12200
17987,2026-03-22 16:21:00,CLI-118,Debito,7600
17988,2026-03-22 09:52:00,CLI-251,Mercado Pago,12500
17989,2026-03-22 08:18:00,Consumidor Final,Mercado Pago,7700
17990,2026-03-22 18:26:00,CLI-144,Debito,750
17991,2026-03-22 10:33:00,CLI-225,Efectivo,2350
17992,2026-03-22 20:48:00,CLI-258,Mercado Pago,3350
17993,2026-03-22 10:36:00,CLI-176,Credito,5600
17994,2026-03-22 16:09:00,CLI-291,Efectivo,5900
17995,2026-03-22 12:31:00,CLI-229,Debito,6750
17996,2026-03-22 08:34:00,CLI-211,Mercado Pago,12000
17997,2026-03-22 09:07:00,CLI-299,Debito,5850
17998,2026-03-22 10:10:00,CLI-197,Efectivo,8100
17999,2026-03-22 18:03:00,CLI-137,Mercado Pago,9900
18000,2026-03-22 18:38:00,CLI-274,Debito,8100
18001,2026-03-22 18:13:00,CLI-146,Efectivo,8050
18002,2026-03-22 12:05:00,CLI-214,Credito,18000
18003,2026-03-22 10:46:00,CLI-229,Mercado Pago,3800
18004,2026-03-22 18:20:00,CLI-268,Debito,11400
18005,2026-03-22 16:40:00,CLI-234,Efectivo,7500
18006,2026-03-22 19:48:00,CLI-169,Credito,3600
18007,2026-03-22 10:26:00,Consumidor Final,Mercado Pago,20700
18008,2026-03-22 12:05:00,CLI-192,Mercado Pago,1600
18009,2026-03-22 19:06:00,CLI-276,Mercado Pago,4200
18010,2026-03-22 09:19:00,Consumidor Final,Debito,1800
18011,2026-03-22 19:57:00,Consumidor Final,Mercado Pago,6900
18012,2026-03-22 09:56:00,Consumidor Final,Credito,3300
18013,2026-03-22 12:47:00,CLI-221,Debito,3100
18014,2026-03-22 20:47:00,Consumidor Final,Efectivo,6200
18015,2026-03-22 10:09:00,CLI-258,Debito,25350
18016,2026-03-22 17:44:00,Consumidor Final,Efectivo,12400
18017,2026-03-22 08:32:00,CLI-176,Efectivo,16100
18018,2026-03-22 17:05:00,CLI-259,Credito,11800
18019,2026-03-22 11:55:00,CLI-147,Credito,21200
18020,2026-03-22 19:42:00,Consumidor Final,Efectivo,12800
18021,2026-03-22 10:01:00,CLI-133,Debito,6800
18022,2026-03-22 16:56:00,Consumidor Final,Mercado Pago,2700
18023,2026-03-22 18:08:00,CLI-168,Debito,2700
18024,2026-03-22 09:55:00,Consumidor Final,Efectivo,1500
18025,2026-03-22 19:35:00,CLI-264,Mercado Pago,1600
18026,2026-03-22 20:02:00,Consumidor Final,Mercado Pago,12400
18027,2026-03-22 12:36:00,CLI-272,Mercado Pago,3000
18028,2026-03-22 12:11:00,CLI-126,Debito,13500
18029,2026-03-22 11:42:00,CLI-291,Mercado Pago,4100
18030,2026-03-22 17:07:00,CLI-194,Credito,5150
18031,2026-03-22 18:52:00,CLI-158,Efectivo,6100
18032,2026-03-22 12:43:00,Consumidor Final,Debito,17650
18033,2026-03-22 08:49:00,Consumidor Final,Debito,4900
18034,2026-03-22 11:37:00,Consumidor Final,Mercado Pago,3100
18035,2026-03-22 17:58:00,Consumidor Final,Efectivo,20900
18036,2026-03-22 10:18:00,CLI-223,Efectivo,4800
18037,2026-03-22 10:46:00,Consumidor Final,Mercado Pago,8100
18038,2026-03-22 16:09:00,CLI-107,Credito,8400
18039,2026-03-22 12:34:00,CLI-193,Mercado Pago,17550
18040,2026-03-22 12:26:00,CLI-114,Debito,19800
18041,2026-03-22 11:35:00,CLI-286,Efectivo,4900
18042,2026-03-22 09:01:00,Consumidor Final,Mercado Pago,12300
18043,2026-03-22 11:12:00,CLI-242,Debito,15000
18044,2026-03-22 16:07:00,CLI-156,Efectivo,1800
18045,2026-03-22 11:32:00,Consumidor Final,Debito,8700
18046,2026-03-22 08:14:00,Consumidor Final,Debito,21400
18047,2026-03-22 19:33:00,CLI-148,Debito,4050
18048,2026-03-22 17:26:00,CLI-227,Debito,19650
18049,2026-03-22 17:00:00,CLI-179,Debito,9400
18050,2026-03-22 11:23:00,CLI-201,Mercado Pago,9200
18051,2026-03-22 20:49:00,Consumidor Final,Credito,750
18052,2026-03-22 10:15:00,CLI-218,Credito,6300
18053,2026-03-22 17:25:00,Consumidor Final,Debito,4400
18054,2026-03-22 16:03:00,CLI-274,Efectivo,5500
18055,2026-03-22 09:14:00,Consumidor Final,Debito,13000
18056,2026-03-23 18:35:00,CLI-173,Efectivo,23800
18057,2026-03-23 08:27:00,CLI-296,Mercado Pago,2200
18058,2026-03-23 17:03:00,CLI-291,Efectivo,18450
18059,2026-03-23 16:03:00,CLI-219,Credito,7700
18060,2026-03-23 18:15:00,CLI-239,Mercado Pago,3100
18061,2026-03-23 19:12:00,Consumidor Final,Efectivo,2200
18062,2026-03-23 16:05:00,CLI-284,Credito,6800
18063,2026-03-23 16:10:00,CLI-195,Debito,1600
18064,2026-03-23 09:36:00,Consumidor Final,Mercado Pago,4900
18065,2026-03-23 16:56:00,Consumidor Final,Credito,21400
18066,2026-03-23 17:30:00,CLI-287,Debito,2400
18067,2026-03-23 16:15:00,Consumidor Final,Debito,3600
18068,2026-03-23 10:53:00,CLI-289,Debito,3000
18069,2026-03-23 17:53:00,Consumidor Final,Credito,19300
18070,2026-03-23 16:32:00,CLI-156,Mercado Pago,4500
18071,2026-03-23 11:28:00,Consumidor Final,Credito,4800
18072,2026-03-23 18:45:00,CLI-117,Debito,1600
18073,2026-03-23 09:58:00,CLI-127,Debito,11900
18074,2026-03-23 17:32:00,CLI-201,Credito,2950
18075,2026-03-23 08:41:00,Consumidor Final,Debito,10650
18076,2026-03-23 17:40:00,Consumidor Final,Debito,1500
18077,2026-03-23 17:18:00,Consumidor Final,Mercado Pago,2200
18078,2026-03-23 20:08:00,Consumidor Final,Efectivo,15000
18079,2026-03-23 09:13:00,CLI-284,Mercado Pago,2250
18080,2026-03-23 08:01:00,Consumidor Final,Debito,23100
18081,2026-03-23 17:37:00,Consumidor Final,Efectivo,15350
18082,2026-03-23 19:30:00,Consumidor Final,Mercado Pago,13400
18083,2026-03-23 10:13:00,CLI-235,Debito,5850
18084,2026-03-23 10:29:00,CLI-195,Mercado Pago,6150
18085,2026-03-23 11:55:00,Consumidor Final,Credito,1600
18086,2026-03-23 17:32:00,Consumidor Final,Debito,2700
18087,2026-03-23 11:44:00,Consumidor Final,Debito,11400
18088,2026-03-23 17:55:00,CLI-263,Efectivo,750
18089,2026-03-23 10:42:00,CLI-250,Debito,2250
18090,2026-03-23 20:11:00,Consumidor Final,Efectivo,19400
18091,2026-03-23 12:03:00,Consumidor Final,Debito,12150
18092,2026-03-23 10:27:00,CLI-264,Mercado Pago,7000
18093,2026-03-23 19:06:00,Consumidor Final,Efectivo,5800
18094,2026-03-23 19:57:00,Consumidor Final,Mercado Pago,3800
18095,2026-03-23 17:56:00,CLI-280,Efectivo,3200
18096,2026-03-23 20:13:00,Consumidor Final,Debito,17800
18097,2026-03-23 08:09:00,CLI-263,Mercado Pago,23750
18098,2026-03-23 18:32:00,CLI-147,Efectivo,5000
18099,2026-03-23 17:50:00,CLI-166,Debito,6600
18100,2026-03-23 08:57:00,CLI-251,Efectivo,3800
18101,2026-03-23 20:18:00,CLI-249,Debito,1500
18102,2026-03-23 11:31:00,CLI-131,Efectivo,11900
18103,2026-03-23 11:44:00,CLI-196,Debito,6700
18104,2026-03-23 17:20:00,Consumidor Final,Efectivo,14450
18105,2026-03-23 11:31:00,CLI-255,Debito,1800
18106,2026-03-23 08:17:00,CLI-202,Efectivo,4800
18107,2026-03-23 08:41:00,Consumidor Final,Mercado Pago,900
18108,2026-03-23 10:39:00,CLI-228,Mercado Pago,5400
18109,2026-03-23 11:07:00,CLI-139,Credito,15200
18110,2026-03-23 10:27:00,Consumidor Final,Debito,2750
18111,2026-03-23 17:54:00,Consumidor Final,Efectivo,6600
18112,2026-03-23 19:02:00,CLI-200,Mercado Pago,3400
18113,2026-03-23 18:37:00,CLI-140,Mercado Pago,3900
18114,2026-03-23 19:06:00,Consumidor Final,Credito,6900
18115,2026-03-23 08:44:00,CLI-251,Debito,750
18116,2026-03-23 12:56:00,Consumidor Final,Efectivo,18200
18117,2026-03-23 18:04:00,CLI-168,Mercado Pago,10700
18118,2026-03-23 16:17:00,CLI-113,Debito,16700
18119,2026-03-23 12:25:00,CLI-238,Mercado Pago,15900
18120,2026-03-23 12:52:00,Consumidor Final,Efectivo,5850
18121,2026-03-23 08:15:00,Consumidor Final,Efectivo,10200
18122,2026-03-23 12:50:00,Consumidor Final,Debito,6600
18123,2026-03-23 16:43:00,CLI-165,Efectivo,6600
18124,2026-03-23 17:07:00,CLI-284,Mercado Pago,2250
18125,2026-03-23 19:28:00,Consumidor Final,Efectivo,9900
18126,2026-03-23 08:24:00,CLI-286,Debito,6850
18127,2026-03-23 17:39:00,Consumidor Final,Credito,7500
18128,2026-03-23 19:44:00,Consumidor Final,Debito,10000
18129,2026-03-23 09:58:00,CLI-141,Mercado Pago,3000
18130,2026-03-23 10:10:00,Consumidor Final,Debito,5200
18131,2026-03-23 18:02:00,CLI-229,Debito,13300
18132,2026-03-23 09:38:00,CLI-130,Debito,18200
18133,2026-03-23 19:45:00,Consumidor Final,Efectivo,9750
18134,2026-03-23 09:12:00,CLI-228,Mercado Pago,1800
18135,2026-03-23 12:10:00,CLI-154,Efectivo,7600
18136,2026-03-23 10:50:00,CLI-107,Mercado Pago,11500
18137,2026-03-23 18:48:00,CLI-245,Efectivo,4500
18138,2026-03-23 12:19:00,CLI-230,Efectivo,2700
18139,2026-03-23 12:13:00,Consumidor Final,Efectivo,22650
18140,2026-03-23 18:24:00,CLI-136,Debito,7300
18141,2026-03-23 17:58:00,CLI-275,Efectivo,1800
18142,2026-03-23 08:23:00,Consumidor Final,Mercado Pago,1800
18143,2026-03-23 20:47:00,CLI-278,Debito,2250
18144,2026-03-23 17:38:00,Consumidor Final,Mercado Pago,750
18145,2026-03-23 16:16:00,Consumidor Final,Efectivo,2250
18146,2026-03-23 20:31:00,Consumidor Final,Credito,7700
18147,2026-03-23 18:54:00,CLI-110,Mercado Pago,1100
18148,2026-03-23 11:43:00,Consumidor Final,Debito,6050
18149,2026-03-23 16:08:00,Consumidor Final,Debito,5500
18150,2026-03-23 12:14:00,Consumidor Final,Efectivo,14750
18151,2026-03-23 16:59:00,Consumidor Final,Debito,4500
18152,2026-03-23 11:41:00,CLI-246,Mercado Pago,2200
18153,2026-03-23 19:23:00,CLI-200,Efectivo,13200
18154,2026-03-23 12:00:00,CLI-164,Efectivo,16200
18155,2026-03-23 09:48:00,CLI-120,Mercado Pago,5100
18156,2026-03-23 09:19:00,Consumidor Final,Debito,4800
18157,2026-03-24 20:44:00,Consumidor Final,Debito,900
18158,2026-03-24 10:55:00,CLI-285,Mercado Pago,13200
18159,2026-03-24 10:24:00,Consumidor Final,Mercado Pago,18800
18160,2026-03-24 12:18:00,Consumidor Final,Mercado Pago,11800
18161,2026-03-24 08:42:00,Consumidor Final,Mercado Pago,3300
18162,2026-03-24 11:55:00,CLI-161,Mercado Pago,3500
18163,2026-03-24 09:43:00,CLI-295,Mercado Pago,3300
18164,2026-03-24 16:57:00,Consumidor Final,Debito,6700
18165,2026-03-24 10:34:00,Consumidor Final,Debito,26550
18166,2026-03-24 20:37:00,Consumidor Final,Efectivo,14900
18167,2026-03-24 16:26:00,CLI-296,Mercado Pago,18000
18168,2026-03-24 09:29:00,Consumidor Final,Debito,5400
18169,2026-03-24 16:24:00,CLI-275,Debito,25700
18170,2026-03-24 19:25:00,Consumidor Final,Mercado Pago,7600
18171,2026-03-24 10:54:00,CLI-231,Mercado Pago,17000
18172,2026-03-24 10:41:00,Consumidor Final,Efectivo,11400
18173,2026-03-24 18:50:00,Consumidor Final,Efectivo,11400
18174,2026-03-24 20:11:00,CLI-236,Mercado Pago,25000
18175,2026-03-24 17:00:00,CLI-147,Mercado Pago,4200
18176,2026-03-24 19:19:00,Consumidor Final,Efectivo,3000
18177,2026-03-24 16:29:00,CLI-212,Debito,18700
18178,2026-03-24 12:10:00,Consumidor Final,Efectivo,6600
18179,2026-03-24 09:17:00,Consumidor Final,Mercado Pago,6150
18180,2026-03-24 20:11:00,Consumidor Final,Debito,1500
18181,2026-03-24 19:47:00,CLI-295,Efectivo,10900
18182,2026-03-24 17:28:00,Consumidor Final,Efectivo,4900
18183,2026-03-24 11:50:00,Consumidor Final,Efectivo,11450
18184,2026-03-24 17:36:00,CLI-170,Debito,9200
18185,2026-03-24 11:46:00,CLI-157,Credito,8000
18186,2026-03-24 16:01:00,CLI-215,Mercado Pago,3600
18187,2026-03-24 16:50:00,Consumidor Final,Efectivo,14800
18188,2026-03-24 20:18:00,Consumidor Final,Efectivo,34350
18189,2026-03-24 11:25:00,CLI-265,Efectivo,6750
18190,2026-03-24 11:48:00,CLI-128,Mercado Pago,22700
18191,2026-03-24 20:51:00,CLI-187,Efectivo,14900
18192,2026-03-24 12:17:00,Consumidor Final,Credito,9050
18193,2026-03-24 17:00:00,CLI-167,Mercado Pago,3800
18194,2026-03-24 16:59:00,Consumidor Final,Mercado Pago,1100
18195,2026-03-24 09:31:00,CLI-185,Credito,2200
18196,2026-03-24 16:26:00,CLI-221,Debito,7800
18197,2026-03-24 11:20:00,Consumidor Final,Efectivo,9200
18198,2026-03-24 20:27:00,Consumidor Final,Debito,7600
18199,2026-03-24 08:16:00,CLI-152,Efectivo,7600
18200,2026-03-24 16:38:00,CLI-247,Efectivo,10350
18201,2026-03-24 09:22:00,Consumidor Final,Mercado Pago,8550
18202,2026-03-24 08:37:00,CLI-271,Mercado Pago,6200
18203,2026-03-24 11:43:00,Consumidor Final,Debito,8800
18204,2026-03-24 11:18:00,CLI-175,Debito,7350
18205,2026-03-24 09:06:00,CLI-143,Efectivo,20100
18206,2026-03-24 16:33:00,Consumidor Final,Efectivo,4700
18207,2026-03-24 17:37:00,CLI-109,Credito,9900
18208,2026-03-24 19:57:00,CLI-198,Efectivo,29600
18209,2026-03-24 20:31:00,CLI-106,Mercado Pago,8000
18210,2026-03-24 08:38:00,CLI-115,Efectivo,25900
18211,2026-03-24 16:14:00,Consumidor Final,Credito,900
18212,2026-03-24 20:00:00,CLI-145,Mercado Pago,7000
18213,2026-03-24 10:39:00,Consumidor Final,Efectivo,12600
18214,2026-03-24 16:34:00,Consumidor Final,Mercado Pago,15600
18215,2026-03-24 16:43:00,CLI-190,Efectivo,9900
18216,2026-03-24 18:25:00,CLI-144,Efectivo,11350
18217,2026-03-24 19:20:00,Consumidor Final,Debito,2750
18218,2026-03-24 11:12:00,CLI-141,Efectivo,6500
18219,2026-03-24 19:30:00,Consumidor Final,Debito,8200
18220,2026-03-24 12:28:00,CLI-182,Efectivo,4800
18221,2026-03-24 17:12:00,Consumidor Final,Debito,3200
18222,2026-03-24 17:13:00,CLI-216,Debito,8100
18223,2026-03-24 18:05:00,CLI-244,Debito,20100
18224,2026-03-24 16:19:00,CLI-107,Debito,4900
18225,2026-03-24 18:54:00,Consumidor Final,Debito,5400
18226,2026-03-24 18:05:00,CLI-261,Mercado Pago,2200
18227,2026-03-24 17:20:00,Consumidor Final,Credito,1800
18228,2026-03-24 19:49:00,Consumidor Final,Debito,6950
18229,2026-03-24 17:14:00,CLI-118,Credito,9800
18230,2026-03-24 18:35:00,CLI-249,Efectivo,10000
18231,2026-03-24 12:21:00,Consumidor Final,Mercado Pago,6000
18232,2026-03-24 12:03:00,CLI-196,Mercado Pago,2700
18233,2026-03-24 20:36:00,CLI-299,Mercado Pago,1100
18234,2026-03-24 12:58:00,CLI-150,Mercado Pago,15200
18235,2026-03-24 08:18:00,CLI-182,Efectivo,3300
18236,2026-03-24 18:44:00,CLI-143,Efectivo,10700
18237,2026-03-24 09:37:00,CLI-132,Mercado Pago,7500
18238,2026-03-24 11:54:00,Consumidor Final,Debito,7650
18239,2026-03-24 16:56:00,CLI-256,Debito,8800
18240,2026-03-24 08:14:00,CLI-110,Debito,1500
18241,2026-03-24 20:54:00,CLI-166,Efectivo,18200
18242,2026-03-25 17:06:00,Consumidor Final,Efectivo,7400
18243,2026-03-25 09:24:00,CLI-125,Mercado Pago,1800
18244,2026-03-25 12:18:00,CLI-205,Mercado Pago,9950
18245,2026-03-25 17:00:00,Consumidor Final,Efectivo,8300
18246,2026-03-25 16:44:00,CLI-266,Efectivo,6600
18247,2026-03-25 17:34:00,Consumidor Final,Efectivo,8850
18248,2026-03-25 19:50:00,CLI-224,Debito,10300
18249,2026-03-25 19:24:00,Consumidor Final,Debito,2200
18250,2026-03-25 11:10:00,CLI-211,Efectivo,6600
18251,2026-03-25 17:08:00,CLI-178,Efectivo,4400
18252,2026-03-25 12:09:00,CLI-140,Efectivo,4500
18253,2026-03-25 09:30:00,CLI-274,Efectivo,4700
18254,2026-03-25 20:42:00,CLI-159,Mercado Pago,7600
18255,2026-03-25 16:03:00,CLI-252,Mercado Pago,6900
18256,2026-03-25 16:12:00,CLI-113,Debito,2200
18257,2026-03-25 20:08:00,CLI-165,Debito,19000
18258,2026-03-25 10:19:00,Consumidor Final,Efectivo,21100
18259,2026-03-25 16:03:00,CLI-247,Efectivo,6850
18260,2026-03-25 20:07:00,CLI-235,Efectivo,6550
18261,2026-03-25 16:28:00,Consumidor Final,Mercado Pago,18650
18262,2026-03-25 16:58:00,Consumidor Final,Mercado Pago,3200
18263,2026-03-25 12:59:00,CLI-237,Efectivo,17300
18264,2026-03-25 11:13:00,CLI-266,Efectivo,17950
18265,2026-03-25 08:40:00,CLI-174,Mercado Pago,10800
18266,2026-03-25 11:38:00,Consumidor Final,Mercado Pago,27500
18267,2026-03-25 16:22:00,CLI-213,Debito,16400
18268,2026-03-25 08:39:00,Consumidor Final,Mercado Pago,13300
18269,2026-03-25 08:32:00,CLI-162,Debito,6600
18270,2026-03-25 12:38:00,CLI-282,Debito,9900
18271,2026-03-25 17:48:00,Consumidor Final,Mercado Pago,13850
18272,2026-03-25 18:17:00,CLI-292,Efectivo,4900
18273,2026-03-25 11:55:00,CLI-173,Mercado Pago,6500
18274,2026-03-25 10:48:00,Consumidor Final,Debito,10700
18275,2026-03-25 17:15:00,CLI-291,Efectivo,5900
18276,2026-03-25 18:07:00,Consumidor Final,Efectivo,1100
18277,2026-03-25 11:15:00,Consumidor Final,Debito,8800
18278,2026-03-25 09:11:00,CLI-298,Efectivo,10700
18279,2026-03-25 20:42:00,Consumidor Final,Mercado Pago,11000
18280,2026-03-25 20:40:00,CLI-231,Credito,3200
18281,2026-03-25 17:37:00,Consumidor Final,Credito,16800
18282,2026-03-25 11:50:00,CLI-242,Mercado Pago,5900
18283,2026-03-25 09:28:00,Consumidor Final,Debito,18400
18284,2026-03-25 08:41:00,Consumidor Final,Mercado Pago,21850
18285,2026-03-25 20:00:00,CLI-194,Efectivo,7600
18286,2026-03-25 19:16:00,CLI-151,Mercado Pago,6000
18287,2026-03-25 18:54:00,CLI-176,Debito,2700
18288,2026-03-25 16:57:00,CLI-216,Debito,6100
18289,2026-03-25 18:31:00,Consumidor Final,Mercado Pago,12100
18290,2026-03-25 18:01:00,Consumidor Final,Credito,1800
18291,2026-03-25 10:38:00,CLI-201,Mercado Pago,3200
18292,2026-03-25 20:32:00,Consumidor Final,Efectivo,12000
18293,2026-03-25 16:39:00,CLI-257,Mercado Pago,20500
18294,2026-03-25 10:57:00,CLI-203,Efectivo,4200
18295,2026-03-25 20:48:00,Consumidor Final,Efectivo,2700
18296,2026-03-25 19:17:00,CLI-153,Efectivo,14250
18297,2026-03-25 19:54:00,Consumidor Final,Debito,18950
18298,2026-03-25 19:03:00,CLI-292,Mercado Pago,22150
18299,2026-03-25 16:04:00,CLI-124,Mercado Pago,8700
18300,2026-03-25 16:46:00,CLI-109,Debito,15450
18301,2026-03-25 12:34:00,Consumidor Final,Efectivo,11900
18302,2026-03-25 20:35:00,CLI-123,Mercado Pago,1100
18303,2026-03-25 12:54:00,CLI-157,Debito,900
18304,2026-03-25 12:25:00,CLI-221,Efectivo,19250
18305,2026-03-25 09:54:00,CLI-257,Debito,7250
18306,2026-03-25 16:10:00,CLI-147,Debito,4450
18307,2026-03-25 12:32:00,CLI-253,Debito,2700
18308,2026-03-25 17:42:00,CLI-146,Debito,10100
18309,2026-03-25 19:46:00,CLI-172,Debito,6800
18310,2026-03-25 09:00:00,Consumidor Final,Debito,2200
18311,2026-03-25 16:34:00,CLI-173,Debito,4500
18312,2026-03-25 20:37:00,Consumidor Final,Efectivo,3800
18313,2026-03-25 20:31:00,CLI-265,Credito,11400
18314,2026-03-25 10:26:00,CLI-147,Mercado Pago,1100
18315,2026-03-25 17:08:00,CLI-217,Efectivo,9600
18316,2026-03-25 11:49:00,Consumidor Final,Credito,4500
18317,2026-03-25 16:06:00,CLI-111,Mercado Pago,27350
18318,2026-03-25 08:29:00,Consumidor Final,Mercado Pago,9500
18319,2026-03-25 09:37:00,CLI-176,Mercado Pago,7600
18320,2026-03-25 17:42:00,CLI-155,Mercado Pago,8400
18321,2026-03-25 18:33:00,CLI-185,Debito,6050
18322,2026-03-25 08:47:00,CLI-176,Mercado Pago,14600
18323,2026-03-25 16:47:00,Consumidor Final,Mercado Pago,8700
18324,2026-03-25 12:50:00,CLI-249,Debito,1500
18325,2026-03-25 20:37:00,CLI-233,Mercado Pago,15400
18326,2026-03-25 19:26:00,Consumidor Final,Credito,6800
18327,2026-03-25 16:42:00,CLI-195,Debito,6050
18328,2026-03-25 18:03:00,CLI-197,Efectivo,1800
18329,2026-03-25 18:48:00,CLI-239,Credito,12450
18330,2026-03-25 20:10:00,CLI-195,Efectivo,5950
18331,2026-03-25 17:48:00,Consumidor Final,Mercado Pago,3600
18332,2026-03-25 17:56:00,Consumidor Final,Debito,20900
18333,2026-03-25 11:22:00,Consumidor Final,Efectivo,28800
18334,2026-03-25 20:22:00,Consumidor Final,Efectivo,1100
18335,2026-03-25 17:40:00,Consumidor Final,Mercado Pago,14500
18336,2026-03-25 18:21:00,Consumidor Final,Mercado Pago,11100
18337,2026-03-25 11:01:00,CLI-248,Mercado Pago,5550
18338,2026-03-25 19:21:00,Consumidor Final,Debito,6900
18339,2026-03-25 18:50:00,Consumidor Final,Debito,9250
18340,2026-03-25 18:42:00,Consumidor Final,Debito,5100
18341,2026-03-25 19:13:00,Consumidor Final,Efectivo,7100
18342,2026-03-25 12:39:00,Consumidor Final,Debito,2700
18343,2026-03-25 08:19:00,CLI-205,Credito,14300
18344,2026-03-25 19:24:00,CLI-283,Mercado Pago,6600
18345,2026-03-25 12:27:00,CLI-143,Credito,21850
18346,2026-03-25 08:21:00,Consumidor Final,Debito,9600
18347,2026-03-25 17:08:00,Consumidor Final,Mercado Pago,16700
18348,2026-03-25 11:59:00,Consumidor Final,Mercado Pago,12100
18349,2026-03-25 19:32:00,Consumidor Final,Efectivo,1800
18350,2026-03-25 18:24:00,CLI-129,Credito,2200
18351,2026-03-25 12:23:00,CLI-202,Credito,27150
18352,2026-03-25 09:00:00,Consumidor Final,Mercado Pago,4200
18353,2026-03-25 17:55:00,CLI-152,Efectivo,900
18354,2026-03-25 10:29:00,CLI-106,Efectivo,19400
18355,2026-03-25 20:40:00,Consumidor Final,Mercado Pago,16000
18356,2026-03-25 20:35:00,Consumidor Final,Mercado Pago,14700
18357,2026-03-25 17:14:00,Consumidor Final,Mercado Pago,12300
18358,2026-03-25 17:34:00,CLI-175,Debito,1500
18359,2026-03-26 10:15:00,Consumidor Final,Efectivo,19500
18360,2026-03-26 12:14:00,CLI-103,Mercado Pago,8100
18361,2026-03-26 19:35:00,CLI-233,Mercado Pago,11700
18362,2026-03-26 20:18:00,Consumidor Final,Mercado Pago,9900
18363,2026-03-26 19:15:00,Consumidor Final,Debito,9550
18364,2026-03-26 18:19:00,Consumidor Final,Mercado Pago,13950
18365,2026-03-26 17:59:00,CLI-192,Debito,1600
18366,2026-03-26 16:48:00,Consumidor Final,Credito,6900
18367,2026-03-26 12:29:00,CLI-119,Efectivo,13200
18368,2026-03-26 19:49:00,Consumidor Final,Debito,11900
18369,2026-03-26 20:02:00,Consumidor Final,Debito,14350
18370,2026-03-26 08:59:00,CLI-110,Debito,1500
18371,2026-03-26 12:04:00,CLI-209,Debito,9100
18372,2026-03-26 12:07:00,CLI-208,Efectivo,12200
18373,2026-03-26 09:51:00,Consumidor Final,Efectivo,11400
18374,2026-03-26 19:43:00,CLI-158,Debito,4300
18375,2026-03-26 18:22:00,Consumidor Final,Credito,3700
18376,2026-03-26 09:45:00,CLI-279,Mercado Pago,16650
18377,2026-03-26 20:15:00,Consumidor Final,Efectivo,2350
18378,2026-03-26 08:19:00,CLI-230,Mercado Pago,8700
18379,2026-03-26 17:55:00,Consumidor Final,Debito,9900
18380,2026-03-26 20:17:00,CLI-178,Debito,8100
18381,2026-03-26 17:14:00,Consumidor Final,Debito,11800
18382,2026-03-26 09:57:00,CLI-173,Mercado Pago,15100
18383,2026-03-26 18:26:00,CLI-176,Debito,3600
18384,2026-03-26 17:48:00,Consumidor Final,Efectivo,11900
18385,2026-03-26 08:33:00,CLI-246,Debito,6150
18386,2026-03-26 19:13:00,Consumidor Final,Credito,2200
18387,2026-03-26 19:00:00,Consumidor Final,Mercado Pago,3200
18388,2026-03-26 19:36:00,CLI-212,Debito,2250
18389,2026-03-26 09:08:00,CLI-124,Efectivo,14550
18390,2026-03-26 16:33:00,CLI-287,Debito,13000
18391,2026-03-26 19:55:00,CLI-255,Debito,5400
18392,2026-03-26 19:13:00,Consumidor Final,Mercado Pago,8300
18393,2026-03-26 18:48:00,CLI-138,Efectivo,12450
18394,2026-03-26 19:43:00,CLI-184,Debito,6800
18395,2026-03-26 12:18:00,Consumidor Final,Credito,5700
18396,2026-03-26 10:00:00,Consumidor Final,Mercado Pago,1800
18397,2026-03-26 12:12:00,CLI-266,Efectivo,9700
18398,2026-03-26 12:20:00,CLI-267,Debito,7400
18399,2026-03-26 10:17:00,Consumidor Final,Debito,20750
18400,2026-03-26 16:26:00,CLI-106,Efectivo,5700
18401,2026-03-26 19:34:00,CLI-274,Efectivo,7600
18402,2026-03-26 10:08:00,Consumidor Final,Efectivo,4100
18403,2026-03-26 08:25:00,Consumidor Final,Efectivo,1100
18404,2026-03-26 10:12:00,Consumidor Final,Mercado Pago,1800
18405,2026-03-26 19:21:00,CLI-222,Credito,13100
18406,2026-03-26 12:34:00,Consumidor Final,Mercado Pago,6300
18407,2026-03-26 20:12:00,Consumidor Final,Debito,21100
18408,2026-03-26 18:52:00,Consumidor Final,Debito,5400
18409,2026-03-26 19:46:00,CLI-181,Efectivo,9600
18410,2026-03-26 10:32:00,CLI-230,Efectivo,9200
18411,2026-03-26 09:09:00,Consumidor Final,Efectivo,13400
18412,2026-03-26 19:39:00,CLI-206,Debito,15200
18413,2026-03-26 10:07:00,CLI-278,Efectivo,1500
18414,2026-03-26 09:16:00,Consumidor Final,Debito,1500
18415,2026-03-26 12:20:00,CLI-108,Credito,5450
18416,2026-03-26 16:40:00,Consumidor Final,Mercado Pago,1800
18417,2026-03-26 11:25:00,Consumidor Final,Debito,8100
18418,2026-03-26 18:48:00,CLI-219,Mercado Pago,3150
18419,2026-03-26 17:04:00,CLI-163,Debito,13600
18420,2026-03-26 16:12:00,CLI-156,Efectivo,11400
18421,2026-03-26 12:02:00,CLI-231,Efectivo,4800
18422,2026-03-26 16:55:00,Consumidor Final,Debito,15150
18423,2026-03-26 20:24:00,CLI-284,Credito,900
18424,2026-03-26 17:04:00,CLI-113,Debito,7600
18425,2026-03-26 12:27:00,CLI-128,Efectivo,3000
18426,2026-03-26 09:17:00,Consumidor Final,Efectivo,17900
18427,2026-03-26 19:41:00,CLI-243,Mercado Pago,18500
18428,2026-03-26 17:14:00,Consumidor Final,Efectivo,11300
18429,2026-03-26 12:30:00,CLI-106,Debito,8000
18430,2026-03-26 08:16:00,Consumidor Final,Debito,4400
18431,2026-03-26 16:54:00,CLI-283,Mercado Pago,5250
18432,2026-03-26 20:05:00,CLI-146,Efectivo,3600
18433,2026-03-26 11:52:00,Consumidor Final,Mercado Pago,1100
18434,2026-03-26 16:16:00,CLI-176,Efectivo,3300
18435,2026-03-26 09:01:00,Consumidor Final,Credito,1800
18436,2026-03-26 11:38:00,CLI-117,Mercado Pago,9100
18437,2026-03-26 08:35:00,Consumidor Final,Credito,5250
18438,2026-03-26 17:03:00,CLI-275,Mercado Pago,5200
18439,2026-03-26 10:44:00,CLI-119,Mercado Pago,2700
18440,2026-03-26 20:12:00,CLI-110,Mercado Pago,10900
18441,2026-03-26 09:37:00,Consumidor Final,Debito,4400
18442,2026-03-26 08:15:00,CLI-105,Debito,7200
18443,2026-03-26 19:44:00,CLI-174,Efectivo,16800
18444,2026-03-26 16:12:00,Consumidor Final,Mercado Pago,4700
18445,2026-03-26 16:16:00,Consumidor Final,Debito,4800
18446,2026-03-26 09:51:00,Consumidor Final,Credito,12750
18447,2026-03-26 16:15:00,CLI-207,Debito,12500
18448,2026-03-26 08:26:00,CLI-287,Efectivo,6300
18449,2026-03-26 17:26:00,CLI-240,Efectivo,3300
18450,2026-03-26 20:03:00,Consumidor Final,Debito,11200
18451,2026-03-26 09:54:00,CLI-229,Mercado Pago,25200
18452,2026-03-26 20:39:00,CLI-281,Credito,6500
18453,2026-03-26 10:09:00,CLI-208,Mercado Pago,4800
18454,2026-03-26 12:35:00,CLI-242,Credito,17300
18455,2026-03-26 18:33:00,CLI-209,Mercado Pago,6300
18456,2026-03-26 11:12:00,Consumidor Final,Mercado Pago,1800
18457,2026-03-26 17:55:00,Consumidor Final,Efectivo,1100
18458,2026-03-26 19:59:00,CLI-117,Credito,19500
18459,2026-03-26 09:37:00,CLI-122,Efectivo,16500
18460,2026-03-26 11:56:00,Consumidor Final,Mercado Pago,17350
18461,2026-03-26 08:15:00,Consumidor Final,Credito,6200
18462,2026-03-26 20:37:00,CLI-161,Debito,3800
18463,2026-03-26 09:19:00,CLI-128,Efectivo,10400
18464,2026-03-26 12:59:00,CLI-202,Mercado Pago,17700
18465,2026-03-26 17:05:00,Consumidor Final,Credito,13100
18466,2026-03-26 20:37:00,CLI-191,Debito,13200
18467,2026-03-26 09:25:00,Consumidor Final,Debito,2250
18468,2026-03-26 18:55:00,CLI-266,Debito,6150
18469,2026-03-26 17:20:00,CLI-103,Efectivo,14600
18470,2026-03-26 17:39:00,Consumidor Final,Mercado Pago,3000
18471,2026-03-26 10:04:00,CLI-191,Debito,19650
18472,2026-03-26 08:26:00,CLI-246,Efectivo,1100
18473,2026-03-26 12:19:00,CLI-251,Efectivo,4100
18474,2026-03-26 08:30:00,Consumidor Final,Credito,4500
18475,2026-03-26 19:42:00,Consumidor Final,Debito,6000
18476,2026-03-26 12:31:00,CLI-198,Efectivo,9150
18477,2026-03-27 17:26:00,CLI-231,Mercado Pago,8400
18478,2026-03-27 20:13:00,Consumidor Final,Debito,9600
18479,2026-03-27 09:38:00,CLI-280,Mercado Pago,1600
18480,2026-03-27 11:29:00,CLI-114,Mercado Pago,1600
18481,2026-03-27 10:42:00,Consumidor Final,Debito,7500
18482,2026-03-27 20:27:00,CLI-198,Efectivo,7700
18483,2026-03-27 16:21:00,CLI-175,Efectivo,6600
18484,2026-03-27 12:16:00,CLI-129,Mercado Pago,13000
18485,2026-03-27 17:53:00,CLI-185,Debito,17550
18486,2026-03-27 11:51:00,Consumidor Final,Debito,1600
18487,2026-03-27 08:52:00,CLI-163,Mercado Pago,9700
18488,2026-03-27 16:22:00,CLI-170,Debito,15250
18489,2026-03-27 12:12:00,Consumidor Final,Efectivo,1500
18490,2026-03-27 19:50:00,CLI-155,Efectivo,3200
18491,2026-03-27 10:55:00,CLI-145,Efectivo,9600
18492,2026-03-27 20:13:00,CLI-100,Debito,8700
18493,2026-03-27 09:04:00,Consumidor Final,Debito,8300
18494,2026-03-27 16:46:00,CLI-275,Efectivo,8100
18495,2026-03-27 20:51:00,CLI-238,Efectivo,750
18496,2026-03-27 20:25:00,Consumidor Final,Credito,3200
18497,2026-03-27 09:18:00,Consumidor Final,Mercado Pago,2200
18498,2026-03-27 09:24:00,Consumidor Final,Debito,14000
18499,2026-03-27 17:36:00,CLI-127,Debito,16100
18500,2026-03-27 16:09:00,CLI-241,Mercado Pago,5150
18501,2026-03-27 16:09:00,CLI-293,Efectivo,13950
18502,2026-03-27 17:10:00,Consumidor Final,Debito,4500
18503,2026-03-27 08:16:00,Consumidor Final,Debito,6950
18504,2026-03-27 17:59:00,CLI-242,Efectivo,6200
18505,2026-03-27 20:50:00,CLI-237,Mercado Pago,11400
18506,2026-03-27 16:49:00,CLI-245,Mercado Pago,25550
18507,2026-03-27 20:53:00,Consumidor Final,Debito,7050
18508,2026-03-27 09:57:00,Consumidor Final,Mercado Pago,9100
18509,2026-03-27 18:10:00,CLI-280,Mercado Pago,6600
18510,2026-03-27 18:59:00,Consumidor Final,Mercado Pago,1600
18511,2026-03-27 19:36:00,Consumidor Final,Mercado Pago,2250
18512,2026-03-27 10:22:00,Consumidor Final,Mercado Pago,8400
18513,2026-03-27 19:57:00,Consumidor Final,Mercado Pago,17700
18514,2026-03-27 10:25:00,CLI-229,Efectivo,3300
18515,2026-03-27 09:50:00,Consumidor Final,Debito,7500
18516,2026-03-27 11:53:00,Consumidor Final,Mercado Pago,4500
18517,2026-03-27 16:51:00,Consumidor Final,Mercado Pago,2550
18518,2026-03-27 09:48:00,CLI-153,Mercado Pago,2200
18519,2026-03-27 17:30:00,CLI-259,Efectivo,15250
18520,2026-03-27 10:43:00,Consumidor Final,Efectivo,6600
18521,2026-03-27 16:07:00,Consumidor Final,Mercado Pago,3300
18522,2026-03-27 12:08:00,Consumidor Final,Debito,5500
18523,2026-03-27 10:15:00,Consumidor Final,Debito,3900
18524,2026-03-27 12:33:00,Consumidor Final,Efectivo,3000
18525,2026-03-27 17:10:00,CLI-187,Debito,11400
18526,2026-03-27 16:45:00,Consumidor Final,Efectivo,5650
18527,2026-03-27 17:27:00,CLI-279,Credito,8000
18528,2026-03-27 12:46:00,CLI-283,Mercado Pago,7900
18529,2026-03-27 20:53:00,Consumidor Final,Mercado Pago,3600
18530,2026-03-27 10:15:00,Consumidor Final,Debito,23350
18531,2026-03-27 17:13:00,CLI-105,Efectivo,9200
18532,2026-03-27 09:41:00,CLI-259,Mercado Pago,1100
18533,2026-03-27 17:50:00,CLI-272,Debito,19350
18534,2026-03-27 18:14:00,CLI-111,Efectivo,20650
18535,2026-03-27 20:36:00,CLI-255,Efectivo,13050
18536,2026-03-27 20:08:00,Consumidor Final,Debito,8500
18537,2026-03-27 11:13:00,CLI-135,Credito,11550
18538,2026-03-27 08:50:00,Consumidor Final,Credito,2250
18539,2026-03-27 18:09:00,CLI-151,Efectivo,750
18540,2026-03-27 18:46:00,CLI-276,Mercado Pago,9300
18541,2026-03-27 16:20:00,CLI-120,Mercado Pago,3600
18542,2026-03-27 08:36:00,Consumidor Final,Debito,18600
18543,2026-03-27 11:05:00,Consumidor Final,Efectivo,4500
18544,2026-03-27 18:17:00,Consumidor Final,Efectivo,3000
18545,2026-03-27 10:04:00,CLI-162,Efectivo,5400
18546,2026-03-27 09:10:00,CLI-143,Debito,4950
18547,2026-03-27 18:12:00,CLI-293,Efectivo,6000
18548,2026-03-27 11:02:00,CLI-258,Debito,4200
18549,2026-03-27 16:19:00,Consumidor Final,Efectivo,2200
18550,2026-03-27 20:29:00,Consumidor Final,Mercado Pago,4400
18551,2026-03-27 12:55:00,Consumidor Final,Efectivo,8250
18552,2026-03-27 09:57:00,Consumidor Final,Debito,4600
18553,2026-03-27 09:53:00,Consumidor Final,Mercado Pago,2700
18554,2026-03-27 12:37:00,Consumidor Final,Mercado Pago,1500
18555,2026-03-27 16:50:00,CLI-219,Efectivo,6600
18556,2026-03-27 19:11:00,Consumidor Final,Debito,5300
18557,2026-03-27 09:41:00,CLI-267,Debito,18650
18558,2026-03-27 11:31:00,CLI-294,Mercado Pago,6300
18559,2026-03-27 16:39:00,Consumidor Final,Debito,3300
18560,2026-03-27 16:34:00,Consumidor Final,Debito,8200
18561,2026-03-27 08:53:00,CLI-120,Efectivo,8450
18562,2026-03-27 12:21:00,CLI-157,Mercado Pago,1600
18563,2026-03-27 12:43:00,Consumidor Final,Efectivo,14500
18564,2026-03-27 11:37:00,Consumidor Final,Mercado Pago,27650
18565,2026-03-27 08:35:00,CLI-207,Credito,10200
18566,2026-03-27 08:12:00,CLI-253,Credito,5400
18567,2026-03-27 11:37:00,CLI-205,Debito,6900
18568,2026-03-27 09:53:00,CLI-277,Efectivo,14150
18569,2026-03-27 11:50:00,CLI-245,Mercado Pago,3800
18570,2026-03-27 16:47:00,CLI-298,Debito,5300
18571,2026-03-27 19:49:00,CLI-163,Debito,9900
18572,2026-03-27 11:15:00,CLI-269,Mercado Pago,7600
18573,2026-03-27 11:23:00,CLI-127,Mercado Pago,1600
18574,2026-03-27 20:59:00,Consumidor Final,Efectivo,10300
18575,2026-03-27 17:47:00,CLI-151,Debito,10700
18576,2026-03-27 16:59:00,CLI-271,Debito,2200
18577,2026-03-27 08:39:00,CLI-285,Debito,9100
18578,2026-03-27 18:19:00,Consumidor Final,Debito,3600
18579,2026-03-27 20:25:00,CLI-202,Mercado Pago,2900
18580,2026-03-27 16:13:00,Consumidor Final,Mercado Pago,17500
18581,2026-03-27 12:45:00,CLI-273,Efectivo,2200
18582,2026-03-27 20:47:00,Consumidor Final,Debito,6600
18583,2026-03-27 11:51:00,Consumidor Final,Efectivo,12950
18584,2026-03-27 11:40:00,CLI-256,Mercado Pago,4550
18585,2026-03-27 18:50:00,Consumidor Final,Efectivo,11050
18586,2026-03-28 08:41:00,CLI-104,Debito,11400
18587,2026-03-28 19:10:00,CLI-216,Mercado Pago,7500
18588,2026-03-28 10:00:00,Consumidor Final,Debito,9300
18589,2026-03-28 19:31:00,Consumidor Final,Efectivo,7800
18590,2026-03-28 08:51:00,CLI-110,Efectivo,7900
18591,2026-03-28 12:22:00,CLI-114,Efectivo,7350
18592,2026-03-28 18:34:00,CLI-245,Efectivo,11400
18593,2026-03-28 19:06:00,CLI-297,Efectivo,4500
18594,2026-03-28 08:39:00,CLI-295,Efectivo,5600
18595,2026-03-28 11:26:00,CLI-210,Credito,2200
18596,2026-03-28 08:37:00,Consumidor Final,Efectivo,18150
18597,2026-03-28 08:25:00,Consumidor Final,Debito,9150
18598,2026-03-28 18:26:00,Consumidor Final,Efectivo,11400
18599,2026-03-28 10:12:00,Consumidor Final,Debito,900
18600,2026-03-28 10:12:00,Consumidor Final,Efectivo,2200
18601,2026-03-28 11:27:00,Consumidor Final,Efectivo,7150
18602,2026-03-28 18:59:00,CLI-109,Mercado Pago,7750
18603,2026-03-28 10:31:00,CLI-137,Mercado Pago,14300
18604,2026-03-28 10:03:00,CLI-212,Efectivo,4800
18605,2026-03-28 08:09:00,Consumidor Final,Debito,16000
18606,2026-03-28 18:22:00,CLI-175,Efectivo,1800
18607,2026-03-28 16:48:00,Consumidor Final,Mercado Pago,15400
18608,2026-03-28 12:40:00,CLI-132,Efectivo,10600
18609,2026-03-28 16:19:00,CLI-299,Debito,4350
18610,2026-03-28 12:12:00,Consumidor Final,Debito,7700
18611,2026-03-28 10:31:00,Consumidor Final,Mercado Pago,4450
18612,2026-03-28 20:49:00,CLI-181,Efectivo,2200
18613,2026-03-28 17:46:00,Consumidor Final,Efectivo,5300
18614,2026-03-28 10:29:00,CLI-125,Mercado Pago,8500
18615,2026-03-28 19:21:00,Consumidor Final,Mercado Pago,1500
18616,2026-03-28 11:51:00,Consumidor Final,Efectivo,13000
18617,2026-03-28 19:24:00,Consumidor Final,Efectivo,900
18618,2026-03-28 18:35:00,Consumidor Final,Mercado Pago,18750
18619,2026-03-28 17:56:00,CLI-265,Efectivo,18000
18620,2026-03-28 20:43:00,Consumidor Final,Debito,3300
18621,2026-03-28 09:12:00,Consumidor Final,Efectivo,9950
18622,2026-03-28 11:17:00,CLI-253,Debito,7600
18623,2026-03-28 19:10:00,Consumidor Final,Mercado Pago,2000
18624,2026-03-28 19:30:00,Consumidor Final,Debito,8100
18625,2026-03-28 08:46:00,CLI-124,Efectivo,2200
18626,2026-03-28 18:41:00,CLI-100,Efectivo,3800
18627,2026-03-28 16:45:00,Consumidor Final,Debito,17450
18628,2026-03-28 18:07:00,Consumidor Final,Efectivo,4800
18629,2026-03-28 10:44:00,Consumidor Final,Mercado Pago,15300
18630,2026-03-28 16:41:00,Consumidor Final,Credito,1500
18631,2026-03-28 11:49:00,CLI-215,Efectivo,4400
18632,2026-03-28 18:44:00,Consumidor Final,Debito,8100
18633,2026-03-28 10:07:00,Consumidor Final,Debito,1800
18634,2026-03-28 10:01:00,CLI-202,Debito,14650
18635,2026-03-28 11:36:00,Consumidor Final,Debito,9300
18636,2026-03-28 08:41:00,Consumidor Final,Debito,8600
18637,2026-03-28 16:06:00,CLI-193,Efectivo,4400
18638,2026-03-28 10:06:00,CLI-234,Credito,6300
18639,2026-03-28 20:33:00,Consumidor Final,Efectivo,12000
18640,2026-03-28 20:38:00,CLI-164,Efectivo,6450
18641,2026-03-28 16:56:00,CLI-235,Efectivo,30000
18642,2026-03-28 10:27:00,Consumidor Final,Efectivo,2200
18643,2026-03-28 10:46:00,CLI-191,Efectivo,20400
18644,2026-03-28 11:09:00,CLI-238,Efectivo,17000
18645,2026-03-28 17:26:00,Consumidor Final,Efectivo,11400
18646,2026-03-28 09:53:00,CLI-150,Credito,3100
18647,2026-03-28 12:12:00,CLI-156,Efectivo,5650
18648,2026-03-28 18:05:00,CLI-230,Debito,3750
18649,2026-03-28 10:37:00,Consumidor Final,Efectivo,3800
18650,2026-03-28 11:18:00,CLI-296,Mercado Pago,23150
18651,2026-03-28 16:26:00,CLI-241,Debito,2200
18652,2026-03-28 19:09:00,CLI-108,Mercado Pago,10450
18653,2026-03-28 18:57:00,Consumidor Final,Debito,19200
18654,2026-03-28 18:07:00,CLI-141,Debito,1600
18655,2026-03-28 18:06:00,CLI-149,Mercado Pago,22650
18656,2026-03-28 11:51:00,CLI-206,Debito,8100
18657,2026-03-28 18:29:00,Consumidor Final,Debito,900
18658,2026-03-28 11:31:00,Consumidor Final,Efectivo,13700
18659,2026-03-28 09:42:00,CLI-134,Mercado Pago,6000
18660,2026-03-28 17:07:00,CLI-156,Efectivo,4800
18661,2026-03-28 10:40:00,Consumidor Final,Credito,9100
18662,2026-03-28 12:31:00,CLI-275,Efectivo,9800
18663,2026-03-28 18:22:00,Consumidor Final,Mercado Pago,2700
18664,2026-03-28 17:52:00,Consumidor Final,Mercado Pago,2250
18665,2026-03-28 18:59:00,CLI-265,Credito,17200
18666,2026-03-28 17:40:00,Consumidor Final,Efectivo,9100
18667,2026-03-28 18:16:00,Consumidor Final,Mercado Pago,11500
18668,2026-03-28 19:49:00,Consumidor Final,Mercado Pago,2250
18669,2026-03-28 10:39:00,Consumidor Final,Efectivo,20100
18670,2026-03-28 10:08:00,CLI-159,Debito,8300
18671,2026-03-28 10:55:00,CLI-131,Mercado Pago,6200
18672,2026-03-28 20:51:00,CLI-247,Debito,2550
18673,2026-03-28 18:46:00,Consumidor Final,Debito,2200
18674,2026-03-28 10:09:00,CLI-284,Mercado Pago,16300
18675,2026-03-28 11:59:00,Consumidor Final,Mercado Pago,3800
18676,2026-03-28 10:07:00,Consumidor Final,Mercado Pago,8300
18677,2026-03-28 16:39:00,CLI-177,Mercado Pago,7600
18678,2026-03-28 10:59:00,Consumidor Final,Mercado Pago,12050
18679,2026-03-28 17:34:00,CLI-234,Mercado Pago,7000
18680,2026-03-28 20:41:00,CLI-118,Debito,6300
18681,2026-03-28 10:26:00,CLI-202,Efectivo,10000
18682,2026-03-28 16:43:00,CLI-255,Mercado Pago,10700
18683,2026-03-28 08:54:00,Consumidor Final,Mercado Pago,11000
18684,2026-03-29 18:13:00,CLI-111,Efectivo,1500
18685,2026-03-29 16:07:00,CLI-203,Debito,6500
18686,2026-03-29 20:04:00,Consumidor Final,Debito,8400
18687,2026-03-29 20:54:00,CLI-265,Efectivo,12150
18688,2026-03-29 19:21:00,Consumidor Final,Efectivo,8850
18689,2026-03-29 08:56:00,CLI-246,Debito,1500
18690,2026-03-29 10:15:00,CLI-126,Efectivo,7600
18691,2026-03-29 20:15:00,CLI-255,Debito,3300
18692,2026-03-29 17:54:00,Consumidor Final,Efectivo,9300
18693,2026-03-29 20:31:00,Consumidor Final,Mercado Pago,5800
18694,2026-03-29 09:10:00,Consumidor Final,Efectivo,9500
18695,2026-03-29 11:49:00,Consumidor Final,Mercado Pago,7800
18696,2026-03-29 12:32:00,Consumidor Final,Efectivo,4400
18697,2026-03-29 18:49:00,Consumidor Final,Credito,16150
18698,2026-03-29 20:47:00,CLI-254,Debito,4200
18699,2026-03-29 17:15:00,Consumidor Final,Efectivo,6700
18700,2026-03-29 20:28:00,Consumidor Final,Efectivo,6600
18701,2026-03-29 16:41:00,Consumidor Final,Mercado Pago,2250
18702,2026-03-29 08:30:00,Consumidor Final,Credito,4050
18703,2026-03-29 11:36:00,CLI-220,Mercado Pago,4800
18704,2026-03-29 18:51:00,CLI-144,Debito,8700
18705,2026-03-29 11:37:00,Consumidor Final,Debito,13650
18706,2026-03-29 12:23:00,Consumidor Final,Mercado Pago,6800
18707,2026-03-29 09:53:00,CLI-244,Efectivo,6400
18708,2026-03-29 17:00:00,CLI-101,Efectivo,8600
18709,2026-03-29 18:36:00,Consumidor Final,Debito,2250
18710,2026-03-29 19:36:00,CLI-287,Debito,7200
18711,2026-03-29 12:57:00,CLI-126,Credito,3700
18712,2026-03-29 12:40:00,Consumidor Final,Credito,17450
18713,2026-03-29 17:25:00,Consumidor Final,Efectivo,6900
18714,2026-03-29 17:21:00,CLI-162,Debito,12150
18715,2026-03-29 19:55:00,Consumidor Final,Efectivo,2700
18716,2026-03-29 17:03:00,CLI-269,Debito,3200
18717,2026-03-29 09:04:00,CLI-248,Credito,7300
18718,2026-03-29 11:41:00,Consumidor Final,Debito,7300
18719,2026-03-29 19:26:00,CLI-105,Mercado Pago,7100
18720,2026-03-29 08:28:00,CLI-112,Debito,7900
18721,2026-03-29 09:50:00,CLI-223,Efectivo,1500
18722,2026-03-29 12:12:00,CLI-289,Efectivo,3300
18723,2026-03-29 17:51:00,CLI-124,Debito,1500
18724,2026-03-29 12:18:00,Consumidor Final,Efectivo,2700
18725,2026-03-29 11:04:00,CLI-207,Efectivo,9600
18726,2026-03-29 12:52:00,CLI-172,Debito,11650
18727,2026-03-29 20:58:00,CLI-212,Credito,9900
18728,2026-03-29 10:25:00,CLI-183,Debito,17900
18729,2026-03-29 08:29:00,CLI-188,Debito,19150
18730,2026-03-29 18:07:00,CLI-220,Efectivo,2200
18731,2026-03-29 09:43:00,CLI-199,Efectivo,1500
18732,2026-03-29 09:25:00,CLI-260,Debito,17050
18733,2026-03-29 12:34:00,CLI-273,Debito,6200
18734,2026-03-29 11:47:00,CLI-227,Debito,8100
18735,2026-03-29 17:34:00,Consumidor Final,Efectivo,11400
18736,2026-03-29 16:02:00,Consumidor Final,Efectivo,11800
18737,2026-03-29 19:55:00,Consumidor Final,Debito,6900
18738,2026-03-29 12:16:00,Consumidor Final,Mercado Pago,5950
18739,2026-03-29 11:39:00,Consumidor Final,Mercado Pago,4300
18740,2026-03-29 19:14:00,Consumidor Final,Debito,15950
18741,2026-03-29 17:45:00,Consumidor Final,Efectivo,1100
18742,2026-03-29 18:54:00,Consumidor Final,Mercado Pago,1500
18743,2026-03-29 18:14:00,CLI-154,Efectivo,1500
18744,2026-03-29 20:10:00,CLI-296,Debito,20850
18745,2026-03-29 08:57:00,CLI-216,Efectivo,13400
18746,2026-03-29 09:28:00,CLI-227,Debito,7500
18747,2026-03-29 16:33:00,CLI-296,Mercado Pago,11600
18748,2026-03-29 17:43:00,CLI-243,Credito,13200
18749,2026-03-29 11:19:00,CLI-127,Debito,14300
18750,2026-03-29 18:42:00,CLI-178,Efectivo,17000
18751,2026-03-29 16:35:00,CLI-235,Credito,24300
18752,2026-03-29 18:28:00,CLI-139,Mercado Pago,10550
18753,2026-03-29 16:42:00,CLI-278,Credito,2250
18754,2026-03-29 16:08:00,CLI-203,Debito,1600
18755,2026-03-29 12:20:00,CLI-281,Efectivo,10600
18756,2026-03-29 19:41:00,CLI-274,Efectivo,28150
18757,2026-03-29 16:50:00,CLI-114,Debito,14200
18758,2026-03-29 11:52:00,CLI-116,Efectivo,16300
18759,2026-03-29 19:06:00,CLI-239,Mercado Pago,3300
18760,2026-03-29 12:33:00,CLI-224,Credito,5800
18761,2026-03-29 20:37:00,Consumidor Final,Debito,5400
18762,2026-03-29 10:12:00,Consumidor Final,Efectivo,17100
18763,2026-03-29 10:07:00,CLI-151,Debito,7650
18764,2026-03-29 12:54:00,CLI-221,Efectivo,4200
18765,2026-03-29 12:42:00,Consumidor Final,Debito,5000
18766,2026-03-29 20:26:00,Consumidor Final,Efectivo,2200
18767,2026-03-29 08:58:00,Consumidor Final,Credito,2200
18768,2026-03-29 19:25:00,CLI-210,Mercado Pago,10800
18769,2026-03-29 08:32:00,Consumidor Final,Credito,20500
18770,2026-03-29 16:41:00,Consumidor Final,Credito,21000
18771,2026-03-29 18:00:00,CLI-112,Efectivo,14200
18772,2026-03-29 20:36:00,CLI-109,Mercado Pago,15550
18773,2026-03-29 09:17:00,Consumidor Final,Mercado Pago,3100
18774,2026-03-29 08:48:00,CLI-125,Efectivo,7600
18775,2026-03-29 18:26:00,CLI-169,Mercado Pago,4500
18776,2026-03-29 10:30:00,CLI-229,Mercado Pago,18350
18777,2026-03-29 08:21:00,CLI-125,Debito,7850
18778,2026-03-29 20:10:00,CLI-255,Efectivo,11050
18779,2026-03-29 18:07:00,Consumidor Final,Debito,13750
18780,2026-03-29 09:56:00,CLI-116,Mercado Pago,3600
18781,2026-03-29 17:11:00,CLI-128,Efectivo,14100
18782,2026-03-29 11:43:00,Consumidor Final,Credito,2700
18783,2026-03-29 17:36:00,CLI-237,Mercado Pago,3300
18784,2026-03-29 09:41:00,Consumidor Final,Debito,7250
18785,2026-03-29 20:46:00,Consumidor Final,Efectivo,10600
18786,2026-03-29 17:26:00,CLI-152,Efectivo,7400
18787,2026-03-29 17:19:00,Consumidor Final,Mercado Pago,7600
18788,2026-03-29 08:54:00,CLI-108,Mercado Pago,10000
18789,2026-03-29 10:43:00,CLI-172,Debito,12600
18790,2026-03-29 11:24:00,CLI-136,Efectivo,17600
18791,2026-03-29 11:55:00,CLI-296,Efectivo,7800
18792,2026-03-29 16:54:00,CLI-235,Credito,900
18793,2026-03-29 20:03:00,CLI-284,Efectivo,1500
18794,2026-03-29 10:20:00,CLI-274,Efectivo,900
18795,2026-03-29 08:14:00,Consumidor Final,Debito,5400
18796,2026-03-29 11:11:00,CLI-173,Mercado Pago,12050
18797,2026-03-29 19:21:00,CLI-252,Debito,8700
18798,2026-03-29 18:10:00,CLI-100,Debito,6300
18799,2026-03-29 19:49:00,CLI-259,Mercado Pago,11400
18800,2026-03-29 11:37:00,CLI-190,Debito,6400
18801,2026-03-29 11:54:00,Consumidor Final,Credito,9000
18802,2026-03-30 08:58:00,CLI-248,Mercado Pago,15400
18803,2026-03-30 18:12:00,CLI-215,Mercado Pago,3000
18804,2026-03-30 10:55:00,CLI-248,Debito,12200
18805,2026-03-30 17:28:00,CLI-274,Efectivo,12500
18806,2026-03-30 12:34:00,Consumidor Final,Mercado Pago,4750
18807,2026-03-30 16:27:00,CLI-231,Credito,3300
18808,2026-03-30 16:18:00,CLI-275,Efectivo,14500
18809,2026-03-30 11:14:00,CLI-132,Credito,4800
18810,2026-03-30 20:59:00,CLI-257,Credito,3600
18811,2026-03-30 19:30:00,CLI-190,Debito,2700
18812,2026-03-30 17:30:00,Consumidor Final,Efectivo,21900
18813,2026-03-30 20:02:00,CLI-107,Debito,9800
18814,2026-03-30 12:53:00,CLI-143,Efectivo,9300
18815,2026-03-30 12:42:00,CLI-170,Efectivo,7800
18816,2026-03-30 20:51:00,Consumidor Final,Efectivo,8500
18817,2026-03-30 20:41:00,CLI-141,Efectivo,14100
18818,2026-03-30 20:15:00,Consumidor Final,Efectivo,2200
18819,2026-03-30 08:18:00,CLI-163,Debito,750
18820,2026-03-30 11:41:00,Consumidor Final,Credito,17900
18821,2026-03-30 12:58:00,Consumidor Final,Debito,7000
18822,2026-03-30 09:22:00,CLI-184,Mercado Pago,6050
18823,2026-03-30 19:22:00,CLI-283,Efectivo,11500
18824,2026-03-30 10:42:00,CLI-138,Efectivo,3000
18825,2026-03-30 20:29:00,CLI-237,Efectivo,7600
18826,2026-03-30 11:37:00,Consumidor Final,Debito,10000
18827,2026-03-30 20:01:00,Consumidor Final,Debito,6600
18828,2026-03-30 12:54:00,Consumidor Final,Debito,6600
18829,2026-03-30 18:23:00,CLI-115,Credito,5350
18830,2026-03-30 12:23:00,Consumidor Final,Mercado Pago,11400
18831,2026-03-30 17:42:00,Consumidor Final,Credito,12900
18832,2026-03-30 20:34:00,Consumidor Final,Efectivo,5300
18833,2026-03-30 18:40:00,Consumidor Final,Debito,1500
18834,2026-03-30 20:37:00,CLI-106,Efectivo,8400
18835,2026-03-30 10:55:00,CLI-259,Efectivo,5450
18836,2026-03-30 18:08:00,CLI-175,Mercado Pago,10050
18837,2026-03-30 18:41:00,CLI-169,Debito,17800
18838,2026-03-30 10:27:00,Consumidor Final,Credito,3450
18839,2026-03-30 16:43:00,Consumidor Final,Efectivo,8600
18840,2026-03-30 09:58:00,CLI-112,Credito,9400
18841,2026-03-30 18:37:00,Consumidor Final,Efectivo,27450
18842,2026-03-30 20:59:00,Consumidor Final,Efectivo,17700
18843,2026-03-30 20:30:00,CLI-170,Debito,13800
18844,2026-03-30 16:12:00,CLI-218,Mercado Pago,1500
18845,2026-03-30 12:26:00,CLI-161,Mercado Pago,6300
18846,2026-03-30 10:33:00,CLI-223,Efectivo,8700
18847,2026-03-30 10:52:00,CLI-211,Efectivo,4500
18848,2026-03-30 18:33:00,CLI-143,Debito,9200
18849,2026-03-30 11:49:00,Consumidor Final,Efectivo,4500
18850,2026-03-30 12:23:00,Consumidor Final,Mercado Pago,6600
18851,2026-03-30 12:51:00,Consumidor Final,Efectivo,11400
18852,2026-03-30 18:14:00,CLI-234,Credito,7050
18853,2026-03-30 19:36:00,Consumidor Final,Efectivo,4500
18854,2026-03-30 19:47:00,CLI-150,Efectivo,1800
18855,2026-03-30 20:29:00,CLI-234,Mercado Pago,15400
18856,2026-03-30 09:03:00,Consumidor Final,Mercado Pago,7600
18857,2026-03-30 17:03:00,CLI-297,Debito,12400
18858,2026-03-30 17:00:00,CLI-238,Mercado Pago,24600
18859,2026-03-30 17:56:00,CLI-139,Mercado Pago,1600
18860,2026-03-30 10:58:00,CLI-126,Efectivo,6400
18861,2026-03-30 19:43:00,CLI-195,Debito,5400
18862,2026-03-30 18:37:00,Consumidor Final,Efectivo,2200
18863,2026-03-30 11:41:00,Consumidor Final,Efectivo,13400
18864,2026-03-30 09:28:00,CLI-284,Debito,14150
18865,2026-03-30 17:56:00,CLI-168,Debito,6350
18866,2026-03-30 10:01:00,Consumidor Final,Debito,9100
18867,2026-03-30 12:57:00,CLI-153,Efectivo,28700
18868,2026-03-30 10:19:00,CLI-298,Debito,10050
18869,2026-03-30 10:38:00,Consumidor Final,Debito,14700
18870,2026-03-30 16:30:00,CLI-186,Debito,11400
18871,2026-03-30 10:22:00,CLI-186,Mercado Pago,3000
18872,2026-03-30 17:20:00,Consumidor Final,Efectivo,9900
18873,2026-03-30 09:23:00,CLI-240,Efectivo,6600
18874,2026-03-30 18:45:00,CLI-165,Mercado Pago,13900
18875,2026-03-30 12:35:00,CLI-120,Debito,2250
18876,2026-03-30 09:52:00,CLI-251,Credito,11000
18877,2026-03-30 08:51:00,CLI-169,Efectivo,8900
18878,2026-03-30 19:24:00,CLI-168,Efectivo,7600
18879,2026-03-30 10:26:00,CLI-237,Credito,3600
18880,2026-03-30 18:46:00,CLI-209,Mercado Pago,14150
18881,2026-03-30 20:37:00,Consumidor Final,Debito,11400
18882,2026-03-30 10:24:00,Consumidor Final,Debito,20200
18883,2026-03-30 16:35:00,Consumidor Final,Efectivo,4400
18884,2026-03-30 16:13:00,CLI-267,Debito,7600
18885,2026-03-30 16:31:00,Consumidor Final,Debito,9900
18886,2026-03-30 16:34:00,CLI-262,Debito,12400
18887,2026-03-30 17:44:00,Consumidor Final,Mercado Pago,11250
18888,2026-03-30 17:56:00,Consumidor Final,Debito,3800
18889,2026-03-30 11:13:00,Consumidor Final,Debito,14250
18890,2026-03-30 12:55:00,Consumidor Final,Mercado Pago,13200
18891,2026-03-30 18:10:00,Consumidor Final,Efectivo,1800
18892,2026-03-31 16:43:00,CLI-221,Debito,1100
18893,2026-03-31 18:28:00,Consumidor Final,Mercado Pago,3800
18894,2026-03-31 09:16:00,CLI-103,Debito,20500
18895,2026-03-31 16:55:00,Consumidor Final,Debito,17600
18896,2026-03-31 16:06:00,Consumidor Final,Mercado Pago,16750
18897,2026-03-31 11:05:00,CLI-229,Mercado Pago,8700
18898,2026-03-31 18:58:00,CLI-250,Debito,21600
18899,2026-03-31 18:59:00,Consumidor Final,Mercado Pago,6050
18900,2026-03-31 20:15:00,CLI-200,Debito,15150
18901,2026-03-31 19:58:00,CLI-115,Debito,4000
18902,2026-03-31 17:04:00,Consumidor Final,Efectivo,4800
18903,2026-03-31 09:29:00,CLI-161,Efectivo,4500
18904,2026-03-31 20:26:00,CLI-131,Mercado Pago,750
18905,2026-03-31 18:33:00,CLI-246,Debito,8900
18906,2026-03-31 18:48:00,CLI-117,Debito,9600
18907,2026-03-31 09:36:00,Consumidor Final,Efectivo,3600
18908,2026-03-31 16:36:00,CLI-287,Efectivo,15600
18909,2026-03-31 12:44:00,Consumidor Final,Debito,4700
18910,2026-03-31 08:35:00,CLI-146,Mercado Pago,14050
18911,2026-03-31 16:49:00,Consumidor Final,Mercado Pago,6600
18912,2026-03-31 11:28:00,CLI-160,Efectivo,1800
18913,2026-03-31 09:49:00,Consumidor Final,Mercado Pago,3750
18914,2026-03-31 11:07:00,CLI-257,Debito,3900
18915,2026-03-31 10:32:00,Consumidor Final,Efectivo,14750
18916,2026-03-31 08:32:00,Consumidor Final,Debito,4700
18917,2026-03-31 20:22:00,Consumidor Final,Mercado Pago,4400
18918,2026-03-31 11:33:00,Consumidor Final,Debito,1500
18919,2026-03-31 19:06:00,CLI-129,Efectivo,11400
18920,2026-03-31 20:31:00,Consumidor Final,Efectivo,5400
18921,2026-03-31 11:36:00,CLI-249,Debito,12150
18922,2026-03-31 09:10:00,Consumidor Final,Efectivo,9400
18923,2026-03-31 08:18:00,Consumidor Final,Debito,3100
18924,2026-03-31 19:32:00,CLI-226,Mercado Pago,4500
18925,2026-03-31 09:52:00,Consumidor Final,Debito,900
18926,2026-03-31 09:37:00,Consumidor Final,Mercado Pago,20700
18927,2026-03-31 19:13:00,Consumidor Final,Mercado Pago,1600
18928,2026-03-31 11:33:00,CLI-155,Efectivo,9900
18929,2026-03-31 09:25:00,CLI-134,Debito,14850
18930,2026-03-31 09:07:00,CLI-149,Credito,9000
18931,2026-03-31 09:26:00,Consumidor Final,Mercado Pago,7250
18932,2026-03-31 12:38:00,CLI-105,Debito,13100
18933,2026-03-31 17:52:00,CLI-162,Debito,11900
18934,2026-03-31 16:44:00,CLI-219,Efectivo,6600
18935,2026-03-31 10:44:00,CLI-228,Debito,4200
18936,2026-03-31 17:10:00,CLI-298,Debito,12800
18937,2026-03-31 19:57:00,CLI-125,Efectivo,4500
18938,2026-03-31 09:37:00,CLI-163,Debito,2250
18939,2026-03-31 10:43:00,CLI-178,Debito,15550
18940,2026-03-31 20:54:00,CLI-233,Mercado Pago,3750
18941,2026-03-31 16:50:00,CLI-238,Debito,12500
18942,2026-03-31 17:10:00,CLI-208,Credito,16250
18943,2026-03-31 10:33:00,CLI-253,Efectivo,4050
18944,2026-03-31 18:08:00,CLI-190,Debito,9300
18945,2026-03-31 18:50:00,CLI-129,Debito,7500
18946,2026-03-31 11:18:00,CLI-266,Mercado Pago,3800
18947,2026-03-31 17:55:00,Consumidor Final,Efectivo,4800
18948,2026-03-31 09:23:00,CLI-112,Debito,11400
18949,2026-03-31 08:41:00,CLI-258,Debito,1500
18950,2026-03-31 17:33:00,CLI-186,Credito,9950
18951,2026-03-31 19:11:00,CLI-194,Mercado Pago,1800
18952,2026-03-31 12:20:00,CLI-298,Debito,1500
18953,2026-03-31 08:05:00,CLI-267,Mercado Pago,6500
18954,2026-03-31 18:29:00,CLI-139,Efectivo,15350
18955,2026-03-31 11:57:00,CLI-178,Debito,2550
18956,2026-03-31 12:29:00,CLI-153,Mercado Pago,16750
18957,2026-03-31 10:51:00,CLI-291,Credito,27900
18958,2026-03-31 09:24:00,Consumidor Final,Efectivo,2250
18959,2026-03-31 17:43:00,CLI-162,Debito,1600
18960,2026-03-31 20:20:00,CLI-149,Mercado Pago,1500
18961,2026-03-31 08:38:00,CLI-245,Debito,3800
18962,2026-03-31 12:32:00,CLI-199,Debito,4400
18963,2026-03-31 19:22:00,CLI-196,Debito,6600
18964,2026-03-31 19:34:00,CLI-247,Credito,8100
18965,2026-03-31 12:34:00,CLI-229,Mercado Pago,4100
18966,2026-03-31 08:08:00,Consumidor Final,Mercado Pago,13600
18967,2026-03-31 10:24:00,CLI-153,Debito,16350
18968,2026-03-31 12:06:00,Consumidor Final,Credito,3300
18969,2026-03-31 19:58:00,Consumidor Final,Mercado Pago,11100
18970,2026-03-31 09:49:00,CLI-292,Mercado Pago,2200
18971,2026-03-31 16:16:00,Consumidor Final,Efectivo,13600
18972,2026-03-31 19:08:00,CLI-220,Mercado Pago,9200
18973,2026-03-31 09:54:00,Consumidor Final,Efectivo,5400
18974,2026-03-31 12:50:00,Consumidor Final,Debito,4700
18975,2026-03-31 09:53:00,CLI-198,Mercado Pago,3000
18976,2026-03-31 09:34:00,Consumidor Final,Debito,16650
18977,2026-03-31 17:15:00,CLI-110,Efectivo,18100
18978,2026-03-31 18:52:00,Consumidor Final,Debito,7400
18979,2026-03-31 09:37:00,Consumidor Final,Efectivo,4800
18980,2026-03-31 12:57:00,Consumidor Final,Credito,15800
18981,2026-03-31 16:05:00,Consumidor Final,Efectivo,6600
18982,2026-03-31 11:52:00,CLI-232,Debito,2200
18983,2026-03-31 09:20:00,Consumidor Final,Debito,3800
18984,2026-03-31 16:03:00,Consumidor Final,Efectivo,10800
18985,2026-03-31 12:08:00,Consumidor Final,Efectivo,10800
18986,2026-03-31 08:14:00,CLI-196,Mercado Pago,6650
18987,2026-03-31 12:31:00,CLI-208,Debito,11700
18988,2026-03-31 08:06:00,Consumidor Final,Credito,7250
18989,2026-03-31 09:03:00,CLI-179,Mercado Pago,6800
18990,2026-03-31 10:31:00,Consumidor Final,Efectivo,6600
18991,2026-03-31 12:51:00,CLI-183,Efectivo,1800
18992,2026-03-31 09:01:00,Consumidor Final,Mercado Pago,10050
18993,2026-03-31 20:06:00,CLI-278,Efectivo,13100
18994,2026-03-31 20:26:00,CLI-149,Mercado Pago,4400
18995,2026-04-01 11:06:00,CLI-207,Efectivo,12600
18996,2026-04-01 19:51:00,CLI-194,Efectivo,4800
18997,2026-04-01 17:56:00,CLI-112,Mercado Pago,21050
18998,2026-04-01 08:09:00,Consumidor Final,Credito,3200
18999,2026-04-01 11:48:00,Consumidor Final,Mercado Pago,5400
19000,2026-04-01 10:43:00,Consumidor Final,Mercado Pago,11200
19001,2026-04-01 19:20:00,Consumidor Final,Debito,26650
19002,2026-04-01 17:26:00,CLI-125,Debito,3600
19003,2026-04-01 10:53:00,Consumidor Final,Debito,17200
19004,2026-04-01 20:38:00,CLI-282,Debito,16450
19005,2026-04-01 10:11:00,Consumidor Final,Mercado Pago,2700
19006,2026-04-01 20:35:00,Consumidor Final,Debito,23200
19007,2026-04-01 18:42:00,CLI-178,Efectivo,15500
19008,2026-04-01 08:29:00,Consumidor Final,Efectivo,27400
19009,2026-04-01 08:45:00,Consumidor Final,Efectivo,4700
19010,2026-04-01 19:55:00,Consumidor Final,Credito,9150
19011,2026-04-01 11:06:00,CLI-299,Credito,14000
19012,2026-04-01 10:06:00,CLI-285,Mercado Pago,27700
19013,2026-04-01 17:35:00,CLI-171,Debito,2250
19014,2026-04-01 16:46:00,CLI-232,Mercado Pago,1500
19015,2026-04-01 12:27:00,CLI-100,Mercado Pago,12650
19016,2026-04-01 10:00:00,CLI-219,Mercado Pago,18400
19017,2026-04-01 11:52:00,Consumidor Final,Debito,3800
19018,2026-04-01 10:07:00,Consumidor Final,Mercado Pago,5400
19019,2026-04-01 17:39:00,CLI-272,Mercado Pago,5400
19020,2026-04-01 19:51:00,CLI-120,Credito,3600
19021,2026-04-01 20:33:00,CLI-118,Efectivo,7000
19022,2026-04-01 19:56:00,CLI-203,Efectivo,8350
19023,2026-04-01 16:46:00,Consumidor Final,Efectivo,8400
19024,2026-04-01 18:53:00,CLI-188,Debito,6600
19025,2026-04-01 20:57:00,CLI-184,Efectivo,14000
19026,2026-04-01 18:49:00,CLI-228,Efectivo,4500
19027,2026-04-01 08:56:00,CLI-221,Mercado Pago,30450
19028,2026-04-01 09:58:00,Consumidor Final,Debito,3600
19029,2026-04-01 10:55:00,Consumidor Final,Efectivo,6150
19030,2026-04-01 18:25:00,Consumidor Final,Debito,3200
19031,2026-04-01 17:24:00,Consumidor Final,Debito,16000
19032,2026-04-01 11:15:00,Consumidor Final,Debito,1500
19033,2026-04-01 17:56:00,CLI-163,Debito,9600
19034,2026-04-01 11:16:00,CLI-198,Mercado Pago,32250
19035,2026-04-01 18:33:00,CLI-285,Efectivo,2200
19036,2026-04-01 08:29:00,Consumidor Final,Mercado Pago,3300
19037,2026-04-01 16:29:00,Consumidor Final,Debito,1600
19038,2026-04-01 18:23:00,CLI-190,Debito,9400
19039,2026-04-01 08:15:00,Consumidor Final,Credito,3000
19040,2026-04-01 08:46:00,Consumidor Final,Credito,4400
19041,2026-04-01 12:08:00,Consumidor Final,Credito,2350
19042,2026-04-02 19:27:00,Consumidor Final,Debito,13500
19043,2026-04-02 16:16:00,CLI-121,Efectivo,22950
19044,2026-04-02 11:19:00,Consumidor Final,Efectivo,9400
19045,2026-04-02 17:55:00,Consumidor Final,Efectivo,3150
19046,2026-04-02 09:27:00,Consumidor Final,Debito,5600
19047,2026-04-02 18:09:00,CLI-292,Debito,6200
19048,2026-04-02 19:14:00,CLI-136,Credito,1100
19049,2026-04-02 20:16:00,Consumidor Final,Efectivo,28950
19050,2026-04-02 11:03:00,CLI-200,Credito,7700
19051,2026-04-02 12:56:00,CLI-267,Debito,18650
19052,2026-04-02 09:55:00,Consumidor Final,Mercado Pago,2200
19053,2026-04-02 19:23:00,CLI-107,Debito,23400
19054,2026-04-02 17:15:00,Consumidor Final,Mercado Pago,17550
19055,2026-04-02 09:44:00,Consumidor Final,Debito,3800
19056,2026-04-02 10:04:00,CLI-164,Debito,2200
19057,2026-04-02 12:52:00,Consumidor Final,Mercado Pago,4900
19058,2026-04-02 10:22:00,Consumidor Final,Debito,9300
19059,2026-04-02 20:48:00,Consumidor Final,Credito,10400
19060,2026-04-02 10:03:00,CLI-200,Efectivo,4900
19061,2026-04-02 09:27:00,Consumidor Final,Efectivo,9600
19062,2026-04-02 08:51:00,Consumidor Final,Efectivo,26350
19063,2026-04-02 10:49:00,CLI-120,Mercado Pago,5800
19064,2026-04-02 09:29:00,CLI-178,Debito,6600
19065,2026-04-02 19:56:00,Consumidor Final,Debito,2700
19066,2026-04-02 10:30:00,CLI-187,Credito,14950
19067,2026-04-02 20:38:00,CLI-153,Mercado Pago,4800
19068,2026-04-02 12:25:00,Consumidor Final,Efectivo,9050
19069,2026-04-02 19:31:00,Consumidor Final,Mercado Pago,6600
19070,2026-04-02 11:37:00,Consumidor Final,Debito,7050
19071,2026-04-02 18:17:00,CLI-283,Debito,3750
19072,2026-04-02 18:14:00,CLI-147,Debito,6300
19073,2026-04-02 11:58:00,Consumidor Final,Debito,11400
19074,2026-04-02 16:44:00,CLI-270,Debito,4500
19075,2026-04-02 19:12:00,CLI-293,Debito,28200
19076,2026-04-02 12:36:00,CLI-170,Debito,13800
19077,2026-04-02 08:04:00,Consumidor Final,Mercado Pago,1800
19078,2026-04-02 20:47:00,Consumidor Final,Debito,1500
19079,2026-04-02 09:28:00,CLI-109,Mercado Pago,13300
19080,2026-04-02 10:50:00,CLI-196,Debito,25250
19081,2026-04-02 09:08:00,Consumidor Final,Mercado Pago,5600
19082,2026-04-02 11:00:00,CLI-156,Debito,11600
19083,2026-04-02 12:50:00,CLI-279,Debito,9700
19084,2026-04-02 20:34:00,Consumidor Final,Efectivo,2250
19085,2026-04-02 16:22:00,CLI-257,Mercado Pago,9800
19086,2026-04-02 08:29:00,Consumidor Final,Efectivo,5900
19087,2026-04-02 08:06:00,CLI-252,Debito,26600
19088,2026-04-02 08:08:00,CLI-154,Efectivo,8100
19089,2026-04-02 19:44:00,CLI-122,Debito,3600
19090,2026-04-02 09:13:00,CLI-108,Debito,3800
19091,2026-04-03 18:20:00,CLI-197,Mercado Pago,12100
19092,2026-04-03 09:08:00,CLI-196,Debito,21000
19093,2026-04-03 20:02:00,CLI-170,Efectivo,7150
19094,2026-04-03 09:39:00,CLI-131,Debito,900
19095,2026-04-03 08:18:00,CLI-156,Efectivo,1800
19096,2026-04-03 18:23:00,Consumidor Final,Efectivo,4200
19097,2026-04-03 16:20:00,Consumidor Final,Efectivo,20750
19098,2026-04-03 09:58:00,CLI-271,Debito,5250
19099,2026-04-03 11:47:00,CLI-215,Efectivo,3300
19100,2026-04-03 18:53:00,CLI-162,Debito,28400
19101,2026-04-03 19:54:00,Consumidor Final,Debito,4500
19102,2026-04-03 11:23:00,CLI-299,Efectivo,23200
19103,2026-04-03 20:50:00,Consumidor Final,Efectivo,8400
19104,2026-04-03 10:01:00,CLI-109,Efectivo,12600
19105,2026-04-03 11:50:00,CLI-158,Credito,7600
19106,2026-04-03 09:30:00,CLI-130,Debito,1800
19107,2026-04-03 12:41:00,CLI-177,Mercado Pago,25250
19108,2026-04-03 16:37:00,CLI-107,Debito,2700
19109,2026-04-03 12:29:00,Consumidor Final,Mercado Pago,13650
19110,2026-04-03 08:24:00,Consumidor Final,Mercado Pago,2200
19111,2026-04-03 10:00:00,Consumidor Final,Mercado Pago,16900
19112,2026-04-03 18:09:00,CLI-102,Debito,16700
19113,2026-04-03 09:07:00,Consumidor Final,Credito,4200
19114,2026-04-03 17:57:00,CLI-132,Debito,33650
19115,2026-04-03 18:02:00,CLI-166,Efectivo,14700
19116,2026-04-03 17:11:00,CLI-163,Efectivo,11200
19117,2026-04-03 19:07:00,CLI-169,Mercado Pago,20450
19118,2026-04-03 19:04:00,Consumidor Final,Debito,1800
19119,2026-04-03 08:36:00,CLI-232,Efectivo,11850
19120,2026-04-03 20:48:00,CLI-100,Debito,22500
19121,2026-04-03 19:44:00,CLI-243,Debito,22500
19122,2026-04-03 10:12:00,CLI-192,Debito,9800
19123,2026-04-03 11:49:00,Consumidor Final,Efectivo,1650
19124,2026-04-03 16:36:00,CLI-127,Debito,15200
19125,2026-04-03 18:56:00,CLI-134,Debito,23050
19126,2026-04-03 16:34:00,Consumidor Final,Mercado Pago,16200
19127,2026-04-03 08:09:00,CLI-279,Credito,4900
19128,2026-04-03 19:34:00,CLI-138,Mercado Pago,31150
19129,2026-04-03 09:04:00,CLI-236,Debito,17800
19130,2026-04-03 18:23:00,Consumidor Final,Debito,24850
19131,2026-04-03 20:58:00,CLI-255,Efectivo,5500
19132,2026-04-03 11:23:00,Consumidor Final,Debito,18550
19133,2026-04-03 11:40:00,CLI-188,Debito,17550
19134,2026-04-03 18:53:00,Consumidor Final,Efectivo,4050
19135,2026-04-03 11:51:00,Consumidor Final,Debito,13850
19136,2026-04-03 12:58:00,Consumidor Final,Mercado Pago,5300
19137,2026-04-03 09:56:00,CLI-114,Mercado Pago,14400
19138,2026-04-03 12:41:00,CLI-215,Efectivo,10200
19139,2026-04-03 19:35:00,Consumidor Final,Debito,3600
19140,2026-04-03 19:29:00,Consumidor Final,Mercado Pago,25150
19141,2026-04-03 09:03:00,CLI-136,Mercado Pago,5500
19142,2026-04-03 19:57:00,CLI-244,Debito,15800
19143,2026-04-03 16:17:00,CLI-224,Mercado Pago,24850
19144,2026-04-03 19:46:00,Consumidor Final,Credito,18100
19145,2026-04-03 11:02:00,Consumidor Final,Debito,8100
19146,2026-04-04 17:53:00,CLI-247,Mercado Pago,3150
19147,2026-04-04 20:20:00,CLI-124,Debito,2900
19148,2026-04-04 11:05:00,Consumidor Final,Debito,900
19149,2026-04-04 18:32:00,CLI-243,Efectivo,21400
19150,2026-04-04 16:27:00,CLI-273,Mercado Pago,7600
19151,2026-04-04 18:17:00,CLI-211,Efectivo,4400
19152,2026-04-04 19:52:00,CLI-233,Debito,20500
19153,2026-04-04 20:09:00,Consumidor Final,Debito,4950
19154,2026-04-04 08:56:00,Consumidor Final,Mercado Pago,8600
19155,2026-04-04 19:30:00,Consumidor Final,Efectivo,14150
19156,2026-04-04 18:06:00,CLI-180,Efectivo,21100
19157,2026-04-04 17:39:00,Consumidor Final,Mercado Pago,5850
19158,2026-04-04 08:36:00,Consumidor Final,Mercado Pago,21500
19159,2026-04-04 16:33:00,CLI-186,Efectivo,18900
19160,2026-04-04 16:48:00,CLI-263,Efectivo,13200
19161,2026-04-04 20:41:00,CLI-121,Mercado Pago,1800
19162,2026-04-04 08:18:00,Consumidor Final,Debito,10200
19163,2026-04-04 19:13:00,Consumidor Final,Debito,1800
19164,2026-04-04 16:43:00,CLI-103,Mercado Pago,24900
19165,2026-04-04 11:30:00,CLI-244,Debito,13900
19166,2026-04-04 12:24:00,Consumidor Final,Debito,1800
19167,2026-04-04 19:44:00,Consumidor Final,Credito,7500
19168,2026-04-04 18:04:00,Consumidor Final,Mercado Pago,18900
19169,2026-04-04 10:36:00,CLI-157,Mercado Pago,16350
19170,2026-04-04 08:01:00,Consumidor Final,Efectivo,2550
19171,2026-04-04 10:59:00,Consumidor Final,Efectivo,16350
19172,2026-04-04 19:52:00,CLI-194,Debito,3300
19173,2026-04-04 19:58:00,CLI-222,Efectivo,5800
19174,2026-04-04 18:34:00,CLI-214,Mercado Pago,6650
19175,2026-04-04 11:35:00,Consumidor Final,Debito,2600
19176,2026-04-04 09:10:00,CLI-222,Efectivo,5400
19177,2026-04-04 19:33:00,Consumidor Final,Efectivo,9200
19178,2026-04-04 11:47:00,Consumidor Final,Efectivo,2200
19179,2026-04-04 11:22:00,Consumidor Final,Credito,28100
19180,2026-04-04 10:28:00,Consumidor Final,Mercado Pago,4500
19181,2026-04-04 09:34:00,CLI-238,Debito,7100
19182,2026-04-04 08:46:00,Consumidor Final,Debito,3800
19183,2026-04-04 08:48:00,Consumidor Final,Mercado Pago,3800
19184,2026-04-04 17:01:00,CLI-187,Debito,8900
19185,2026-04-04 20:04:00,Consumidor Final,Mercado Pago,15800
19186,2026-04-04 19:37:00,Consumidor Final,Debito,1600
19187,2026-04-04 18:19:00,Consumidor Final,Efectivo,15400
19188,2026-04-04 11:59:00,CLI-200,Mercado Pago,6300
19189,2026-04-04 11:51:00,Consumidor Final,Mercado Pago,4800
19190,2026-04-04 19:16:00,CLI-295,Debito,16750
19191,2026-04-04 19:46:00,CLI-220,Debito,2200
19192,2026-04-04 17:27:00,CLI-253,Mercado Pago,5400
19193,2026-04-04 08:51:00,CLI-297,Debito,7500
19194,2026-04-04 18:47:00,Consumidor Final,Debito,28250
19195,2026-04-04 17:22:00,CLI-276,Efectivo,19000
19196,2026-04-04 17:20:00,CLI-116,Debito,25400
19197,2026-04-04 20:31:00,CLI-273,Efectivo,13200
19198,2026-04-04 17:36:00,Consumidor Final,Efectivo,1100
19199,2026-04-04 12:01:00,CLI-223,Efectivo,29050
19200,2026-04-04 18:15:00,CLI-176,Debito,12150
19201,2026-04-04 19:15:00,Consumidor Final,Mercado Pago,9550
19202,2026-04-04 17:55:00,Consumidor Final,Credito,10450
19203,2026-04-04 16:15:00,CLI-199,Debito,19300
19204,2026-04-04 18:43:00,CLI-291,Efectivo,19550
19205,2026-04-04 19:19:00,CLI-110,Debito,17750
19206,2026-04-04 09:31:00,CLI-227,Efectivo,9400
19207,2026-04-04 19:59:00,Consumidor Final,Mercado Pago,14000
19208,2026-04-04 08:16:00,CLI-157,Debito,5900
19209,2026-04-04 10:48:00,CLI-299,Credito,14600
19210,2026-04-05 10:07:00,CLI-146,Efectivo,20150
19211,2026-04-05 19:12:00,CLI-184,Debito,23100
19212,2026-04-05 17:44:00,CLI-261,Credito,2250
19213,2026-04-05 08:39:00,Consumidor Final,Mercado Pago,5400
19214,2026-04-05 09:21:00,CLI-235,Debito,14000
19215,2026-04-05 17:12:00,CLI-143,Efectivo,3800
19216,2026-04-05 11:48:00,CLI-123,Credito,15700
19217,2026-04-05 09:28:00,CLI-106,Debito,10300
19218,2026-04-05 09:11:00,Consumidor Final,Debito,12900
19219,2026-04-05 20:47:00,CLI-248,Efectivo,2200
19220,2026-04-05 17:17:00,CLI-231,Debito,7600
19221,2026-04-05 17:46:00,CLI-242,Efectivo,10250
19222,2026-04-05 08:28:00,Consumidor Final,Efectivo,3600
19223,2026-04-05 10:41:00,Consumidor Final,Debito,14200
19224,2026-04-05 16:34:00,CLI-247,Mercado Pago,20350
19225,2026-04-05 09:23:00,Consumidor Final,Efectivo,1800
19226,2026-04-05 09:24:00,Consumidor Final,Debito,19900
19227,2026-04-05 18:10:00,CLI-106,Efectivo,4050
19228,2026-04-05 08:45:00,CLI-227,Mercado Pago,12900
19229,2026-04-05 18:58:00,Consumidor Final,Debito,5400
19230,2026-04-05 19:55:00,Consumidor Final,Credito,9800
19231,2026-04-05 12:36:00,CLI-163,Credito,5400
19232,2026-04-05 11:45:00,Consumidor Final,Debito,6600
19233,2026-04-05 10:21:00,CLI-250,Mercado Pago,8800
19234,2026-04-05 10:08:00,CLI-284,Mercado Pago,25800
19235,2026-04-05 08:23:00,Consumidor Final,Credito,25500
19236,2026-04-05 16:52:00,Consumidor Final,Credito,11450
19237,2026-04-05 09:22:00,CLI-105,Mercado Pago,3600
19238,2026-04-05 18:12:00,CLI-128,Credito,11200
19239,2026-04-05 19:26:00,CLI-108,Mercado Pago,12550
19240,2026-04-05 20:08:00,CLI-245,Efectivo,7600
19241,2026-04-05 12:17:00,CLI-289,Debito,1800
19242,2026-04-05 08:09:00,CLI-191,Mercado Pago,21000
19243,2026-04-05 18:10:00,CLI-289,Efectivo,12650
19244,2026-04-05 17:11:00,CLI-262,Mercado Pago,3850
19245,2026-04-05 12:06:00,Consumidor Final,Debito,20700
19246,2026-04-05 16:56:00,CLI-208,Efectivo,5700
19247,2026-04-05 20:54:00,CLI-218,Efectivo,750
19248,2026-04-05 08:19:00,Consumidor Final,Efectivo,4700
19249,2026-04-05 11:59:00,CLI-168,Debito,10250
19250,2026-04-05 10:56:00,CLI-224,Mercado Pago,19750
19251,2026-04-05 16:36:00,CLI-129,Debito,15600
19252,2026-04-05 17:13:00,CLI-285,Mercado Pago,34000
19253,2026-04-05 19:57:00,Consumidor Final,Efectivo,28050
19254,2026-04-05 17:15:00,Consumidor Final,Efectivo,3300
19255,2026-04-05 08:48:00,CLI-268,Debito,7200
19256,2026-04-05 19:29:00,CLI-192,Debito,5250
19257,2026-04-05 10:49:00,CLI-134,Debito,6600
19258,2026-04-05 17:31:00,CLI-241,Debito,17950
19259,2026-04-05 10:37:00,CLI-217,Mercado Pago,24100
19260,2026-04-05 11:59:00,CLI-252,Debito,3600
19261,2026-04-05 17:26:00,CLI-130,Efectivo,5400
19262,2026-04-05 19:09:00,CLI-245,Debito,1600
19263,2026-04-06 10:26:00,CLI-260,Efectivo,750
19264,2026-04-06 16:58:00,CLI-150,Debito,3800
19265,2026-04-06 08:18:00,CLI-212,Mercado Pago,9800
19266,2026-04-06 19:47:00,CLI-188,Mercado Pago,16050
19267,2026-04-06 12:08:00,CLI-201,Mercado Pago,6800
19268,2026-04-06 20:04:00,Consumidor Final,Credito,1100
19269,2026-04-06 10:44:00,CLI-243,Debito,22950
19270,2026-04-06 08:01:00,CLI-186,Mercado Pago,6100
19271,2026-04-06 10:47:00,CLI-278,Debito,3600
19272,2026-04-06 17:33:00,Consumidor Final,Credito,2900
19273,2026-04-06 09:31:00,Consumidor Final,Debito,4400
19274,2026-04-06 18:10:00,CLI-162,Mercado Pago,5200
19275,2026-04-06 18:17:00,Consumidor Final,Mercado Pago,17600
19276,2026-04-06 17:04:00,Consumidor Final,Debito,6300
19277,2026-04-06 19:03:00,CLI-127,Mercado Pago,31550
19278,2026-04-06 20:43:00,CLI-164,Mercado Pago,23650
19279,2026-04-06 20:58:00,CLI-273,Efectivo,3600
19280,2026-04-06 09:50:00,CLI-228,Credito,2700
19281,2026-04-06 18:01:00,Consumidor Final,Mercado Pago,1850
19282,2026-04-06 09:57:00,CLI-158,Mercado Pago,8750
19283,2026-04-06 12:38:00,CLI-127,Debito,3300
19284,2026-04-06 18:25:00,CLI-194,Efectivo,16150
19285,2026-04-06 16:57:00,CLI-180,Mercado Pago,1500
19286,2026-04-06 08:46:00,CLI-129,Efectivo,22800
19287,2026-04-06 12:13:00,CLI-123,Efectivo,4800
19288,2026-04-06 19:40:00,CLI-280,Mercado Pago,17750
19289,2026-04-06 17:37:00,Consumidor Final,Efectivo,1100
19290,2026-04-06 16:39:00,CLI-104,Debito,8050
19291,2026-04-06 10:55:00,Consumidor Final,Credito,12650
19292,2026-04-06 12:54:00,Consumidor Final,Credito,7600
19293,2026-04-06 16:39:00,CLI-278,Mercado Pago,6800
19294,2026-04-06 17:48:00,CLI-129,Mercado Pago,1800
19295,2026-04-06 19:49:00,CLI-255,Mercado Pago,16400
19296,2026-04-06 12:54:00,Consumidor Final,Credito,5200
19297,2026-04-06 08:00:00,Consumidor Final,Mercado Pago,9600
19298,2026-04-06 17:53:00,CLI-124,Efectivo,5700
19299,2026-04-06 20:25:00,Consumidor Final,Mercado Pago,9400
19300,2026-04-06 17:32:00,Consumidor Final,Debito,7600
19301,2026-04-06 19:45:00,Consumidor Final,Mercado Pago,17050
19302,2026-04-06 10:08:00,Consumidor Final,Mercado Pago,26450
19303,2026-04-06 20:22:00,CLI-279,Mercado Pago,5200
19304,2026-04-06 19:52:00,Consumidor Final,Efectivo,10300
19305,2026-04-06 09:35:00,CLI-111,Mercado Pago,3600
19306,2026-04-06 18:46:00,CLI-167,Debito,18500
19307,2026-04-06 09:40:00,CLI-249,Efectivo,7700
19308,2026-04-06 08:35:00,CLI-283,Efectivo,900
19309,2026-04-07 18:09:00,CLI-201,Debito,14200
19310,2026-04-07 11:22:00,CLI-268,Credito,9650
19311,2026-04-07 17:49:00,Consumidor Final,Mercado Pago,5700
19312,2026-04-07 12:50:00,CLI-210,Debito,18050
19313,2026-04-07 12:47:00,Consumidor Final,Credito,6900
19314,2026-04-07 20:24:00,CLI-196,Efectivo,3300
19315,2026-04-07 08:47:00,CLI-200,Mercado Pago,7600
19316,2026-04-07 10:18:00,CLI-151,Credito,12300
19317,2026-04-07 19:05:00,Consumidor Final,Efectivo,2700
19318,2026-04-07 17:06:00,Consumidor Final,Mercado Pago,21250
19319,2026-04-07 19:44:00,Consumidor Final,Mercado Pago,2900
19320,2026-04-07 19:39:00,CLI-144,Mercado Pago,25250
19321,2026-04-07 16:10:00,CLI-180,Mercado Pago,18000
19322,2026-04-07 18:34:00,CLI-205,Efectivo,4400
19323,2026-04-07 09:41:00,Consumidor Final,Mercado Pago,10750
19324,2026-04-07 18:03:00,Consumidor Final,Debito,4500
19325,2026-04-07 09:25:00,Consumidor Final,Mercado Pago,6100
19326,2026-04-07 16:15:00,Consumidor Final,Efectivo,8250
19327,2026-04-07 08:52:00,CLI-266,Mercado Pago,3600
19328,2026-04-07 08:21:00,Consumidor Final,Mercado Pago,7600
19329,2026-04-07 20:13:00,Consumidor Final,Efectivo,19350
19330,2026-04-07 19:09:00,Consumidor Final,Debito,3200
19331,2026-04-07 18:58:00,CLI-265,Debito,3700
19332,2026-04-07 16:19:00,CLI-102,Mercado Pago,2700
19333,2026-04-07 09:27:00,Consumidor Final,Mercado Pago,9100
19334,2026-04-07 12:10:00,CLI-123,Efectivo,2200
19335,2026-04-07 18:30:00,Consumidor Final,Efectivo,20400
19336,2026-04-07 16:11:00,CLI-105,Debito,9500
19337,2026-04-07 20:35:00,CLI-170,Efectivo,750
19338,2026-04-07 10:25:00,CLI-110,Debito,20400
19339,2026-04-07 19:46:00,CLI-284,Efectivo,12700
19340,2026-04-07 16:49:00,CLI-130,Mercado Pago,27800
19341,2026-04-07 20:30:00,Consumidor Final,Efectivo,1800
19342,2026-04-07 11:36:00,Consumidor Final,Mercado Pago,18300
19343,2026-04-07 17:18:00,CLI-298,Mercado Pago,20900
19344,2026-04-07 08:18:00,CLI-160,Mercado Pago,4200
19345,2026-04-07 09:06:00,CLI-286,Mercado Pago,14000
19346,2026-04-07 16:56:00,CLI-123,Mercado Pago,26200
19347,2026-04-07 09:46:00,CLI-257,Mercado Pago,9400
19348,2026-04-07 20:52:00,CLI-109,Credito,24900
19349,2026-04-07 12:36:00,CLI-183,Efectivo,9650
19350,2026-04-07 10:40:00,Consumidor Final,Mercado Pago,4800
19351,2026-04-07 11:46:00,Consumidor Final,Debito,11850
19352,2026-04-07 20:12:00,CLI-117,Credito,3200
19353,2026-04-07 11:55:00,CLI-209,Credito,24750
19354,2026-04-07 17:26:00,CLI-267,Efectivo,4800
19355,2026-04-07 20:24:00,Consumidor Final,Efectivo,5600
19356,2026-04-07 19:18:00,Consumidor Final,Efectivo,17600
19357,2026-04-07 10:09:00,Consumidor Final,Mercado Pago,8600
19358,2026-04-07 11:43:00,CLI-132,Mercado Pago,23700
19359,2026-04-07 12:04:00,CLI-297,Debito,5300
19360,2026-04-08 08:22:00,Consumidor Final,Credito,16600
19361,2026-04-08 18:38:00,CLI-105,Mercado Pago,2250
19362,2026-04-08 11:34:00,CLI-213,Debito,6600
19363,2026-04-08 17:25:00,CLI-108,Credito,13600
19364,2026-04-08 16:08:00,CLI-198,Mercado Pago,3600
19365,2026-04-08 11:53:00,CLI-212,Mercado Pago,16200
19366,2026-04-08 19:27:00,CLI-187,Efectivo,2250
19367,2026-04-08 17:03:00,CLI-283,Mercado Pago,28650
19368,2026-04-08 08:57:00,CLI-214,Debito,14650
19369,2026-04-08 16:19:00,Consumidor Final,Credito,2700
19370,2026-04-08 11:07:00,CLI-101,Debito,18650
19371,2026-04-08 16:53:00,CLI-113,Mercado Pago,16000
19372,2026-04-08 10:19:00,Consumidor Final,Efectivo,9400
19373,2026-04-08 08:57:00,Consumidor Final,Mercado Pago,5200
19374,2026-04-08 12:52:00,CLI-252,Mercado Pago,12150
19375,2026-04-08 17:40:00,CLI-200,Mercado Pago,14700
19376,2026-04-08 12:17:00,CLI-167,Efectivo,1100
19377,2026-04-08 17:41:00,CLI-182,Debito,16650
19378,2026-04-08 20:04:00,CLI-179,Mercado Pago,20950
19379,2026-04-08 08:10:00,CLI-162,Mercado Pago,4800
19380,2026-04-08 20:21:00,Consumidor Final,Debito,16500
19381,2026-04-08 20:25:00,CLI-115,Efectivo,20350
19382,2026-04-08 17:08:00,Consumidor Final,Mercado Pago,4800
19383,2026-04-08 12:29:00,CLI-241,Efectivo,2200
19384,2026-04-08 12:31:00,Consumidor Final,Efectivo,900
19385,2026-04-08 16:16:00,CLI-223,Debito,10500
19386,2026-04-08 12:28:00,Consumidor Final,Efectivo,10600
19387,2026-04-08 16:24:00,Consumidor Final,Debito,7600
19388,2026-04-08 12:11:00,Consumidor Final,Mercado Pago,9300
19389,2026-04-08 08:54:00,CLI-243,Debito,12000
19390,2026-04-08 09:23:00,Consumidor Final,Efectivo,13450
19391,2026-04-08 09:09:00,Consumidor Final,Efectivo,14800
19392,2026-04-08 19:14:00,CLI-125,Mercado Pago,6000
19393,2026-04-08 17:48:00,CLI-188,Mercado Pago,7200
19394,2026-04-08 18:14:00,Consumidor Final,Efectivo,31350
19395,2026-04-08 20:59:00,CLI-274,Debito,18150
19396,2026-04-08 17:46:00,Consumidor Final,Efectivo,3150
19397,2026-04-08 10:53:00,Consumidor Final,Credito,1800
19398,2026-04-08 20:37:00,Consumidor Final,Debito,7800
19399,2026-04-08 11:03:00,Consumidor Final,Efectivo,18600
19400,2026-04-08 17:09:00,Consumidor Final,Debito,5400
19401,2026-04-08 18:32:00,CLI-295,Mercado Pago,900
19402,2026-04-08 19:01:00,Consumidor Final,Debito,4500
19403,2026-04-08 19:12:00,CLI-168,Debito,11400
19404,2026-04-08 20:35:00,Consumidor Final,Efectivo,5400
19405,2026-04-08 09:58:00,Consumidor Final,Efectivo,15300
19406,2026-04-09 17:17:00,CLI-157,Mercado Pago,21350
19407,2026-04-09 19:33:00,Consumidor Final,Debito,4400
19408,2026-04-09 11:48:00,Consumidor Final,Mercado Pago,12400
19409,2026-04-09 11:54:00,CLI-210,Debito,14000
19410,2026-04-09 16:52:00,Consumidor Final,Credito,20600
19411,2026-04-09 20:44:00,CLI-277,Efectivo,3200
19412,2026-04-09 12:38:00,Consumidor Final,Mercado Pago,6600
19413,2026-04-09 16:44:00,Consumidor Final,Efectivo,10150
19414,2026-04-09 19:03:00,Consumidor Final,Credito,8350
19415,2026-04-09 08:15:00,Consumidor Final,Efectivo,16700
19416,2026-04-09 18:03:00,CLI-199,Mercado Pago,16900
19417,2026-04-09 10:52:00,Consumidor Final,Credito,3200
19418,2026-04-09 09:36:00,CLI-168,Mercado Pago,13100
19419,2026-04-09 10:43:00,Consumidor Final,Debito,11400
19420,2026-04-09 09:39:00,Consumidor Final,Mercado Pago,13300
19421,2026-04-09 08:36:00,CLI-274,Efectivo,6600
19422,2026-04-09 10:16:00,Consumidor Final,Debito,20300
19423,2026-04-09 08:02:00,CLI-102,Mercado Pago,1650
19424,2026-04-09 17:51:00,CLI-224,Efectivo,18850
19425,2026-04-09 20:36:00,Consumidor Final,Efectivo,1500
19426,2026-04-09 16:43:00,Consumidor Final,Mercado Pago,12300
19427,2026-04-09 08:16:00,Consumidor Final,Mercado Pago,12750
19428,2026-04-09 08:48:00,Consumidor Final,Credito,26500
19429,2026-04-09 10:19:00,CLI-211,Credito,6600
19430,2026-04-09 20:40:00,CLI-270,Efectivo,11400
19431,2026-04-09 12:59:00,CLI-249,Mercado Pago,22650
19432,2026-04-09 18:51:00,Consumidor Final,Efectivo,10550
19433,2026-04-09 16:16:00,CLI-249,Debito,750
19434,2026-04-09 19:08:00,CLI-181,Mercado Pago,13900
19435,2026-04-09 17:18:00,CLI-194,Mercado Pago,1100
19436,2026-04-09 16:28:00,Consumidor Final,Debito,14600
19437,2026-04-09 10:17:00,CLI-287,Mercado Pago,900
19438,2026-04-09 20:31:00,CLI-262,Mercado Pago,21900
19439,2026-04-09 11:54:00,Consumidor Final,Mercado Pago,30750
19440,2026-04-09 18:13:00,Consumidor Final,Mercado Pago,18600
19441,2026-04-09 20:07:00,Consumidor Final,Mercado Pago,12800
19442,2026-04-09 20:12:00,CLI-288,Debito,18100
19443,2026-04-09 20:19:00,CLI-269,Debito,25350
19444,2026-04-09 17:03:00,Consumidor Final,Efectivo,24350
19445,2026-04-09 20:10:00,Consumidor Final,Efectivo,14700
19446,2026-04-09 08:35:00,Consumidor Final,Debito,9800
19447,2026-04-09 19:11:00,CLI-190,Mercado Pago,17200
19448,2026-04-09 08:43:00,Consumidor Final,Debito,24900
19449,2026-04-09 19:44:00,CLI-209,Efectivo,15650
19450,2026-04-09 10:48:00,Consumidor Final,Debito,20750
19451,2026-04-09 08:34:00,CLI-193,Mercado Pago,6600
19452,2026-04-09 08:18:00,CLI-102,Debito,10300
19453,2026-04-09 08:20:00,CLI-203,Efectivo,6600
19454,2026-04-09 08:33:00,CLI-155,Mercado Pago,1100
19455,2026-04-09 19:48:00,CLI-182,Debito,2700
19456,2026-04-09 18:11:00,CLI-280,Debito,2000
19457,2026-04-09 10:18:00,Consumidor Final,Efectivo,1650
19458,2026-04-09 17:26:00,CLI-186,Mercado Pago,6200
19459,2026-04-09 17:58:00,CLI-213,Efectivo,2250
19460,2026-04-09 19:48:00,CLI-150,Efectivo,14800
19461,2026-04-10 20:48:00,CLI-115,Efectivo,6600
19462,2026-04-10 08:40:00,CLI-289,Debito,6600
19463,2026-04-10 08:27:00,Consumidor Final,Efectivo,20850
19464,2026-04-10 18:04:00,CLI-165,Efectivo,12750
19465,2026-04-10 16:35:00,Consumidor Final,Mercado Pago,19200
19466,2026-04-10 18:43:00,Consumidor Final,Debito,30300
19467,2026-04-10 10:41:00,CLI-201,Mercado Pago,8400
19468,2026-04-10 11:37:00,CLI-145,Debito,9800
19469,2026-04-10 09:19:00,CLI-123,Mercado Pago,1800
19470,2026-04-10 19:35:00,Consumidor Final,Debito,13600
19471,2026-04-10 10:21:00,CLI-160,Debito,14300
19472,2026-04-10 20:32:00,Consumidor Final,Debito,26100
19473,2026-04-10 18:55:00,CLI-117,Efectivo,13100
19474,2026-04-10 19:26:00,CLI-126,Efectivo,20900
19475,2026-04-10 08:59:00,CLI-149,Mercado Pago,21100
19476,2026-04-10 20:43:00,Consumidor Final,Credito,3600
19477,2026-04-10 17:50:00,Consumidor Final,Credito,12550
19478,2026-04-10 20:26:00,Consumidor Final,Debito,6500
19479,2026-04-10 18:03:00,CLI-274,Mercado Pago,1500
19480,2026-04-10 19:25:00,CLI-217,Mercado Pago,7600
19481,2026-04-10 08:41:00,Consumidor Final,Mercado Pago,18000
19482,2026-04-10 19:25:00,CLI-207,Mercado Pago,30650
19483,2026-04-10 08:12:00,Consumidor Final,Debito,4100
19484,2026-04-10 12:58:00,Consumidor Final,Debito,5200
19485,2026-04-10 20:15:00,Consumidor Final,Efectivo,9400
19486,2026-04-10 17:47:00,CLI-243,Credito,22750
19487,2026-04-10 11:44:00,Consumidor Final,Debito,2200
19488,2026-04-10 12:32:00,Consumidor Final,Debito,7100
19489,2026-04-10 08:16:00,CLI-107,Mercado Pago,31300
19490,2026-04-10 08:31:00,Consumidor Final,Mercado Pago,9950
19491,2026-04-10 16:38:00,CLI-226,Debito,10000
19492,2026-04-10 12:20:00,CLI-281,Efectivo,5400
19493,2026-04-10 16:35:00,CLI-295,Mercado Pago,3000
19494,2026-04-10 12:41:00,Consumidor Final,Debito,4400
19495,2026-04-10 17:23:00,CLI-241,Mercado Pago,15800
19496,2026-04-10 18:15:00,Consumidor Final,Debito,16900
19497,2026-04-10 20:29:00,Consumidor Final,Efectivo,1500
19498,2026-04-10 16:00:00,Consumidor Final,Efectivo,21550
19499,2026-04-10 18:58:00,CLI-224,Mercado Pago,5300
19500,2026-04-10 19:50:00,Consumidor Final,Efectivo,13600
19501,2026-04-10 08:37:00,CLI-219,Efectivo,3200
19502,2026-04-10 12:00:00,Consumidor Final,Mercado Pago,20250
19503,2026-04-10 19:35:00,Consumidor Final,Mercado Pago,17200
19504,2026-04-10 19:54:00,CLI-130,Efectivo,5200
19505,2026-04-10 19:23:00,CLI-205,Debito,900
19506,2026-04-10 17:57:00,Consumidor Final,Debito,1500
19507,2026-04-10 18:32:00,CLI-285,Mercado Pago,17500
19508,2026-04-10 12:35:00,Consumidor Final,Credito,4500
19509,2026-04-10 17:07:00,CLI-164,Efectivo,15200
19510,2026-04-10 19:17:00,CLI-137,Mercado Pago,15200
19511,2026-04-10 17:52:00,CLI-175,Efectivo,8350
19512,2026-04-10 08:51:00,CLI-287,Efectivo,4500
19513,2026-04-10 17:29:00,CLI-279,Credito,3000
19514,2026-04-10 17:45:00,CLI-150,Debito,17250
19515,2026-04-10 11:32:00,CLI-229,Debito,6300
19516,2026-04-10 09:27:00,CLI-289,Efectivo,1100
19517,2026-04-10 11:38:00,CLI-279,Debito,27950
19518,2026-04-10 08:05:00,CLI-101,Debito,3200
19519,2026-04-11 12:51:00,CLI-275,Debito,12200
19520,2026-04-11 16:00:00,Consumidor Final,Mercado Pago,22800
19521,2026-04-11 19:55:00,Consumidor Final,Mercado Pago,1100
19522,2026-04-11 09:33:00,CLI-212,Efectivo,18000
19523,2026-04-11 19:46:00,CLI-138,Efectivo,3200
19524,2026-04-11 12:14:00,CLI-182,Efectivo,8600
19525,2026-04-11 19:38:00,CLI-282,Efectivo,14450
19526,2026-04-11 12:46:00,CLI-175,Mercado Pago,13450
19527,2026-04-11 10:59:00,Consumidor Final,Debito,18000
19528,2026-04-11 17:07:00,Consumidor Final,Credito,5250
19529,2026-04-11 18:12:00,CLI-267,Debito,4700
19530,2026-04-11 19:45:00,CLI-182,Mercado Pago,3800
19531,2026-04-11 20:41:00,Consumidor Final,Efectivo,750
19532,2026-04-11 09:54:00,Consumidor Final,Mercado Pago,18300
19533,2026-04-11 18:54:00,CLI-293,Debito,18050
19534,2026-04-11 10:20:00,CLI-171,Mercado Pago,3600
19535,2026-04-11 11:17:00,CLI-275,Debito,4500
19536,2026-04-11 10:35:00,Consumidor Final,Debito,3300
19537,2026-04-11 17:18:00,Consumidor Final,Debito,17850
19538,2026-04-11 10:56:00,CLI-271,Debito,1500
19539,2026-04-11 17:10:00,CLI-169,Mercado Pago,18900
19540,2026-04-11 20:24:00,CLI-273,Mercado Pago,3300
19541,2026-04-11 09:40:00,CLI-256,Mercado Pago,6600
19542,2026-04-11 20:04:00,CLI-263,Mercado Pago,16500
19543,2026-04-11 17:01:00,Consumidor Final,Debito,20650
19544,2026-04-11 11:50:00,Consumidor Final,Debito,17550
19545,2026-04-11 10:12:00,CLI-200,Mercado Pago,14850
19546,2026-04-11 19:46:00,CLI-189,Debito,16300
19547,2026-04-11 12:47:00,Consumidor Final,Credito,3700
19548,2026-04-11 16:02:00,CLI-235,Mercado Pago,11300
19549,2026-04-11 16:46:00,CLI-284,Credito,3800
19550,2026-04-11 19:45:00,CLI-186,Mercado Pago,1800
19551,2026-04-11 12:53:00,Consumidor Final,Efectivo,14800
19552,2026-04-11 09:55:00,Consumidor Final,Mercado Pago,27400
19553,2026-04-11 16:27:00,Consumidor Final,Efectivo,10750
19554,2026-04-11 08:36:00,Consumidor Final,Debito,3200
19555,2026-04-11 16:33:00,Consumidor Final,Mercado Pago,1500
19556,2026-04-11 16:17:00,CLI-191,Mercado Pago,10900
19557,2026-04-11 19:41:00,CLI-146,Efectivo,14000
19558,2026-04-11 17:26:00,Consumidor Final,Mercado Pago,19900
19559,2026-04-11 11:28:00,CLI-110,Debito,21050
19560,2026-04-11 11:29:00,CLI-246,Credito,12450
19561,2026-04-11 18:33:00,CLI-110,Mercado Pago,3200
19562,2026-04-11 09:27:00,Consumidor Final,Efectivo,1500
19563,2026-04-11 08:43:00,CLI-209,Credito,16100
19564,2026-04-12 09:46:00,Consumidor Final,Mercado Pago,11850
19565,2026-04-12 08:35:00,CLI-181,Mercado Pago,25700
19566,2026-04-12 12:42:00,CLI-123,Debito,27100
19567,2026-04-12 17:47:00,Consumidor Final,Credito,1650
19568,2026-04-12 16:43:00,Consumidor Final,Efectivo,1500
19569,2026-04-12 17:18:00,Consumidor Final,Debito,3300
19570,2026-04-12 16:57:00,CLI-285,Debito,6000
19571,2026-04-12 09:33:00,CLI-256,Mercado Pago,7500
19572,2026-04-12 19:11:00,Consumidor Final,Debito,16000
19573,2026-04-12 12:08:00,CLI-249,Debito,7000
19574,2026-04-12 18:28:00,CLI-110,Mercado Pago,13600
19575,2026-04-12 18:40:00,Consumidor Final,Debito,22300
19576,2026-04-12 12:04:00,CLI-275,Debito,3600
19577,2026-04-12 08:16:00,CLI-164,Mercado Pago,5500
19578,2026-04-12 18:06:00,Consumidor Final,Debito,1800
19579,2026-04-12 08:18:00,CLI-265,Debito,12200
19580,2026-04-12 10:36:00,CLI-269,Credito,2000
19581,2026-04-12 12:40:00,CLI-112,Credito,750
19582,2026-04-12 12:29:00,CLI-199,Credito,2200
19583,2026-04-12 20:35:00,CLI-135,Mercado Pago,18000
19584,2026-04-12 20:27:00,Consumidor Final,Mercado Pago,3300
19585,2026-04-12 11:27:00,CLI-175,Debito,37550
19586,2026-04-12 11:15:00,CLI-125,Debito,9200
19587,2026-04-12 08:06:00,CLI-147,Mercado Pago,15900
19588,2026-04-12 17:23:00,CLI-232,Credito,4900
19589,2026-04-12 18:37:00,CLI-143,Mercado Pago,750
19590,2026-04-12 16:50:00,CLI-215,Mercado Pago,14250
19591,2026-04-12 20:50:00,CLI-108,Debito,3700
19592,2026-04-12 09:05:00,CLI-129,Mercado Pago,23800
19593,2026-04-12 10:31:00,CLI-281,Debito,3700
19594,2026-04-12 12:53:00,Consumidor Final,Debito,3300
19595,2026-04-12 09:31:00,Consumidor Final,Efectivo,14600
19596,2026-04-12 09:21:00,CLI-133,Efectivo,1100
19597,2026-04-12 10:04:00,Consumidor Final,Mercado Pago,19400
19598,2026-04-12 08:47:00,CLI-262,Efectivo,23800
19599,2026-04-12 19:45:00,CLI-226,Mercado Pago,4400
19600,2026-04-12 17:01:00,CLI-268,Mercado Pago,4800
19601,2026-04-12 16:42:00,CLI-247,Efectivo,3000
19602,2026-04-12 10:11:00,Consumidor Final,Mercado Pago,4350
19603,2026-04-12 11:58:00,CLI-270,Mercado Pago,2200
19604,2026-04-12 17:54:00,Consumidor Final,Efectivo,2700
19605,2026-04-12 19:40:00,CLI-201,Mercado Pago,11600
19606,2026-04-12 08:24:00,Consumidor Final,Efectivo,5300
19607,2026-04-12 09:16:00,CLI-113,Debito,10300
19608,2026-04-12 08:16:00,Consumidor Final,Debito,27750
19609,2026-04-12 18:18:00,CLI-241,Efectivo,13350
19610,2026-04-12 19:05:00,CLI-112,Mercado Pago,14400
19611,2026-04-12 19:22:00,CLI-233,Credito,11200
19612,2026-04-12 08:19:00,CLI-217,Debito,1800
19613,2026-04-12 20:43:00,Consumidor Final,Credito,3150
19614,2026-04-12 11:04:00,CLI-209,Efectivo,2200
19615,2026-04-12 18:48:00,Consumidor Final,Credito,3000
19616,2026-04-12 19:52:00,CLI-172,Debito,26500
19617,2026-04-12 08:30:00,CLI-208,Credito,7600
19618,2026-04-12 18:18:00,Consumidor Final,Efectivo,1500
19619,2026-04-12 11:31:00,CLI-137,Mercado Pago,12200
19620,2026-04-12 17:18:00,CLI-146,Efectivo,7050
19621,2026-04-12 17:30:00,CLI-253,Credito,2200
19622,2026-04-12 19:01:00,CLI-231,Mercado Pago,7600
19623,2026-04-12 09:14:00,Consumidor Final,Debito,22100
19624,2026-04-13 08:56:00,CLI-251,Debito,16350
19625,2026-04-13 08:19:00,Consumidor Final,Mercado Pago,13600
19626,2026-04-13 20:56:00,Consumidor Final,Efectivo,20700
19627,2026-04-13 17:59:00,Consumidor Final,Efectivo,2200
19628,2026-04-13 10:21:00,CLI-198,Efectivo,12900
19629,2026-04-13 20:26:00,Consumidor Final,Efectivo,18900
19630,2026-04-13 16:33:00,Consumidor Final,Efectivo,6600
19631,2026-04-13 11:15:00,CLI-288,Debito,23750
19632,2026-04-13 08:29:00,CLI-115,Debito,17800
19633,2026-04-13 16:41:00,CLI-297,Mercado Pago,6100
19634,2026-04-13 12:40:00,Consumidor Final,Efectivo,3300
19635,2026-04-13 20:07:00,CLI-198,Debito,4800
19636,2026-04-13 11:23:00,CLI-148,Mercado Pago,3200
19637,2026-04-13 09:51:00,CLI-222,Credito,22200
19638,2026-04-13 19:41:00,Consumidor Final,Debito,24600
19639,2026-04-13 10:05:00,Consumidor Final,Mercado Pago,18600
19640,2026-04-13 16:05:00,CLI-247,Debito,19750
19641,2026-04-13 10:32:00,CLI-196,Mercado Pago,5400
19642,2026-04-13 18:43:00,CLI-170,Efectivo,19400
19643,2026-04-13 09:40:00,CLI-201,Debito,6600
19644,2026-04-13 08:04:00,Consumidor Final,Mercado Pago,22200
19645,2026-04-13 19:06:00,CLI-229,Mercado Pago,5250
19646,2026-04-13 10:11:00,CLI-136,Efectivo,8850
19647,2026-04-13 10:59:00,Consumidor Final,Mercado Pago,29350
19648,2026-04-13 17:42:00,CLI-212,Debito,24650
19649,2026-04-13 10:47:00,CLI-270,Credito,2250
19650,2026-04-13 09:37:00,CLI-286,Efectivo,7100
19651,2026-04-13 11:47:00,CLI-201,Efectivo,4500
19652,2026-04-13 16:24:00,CLI-280,Mercado Pago,5200
19653,2026-04-13 09:39:00,Consumidor Final,Credito,13500
19654,2026-04-13 17:34:00,CLI-173,Debito,13600
19655,2026-04-13 16:39:00,CLI-236,Efectivo,26100
19656,2026-04-13 19:16:00,CLI-285,Mercado Pago,6400
19657,2026-04-13 16:57:00,Consumidor Final,Mercado Pago,13200
19658,2026-04-13 11:22:00,CLI-274,Efectivo,17450
19659,2026-04-13 16:15:00,CLI-199,Debito,17800
19660,2026-04-13 19:55:00,Consumidor Final,Debito,20850
19661,2026-04-13 17:57:00,Consumidor Final,Efectivo,13050
19662,2026-04-13 08:41:00,CLI-233,Mercado Pago,16000
19663,2026-04-13 18:28:00,Consumidor Final,Debito,2950
19664,2026-04-13 12:06:00,CLI-231,Debito,10300
19665,2026-04-13 16:21:00,Consumidor Final,Debito,6400
19666,2026-04-13 09:48:00,Consumidor Final,Mercado Pago,4450
19667,2026-04-13 19:55:00,Consumidor Final,Debito,8850
19668,2026-04-13 10:55:00,CLI-105,Mercado Pago,6500
19669,2026-04-13 10:54:00,Consumidor Final,Mercado Pago,1800
19670,2026-04-14 08:26:00,Consumidor Final,Mercado Pago,2200
19671,2026-04-14 11:34:00,CLI-244,Debito,3300
19672,2026-04-14 16:47:00,CLI-277,Debito,16600
19673,2026-04-14 19:18:00,CLI-264,Debito,8700
19674,2026-04-14 09:50:00,CLI-123,Mercado Pago,1500
19675,2026-04-14 09:38:00,CLI-158,Debito,3800
19676,2026-04-14 09:54:00,Consumidor Final,Mercado Pago,7100
19677,2026-04-14 08:09:00,Consumidor Final,Efectivo,25050
19678,2026-04-14 19:35:00,CLI-212,Credito,21450
19679,2026-04-14 10:40:00,CLI-189,Mercado Pago,19800
19680,2026-04-14 20:53:00,Consumidor Final,Debito,18050
19681,2026-04-14 11:16:00,CLI-161,Debito,18850
19682,2026-04-14 20:08:00,Consumidor Final,Debito,9200
19683,2026-04-14 11:32:00,CLI-167,Efectivo,3200
19684,2026-04-14 10:58:00,Consumidor Final,Mercado Pago,3700
19685,2026-04-14 20:25:00,CLI-149,Mercado Pago,7600
19686,2026-04-14 17:18:00,CLI-226,Mercado Pago,24200
19687,2026-04-14 17:34:00,CLI-193,Mercado Pago,2200
19688,2026-04-14 20:07:00,Consumidor Final,Mercado Pago,2900
19689,2026-04-14 20:13:00,CLI-177,Efectivo,1500
19690,2026-04-14 11:22:00,CLI-283,Efectivo,2200
19691,2026-04-14 16:24:00,Consumidor Final,Efectivo,1600
19692,2026-04-14 19:00:00,CLI-276,Debito,14000
19693,2026-04-14 16:25:00,Consumidor Final,Efectivo,6200
19694,2026-04-14 11:54:00,CLI-233,Debito,16100
19695,2026-04-14 19:02:00,Consumidor Final,Credito,12400
19696,2026-04-14 11:24:00,CLI-200,Efectivo,2700
19697,2026-04-14 09:57:00,Consumidor Final,Debito,4800
19698,2026-04-14 18:27:00,CLI-134,Debito,18250
19699,2026-04-14 12:51:00,Consumidor Final,Credito,4800
19700,2026-04-14 12:35:00,Consumidor Final,Efectivo,21700
19701,2026-04-14 12:53:00,CLI-230,Mercado Pago,3300
19702,2026-04-14 08:55:00,CLI-169,Efectivo,19200
19703,2026-04-14 17:18:00,Consumidor Final,Debito,24100
19704,2026-04-14 16:19:00,CLI-255,Mercado Pago,3800
19705,2026-04-14 20:15:00,Consumidor Final,Mercado Pago,6300
19706,2026-04-14 19:03:00,CLI-182,Debito,15700
19707,2026-04-14 08:37:00,CLI-143,Debito,3800
19708,2026-04-14 16:09:00,Consumidor Final,Efectivo,18800
19709,2026-04-14 09:57:00,CLI-170,Debito,22700
19710,2026-04-14 16:41:00,CLI-101,Debito,11400
19711,2026-04-14 08:10:00,Consumidor Final,Mercado Pago,8000
19712,2026-04-14 09:38:00,CLI-247,Credito,20950
19713,2026-04-14 16:41:00,Consumidor Final,Efectivo,1500
19714,2026-04-14 10:06:00,CLI-159,Efectivo,11750
19715,2026-04-15 12:59:00,CLI-173,Efectivo,15350
19716,2026-04-15 12:58:00,CLI-163,Mercado Pago,5400
19717,2026-04-15 17:07:00,Consumidor Final,Mercado Pago,900
19718,2026-04-15 19:49:00,CLI-130,Debito,11400
19719,2026-04-15 19:03:00,CLI-112,Efectivo,2250
19720,2026-04-15 18:32:00,Consumidor Final,Efectivo,16200
19721,2026-04-15 10:21:00,CLI-115,Efectivo,25800
19722,2026-04-15 20:55:00,CLI-255,Credito,16800
19723,2026-04-15 09:14:00,Consumidor Final,Debito,29700
19724,2026-04-15 16:52:00,Consumidor Final,Efectivo,6600
19725,2026-04-15 16:57:00,CLI-208,Debito,18850
19726,2026-04-15 10:45:00,Consumidor Final,Efectivo,14600
19727,2026-04-15 18:09:00,Consumidor Final,Debito,13750
19728,2026-04-15 19:25:00,Consumidor Final,Credito,19600
19729,2026-04-15 17:03:00,CLI-205,Credito,2200
19730,2026-04-15 09:47:00,CLI-252,Credito,4800
19731,2026-04-15 19:32:00,Consumidor Final,Debito,4400
19732,2026-04-15 09:50:00,CLI-264,Mercado Pago,9550
19733,2026-04-15 11:32:00,CLI-172,Debito,5300
19734,2026-04-15 09:41:00,Consumidor Final,Efectivo,2250
19735,2026-04-15 19:57:00,Consumidor Final,Mercado Pago,11450
19736,2026-04-15 19:03:00,CLI-252,Efectivo,7600
19737,2026-04-15 12:25:00,Consumidor Final,Mercado Pago,6300
19738,2026-04-15 08:11:00,Consumidor Final,Mercado Pago,3600
19739,2026-04-15 17:25:00,CLI-233,Credito,1800
19740,2026-04-15 19:23:00,Consumidor Final,Debito,14600
19741,2026-04-15 16:33:00,CLI-252,Credito,3100
19742,2026-04-15 11:50:00,CLI-127,Debito,3700
19743,2026-04-15 08:31:00,Consumidor Final,Mercado Pago,1500
19744,2026-04-15 20:03:00,Consumidor Final,Mercado Pago,15400
19745,2026-04-15 17:06:00,Consumidor Final,Debito,1800
19746,2026-04-15 12:22:00,CLI-109,Efectivo,21650
19747,2026-04-15 16:08:00,Consumidor Final,Debito,5100
19748,2026-04-15 19:34:00,Consumidor Final,Efectivo,23850
19749,2026-04-15 08:51:00,CLI-153,Debito,1800
19750,2026-04-15 12:54:00,CLI-255,Debito,4500
19751,2026-04-15 08:41:00,Consumidor Final,Debito,3800
19752,2026-04-15 11:43:00,Consumidor Final,Efectivo,5450
19753,2026-04-15 12:35:00,CLI-274,Mercado Pago,26300
19754,2026-04-15 18:42:00,Consumidor Final,Debito,4800
19755,2026-04-15 11:30:00,CLI-120,Efectivo,6600
19756,2026-04-15 10:37:00,CLI-204,Efectivo,900
19757,2026-04-15 11:30:00,Consumidor Final,Credito,7400
19758,2026-04-15 12:52:00,Consumidor Final,Efectivo,23200
19759,2026-04-15 10:57:00,CLI-196,Mercado Pago,4450
19760,2026-04-15 18:34:00,Consumidor Final,Efectivo,4500
19761,2026-04-15 16:57:00,Consumidor Final,Efectivo,4200
19762,2026-04-15 10:11:00,CLI-189,Efectivo,17300
19763,2026-04-15 17:10:00,Consumidor Final,Mercado Pago,4500
19764,2026-04-15 10:51:00,CLI-245,Efectivo,3800
19765,2026-04-15 17:09:00,Consumidor Final,Debito,6600
19766,2026-04-15 08:33:00,CLI-142,Credito,2200
19767,2026-04-15 16:12:00,CLI-206,Mercado Pago,5400
19768,2026-04-15 12:16:00,Consumidor Final,Mercado Pago,6750
19769,2026-04-15 09:45:00,CLI-219,Debito,28000
19770,2026-04-15 17:14:00,Consumidor Final,Efectivo,2000
19771,2026-04-15 19:26:00,Consumidor Final,Debito,8200
19772,2026-04-15 09:20:00,CLI-196,Debito,19300
19773,2026-04-15 10:01:00,Consumidor Final,Credito,3700
19774,2026-04-15 17:50:00,Consumidor Final,Efectivo,7600
19775,2026-04-15 10:44:00,Consumidor Final,Debito,16800
19776,2026-04-15 12:45:00,Consumidor Final,Credito,23250
19777,2026-04-15 08:30:00,Consumidor Final,Efectivo,1600
19778,2026-04-16 18:01:00,Consumidor Final,Mercado Pago,8400
19779,2026-04-16 10:50:00,Consumidor Final,Efectivo,7800
19780,2026-04-16 10:56:00,Consumidor Final,Mercado Pago,17000
19781,2026-04-16 12:37:00,Consumidor Final,Debito,9100
19782,2026-04-16 09:17:00,CLI-127,Mercado Pago,900
19783,2026-04-16 09:42:00,CLI-253,Debito,3300
19784,2026-04-16 12:39:00,CLI-214,Efectivo,15200
19785,2026-04-16 09:25:00,CLI-110,Mercado Pago,19000
19786,2026-04-16 17:57:00,CLI-208,Credito,6150
19787,2026-04-16 08:31:00,Consumidor Final,Debito,4500
19788,2026-04-16 11:51:00,CLI-233,Efectivo,14750
19789,2026-04-16 10:14:00,CLI-269,Debito,17750
19790,2026-04-16 17:53:00,CLI-227,Debito,24700
19791,2026-04-16 16:47:00,CLI-221,Efectivo,27350
19792,2026-04-16 17:08:00,CLI-230,Efectivo,1800
19793,2026-04-16 18:39:00,CLI-295,Debito,13050
19794,2026-04-16 17:33:00,Consumidor Final,Debito,12900
19795,2026-04-16 17:23:00,CLI-146,Credito,27650
19796,2026-04-16 18:58:00,Consumidor Final,Efectivo,2200
19797,2026-04-16 10:44:00,CLI-244,Efectivo,2700
19798,2026-04-16 20:42:00,Consumidor Final,Debito,3200
19799,2026-04-16 11:28:00,Consumidor Final,Credito,22500
19800,2026-04-16 12:11:00,Consumidor Final,Mercado Pago,30150
19801,2026-04-16 10:48:00,CLI-103,Debito,4800
19802,2026-04-16 16:45:00,Consumidor Final,Efectivo,13950
19803,2026-04-16 17:09:00,Consumidor Final,Efectivo,15000
19804,2026-04-16 09:10:00,CLI-195,Debito,11250
19805,2026-04-16 16:14:00,Consumidor Final,Mercado Pago,26950
19806,2026-04-16 09:35:00,Consumidor Final,Debito,12650
19807,2026-04-16 09:03:00,CLI-185,Debito,6050
19808,2026-04-16 18:36:00,Consumidor Final,Mercado Pago,8400
19809,2026-04-16 08:35:00,Consumidor Final,Debito,15300
19810,2026-04-16 17:45:00,CLI-162,Efectivo,12450
19811,2026-04-16 12:49:00,CLI-258,Debito,15450
19812,2026-04-16 20:48:00,Consumidor Final,Efectivo,17300
19813,2026-04-16 09:44:00,Consumidor Final,Mercado Pago,3100
19814,2026-04-16 20:42:00,Consumidor Final,Debito,20250
19815,2026-04-16 11:22:00,CLI-192,Debito,1100
19816,2026-04-16 11:16:00,Consumidor Final,Efectivo,19450
19817,2026-04-16 12:37:00,CLI-147,Mercado Pago,22750
19818,2026-04-16 18:52:00,Consumidor Final,Efectivo,16800
19819,2026-04-16 20:32:00,CLI-160,Mercado Pago,11350
19820,2026-04-16 09:24:00,CLI-144,Credito,2250
19821,2026-04-16 12:59:00,CLI-169,Mercado Pago,9450
19822,2026-04-16 19:12:00,CLI-231,Mercado Pago,10900
19823,2026-04-16 17:59:00,CLI-180,Credito,750
19824,2026-04-16 12:46:00,Consumidor Final,Mercado Pago,21500
19825,2026-04-16 12:52:00,Consumidor Final,Mercado Pago,3200
19826,2026-04-16 17:41:00,CLI-283,Credito,14950
19827,2026-04-16 09:05:00,Consumidor Final,Debito,15600
19828,2026-04-16 19:14:00,CLI-178,Mercado Pago,9450
19829,2026-04-16 16:44:00,CLI-295,Efectivo,11300
19830,2026-04-16 17:10:00,CLI-207,Efectivo,11400
19831,2026-04-16 18:12:00,CLI-193,Mercado Pago,3000
19832,2026-04-16 18:51:00,CLI-243,Mercado Pago,3000
19833,2026-04-16 10:17:00,CLI-165,Debito,4400
19834,2026-04-17 10:27:00,Consumidor Final,Efectivo,11400
19835,2026-04-17 09:47:00,CLI-141,Debito,22000
19836,2026-04-17 19:52:00,Consumidor Final,Mercado Pago,3300
19837,2026-04-17 18:55:00,Consumidor Final,Efectivo,3300
19838,2026-04-17 16:31:00,CLI-152,Debito,3800
19839,2026-04-17 16:33:00,CLI-259,Efectivo,14800
19840,2026-04-17 19:41:00,Consumidor Final,Mercado Pago,15300
19841,2026-04-17 12:54:00,Consumidor Final,Mercado Pago,3750
19842,2026-04-17 17:15:00,Consumidor Final,Mercado Pago,13100
19843,2026-04-17 09:36:00,Consumidor Final,Mercado Pago,9300
19844,2026-04-17 09:58:00,Consumidor Final,Efectivo,20450
19845,2026-04-17 17:12:00,CLI-104,Efectivo,6900
19846,2026-04-17 08:09:00,Consumidor Final,Credito,14350
19847,2026-04-17 17:33:00,Consumidor Final,Credito,20200
19848,2026-04-17 19:11:00,Consumidor Final,Mercado Pago,7600
19849,2026-04-17 12:40:00,Consumidor Final,Efectivo,4800
19850,2026-04-17 16:54:00,CLI-245,Efectivo,3600
19851,2026-04-17 12:52:00,CLI-133,Efectivo,19050
19852,2026-04-17 19:58:00,CLI-109,Efectivo,6000
19853,2026-04-17 20:39:00,CLI-208,Debito,6300
19854,2026-04-17 18:06:00,Consumidor Final,Mercado Pago,3750
19855,2026-04-17 10:08:00,Consumidor Final,Efectivo,1500
19856,2026-04-17 20:37:00,Consumidor Final,Efectivo,5550
19857,2026-04-17 18:13:00,CLI-228,Mercado Pago,3300
19858,2026-04-17 09:36:00,CLI-163,Debito,6750
19859,2026-04-17 11:45:00,CLI-238,Efectivo,2700
19860,2026-04-17 18:14:00,Consumidor Final,Debito,18450
19861,2026-04-17 09:40:00,CLI-239,Mercado Pago,12900
19862,2026-04-17 09:15:00,CLI-108,Debito,2250
19863,2026-04-17 17:52:00,CLI-220,Credito,12850
19864,2026-04-17 11:35:00,CLI-105,Efectivo,3800
19865,2026-04-17 18:38:00,Consumidor Final,Mercado Pago,1100
19866,2026-04-17 20:54:00,CLI-129,Mercado Pago,24500
19867,2026-04-17 20:00:00,CLI-278,Mercado Pago,1800
19868,2026-04-17 17:15:00,CLI-163,Mercado Pago,8550
19869,2026-04-17 10:47:00,CLI-259,Efectivo,750
19870,2026-04-17 19:27:00,Consumidor Final,Credito,4500
19871,2026-04-17 18:35:00,CLI-271,Credito,32750
19872,2026-04-17 18:25:00,CLI-288,Efectivo,11400
19873,2026-04-17 11:46:00,CLI-106,Efectivo,1500
19874,2026-04-17 16:48:00,CLI-175,Mercado Pago,14100
19875,2026-04-17 20:26:00,Consumidor Final,Mercado Pago,7050
19876,2026-04-17 17:02:00,CLI-256,Debito,22250
19877,2026-04-17 09:16:00,CLI-252,Efectivo,9800
19878,2026-04-17 12:09:00,CLI-231,Efectivo,1800
19879,2026-04-17 11:47:00,CLI-196,Debito,19750
19880,2026-04-17 10:42:00,CLI-291,Mercado Pago,3100
19881,2026-04-17 19:36:00,CLI-164,Mercado Pago,3600
19882,2026-04-17 16:36:00,Consumidor Final,Debito,19650
19883,2026-04-17 09:30:00,CLI-120,Credito,15900
19884,2026-04-17 20:04:00,Consumidor Final,Efectivo,5500
19885,2026-04-17 16:58:00,CLI-299,Credito,9850
19886,2026-04-17 12:28:00,CLI-169,Credito,9200
19887,2026-04-17 10:00:00,Consumidor Final,Efectivo,12600
19888,2026-04-17 09:17:00,Consumidor Final,Efectivo,3600
19889,2026-04-17 19:48:00,CLI-217,Debito,21950
19890,2026-04-17 20:28:00,Consumidor Final,Debito,28850
19891,2026-04-17 11:02:00,Consumidor Final,Debito,17500
19892,2026-04-17 16:13:00,CLI-164,Debito,11650
19893,2026-04-17 17:19:00,CLI-147,Efectivo,6600
19894,2026-04-18 12:35:00,Consumidor Final,Efectivo,21050
19895,2026-04-18 09:16:00,CLI-211,Debito,1800
19896,2026-04-18 19:50:00,Consumidor Final,Efectivo,14550
19897,2026-04-18 08:21:00,Consumidor Final,Credito,19900
19898,2026-04-18 11:11:00,CLI-291,Efectivo,10200
19899,2026-04-18 16:55:00,Consumidor Final,Mercado Pago,12000
19900,2026-04-18 20:51:00,CLI-112,Mercado Pago,12600
19901,2026-04-18 19:34:00,CLI-243,Debito,23100
19902,2026-04-18 08:49:00,CLI-276,Efectivo,1600
19903,2026-04-18 18:40:00,Consumidor Final,Debito,1800
19904,2026-04-18 09:12:00,CLI-281,Efectivo,12450
19905,2026-04-18 19:38:00,Consumidor Final,Mercado Pago,2200
19906,2026-04-18 12:56:00,CLI-275,Mercado Pago,4500
19907,2026-04-18 17:05:00,CLI-115,Efectivo,2200
19908,2026-04-18 18:56:00,Consumidor Final,Debito,3200
19909,2026-04-18 08:47:00,CLI-172,Efectivo,1100
19910,2026-04-18 18:22:00,CLI-122,Debito,14050
19911,2026-04-18 18:02:00,Consumidor Final,Debito,8600
19912,2026-04-18 12:08:00,Consumidor Final,Debito,2200
19913,2026-04-18 12:21:00,CLI-224,Debito,28250
19914,2026-04-18 18:27:00,CLI-281,Efectivo,4500
19915,2026-04-18 10:07:00,Consumidor Final,Efectivo,12500
19916,2026-04-18 10:07:00,Consumidor Final,Debito,16950
19917,2026-04-18 16:19:00,Consumidor Final,Efectivo,10950
19918,2026-04-18 18:16:00,Consumidor Final,Credito,14950
19919,2026-04-18 17:37:00,CLI-185,Efectivo,10900
19920,2026-04-18 12:08:00,Consumidor Final,Efectivo,2700
19921,2026-04-18 19:28:00,Consumidor Final,Debito,13700
19922,2026-04-18 17:40:00,Consumidor Final,Mercado Pago,9100
19923,2026-04-18 12:12:00,Consumidor Final,Efectivo,8400
19924,2026-04-18 17:15:00,CLI-169,Mercado Pago,4800
19925,2026-04-18 19:45:00,Consumidor Final,Mercado Pago,5400
19926,2026-04-18 09:26:00,CLI-280,Efectivo,1800
19927,2026-04-18 09:42:00,CLI-201,Efectivo,6600
19928,2026-04-18 09:21:00,Consumidor Final,Efectivo,7500
19929,2026-04-18 18:18:00,Consumidor Final,Efectivo,9300
19930,2026-04-18 17:12:00,Consumidor Final,Efectivo,18550
19931,2026-04-18 17:49:00,Consumidor Final,Efectivo,1500
19932,2026-04-18 17:10:00,Consumidor Final,Debito,13900
19933,2026-04-18 08:58:00,Consumidor Final,Efectivo,18000
19934,2026-04-18 12:01:00,CLI-242,Debito,3200
19935,2026-04-18 20:15:00,CLI-160,Mercado Pago,24950
19936,2026-04-18 12:10:00,CLI-115,Credito,9050
19937,2026-04-18 19:30:00,Consumidor Final,Efectivo,5900
19938,2026-04-18 17:38:00,CLI-257,Efectivo,8150
19939,2026-04-18 17:18:00,CLI-299,Debito,23800
19940,2026-04-18 18:26:00,CLI-102,Debito,750
19941,2026-04-18 09:52:00,CLI-144,Efectivo,8300
19942,2026-04-18 09:58:00,CLI-171,Mercado Pago,14500
19943,2026-04-18 19:13:00,CLI-180,Mercado Pago,5400
19944,2026-04-18 08:00:00,CLI-156,Efectivo,4500
19945,2026-04-18 20:26:00,CLI-299,Debito,10650
19946,2026-04-18 12:16:00,CLI-160,Efectivo,5400
19947,2026-04-18 20:10:00,CLI-162,Efectivo,30250
19948,2026-04-18 16:47:00,Consumidor Final,Efectivo,9600
19949,2026-04-18 16:47:00,Consumidor Final,Efectivo,3850
19950,2026-04-18 18:27:00,CLI-160,Debito,6300
19951,2026-04-18 11:11:00,CLI-262,Credito,12600
19952,2026-04-18 11:49:00,CLI-237,Mercado Pago,4500
19953,2026-04-18 12:09:00,Consumidor Final,Mercado Pago,24050
19954,2026-04-18 20:39:00,Consumidor Final,Debito,2400
19955,2026-04-18 08:33:00,Consumidor Final,Mercado Pago,4500
19956,2026-04-18 10:51:00,Consumidor Final,Mercado Pago,2200
19957,2026-04-19 08:18:00,CLI-105,Efectivo,2700
19958,2026-04-19 18:26:00,CLI-160,Debito,13050
19959,2026-04-19 18:46:00,Consumidor Final,Efectivo,2200
19960,2026-04-19 18:19:00,CLI-255,Mercado Pago,7700
19961,2026-04-19 11:35:00,CLI-107,Efectivo,16650
19962,2026-04-19 16:40:00,Consumidor Final,Mercado Pago,9900
19963,2026-04-19 17:16:00,Consumidor Final,Efectivo,12550
19964,2026-04-19 18:52:00,Consumidor Final,Debito,20900
19965,2026-04-19 20:40:00,CLI-153,Efectivo,31850
19966,2026-04-19 17:13:00,Consumidor Final,Mercado Pago,12350
19967,2026-04-19 19:15:00,Consumidor Final,Debito,23950
19968,2026-04-19 18:44:00,Consumidor Final,Efectivo,2250
19969,2026-04-19 19:21:00,CLI-192,Debito,1100
19970,2026-04-19 09:00:00,Consumidor Final,Debito,28850
19971,2026-04-19 19:29:00,Consumidor Final,Efectivo,4000
19972,2026-04-19 19:52:00,Consumidor Final,Efectivo,18800
19973,2026-04-19 08:12:00,CLI-242,Efectivo,4500
19974,2026-04-19 10:45:00,Consumidor Final,Credito,4800
19975,2026-04-19 08:02:00,CLI-258,Debito,29250
19976,2026-04-19 09:10:00,CLI-104,Credito,3600
19977,2026-04-19 12:30:00,Consumidor Final,Efectivo,12400
19978,2026-04-19 10:12:00,CLI-184,Debito,14600
19979,2026-04-19 12:03:00,CLI-165,Mercado Pago,3300
19980,2026-04-19 11:35:00,Consumidor Final,Mercado Pago,7300
19981,2026-04-19 20:44:00,CLI-296,Credito,18700
19982,2026-04-19 11:11:00,CLI-201,Mercado Pago,17000
19983,2026-04-19 18:24:00,CLI-177,Mercado Pago,15600
19984,2026-04-19 19:12:00,CLI-174,Efectivo,4400
19985,2026-04-19 18:45:00,Consumidor Final,Efectivo,2250
19986,2026-04-19 12:01:00,CLI-237,Credito,6000
19987,2026-04-19 18:23:00,CLI-156,Mercado Pago,18950
19988,2026-04-19 17:35:00,CLI-251,Mercado Pago,18750
19989,2026-04-19 19:33:00,Consumidor Final,Debito,4200
19990,2026-04-19 12:55:00,CLI-232,Credito,6300
19991,2026-04-19 16:33:00,CLI-130,Efectivo,10800
19992,2026-04-19 09:11:00,Consumidor Final,Debito,3600
19993,2026-04-19 10:12:00,CLI-273,Credito,4800
19994,2026-04-19 10:05:00,CLI-110,Efectivo,1600
19995,2026-04-19 10:06:00,CLI-249,Mercado Pago,31350
19996,2026-04-19 08:59:00,Consumidor Final,Efectivo,23350
19997,2026-04-19 11:14:00,CLI-191,Mercado Pago,3300
19998,2026-04-19 09:33:00,Consumidor Final,Efectivo,1100
19999,2026-04-19 12:05:00,Consumidor Final,Debito,5300
20000,2026-04-19 11:43:00,CLI-137,Efectivo,3150
20001,2026-04-19 18:27:00,Consumidor Final,Mercado Pago,5000
20002,2026-04-19 20:21:00,Consumidor Final,Mercado Pago,7000
20003,2026-04-19 17:33:00,CLI-241,Efectivo,2400
20004,2026-04-19 17:14:00,Consumidor Final,Mercado Pago,11500
20005,2026-04-19 08:55:00,Consumidor Final,Efectivo,18200
20006,2026-04-19 20:41:00,CLI-192,Efectivo,14250
20007,2026-04-19 19:52:00,CLI-210,Credito,13600
20008,2026-04-19 11:25:00,Consumidor Final,Debito,9400
20009,2026-04-19 19:46:00,CLI-220,Debito,2200
20010,2026-04-19 10:03:00,CLI-131,Debito,8400
20011,2026-04-19 18:57:00,Consumidor Final,Efectivo,14800
20012,2026-04-19 19:50:00,Consumidor Final,Debito,9900
20013,2026-04-20 19:43:00,Consumidor Final,Efectivo,13750
20014,2026-04-20 10:16:00,Consumidor Final,Mercado Pago,10200
20015,2026-04-20 11:10:00,Consumidor Final,Mercado Pago,26850
20016,2026-04-20 11:50:00,CLI-281,Debito,8850
20017,2026-04-20 09:30:00,CLI-236,Debito,24950
20018,2026-04-20 11:57:00,CLI-121,Debito,750
20019,2026-04-20 16:12:00,CLI-283,Mercado Pago,3800
20020,2026-04-20 19:58:00,CLI-297,Debito,2700
20021,2026-04-20 16:30:00,CLI-200,Mercado Pago,18750
20022,2026-04-20 20:00:00,Consumidor Final,Mercado Pago,7100
20023,2026-04-20 17:29:00,CLI-107,Efectivo,1500
20024,2026-04-20 12:19:00,CLI-287,Mercado Pago,11400
20025,2026-04-20 16:27:00,CLI-122,Efectivo,1600
20026,2026-04-20 19:58:00,CLI-257,Mercado Pago,21200
20027,2026-04-20 19:28:00,Consumidor Final,Credito,20150
20028,2026-04-20 08:58:00,CLI-188,Mercado Pago,2700
20029,2026-04-20 09:33:00,CLI-264,Mercado Pago,9700
20030,2026-04-20 17:44:00,CLI-191,Debito,9100
20031,2026-04-20 20:47:00,CLI-121,Efectivo,27000
20032,2026-04-20 20:47:00,CLI-136,Mercado Pago,10800
20033,2026-04-20 19:32:00,CLI-239,Efectivo,7700
20034,2026-04-20 20:01:00,CLI-143,Mercado Pago,4500
20035,2026-04-20 17:05:00,Consumidor Final,Debito,2200
20036,2026-04-20 11:59:00,Consumidor Final,Debito,21950
20037,2026-04-20 10:12:00,CLI-107,Debito,5100
20038,2026-04-20 10:20:00,Consumidor Final,Debito,18900
20039,2026-04-20 17:38:00,CLI-173,Mercado Pago,3200
20040,2026-04-20 17:20:00,CLI-208,Mercado Pago,28250
20041,2026-04-20 12:24:00,Consumidor Final,Debito,13200
20042,2026-04-20 17:33:00,CLI-120,Efectivo,29750
20043,2026-04-20 17:32:00,CLI-266,Efectivo,4400
20044,2026-04-20 08:50:00,CLI-221,Credito,8400
20045,2026-04-20 10:51:00,CLI-233,Efectivo,4050
20046,2026-04-20 18:48:00,CLI-113,Efectivo,9200
20047,2026-04-20 18:23:00,Consumidor Final,Efectivo,2700
20048,2026-04-20 12:39:00,Consumidor Final,Debito,13500
20049,2026-04-20 19:44:00,Consumidor Final,Debito,2200
20050,2026-04-20 16:58:00,Consumidor Final,Mercado Pago,31050
20051,2026-04-20 20:48:00,CLI-275,Mercado Pago,19500
20052,2026-04-20 08:56:00,CLI-258,Debito,3700
20053,2026-04-20 19:24:00,Consumidor Final,Mercado Pago,5900
20054,2026-04-20 20:56:00,CLI-199,Efectivo,1500
20055,2026-04-20 19:03:00,CLI-195,Mercado Pago,1800
20056,2026-04-20 18:20:00,CLI-215,Debito,11400
20057,2026-04-20 18:54:00,Consumidor Final,Mercado Pago,6600
20058,2026-04-20 20:13:00,CLI-167,Mercado Pago,15450
20059,2026-04-20 17:03:00,CLI-216,Mercado Pago,8700
20060,2026-04-20 17:37:00,CLI-258,Debito,1500
20061,2026-04-20 18:12:00,CLI-249,Efectivo,4700
20062,2026-04-20 17:09:00,CLI-117,Efectivo,12300
20063,2026-04-20 10:01:00,CLI-162,Debito,1650
20064,2026-04-20 10:19:00,Consumidor Final,Debito,4700
20065,2026-04-20 16:34:00,Consumidor Final,Efectivo,7100
20066,2026-04-20 10:56:00,CLI-256,Mercado Pago,18800
20067,2026-04-20 20:28:00,Consumidor Final,Credito,6000
20068,2026-04-20 08:35:00,CLI-131,Mercado Pago,21800
20069,2026-04-20 19:36:00,CLI-142,Mercado Pago,4800
20070,2026-04-20 09:21:00,CLI-232,Efectivo,10650
20071,2026-04-20 19:54:00,Consumidor Final,Efectivo,10300
20072,2026-04-20 20:18:00,CLI-134,Efectivo,21000
20073,2026-04-20 19:40:00,CLI-173,Credito,4500
20074,2026-04-20 12:42:00,CLI-211,Credito,1100
20075,2026-04-20 11:04:00,Consumidor Final,Efectivo,1800
20076,2026-04-21 20:50:00,CLI-295,Efectivo,900
20077,2026-04-21 18:04:00,Consumidor Final,Mercado Pago,11500
20078,2026-04-21 08:02:00,CLI-133,Debito,1500
20079,2026-04-21 18:17:00,CLI-184,Efectivo,7200
20080,2026-04-21 20:30:00,CLI-133,Efectivo,3800
20081,2026-04-21 08:48:00,CLI-258,Credito,4000
20082,2026-04-21 09:43:00,CLI-222,Mercado Pago,12250
20083,2026-04-21 18:21:00,CLI-127,Mercado Pago,17900
20084,2026-04-21 09:00:00,CLI-125,Debito,19800
20085,2026-04-21 12:31:00,CLI-241,Mercado Pago,2200
20086,2026-04-21 09:36:00,CLI-253,Mercado Pago,15700
20087,2026-04-21 11:38:00,CLI-193,Efectivo,12600
20088,2026-04-21 10:16:00,Consumidor Final,Efectivo,6050
20089,2026-04-21 12:36:00,CLI-106,Efectivo,11400
20090,2026-04-21 17:58:00,Consumidor Final,Efectivo,15150
20091,2026-04-21 11:15:00,CLI-296,Debito,19400
20092,2026-04-21 10:32:00,CLI-115,Credito,13950
20093,2026-04-21 20:37:00,CLI-109,Debito,6600
20094,2026-04-21 16:58:00,Consumidor Final,Mercado Pago,15200
20095,2026-04-21 20:43:00,Consumidor Final,Credito,10000
20096,2026-04-21 19:46:00,CLI-290,Debito,10500
20097,2026-04-21 16:19:00,CLI-101,Efectivo,3300
20098,2026-04-21 20:13:00,CLI-104,Debito,1600
20099,2026-04-21 18:06:00,CLI-243,Debito,13050
20100,2026-04-21 11:42:00,CLI-107,Efectivo,13500
20101,2026-04-21 19:47:00,CLI-205,Credito,5300
20102,2026-04-21 17:18:00,Consumidor Final,Mercado Pago,25600
20103,2026-04-21 17:46:00,Consumidor Final,Efectivo,3800
20104,2026-04-21 16:51:00,CLI-177,Mercado Pago,18400
20105,2026-04-21 17:01:00,CLI-165,Mercado Pago,8850
20106,2026-04-21 11:34:00,Consumidor Final,Debito,18650
20107,2026-04-21 09:10:00,CLI-249,Mercado Pago,6300
20108,2026-04-21 19:09:00,CLI-149,Mercado Pago,1800
20109,2026-04-21 11:37:00,CLI-288,Mercado Pago,8050
20110,2026-04-21 16:18:00,Consumidor Final,Mercado Pago,14200
20111,2026-04-21 16:25:00,Consumidor Final,Credito,750
20112,2026-04-21 09:27:00,CLI-272,Mercado Pago,1800
20113,2026-04-21 11:49:00,Consumidor Final,Efectivo,22600
20114,2026-04-21 12:05:00,CLI-208,Mercado Pago,18150
20115,2026-04-21 18:20:00,Consumidor Final,Mercado Pago,15900
20116,2026-04-21 11:57:00,CLI-282,Mercado Pago,3000
20117,2026-04-21 08:22:00,Consumidor Final,Debito,22350
20118,2026-04-21 08:51:00,CLI-247,Mercado Pago,6150
20119,2026-04-21 17:39:00,Consumidor Final,Debito,3200
20120,2026-04-21 20:21:00,CLI-222,Mercado Pago,1500
20121,2026-04-21 08:21:00,CLI-238,Debito,900
20122,2026-04-21 12:45:00,CLI-202,Efectivo,5600
20123,2026-04-21 20:58:00,Consumidor Final,Credito,1500
20124,2026-04-21 18:10:00,Consumidor Final,Credito,1600
20125,2026-04-21 09:40:00,CLI-178,Debito,10100
20126,2026-04-21 17:00:00,CLI-229,Mercado Pago,1100
20127,2026-04-21 08:55:00,CLI-259,Efectivo,4800
20128,2026-04-21 11:57:00,CLI-293,Credito,3800
20129,2026-04-21 10:46:00,Consumidor Final,Debito,2250
20130,2026-04-21 19:13:00,Consumidor Final,Efectivo,16050
20131,2026-04-21 10:44:00,CLI-143,Efectivo,15200
20132,2026-04-21 12:17:00,CLI-265,Mercado Pago,12000
20133,2026-04-21 17:54:00,Consumidor Final,Debito,8800
20134,2026-04-21 11:41:00,Consumidor Final,Mercado Pago,10900
20135,2026-04-21 18:28:00,Consumidor Final,Mercado Pago,20450
20136,2026-04-21 08:27:00,Consumidor Final,Debito,9800
20137,2026-04-21 18:30:00,Consumidor Final,Mercado Pago,9300
20138,2026-04-22 09:02:00,CLI-220,Debito,8100
20139,2026-04-22 16:04:00,CLI-261,Debito,4500
20140,2026-04-22 12:04:00,CLI-249,Efectivo,3450
20141,2026-04-22 09:28:00,Consumidor Final,Efectivo,1100
20142,2026-04-22 09:47:00,CLI-226,Efectivo,5800
20143,2026-04-22 18:26:00,CLI-106,Efectivo,2900
20144,2026-04-22 08:02:00,Consumidor Final,Debito,4550
20145,2026-04-22 11:08:00,Consumidor Final,Mercado Pago,7200
20146,2026-04-22 11:47:00,Consumidor Final,Mercado Pago,13900
20147,2026-04-22 09:26:00,CLI-240,Efectivo,14600
20148,2026-04-22 11:45:00,CLI-218,Debito,11300
20149,2026-04-22 17:25:00,CLI-169,Mercado Pago,4500
20150,2026-04-22 10:46:00,CLI-254,Mercado Pago,26750
20151,2026-04-22 08:25:00,Consumidor Final,Debito,4500
20152,2026-04-22 12:20:00,Consumidor Final,Debito,8650
20153,2026-04-22 19:41:00,Consumidor Final,Mercado Pago,13250
20154,2026-04-22 08:24:00,CLI-298,Mercado Pago,20100
20155,2026-04-22 17:28:00,Consumidor Final,Efectivo,18000
20156,2026-04-22 18:25:00,CLI-103,Debito,5400
20157,2026-04-22 12:02:00,Consumidor Final,Debito,25150
20158,2026-04-22 19:23:00,CLI-246,Credito,8100
20159,2026-04-22 16:57:00,Consumidor Final,Mercado Pago,1800
20160,2026-04-22 18:35:00,CLI-238,Efectivo,5600
20161,2026-04-22 12:54:00,Consumidor Final,Mercado Pago,19600
20162,2026-04-22 12:40:00,Consumidor Final,Credito,17300
20163,2026-04-22 18:44:00,Consumidor Final,Mercado Pago,13850
20164,2026-04-22 12:38:00,CLI-157,Debito,24550
20165,2026-04-22 18:15:00,Consumidor Final,Debito,26900
20166,2026-04-22 19:03:00,CLI-214,Mercado Pago,13750
20167,2026-04-22 18:59:00,CLI-219,Mercado Pago,4500
20168,2026-04-22 11:44:00,CLI-147,Debito,4800
20169,2026-04-22 19:11:00,CLI-144,Efectivo,1800
20170,2026-04-22 17:49:00,CLI-267,Efectivo,13800
20171,2026-04-22 17:43:00,CLI-223,Mercado Pago,2200
20172,2026-04-22 12:46:00,CLI-110,Efectivo,8600
20173,2026-04-22 11:46:00,CLI-148,Debito,1500
20174,2026-04-22 16:11:00,Consumidor Final,Debito,17900
20175,2026-04-22 20:00:00,Consumidor Final,Mercado Pago,7600
20176,2026-04-22 18:01:00,CLI-226,Debito,7800
20177,2026-04-22 18:27:00,CLI-140,Mercado Pago,4400
20178,2026-04-22 08:21:00,CLI-238,Mercado Pago,2200
20179,2026-04-22 12:00:00,CLI-200,Debito,23950
20180,2026-04-22 09:02:00,Consumidor Final,Mercado Pago,1800
20181,2026-04-22 18:15:00,Consumidor Final,Mercado Pago,12900
20182,2026-04-22 09:41:00,CLI-202,Mercado Pago,7600
20183,2026-04-22 10:06:00,CLI-204,Efectivo,26500
20184,2026-04-22 19:10:00,Consumidor Final,Mercado Pago,15150
20185,2026-04-22 18:03:00,CLI-118,Efectivo,16350
20186,2026-04-22 10:44:00,CLI-191,Debito,5000
20187,2026-04-22 17:46:00,CLI-188,Debito,6500
20188,2026-04-22 11:42:00,CLI-150,Mercado Pago,26500
20189,2026-04-22 12:20:00,CLI-245,Mercado Pago,1500
20190,2026-04-22 12:18:00,Consumidor Final,Debito,6600
20191,2026-04-22 11:25:00,CLI-107,Mercado Pago,31450
20192,2026-04-22 11:38:00,CLI-230,Debito,5250
20193,2026-04-22 11:00:00,CLI-194,Efectivo,2200
20194,2026-04-22 10:33:00,CLI-224,Mercado Pago,20650
20195,2026-04-22 09:33:00,Consumidor Final,Credito,3450
20196,2026-04-22 12:22:00,Consumidor Final,Debito,16200
20197,2026-04-22 08:06:00,CLI-120,Efectivo,900
20198,2026-04-22 17:36:00,CLI-265,Credito,18150
20199,2026-04-22 09:55:00,CLI-241,Debito,9200
20200,2026-04-22 17:46:00,CLI-237,Credito,23900
20201,2026-04-22 09:03:00,Consumidor Final,Mercado Pago,16100
20202,2026-04-23 16:09:00,CLI-114,Mercado Pago,25700
20203,2026-04-23 08:52:00,CLI-121,Mercado Pago,11500
20204,2026-04-23 10:24:00,CLI-208,Credito,11050
20205,2026-04-23 08:15:00,CLI-274,Credito,900
20206,2026-04-23 09:47:00,CLI-229,Efectivo,12950
20207,2026-04-23 09:20:00,CLI-149,Efectivo,17200
20208,2026-04-23 08:06:00,CLI-142,Efectivo,1800
20209,2026-04-23 09:20:00,CLI-136,Credito,3750
20210,2026-04-23 17:43:00,CLI-160,Debito,3200
20211,2026-04-23 08:17:00,CLI-270,Mercado Pago,16750
20212,2026-04-23 09:59:00,CLI-119,Debito,10000
20213,2026-04-23 20:01:00,CLI-289,Efectivo,11050
20214,2026-04-23 20:28:00,CLI-101,Debito,13550
20215,2026-04-23 17:38:00,CLI-290,Credito,3600
20216,2026-04-23 20:24:00,Consumidor Final,Efectivo,3300
20217,2026-04-23 09:41:00,CLI-276,Debito,2700
20218,2026-04-23 17:21:00,CLI-264,Efectivo,750
20219,2026-04-23 10:36:00,Consumidor Final,Credito,15550
20220,2026-04-23 10:27:00,Consumidor Final,Efectivo,3000
20221,2026-04-23 11:17:00,CLI-181,Mercado Pago,1500
20222,2026-04-23 16:52:00,Consumidor Final,Mercado Pago,3300
20223,2026-04-23 09:40:00,Consumidor Final,Efectivo,14200
20224,2026-04-23 17:42:00,Consumidor Final,Mercado Pago,9250
20225,2026-04-23 09:51:00,CLI-274,Efectivo,900
20226,2026-04-23 20:45:00,CLI-253,Debito,4800
20227,2026-04-23 08:27:00,CLI-257,Debito,11100
20228,2026-04-23 10:50:00,Consumidor Final,Credito,29900
20229,2026-04-23 19:34:00,Consumidor Final,Debito,5300
20230,2026-04-23 08:08:00,CLI-224,Mercado Pago,16600
20231,2026-04-23 16:46:00,Consumidor Final,Efectivo,21050
20232,2026-04-23 10:54:00,Consumidor Final,Debito,4600
20233,2026-04-23 17:03:00,CLI-122,Debito,14100
20234,2026-04-23 11:15:00,CLI-219,Mercado Pago,11600
20235,2026-04-23 17:03:00,Consumidor Final,Credito,11550
20236,2026-04-23 20:56:00,CLI-169,Debito,1500
20237,2026-04-23 16:26:00,CLI-245,Mercado Pago,15750
20238,2026-04-23 20:56:00,Consumidor Final,Mercado Pago,3100
20239,2026-04-23 08:31:00,CLI-239,Credito,1500
20240,2026-04-23 09:30:00,CLI-102,Credito,23450
20241,2026-04-23 09:46:00,CLI-255,Mercado Pago,2200
20242,2026-04-23 17:24:00,CLI-247,Credito,8300
20243,2026-04-23 08:23:00,CLI-172,Debito,5100
20244,2026-04-23 09:28:00,CLI-205,Mercado Pago,4800
20245,2026-04-23 08:55:00,Consumidor Final,Efectivo,23900
20246,2026-04-23 16:46:00,CLI-296,Debito,2200
20247,2026-04-23 09:12:00,Consumidor Final,Debito,24750
20248,2026-04-23 16:48:00,CLI-219,Efectivo,26100
20249,2026-04-23 19:00:00,CLI-118,Efectivo,12400
20250,2026-04-23 18:15:00,CLI-269,Efectivo,21300
20251,2026-04-23 08:53:00,Consumidor Final,Credito,4800
20252,2026-04-23 20:54:00,CLI-257,Debito,3750
20253,2026-04-23 08:09:00,Consumidor Final,Debito,3600
20254,2026-04-23 16:52:00,CLI-174,Credito,750
20255,2026-04-23 08:56:00,CLI-164,Debito,4700
20256,2026-04-23 18:57:00,CLI-119,Debito,1600
20257,2026-04-23 16:15:00,Consumidor Final,Debito,5200
20258,2026-04-23 19:27:00,CLI-177,Debito,2700
20259,2026-04-23 12:17:00,CLI-238,Debito,6600
20260,2026-04-24 11:37:00,CLI-166,Mercado Pago,9350
20261,2026-04-24 18:52:00,Consumidor Final,Efectivo,17250
20262,2026-04-24 17:52:00,Consumidor Final,Mercado Pago,6800
20263,2026-04-24 16:56:00,Consumidor Final,Debito,9600
20264,2026-04-24 09:22:00,CLI-135,Mercado Pago,1600
20265,2026-04-24 11:10:00,CLI-133,Credito,14400
20266,2026-04-24 11:35:00,Consumidor Final,Debito,6800
20267,2026-04-24 08:15:00,CLI-173,Mercado Pago,3800
20268,2026-04-24 08:51:00,CLI-216,Mercado Pago,2200
20269,2026-04-24 16:21:00,CLI-283,Debito,4900
20270,2026-04-24 16:53:00,CLI-226,Efectivo,21700
20271,2026-04-24 11:30:00,Consumidor Final,Credito,5700
20272,2026-04-24 17:37:00,Consumidor Final,Mercado Pago,15000
20273,2026-04-24 16:01:00,Consumidor Final,Mercado Pago,7150
20274,2026-04-24 18:52:00,CLI-236,Efectivo,5200
20275,2026-04-24 09:57:00,Consumidor Final,Mercado Pago,16900
20276,2026-04-24 09:34:00,CLI-147,Mercado Pago,23700
20277,2026-04-24 18:38:00,Consumidor Final,Debito,1500
20278,2026-04-24 20:08:00,CLI-222,Mercado Pago,21050
20279,2026-04-24 09:53:00,Consumidor Final,Efectivo,750
20280,2026-04-24 18:53:00,Consumidor Final,Debito,17250
20281,2026-04-24 20:31:00,CLI-250,Mercado Pago,6700
20282,2026-04-24 19:09:00,CLI-250,Debito,4400
20283,2026-04-24 08:37:00,Consumidor Final,Efectivo,1800
20284,2026-04-24 12:46:00,Consumidor Final,Efectivo,5250
20285,2026-04-24 11:14:00,CLI-198,Mercado Pago,4500
20286,2026-04-24 16:33:00,CLI-155,Efectivo,15050
20287,2026-04-24 08:16:00,Consumidor Final,Mercado Pago,4400
20288,2026-04-24 10:13:00,Consumidor Final,Efectivo,8850
20289,2026-04-24 16:27:00,CLI-295,Efectivo,25400
20290,2026-04-24 16:17:00,CLI-118,Debito,3800
20291,2026-04-24 11:13:00,CLI-266,Efectivo,19950
20292,2026-04-24 10:53:00,CLI-201,Mercado Pago,25450
20293,2026-04-24 19:17:00,Consumidor Final,Debito,22000
20294,2026-04-24 11:32:00,CLI-186,Mercado Pago,6300
20295,2026-04-24 17:15:00,CLI-101,Efectivo,14250
20296,2026-04-24 12:19:00,CLI-264,Debito,20550
20297,2026-04-24 08:12:00,Consumidor Final,Debito,7600
20298,2026-04-24 08:40:00,Consumidor Final,Mercado Pago,14450
20299,2026-04-24 09:37:00,Consumidor Final,Debito,4700
20300,2026-04-24 16:03:00,CLI-219,Efectivo,10650
20301,2026-04-24 09:44:00,Consumidor Final,Efectivo,9100
20302,2026-04-24 11:01:00,Consumidor Final,Efectivo,22700
20303,2026-04-24 17:26:00,CLI-248,Debito,34550
20304,2026-04-24 18:32:00,Consumidor Final,Mercado Pago,2200
20305,2026-04-24 18:36:00,Consumidor Final,Credito,12200
20306,2026-04-24 20:50:00,Consumidor Final,Mercado Pago,16250
20307,2026-04-24 18:43:00,CLI-170,Mercado Pago,20200
20308,2026-04-24 11:14:00,CLI-282,Mercado Pago,9300
20309,2026-04-24 11:21:00,CLI-287,Mercado Pago,4450
20310,2026-04-24 09:34:00,CLI-272,Credito,9200
20311,2026-04-24 10:09:00,CLI-224,Mercado Pago,23500
20312,2026-04-24 20:10:00,CLI-167,Mercado Pago,1800
20313,2026-04-24 12:50:00,CLI-248,Efectivo,3200
20314,2026-04-24 19:50:00,CLI-240,Efectivo,4900
20315,2026-04-25 12:13:00,CLI-149,Mercado Pago,15500
20316,2026-04-25 17:20:00,Consumidor Final,Efectivo,3000
20317,2026-04-25 09:43:00,CLI-106,Efectivo,7600
20318,2026-04-25 11:15:00,Consumidor Final,Credito,25850
20319,2026-04-25 20:25:00,CLI-103,Efectivo,16800
20320,2026-04-25 17:50:00,Consumidor Final,Debito,1850
20321,2026-04-25 11:35:00,CLI-159,Efectivo,3800
20322,2026-04-25 16:24:00,Consumidor Final,Debito,5850
20323,2026-04-25 11:13:00,CLI-207,Mercado Pago,4100
20324,2026-04-25 11:34:00,Consumidor Final,Efectivo,14600
20325,2026-04-25 18:50:00,Consumidor Final,Debito,16200
20326,2026-04-25 12:00:00,CLI-106,Mercado Pago,6600
20327,2026-04-25 20:36:00,CLI-159,Mercado Pago,7350
20328,2026-04-25 10:17:00,Consumidor Final,Debito,4500
20329,2026-04-25 11:53:00,CLI-292,Debito,18100
20330,2026-04-25 09:32:00,CLI-214,Debito,33900
20331,2026-04-25 12:42:00,CLI-193,Debito,11400
20332,2026-04-25 16:10:00,CLI-118,Credito,2200
20333,2026-04-25 09:41:00,Consumidor Final,Credito,17450
20334,2026-04-25 11:03:00,Consumidor Final,Debito,4500
20335,2026-04-25 11:00:00,Consumidor Final,Mercado Pago,9100
20336,2026-04-25 18:17:00,CLI-113,Debito,14200
20337,2026-04-25 16:19:00,Consumidor Final,Efectivo,11850
20338,2026-04-25 20:40:00,CLI-122,Debito,15500
20339,2026-04-25 16:58:00,Consumidor Final,Mercado Pago,1100
20340,2026-04-25 18:48:00,Consumidor Final,Mercado Pago,2250
20341,2026-04-25 19:04:00,CLI-176,Debito,9800
20342,2026-04-25 18:02:00,CLI-136,Debito,15250
20343,2026-04-25 08:07:00,Consumidor Final,Debito,9900
20344,2026-04-25 12:07:00,CLI-190,Mercado Pago,6350
20345,2026-04-25 09:15:00,CLI-168,Efectivo,3300
20346,2026-04-25 18:02:00,Consumidor Final,Credito,6050
20347,2026-04-25 12:20:00,CLI-213,Credito,13200
20348,2026-04-25 16:18:00,CLI-208,Debito,1800
20349,2026-04-25 12:42:00,CLI-159,Debito,10150
20350,2026-04-25 11:09:00,CLI-211,Efectivo,19000
20351,2026-04-25 09:15:00,CLI-158,Efectivo,13650
20352,2026-04-25 09:44:00,CLI-233,Debito,20650
20353,2026-04-25 20:21:00,CLI-200,Efectivo,11700
20354,2026-04-25 11:16:00,CLI-122,Debito,16200
20355,2026-04-25 18:26:00,CLI-271,Efectivo,14850
20356,2026-04-25 17:59:00,CLI-271,Mercado Pago,10850
20357,2026-04-25 16:47:00,CLI-277,Efectivo,21400
20358,2026-04-25 17:35:00,Consumidor Final,Mercado Pago,4400
20359,2026-04-25 08:01:00,Consumidor Final,Credito,4400
20360,2026-04-25 17:50:00,Consumidor Final,Efectivo,24800
20361,2026-04-25 08:39:00,Consumidor Final,Debito,11400
20362,2026-04-25 19:20:00,Consumidor Final,Mercado Pago,8600
20363,2026-04-25 08:24:00,CLI-144,Debito,1100
20364,2026-04-25 12:56:00,Consumidor Final,Mercado Pago,3000
20365,2026-04-25 10:42:00,CLI-233,Mercado Pago,6000
20366,2026-04-26 18:03:00,CLI-103,Debito,750
20367,2026-04-26 17:29:00,CLI-131,Efectivo,3300
20368,2026-04-26 09:43:00,CLI-288,Efectivo,1600
20369,2026-04-26 17:52:00,CLI-126,Mercado Pago,3000
20370,2026-04-26 19:35:00,CLI-102,Debito,12300
20371,2026-04-26 17:15:00,Consumidor Final,Efectivo,2200
20372,2026-04-26 10:47:00,Consumidor Final,Debito,27300
20373,2026-04-26 11:09:00,CLI-231,Efectivo,30350
20374,2026-04-26 10:33:00,CLI-192,Efectivo,13350
20375,2026-04-26 16:21:00,CLI-255,Debito,19400
20376,2026-04-26 12:33:00,Consumidor Final,Mercado Pago,13100
20377,2026-04-26 18:39:00,Consumidor Final,Debito,9050
20378,2026-04-26 08:33:00,CLI-275,Efectivo,13450
20379,2026-04-26 09:18:00,CLI-148,Mercado Pago,1100
20380,2026-04-26 16:25:00,Consumidor Final,Mercado Pago,19000
20381,2026-04-26 17:14:00,Consumidor Final,Debito,11400
20382,2026-04-26 18:34:00,Consumidor Final,Mercado Pago,14600
20383,2026-04-26 12:16:00,CLI-226,Debito,9750
20384,2026-04-26 19:21:00,Consumidor Final,Mercado Pago,2200
20385,2026-04-26 09:08:00,Consumidor Final,Efectivo,17150
20386,2026-04-26 20:36:00,Consumidor Final,Mercado Pago,23850
20387,2026-04-26 11:11:00,CLI-219,Efectivo,3300
20388,2026-04-26 19:01:00,Consumidor Final,Mercado Pago,12050
20389,2026-04-26 08:06:00,CLI-130,Debito,13000
20390,2026-04-26 12:32:00,CLI-154,Efectivo,4400
20391,2026-04-26 19:35:00,Consumidor Final,Mercado Pago,19700
20392,2026-04-26 20:38:00,Consumidor Final,Efectivo,16050
20393,2026-04-26 11:00:00,CLI-280,Mercado Pago,4700
20394,2026-04-26 18:21:00,CLI-110,Mercado Pago,18900
20395,2026-04-26 17:53:00,CLI-175,Mercado Pago,7500
20396,2026-04-26 19:28:00,CLI-251,Mercado Pago,1500
20397,2026-04-26 18:57:00,Consumidor Final,Efectivo,7600
20398,2026-04-26 11:42:00,CLI-264,Mercado Pago,16600
20399,2026-04-26 10:04:00,CLI-151,Efectivo,13900
20400,2026-04-26 08:31:00,CLI-116,Efectivo,4400
20401,2026-04-26 19:08:00,Consumidor Final,Efectivo,12800
20402,2026-04-26 17:23:00,Consumidor Final,Credito,19800
20403,2026-04-26 12:14:00,CLI-179,Credito,17000
20404,2026-04-26 12:48:00,CLI-202,Efectivo,1500
20405,2026-04-26 19:52:00,CLI-228,Debito,7600
20406,2026-04-26 08:34:00,CLI-292,Debito,8100
20407,2026-04-26 08:34:00,Consumidor Final,Debito,4550
20408,2026-04-26 17:58:00,Consumidor Final,Efectivo,2200
20409,2026-04-26 19:01:00,CLI-116,Credito,11450
20410,2026-04-26 16:25:00,Consumidor Final,Mercado Pago,14400
20411,2026-04-26 16:31:00,Consumidor Final,Efectivo,2250
20412,2026-04-26 16:11:00,CLI-167,Debito,25150
20413,2026-04-26 20:40:00,Consumidor Final,Credito,11200
20414,2026-04-27 08:37:00,Consumidor Final,Efectivo,11300
20415,2026-04-27 16:19:00,Consumidor Final,Efectivo,7800
20416,2026-04-27 16:25:00,CLI-166,Credito,4400
20417,2026-04-27 10:56:00,CLI-144,Efectivo,19700
20418,2026-04-27 11:11:00,CLI-183,Mercado Pago,5850
20419,2026-04-27 09:11:00,Consumidor Final,Debito,22200
20420,2026-04-27 10:44:00,Consumidor Final,Efectivo,5300
20421,2026-04-27 16:42:00,CLI-289,Efectivo,6900
20422,2026-04-27 09:44:00,Consumidor Final,Efectivo,19700
20423,2026-04-27 09:06:00,CLI-188,Debito,2700
20424,2026-04-27 11:16:00,CLI-163,Debito,23600
20425,2026-04-27 08:35:00,Consumidor Final,Mercado Pago,20450
20426,2026-04-27 19:08:00,Consumidor Final,Debito,15150
20427,2026-04-27 18:44:00,Consumidor Final,Efectivo,750
20428,2026-04-27 20:03:00,CLI-195,Debito,14650
20429,2026-04-27 12:44:00,Consumidor Final,Mercado Pago,10200
20430,2026-04-27 12:50:00,Consumidor Final,Mercado Pago,15250
20431,2026-04-27 16:19:00,Consumidor Final,Efectivo,9900
20432,2026-04-27 16:28:00,CLI-211,Debito,4600
20433,2026-04-27 11:30:00,Consumidor Final,Efectivo,20450
20434,2026-04-27 10:22:00,Consumidor Final,Mercado Pago,22150
20435,2026-04-27 10:21:00,CLI-265,Debito,4100
20436,2026-04-27 17:33:00,Consumidor Final,Efectivo,28150
20437,2026-04-27 10:29:00,Consumidor Final,Debito,2200
20438,2026-04-27 20:14:00,CLI-206,Mercado Pago,5700
20439,2026-04-27 08:01:00,Consumidor Final,Debito,8200
20440,2026-04-27 10:51:00,Consumidor Final,Credito,17200
20441,2026-04-27 20:30:00,CLI-183,Mercado Pago,8800
20442,2026-04-27 17:16:00,CLI-154,Debito,14450
20443,2026-04-27 09:59:00,CLI-267,Credito,10400
20444,2026-04-27 12:03:00,Consumidor Final,Mercado Pago,1800
20445,2026-04-27 12:30:00,Consumidor Final,Efectivo,18150
20446,2026-04-27 12:37:00,Consumidor Final,Debito,3800
20447,2026-04-27 19:54:00,Consumidor Final,Debito,1800
20448,2026-04-27 17:21:00,Consumidor Final,Mercado Pago,13300
20449,2026-04-27 08:09:00,CLI-162,Mercado Pago,4500
20450,2026-04-27 17:54:00,Consumidor Final,Debito,3200
20451,2026-04-27 11:19:00,CLI-200,Debito,4800
20452,2026-04-27 17:28:00,CLI-119,Debito,2200
20453,2026-04-27 12:32:00,CLI-116,Efectivo,6100
20454,2026-04-27 17:27:00,Consumidor Final,Mercado Pago,3000
20455,2026-04-27 09:10:00,CLI-178,Mercado Pago,12900
20456,2026-04-27 20:35:00,Consumidor Final,Mercado Pago,16200
20457,2026-04-27 10:02:00,CLI-113,Mercado Pago,6300
20458,2026-04-27 09:08:00,CLI-129,Debito,13000
20459,2026-04-27 08:18:00,CLI-247,Debito,11600
20460,2026-04-27 19:43:00,Consumidor Final,Efectivo,2200
20461,2026-04-27 16:06:00,Consumidor Final,Credito,9900
20462,2026-04-27 16:37:00,CLI-159,Efectivo,9100
20463,2026-04-27 12:39:00,CLI-262,Debito,6700
20464,2026-04-27 08:58:00,Consumidor Final,Debito,3000
20465,2026-04-27 20:44:00,CLI-149,Efectivo,3000
20466,2026-04-27 12:42:00,CLI-185,Credito,13450
20467,2026-04-28 12:33:00,CLI-270,Efectivo,3750
20468,2026-04-28 08:04:00,CLI-164,Credito,5100
20469,2026-04-28 10:59:00,CLI-184,Debito,17250
20470,2026-04-28 16:27:00,Consumidor Final,Efectivo,4900
20471,2026-04-28 17:42:00,Consumidor Final,Debito,1500
20472,2026-04-28 12:19:00,CLI-174,Debito,10550
20473,2026-04-28 09:17:00,Consumidor Final,Debito,6600
20474,2026-04-28 08:12:00,CLI-231,Efectivo,2200
20475,2026-04-28 12:38:00,Consumidor Final,Debito,11700
20476,2026-04-28 16:38:00,Consumidor Final,Mercado Pago,14000
20477,2026-04-28 17:06:00,Consumidor Final,Debito,17200
20478,2026-04-28 12:29:00,CLI-241,Mercado Pago,7650
20479,2026-04-28 08:26:00,CLI-267,Mercado Pago,10850
20480,2026-04-28 16:11:00,CLI-193,Mercado Pago,13400
20481,2026-04-28 18:38:00,Consumidor Final,Debito,5400
20482,2026-04-28 19:30:00,CLI-200,Credito,10050
20483,2026-04-28 19:06:00,CLI-214,Efectivo,22150
20484,2026-04-28 17:10:00,CLI-125,Mercado Pago,16800
20485,2026-04-28 16:50:00,Consumidor Final,Credito,5400
20486,2026-04-28 08:32:00,CLI-265,Efectivo,4350
20487,2026-04-28 18:32:00,Consumidor Final,Credito,11900
20488,2026-04-28 10:26:00,Consumidor Final,Efectivo,5000
20489,2026-04-28 16:17:00,CLI-121,Credito,19000
20490,2026-04-28 18:51:00,CLI-155,Efectivo,15600
20491,2026-04-28 12:39:00,Consumidor Final,Efectivo,9050
20492,2026-04-28 16:06:00,CLI-113,Debito,18300
20493,2026-04-28 16:49:00,CLI-193,Debito,10150
20494,2026-04-28 18:25:00,Consumidor Final,Efectivo,1800
20495,2026-04-28 11:32:00,CLI-129,Debito,1500
20496,2026-04-28 20:04:00,Consumidor Final,Debito,2550
20497,2026-04-28 10:41:00,CLI-147,Debito,28750
20498,2026-04-28 08:31:00,CLI-169,Efectivo,4000
20499,2026-04-28 10:23:00,CLI-285,Mercado Pago,16950
20500,2026-04-28 16:35:00,CLI-177,Mercado Pago,19450
20501,2026-04-28 11:31:00,Consumidor Final,Mercado Pago,1100
20502,2026-04-28 08:38:00,Consumidor Final,Mercado Pago,11200
20503,2026-04-28 20:17:00,Consumidor Final,Debito,5700
20504,2026-04-28 09:11:00,CLI-201,Debito,9700
20505,2026-04-28 11:31:00,Consumidor Final,Efectivo,900
20506,2026-04-28 12:32:00,Consumidor Final,Debito,6700
20507,2026-04-28 18:28:00,CLI-160,Debito,5300
20508,2026-04-28 16:40:00,CLI-259,Mercado Pago,4900
20509,2026-04-28 08:35:00,CLI-191,Debito,14400
20510,2026-04-28 10:34:00,Consumidor Final,Debito,1600
20511,2026-04-28 11:42:00,CLI-262,Efectivo,1500
20512,2026-04-28 10:32:00,CLI-267,Mercado Pago,8700
20513,2026-04-28 11:54:00,Consumidor Final,Mercado Pago,19300
20514,2026-04-28 08:56:00,Consumidor Final,Mercado Pago,4500
20515,2026-04-28 09:54:00,Consumidor Final,Debito,2250
20516,2026-04-28 19:47:00,Consumidor Final,Debito,22100
20517,2026-04-28 19:01:00,CLI-256,Efectivo,16200
20518,2026-04-28 08:36:00,CLI-257,Mercado Pago,5700
20519,2026-04-28 09:05:00,CLI-197,Efectivo,11200
20520,2026-04-28 11:27:00,Consumidor Final,Debito,17500
20521,2026-04-28 18:58:00,Consumidor Final,Efectivo,4800
20522,2026-04-28 17:02:00,Consumidor Final,Credito,11000
20523,2026-04-29 18:59:00,CLI-116,Efectivo,9300
20524,2026-04-29 16:50:00,CLI-203,Mercado Pago,17200
20525,2026-04-29 12:43:00,CLI-150,Mercado Pago,3200
20526,2026-04-29 19:54:00,Consumidor Final,Efectivo,13200
20527,2026-04-29 17:13:00,CLI-241,Debito,1600
20528,2026-04-29 10:06:00,CLI-106,Debito,2200
20529,2026-04-29 11:53:00,Consumidor Final,Efectivo,14600
20530,2026-04-29 17:06:00,Consumidor Final,Credito,7550
20531,2026-04-29 11:55:00,CLI-293,Mercado Pago,18000
20532,2026-04-29 18:01:00,CLI-217,Debito,4500
20533,2026-04-29 11:42:00,CLI-259,Efectivo,10850
20534,2026-04-29 19:42:00,CLI-118,Mercado Pago,3200
20535,2026-04-29 10:57:00,Consumidor Final,Debito,12800
20536,2026-04-29 09:33:00,CLI-106,Debito,3000
20537,2026-04-29 10:39:00,CLI-185,Efectivo,18450
20538,2026-04-29 10:05:00,Consumidor Final,Mercado Pago,7600
20539,2026-04-29 16:45:00,CLI-200,Efectivo,3300
20540,2026-04-29 18:45:00,CLI-299,Efectivo,7350
20541,2026-04-29 12:12:00,Consumidor Final,Debito,3300
20542,2026-04-29 20:16:00,Consumidor Final,Mercado Pago,13700
20543,2026-04-29 20:29:00,CLI-207,Debito,21650
20544,2026-04-29 17:59:00,CLI-251,Efectivo,5850
20545,2026-04-29 08:55:00,CLI-116,Debito,1800
20546,2026-04-29 08:39:00,Consumidor Final,Mercado Pago,12100
20547,2026-04-29 10:45:00,Consumidor Final,Mercado Pago,6600
20548,2026-04-29 12:23:00,CLI-170,Debito,17800
20549,2026-04-29 11:37:00,CLI-265,Debito,7400
20550,2026-04-29 20:22:00,Consumidor Final,Efectivo,2700
20551,2026-04-29 09:40:00,CLI-153,Credito,14200
20552,2026-04-29 09:13:00,Consumidor Final,Debito,11400
20553,2026-04-29 11:15:00,CLI-107,Credito,4400
20554,2026-04-29 09:11:00,Consumidor Final,Mercado Pago,1100
20555,2026-04-29 11:53:00,Consumidor Final,Efectivo,1500
20556,2026-04-29 08:42:00,CLI-265,Efectivo,11400
20557,2026-04-29 17:05:00,CLI-195,Efectivo,23100
20558,2026-04-29 12:48:00,CLI-274,Mercado Pago,16200
20559,2026-04-29 19:20:00,CLI-185,Efectivo,3850
20560,2026-04-29 09:20:00,Consumidor Final,Debito,1500
20561,2026-04-29 20:35:00,Consumidor Final,Debito,24000
20562,2026-04-29 12:53:00,CLI-211,Mercado Pago,6000
20563,2026-04-29 16:55:00,CLI-217,Credito,1500
20564,2026-04-29 09:06:00,Consumidor Final,Debito,13600
20565,2026-04-29 08:26:00,CLI-145,Efectivo,10900
20566,2026-04-29 17:24:00,Consumidor Final,Credito,15050
20567,2026-04-29 18:08:00,CLI-224,Debito,4800
20568,2026-04-29 09:13:00,Consumidor Final,Debito,11400
20569,2026-04-29 16:03:00,Consumidor Final,Efectivo,3000
20570,2026-04-29 19:55:00,Consumidor Final,Mercado Pago,8200
20571,2026-04-29 12:18:00,CLI-244,Mercado Pago,4300
20572,2026-04-29 08:02:00,Consumidor Final,Efectivo,26550
20573,2026-04-30 09:57:00,CLI-116,Mercado Pago,750
20574,2026-04-30 10:37:00,Consumidor Final,Efectivo,5250
20575,2026-04-30 17:45:00,CLI-210,Mercado Pago,15900
20576,2026-04-30 17:33:00,CLI-230,Mercado Pago,24250
20577,2026-04-30 12:29:00,CLI-172,Credito,13800
20578,2026-04-30 18:05:00,CLI-158,Efectivo,16550
20579,2026-04-30 20:43:00,CLI-217,Debito,3300
20580,2026-04-30 18:58:00,CLI-123,Debito,16950
20581,2026-04-30 08:54:00,Consumidor Final,Debito,1800
20582,2026-04-30 20:06:00,Consumidor Final,Efectivo,8300
20583,2026-04-30 08:36:00,Consumidor Final,Efectivo,7600
20584,2026-04-30 09:46:00,Consumidor Final,Mercado Pago,35850
20585,2026-04-30 11:26:00,CLI-197,Efectivo,5100
20586,2026-04-30 08:26:00,Consumidor Final,Efectivo,13250
20587,2026-04-30 11:30:00,Consumidor Final,Mercado Pago,24850
20588,2026-04-30 16:47:00,CLI-295,Mercado Pago,7750
20589,2026-04-30 10:16:00,Consumidor Final,Debito,2700
20590,2026-04-30 10:48:00,CLI-234,Efectivo,12050
20591,2026-04-30 16:13:00,CLI-103,Mercado Pago,2700
20592,2026-04-30 19:42:00,CLI-231,Debito,12900
20593,2026-04-30 18:10:00,CLI-296,Efectivo,1600
20594,2026-04-30 19:24:00,Consumidor Final,Efectivo,26450
20595,2026-04-30 09:09:00,CLI-219,Efectivo,24700
20596,2026-04-30 18:55:00,CLI-102,Mercado Pago,5300
20597,2026-04-30 09:07:00,CLI-168,Efectivo,11700
20598,2026-04-30 18:35:00,Consumidor Final,Efectivo,26450
20599,2026-04-30 19:27:00,Consumidor Final,Efectivo,12100
20600,2026-04-30 20:46:00,CLI-145,Credito,10900
20601,2026-04-30 16:17:00,CLI-109,Credito,15100
20602,2026-04-30 19:01:00,Consumidor Final,Debito,4950
20603,2026-04-30 20:15:00,CLI-156,Efectivo,9450
20604,2026-04-30 09:27:00,CLI-201,Debito,14150
20605,2026-04-30 08:08:00,Consumidor Final,Mercado Pago,26950
20606,2026-04-30 17:50:00,CLI-262,Debito,8300
20607,2026-04-30 20:45:00,CLI-175,Efectivo,17400
20608,2026-04-30 17:38:00,Consumidor Final,Efectivo,18000
20609,2026-04-30 19:24:00,Consumidor Final,Credito,900
20610,2026-04-30 08:34:00,CLI-208,Efectivo,2950
20611,2026-04-30 11:48:00,Consumidor Final,Mercado Pago,16750
20612,2026-04-30 12:13:00,Consumidor Final,Efectivo,32350
20613,2026-04-30 12:04:00,Consumidor Final,Efectivo,15200
20614,2026-04-30 16:09:00,CLI-184,Debito,28750
20615,2026-04-30 17:11:00,Consumidor Final,Credito,3200
20616,2026-04-30 11:51:00,Consumidor Final,Mercado Pago,6600
20617,2026-04-30 17:32:00,CLI-199,Efectivo,7100
20618,2026-04-30 12:56:00,CLI-143,Efectivo,4900
20619,2026-05-01 20:15:00,CLI-114,Debito,3600
20620,2026-05-01 18:31:00,Consumidor Final,Efectivo,3600
20621,2026-05-01 18:10:00,Consumidor Final,Debito,10900
20622,2026-05-01 09:41:00,CLI-238,Debito,19500
20623,2026-05-01 09:39:00,Consumidor Final,Debito,22000
20624,2026-05-01 20:35:00,Consumidor Final,Efectivo,20900
20625,2026-05-01 10:09:00,CLI-163,Credito,1500
20626,2026-05-01 17:10:00,Consumidor Final,Debito,9400
20627,2026-05-01 18:23:00,Consumidor Final,Efectivo,4950
20628,2026-05-01 20:10:00,CLI-227,Efectivo,7100
20629,2026-05-01 18:28:00,Consumidor Final,Debito,9850
20630,2026-05-01 16:53:00,Consumidor Final,Efectivo,3300
20631,2026-05-01 20:53:00,CLI-119,Debito,4900
20632,2026-05-01 19:35:00,CLI-197,Efectivo,2200
20633,2026-05-01 11:29:00,CLI-252,Efectivo,9500
20634,2026-05-01 18:58:00,CLI-134,Debito,1800
20635,2026-05-01 18:01:00,Consumidor Final,Mercado Pago,6900
20636,2026-05-01 20:02:00,CLI-257,Mercado Pago,3200
20637,2026-05-01 16:00:00,CLI-280,Efectivo,12800
20638,2026-05-01 11:03:00,CLI-164,Credito,21000
20639,2026-05-01 16:58:00,CLI-246,Mercado Pago,6600
20640,2026-05-01 17:41:00,Consumidor Final,Efectivo,5850
20641,2026-05-01 08:59:00,CLI-285,Mercado Pago,1600
20642,2026-05-01 12:57:00,CLI-264,Debito,2200
20643,2026-05-01 18:16:00,CLI-261,Mercado Pago,12400
20644,2026-05-01 20:33:00,CLI-267,Efectivo,1100
20645,2026-05-01 20:14:00,CLI-207,Efectivo,4900
20646,2026-05-01 09:49:00,CLI-253,Debito,14000
20647,2026-05-01 19:10:00,CLI-197,Efectivo,5100
20648,2026-05-01 11:16:00,Consumidor Final,Debito,11800
20649,2026-05-01 18:04:00,CLI-140,Credito,19500
20650,2026-05-01 19:51:00,Consumidor Final,Efectivo,16700
20651,2026-05-01 20:36:00,CLI-112,Efectivo,3300
20652,2026-05-01 09:37:00,CLI-144,Efectivo,1500
20653,2026-05-01 17:21:00,CLI-101,Mercado Pago,2200
20654,2026-05-01 12:22:00,Consumidor Final,Efectivo,28200
20655,2026-05-01 11:17:00,CLI-173,Debito,6300
20656,2026-05-01 08:16:00,CLI-250,Mercado Pago,6200
20657,2026-05-01 09:50:00,CLI-215,Mercado Pago,21350
20658,2026-05-01 12:08:00,CLI-157,Efectivo,4100
20659,2026-05-01 17:25:00,CLI-145,Mercado Pago,3800
20660,2026-05-01 18:58:00,CLI-100,Debito,15900
20661,2026-05-01 17:33:00,CLI-149,Debito,3100
20662,2026-05-01 10:17:00,CLI-278,Mercado Pago,3300
20663,2026-05-01 16:30:00,CLI-263,Mercado Pago,7800
20664,2026-05-02 18:44:00,Consumidor Final,Debito,12800
20665,2026-05-02 18:03:00,CLI-129,Mercado Pago,5200
20666,2026-05-02 17:26:00,Consumidor Final,Mercado Pago,23050
20667,2026-05-02 20:37:00,Consumidor Final,Mercado Pago,11600
20668,2026-05-02 10:06:00,CLI-257,Efectivo,2200
20669,2026-05-02 20:27:00,CLI-140,Mercado Pago,27800
20670,2026-05-02 11:50:00,CLI-266,Debito,7600
20671,2026-05-02 12:29:00,CLI-256,Debito,13200
20672,2026-05-02 08:40:00,CLI-141,Efectivo,19900
20673,2026-05-02 17:17:00,CLI-298,Efectivo,5800
20674,2026-05-02 10:41:00,CLI-139,Efectivo,16350
20675,2026-05-02 20:23:00,Consumidor Final,Mercado Pago,2250
20676,2026-05-02 08:23:00,CLI-288,Debito,17600
20677,2026-05-02 19:28:00,CLI-121,Efectivo,30000
20678,2026-05-02 09:58:00,Consumidor Final,Mercado Pago,7600
20679,2026-05-02 16:30:00,CLI-113,Credito,1100
20680,2026-05-02 17:01:00,CLI-276,Debito,12200
20681,2026-05-02 19:48:00,Consumidor Final,Efectivo,18000
20682,2026-05-02 20:49:00,CLI-117,Mercado Pago,7800
20683,2026-05-02 20:23:00,Consumidor Final,Efectivo,16750
20684,2026-05-02 18:13:00,CLI-100,Efectivo,15300
20685,2026-05-02 19:50:00,CLI-203,Debito,15700
20686,2026-05-02 17:44:00,CLI-281,Credito,22450
20687,2026-05-02 11:33:00,CLI-210,Mercado Pago,17600
20688,2026-05-02 11:01:00,Consumidor Final,Debito,1600
20689,2026-05-02 19:29:00,Consumidor Final,Debito,9450
20690,2026-05-02 09:14:00,CLI-155,Mercado Pago,5900
20691,2026-05-02 08:23:00,CLI-232,Debito,3200
20692,2026-05-02 08:15:00,CLI-197,Efectivo,2200
20693,2026-05-02 19:51:00,Consumidor Final,Mercado Pago,2550
20694,2026-05-02 08:33:00,Consumidor Final,Efectivo,14800
20695,2026-05-02 19:26:00,CLI-146,Efectivo,6600
20696,2026-05-02 09:08:00,CLI-149,Credito,2250
20697,2026-05-02 18:55:00,Consumidor Final,Credito,11200
20698,2026-05-02 17:28:00,CLI-249,Mercado Pago,2200
20699,2026-05-02 09:21:00,Consumidor Final,Mercado Pago,5600
20700,2026-05-02 18:34:00,Consumidor Final,Efectivo,17300
20701,2026-05-02 16:59:00,Consumidor Final,Debito,15700
20702,2026-05-02 17:50:00,CLI-241,Debito,4500
20703,2026-05-02 18:51:00,CLI-151,Efectivo,17550
20704,2026-05-02 11:40:00,Consumidor Final,Efectivo,2200
20705,2026-05-02 12:29:00,Consumidor Final,Debito,14100
20706,2026-05-02 12:04:00,CLI-161,Mercado Pago,18900
20707,2026-05-02 17:03:00,CLI-211,Credito,23500
20708,2026-05-02 17:08:00,CLI-137,Credito,3800
20709,2026-05-02 18:37:00,Consumidor Final,Efectivo,7200
20710,2026-05-02 17:19:00,Consumidor Final,Debito,23700
20711,2026-05-02 12:16:00,Consumidor Final,Debito,24250
20712,2026-05-02 17:52:00,Consumidor Final,Credito,2600
20713,2026-05-02 16:08:00,CLI-205,Mercado Pago,35850
20714,2026-05-02 08:00:00,CLI-112,Mercado Pago,2200
20715,2026-05-02 20:24:00,Consumidor Final,Debito,18300
20716,2026-05-02 12:32:00,CLI-278,Efectivo,15100
20717,2026-05-02 16:09:00,CLI-114,Efectivo,14450
20718,2026-05-02 18:23:00,Consumidor Final,Mercado Pago,3100
20719,2026-05-02 10:47:00,CLI-136,Efectivo,13500
20720,2026-05-03 12:08:00,Consumidor Final,Debito,1600
20721,2026-05-03 19:35:00,CLI-235,Debito,18450
20722,2026-05-03 18:26:00,CLI-205,Credito,14400
20723,2026-05-03 20:31:00,CLI-166,Credito,19050
20724,2026-05-03 10:42:00,CLI-109,Efectivo,5400
20725,2026-05-03 16:04:00,Consumidor Final,Mercado Pago,3800
20726,2026-05-03 12:12:00,Consumidor Final,Efectivo,12750
20727,2026-05-03 10:39:00,Consumidor Final,Debito,3800
20728,2026-05-03 08:21:00,Consumidor Final,Mercado Pago,24700
20729,2026-05-03 18:40:00,Consumidor Final,Mercado Pago,12900
20730,2026-05-03 16:19:00,Consumidor Final,Debito,11050
20731,2026-05-03 11:59:00,Consumidor Final,Efectivo,12400
20732,2026-05-03 20:24:00,Consumidor Final,Efectivo,3200
20733,2026-05-03 20:29:00,CLI-136,Debito,1500
20734,2026-05-03 19:31:00,CLI-180,Efectivo,18450
20735,2026-05-03 11:31:00,CLI-285,Debito,8200
20736,2026-05-03 20:29:00,Consumidor Final,Efectivo,3300
20737,2026-05-03 18:52:00,CLI-254,Mercado Pago,5400
20738,2026-05-03 19:48:00,CLI-185,Mercado Pago,12400
20739,2026-05-03 09:34:00,CLI-131,Efectivo,4400
20740,2026-05-03 12:51:00,CLI-227,Mercado Pago,1600
20741,2026-05-03 11:26:00,CLI-243,Debito,2000
20742,2026-05-03 19:06:00,Consumidor Final,Credito,4100
20743,2026-05-03 11:43:00,Consumidor Final,Mercado Pago,8100
20744,2026-05-03 12:42:00,Consumidor Final,Debito,9050
20745,2026-05-03 10:34:00,CLI-174,Mercado Pago,30450
20746,2026-05-03 12:46:00,CLI-139,Efectivo,14550
20747,2026-05-03 16:57:00,Consumidor Final,Efectivo,3300
20748,2026-05-03 10:46:00,Consumidor Final,Debito,16950
20749,2026-05-03 12:11:00,CLI-247,Efectivo,6300
20750,2026-05-03 08:01:00,CLI-264,Debito,6600
20751,2026-05-03 17:44:00,Consumidor Final,Mercado Pago,28000
20752,2026-05-03 20:33:00,CLI-292,Debito,6000
20753,2026-05-03 18:41:00,CLI-108,Debito,6300
20754,2026-05-03 20:19:00,CLI-236,Debito,3000
20755,2026-05-03 18:06:00,CLI-172,Credito,10450
20756,2026-05-03 16:05:00,Consumidor Final,Mercado Pago,2700
20757,2026-05-03 16:49:00,Consumidor Final,Mercado Pago,3800
20758,2026-05-03 19:08:00,CLI-190,Efectivo,8400
20759,2026-05-03 20:27:00,Consumidor Final,Mercado Pago,9800
20760,2026-05-03 16:30:00,CLI-230,Mercado Pago,16550
20761,2026-05-03 19:48:00,CLI-232,Debito,14100
20762,2026-05-03 20:48:00,CLI-182,Credito,26950
20763,2026-05-03 10:09:00,CLI-107,Debito,16450
20764,2026-05-03 10:39:00,Consumidor Final,Efectivo,12300
20765,2026-05-03 19:26:00,Consumidor Final,Debito,24150
20766,2026-05-03 16:16:00,CLI-268,Mercado Pago,3000
20767,2026-05-03 10:13:00,Consumidor Final,Credito,25800
20768,2026-05-03 19:25:00,Consumidor Final,Mercado Pago,20350
20769,2026-05-03 18:54:00,Consumidor Final,Debito,3800
20770,2026-05-03 19:41:00,Consumidor Final,Credito,24200
20771,2026-05-03 11:51:00,Consumidor Final,Mercado Pago,12250
20772,2026-05-03 09:05:00,Consumidor Final,Credito,2950
20773,2026-05-03 17:00:00,CLI-125,Debito,1500
20774,2026-05-03 11:11:00,CLI-172,Debito,5000
20775,2026-05-03 18:01:00,Consumidor Final,Efectivo,27600
20776,2026-05-03 19:48:00,CLI-182,Mercado Pago,3000
20777,2026-05-03 16:57:00,CLI-148,Mercado Pago,7000
20778,2026-05-04 18:57:00,Consumidor Final,Efectivo,8800
20779,2026-05-04 17:10:00,CLI-228,Efectivo,6300
20780,2026-05-04 20:49:00,CLI-148,Mercado Pago,1800
20781,2026-05-04 20:55:00,Consumidor Final,Efectivo,1500
20782,2026-05-04 08:42:00,Consumidor Final,Mercado Pago,3100
20783,2026-05-04 08:27:00,CLI-233,Mercado Pago,10200
20784,2026-05-04 08:56:00,Consumidor Final,Mercado Pago,16650
20785,2026-05-04 09:40:00,Consumidor Final,Debito,21550
20786,2026-05-04 18:37:00,CLI-244,Credito,3200
20787,2026-05-04 18:03:00,Consumidor Final,Mercado Pago,7650
20788,2026-05-04 08:35:00,CLI-281,Mercado Pago,18000
20789,2026-05-04 09:05:00,Consumidor Final,Credito,13550
20790,2026-05-04 08:21:00,Consumidor Final,Credito,3700
20791,2026-05-04 17:26:00,Consumidor Final,Debito,8600
20792,2026-05-04 19:22:00,Consumidor Final,Efectivo,19900
20793,2026-05-04 12:31:00,Consumidor Final,Efectivo,7050
20794,2026-05-04 09:33:00,Consumidor Final,Credito,16900
20795,2026-05-04 09:09:00,Consumidor Final,Mercado Pago,29950
20796,2026-05-04 11:37:00,Consumidor Final,Mercado Pago,9250
20797,2026-05-04 16:39:00,CLI-112,Mercado Pago,5200
20798,2026-05-04 08:20:00,CLI-244,Debito,11550
20799,2026-05-04 17:21:00,Consumidor Final,Debito,1500
20800,2026-05-04 09:09:00,Consumidor Final,Debito,1500
20801,2026-05-04 12:19:00,CLI-282,Debito,18500
20802,2026-05-04 17:41:00,CLI-255,Mercado Pago,1600
20803,2026-05-04 11:08:00,Consumidor Final,Debito,4400
20804,2026-05-04 11:51:00,CLI-159,Debito,14650
20805,2026-05-04 12:37:00,Consumidor Final,Efectivo,12150
20806,2026-05-04 19:10:00,Consumidor Final,Efectivo,8200
20807,2026-05-04 12:32:00,CLI-200,Efectivo,1800
20808,2026-05-04 19:43:00,CLI-179,Debito,9900
20809,2026-05-04 09:42:00,CLI-130,Efectivo,15300
20810,2026-05-04 17:45:00,Consumidor Final,Mercado Pago,8050
20811,2026-05-04 12:45:00,Consumidor Final,Mercado Pago,6500
20812,2026-05-04 20:34:00,CLI-142,Debito,24150
20813,2026-05-04 17:40:00,Consumidor Final,Debito,1100
20814,2026-05-04 09:04:00,Consumidor Final,Credito,30500
20815,2026-05-04 09:48:00,Consumidor Final,Mercado Pago,23400
20816,2026-05-04 08:32:00,CLI-105,Debito,2200
20817,2026-05-04 09:36:00,CLI-158,Efectivo,4800
20818,2026-05-04 09:40:00,CLI-273,Debito,4700
20819,2026-05-04 08:23:00,Consumidor Final,Efectivo,7500
20820,2026-05-04 10:17:00,CLI-267,Mercado Pago,1500
20821,2026-05-04 09:20:00,Consumidor Final,Efectivo,3600
20822,2026-05-04 17:13:00,CLI-103,Efectivo,2250
20823,2026-05-04 16:04:00,Consumidor Final,Efectivo,19600
20824,2026-05-04 11:56:00,CLI-262,Mercado Pago,1100
20825,2026-05-04 19:59:00,CLI-119,Efectivo,6600
20826,2026-05-04 16:46:00,CLI-265,Credito,20800
20827,2026-05-04 12:14:00,Consumidor Final,Efectivo,5400
20828,2026-05-04 10:55:00,CLI-285,Debito,27550
20829,2026-05-04 08:59:00,CLI-234,Debito,30350
20830,2026-05-04 08:57:00,CLI-138,Mercado Pago,10750
20831,2026-05-04 18:37:00,CLI-133,Debito,8200
20832,2026-05-04 18:54:00,Consumidor Final,Debito,14500
20833,2026-05-04 11:05:00,Consumidor Final,Efectivo,2600
20834,2026-05-04 11:28:00,CLI-253,Debito,9150
20835,2026-05-04 17:32:00,Consumidor Final,Credito,11950
20836,2026-05-04 20:44:00,Consumidor Final,Credito,6300
20837,2026-05-05 20:53:00,Consumidor Final,Efectivo,9800
20838,2026-05-05 19:06:00,CLI-156,Debito,23200
20839,2026-05-05 18:31:00,Consumidor Final,Mercado Pago,14500
20840,2026-05-05 08:42:00,CLI-213,Efectivo,14550
20841,2026-05-05 12:16:00,CLI-165,Mercado Pago,3800
20842,2026-05-05 19:27:00,CLI-218,Efectivo,3000
20843,2026-05-05 12:36:00,CLI-271,Debito,750
20844,2026-05-05 19:16:00,CLI-140,Mercado Pago,6050
20845,2026-05-05 20:17:00,CLI-171,Mercado Pago,12500
20846,2026-05-05 20:07:00,Consumidor Final,Mercado Pago,18700
20847,2026-05-05 18:40:00,Consumidor Final,Debito,12500
20848,2026-05-05 18:29:00,Consumidor Final,Mercado Pago,5900
20849,2026-05-05 18:26:00,CLI-175,Efectivo,21000
20850,2026-05-05 19:00:00,Consumidor Final,Debito,10600
20851,2026-05-05 16:05:00,CLI-157,Efectivo,22600
20852,2026-05-05 18:50:00,CLI-227,Debito,3600
20853,2026-05-05 10:11:00,CLI-191,Efectivo,2700
20854,2026-05-05 19:34:00,CLI-122,Mercado Pago,1100
20855,2026-05-05 12:16:00,CLI-208,Efectivo,6900
20856,2026-05-05 16:57:00,CLI-271,Mercado Pago,7600
20857,2026-05-05 10:37:00,Consumidor Final,Debito,4800
20858,2026-05-05 10:31:00,CLI-197,Debito,13900
20859,2026-05-05 18:15:00,CLI-141,Debito,15000
20860,2026-05-05 18:44:00,Consumidor Final,Debito,11100
20861,2026-05-05 09:14:00,CLI-232,Mercado Pago,11500
20862,2026-05-05 09:51:00,CLI-187,Mercado Pago,17550
20863,2026-05-05 08:52:00,Consumidor Final,Efectivo,22050
20864,2026-05-05 10:00:00,Consumidor Final,Credito,6600
20865,2026-05-05 11:27:00,Consumidor Final,Efectivo,5900
20866,2026-05-05 11:13:00,Consumidor Final,Credito,1600
20867,2026-05-05 19:08:00,CLI-107,Debito,1600
20868,2026-05-05 17:15:00,CLI-164,Efectivo,9400
20869,2026-05-05 18:00:00,CLI-190,Efectivo,4400
20870,2026-05-05 17:26:00,CLI-297,Efectivo,2200
20871,2026-05-05 12:12:00,CLI-270,Credito,1500
20872,2026-05-05 19:34:00,Consumidor Final,Mercado Pago,10350
20873,2026-05-05 16:22:00,Consumidor Final,Mercado Pago,2200
20874,2026-05-05 20:01:00,CLI-109,Credito,27600
20875,2026-05-05 10:22:00,CLI-108,Debito,12700
20876,2026-05-05 16:18:00,Consumidor Final,Mercado Pago,7000
20877,2026-05-05 20:47:00,CLI-284,Efectivo,6900
20878,2026-05-05 08:26:00,CLI-178,Mercado Pago,6300
20879,2026-05-05 12:06:00,Consumidor Final,Mercado Pago,10700
20880,2026-05-05 10:57:00,Consumidor Final,Mercado Pago,20500
20881,2026-05-05 12:57:00,CLI-197,Debito,4950
20882,2026-05-05 16:57:00,CLI-122,Debito,2200
20883,2026-05-05 17:20:00,CLI-163,Efectivo,8400
20884,2026-05-05 19:22:00,CLI-158,Debito,23800
20885,2026-05-05 12:49:00,CLI-136,Efectivo,21600
20886,2026-05-05 11:21:00,CLI-203,Debito,17000
20887,2026-05-05 18:22:00,CLI-221,Debito,900
20888,2026-05-05 20:09:00,CLI-170,Efectivo,21400
20889,2026-05-05 20:52:00,Consumidor Final,Credito,1600
20890,2026-05-05 19:27:00,Consumidor Final,Efectivo,8000
20891,2026-05-05 09:41:00,CLI-137,Debito,13600
20892,2026-05-05 16:42:00,CLI-270,Mercado Pago,19650
20893,2026-05-05 18:08:00,CLI-152,Mercado Pago,6850
20894,2026-05-05 16:41:00,Consumidor Final,Credito,900
20895,2026-05-05 18:43:00,CLI-238,Debito,23100
20896,2026-05-05 20:07:00,CLI-235,Efectivo,3100
20897,2026-05-05 09:05:00,CLI-170,Efectivo,1100
20898,2026-05-05 20:49:00,CLI-140,Efectivo,7600
20899,2026-05-05 16:33:00,Consumidor Final,Efectivo,8750
20900,2026-05-06 19:35:00,Consumidor Final,Debito,26350
20901,2026-05-06 11:58:00,Consumidor Final,Efectivo,12100
20902,2026-05-06 17:48:00,CLI-106,Debito,4450
20903,2026-05-06 12:46:00,Consumidor Final,Debito,13900
20904,2026-05-06 20:29:00,CLI-193,Efectivo,3800
20905,2026-05-06 08:27:00,Consumidor Final,Debito,8500
20906,2026-05-06 19:03:00,Consumidor Final,Efectivo,10850
20907,2026-05-06 12:04:00,Consumidor Final,Mercado Pago,24250
20908,2026-05-06 19:26:00,Consumidor Final,Debito,19450
20909,2026-05-06 09:17:00,Consumidor Final,Efectivo,900
20910,2026-05-06 08:07:00,Consumidor Final,Mercado Pago,31500
20911,2026-05-06 08:21:00,CLI-111,Debito,4700
20912,2026-05-06 11:06:00,CLI-170,Debito,13400
20913,2026-05-06 09:20:00,CLI-274,Mercado Pago,16800
20914,2026-05-06 18:20:00,Consumidor Final,Debito,17400
20915,2026-05-06 11:19:00,CLI-163,Efectivo,1800
20916,2026-05-06 19:41:00,Consumidor Final,Mercado Pago,11200
20917,2026-05-06 12:57:00,Consumidor Final,Mercado Pago,5200
20918,2026-05-06 10:25:00,CLI-264,Mercado Pago,13000
20919,2026-05-06 20:01:00,CLI-270,Debito,10700
20920,2026-05-06 10:27:00,Consumidor Final,Mercado Pago,18850
20921,2026-05-06 10:36:00,CLI-113,Mercado Pago,6900
20922,2026-05-06 12:42:00,CLI-247,Debito,23050
20923,2026-05-06 10:19:00,CLI-295,Credito,13200
20924,2026-05-06 16:07:00,CLI-243,Credito,4500
20925,2026-05-06 18:01:00,CLI-256,Mercado Pago,4050
20926,2026-05-06 18:50:00,CLI-198,Credito,6700
20927,2026-05-06 17:03:00,CLI-293,Debito,6600
20928,2026-05-06 18:18:00,Consumidor Final,Mercado Pago,4400
20929,2026-05-06 19:53:00,CLI-212,Debito,19750
20930,2026-05-06 11:24:00,CLI-103,Debito,18900
20931,2026-05-06 19:07:00,CLI-276,Efectivo,18150
20932,2026-05-06 16:05:00,Consumidor Final,Mercado Pago,13550
20933,2026-05-06 10:34:00,Consumidor Final,Efectivo,6000
20934,2026-05-06 16:13:00,CLI-271,Credito,9300
20935,2026-05-06 08:28:00,CLI-195,Efectivo,4400
20936,2026-05-06 20:13:00,CLI-145,Mercado Pago,7600
20937,2026-05-06 17:04:00,CLI-169,Mercado Pago,6600
20938,2026-05-06 16:02:00,Consumidor Final,Debito,31050
20939,2026-05-06 17:46:00,CLI-204,Debito,17500
20940,2026-05-06 16:49:00,Consumidor Final,Debito,14350
20941,2026-05-06 09:41:00,Consumidor Final,Debito,17800
20942,2026-05-06 20:19:00,CLI-216,Efectivo,21550
20943,2026-05-06 12:14:00,CLI-178,Mercado Pago,2250
20944,2026-05-06 19:49:00,CLI-246,Mercado Pago,29950
20945,2026-05-06 17:53:00,Consumidor Final,Debito,20300
20946,2026-05-06 17:32:00,Consumidor Final,Mercado Pago,7800
20947,2026-05-06 20:29:00,Consumidor Final,Debito,8050
20948,2026-05-06 18:46:00,CLI-145,Mercado Pago,4400
20949,2026-05-06 16:40:00,Consumidor Final,Mercado Pago,900
20950,2026-05-06 11:50:00,Consumidor Final,Efectivo,7850
20951,2026-05-07 10:09:00,CLI-280,Debito,4900
20952,2026-05-07 09:03:00,CLI-245,Debito,2550
20953,2026-05-07 19:04:00,Consumidor Final,Debito,5400
20954,2026-05-07 11:46:00,CLI-283,Mercado Pago,10600
20955,2026-05-07 11:10:00,CLI-242,Mercado Pago,4100
20956,2026-05-07 08:22:00,Consumidor Final,Efectivo,16150
20957,2026-05-07 19:28:00,CLI-213,Efectivo,25300
20958,2026-05-07 12:10:00,Consumidor Final,Mercado Pago,12500
20959,2026-05-07 09:09:00,Consumidor Final,Debito,18250
20960,2026-05-07 18:16:00,Consumidor Final,Mercado Pago,18050
20961,2026-05-07 08:51:00,CLI-290,Efectivo,3400
20962,2026-05-07 09:01:00,CLI-282,Efectivo,20950
20963,2026-05-07 19:18:00,Consumidor Final,Debito,2250
20964,2026-05-07 11:54:00,Consumidor Final,Mercado Pago,20150
20965,2026-05-07 12:43:00,CLI-213,Efectivo,19100
20966,2026-05-07 19:03:00,CLI-231,Mercado Pago,24650
20967,2026-05-07 10:07:00,Consumidor Final,Efectivo,7200
20968,2026-05-07 17:03:00,Consumidor Final,Mercado Pago,22300
20969,2026-05-07 10:47:00,Consumidor Final,Efectivo,11400
20970,2026-05-07 10:48:00,CLI-276,Efectivo,33150
20971,2026-05-07 19:57:00,Consumidor Final,Mercado Pago,15750
20972,2026-05-07 17:07:00,Consumidor Final,Debito,1500
20973,2026-05-07 18:36:00,Consumidor Final,Efectivo,13150
20974,2026-05-07 11:14:00,CLI-259,Debito,3300
20975,2026-05-07 10:40:00,Consumidor Final,Efectivo,16900
20976,2026-05-07 17:42:00,CLI-296,Mercado Pago,11650
20977,2026-05-07 08:04:00,CLI-116,Efectivo,5800
20978,2026-05-07 16:32:00,CLI-291,Efectivo,17200
20979,2026-05-07 11:08:00,CLI-121,Credito,15100
20980,2026-05-07 17:32:00,Consumidor Final,Debito,18150
20981,2026-05-07 18:54:00,Consumidor Final,Debito,26950
20982,2026-05-07 12:57:00,CLI-122,Mercado Pago,13000
20983,2026-05-07 19:39:00,CLI-250,Debito,6200
20984,2026-05-07 10:46:00,CLI-100,Mercado Pago,11600
20985,2026-05-07 16:02:00,Consumidor Final,Mercado Pago,11000
20986,2026-05-07 20:55:00,CLI-142,Debito,12950
20987,2026-05-07 17:40:00,CLI-272,Efectivo,17950
20988,2026-05-07 16:55:00,CLI-246,Efectivo,5200
20989,2026-05-07 20:39:00,CLI-154,Credito,24700
20990,2026-05-07 19:24:00,CLI-237,Credito,4800
20991,2026-05-07 19:58:00,CLI-171,Mercado Pago,20400
20992,2026-05-07 11:58:00,Consumidor Final,Efectivo,24100
20993,2026-05-07 19:06:00,Consumidor Final,Efectivo,7600
20994,2026-05-07 20:56:00,CLI-213,Debito,2550
20995,2026-05-07 10:29:00,CLI-244,Efectivo,28700
20996,2026-05-07 17:06:00,Consumidor Final,Debito,15050
20997,2026-05-07 09:40:00,CLI-194,Debito,27650
20998,2026-05-07 17:36:00,Consumidor Final,Mercado Pago,1800
20999,2026-05-07 18:09:00,CLI-299,Debito,3950
21000,2026-05-07 20:31:00,CLI-205,Debito,24300
21001,2026-05-07 17:09:00,CLI-100,Efectivo,8200
21002,2026-05-07 20:20:00,Consumidor Final,Efectivo,1800
21003,2026-05-08 16:53:00,Consumidor Final,Mercado Pago,1800
21004,2026-05-08 08:22:00,CLI-124,Mercado Pago,19700
21005,2026-05-08 11:41:00,CLI-169,Debito,6300
21006,2026-05-08 20:04:00,CLI-168,Debito,12300
21007,2026-05-08 20:18:00,Consumidor Final,Efectivo,14600
21008,2026-05-08 11:16:00,Consumidor Final,Credito,5100
21009,2026-05-08 12:23:00,Consumidor Final,Efectivo,18000
21010,2026-05-08 11:02:00,CLI-134,Efectivo,7750
21011,2026-05-08 16:05:00,CLI-168,Debito,3200
21012,2026-05-08 11:34:00,Consumidor Final,Mercado Pago,8400
21013,2026-05-08 18:49:00,Consumidor Final,Mercado Pago,24050
21014,2026-05-08 16:37:00,CLI-229,Debito,3100
21015,2026-05-08 16:58:00,CLI-148,Efectivo,900
21016,2026-05-08 17:45:00,CLI-216,Credito,2700
21017,2026-05-08 09:40:00,CLI-140,Mercado Pago,3300
21018,2026-05-08 12:03:00,Consumidor Final,Mercado Pago,31150
21019,2026-05-08 08:45:00,Consumidor Final,Efectivo,17900
21020,2026-05-08 08:42:00,CLI-226,Efectivo,19650
21021,2026-05-08 09:50:00,Consumidor Final,Mercado Pago,26800
21022,2026-05-08 08:31:00,CLI-144,Debito,1650
21023,2026-05-08 11:26:00,CLI-159,Efectivo,2700
21024,2026-05-08 09:01:00,Consumidor Final,Mercado Pago,20100
21025,2026-05-08 09:29:00,Consumidor Final,Debito,8350
21026,2026-05-08 16:33:00,CLI-156,Efectivo,5400
21027,2026-05-08 19:57:00,Consumidor Final,Mercado Pago,20700
21028,2026-05-08 19:34:00,CLI-172,Debito,17200
21029,2026-05-08 09:33:00,CLI-145,Credito,1500
21030,2026-05-08 10:28:00,Consumidor Final,Mercado Pago,9600
21031,2026-05-08 11:05:00,CLI-196,Debito,3300
21032,2026-05-08 19:57:00,CLI-288,Debito,13400
21033,2026-05-08 16:40:00,CLI-200,Mercado Pago,1600
21034,2026-05-08 08:45:00,CLI-145,Debito,32250
21035,2026-05-08 20:34:00,CLI-298,Mercado Pago,2200
21036,2026-05-08 17:17:00,CLI-128,Debito,15000
21037,2026-05-08 11:00:00,CLI-299,Debito,7050
21038,2026-05-08 17:25:00,CLI-139,Efectivo,3300
21039,2026-05-08 09:16:00,CLI-287,Credito,5200
21040,2026-05-08 11:46:00,CLI-127,Efectivo,12300
21041,2026-05-08 16:29:00,Consumidor Final,Efectivo,7700
21042,2026-05-08 08:41:00,Consumidor Final,Mercado Pago,1800
21043,2026-05-08 08:17:00,CLI-221,Credito,16700
21044,2026-05-08 08:23:00,CLI-169,Credito,25950
21045,2026-05-08 16:31:00,CLI-219,Debito,20900
21046,2026-05-08 10:07:00,CLI-235,Credito,16300
21047,2026-05-08 16:42:00,CLI-259,Debito,5400
21048,2026-05-08 12:43:00,CLI-138,Debito,7200
21049,2026-05-08 09:04:00,CLI-102,Mercado Pago,15900
21050,2026-05-08 18:20:00,CLI-284,Efectivo,19900
21051,2026-05-08 20:52:00,CLI-130,Mercado Pago,24750
21052,2026-05-08 12:53:00,Consumidor Final,Debito,23150
21053,2026-05-08 19:38:00,Consumidor Final,Efectivo,11750
21054,2026-05-08 11:02:00,CLI-180,Mercado Pago,31000
21055,2026-05-08 12:19:00,CLI-276,Efectivo,5400
21056,2026-05-08 18:02:00,CLI-293,Debito,20600
21057,2026-05-08 18:48:00,Consumidor Final,Credito,24450
21058,2026-05-08 18:20:00,Consumidor Final,Efectivo,21450
21059,2026-05-08 11:06:00,Consumidor Final,Debito,13650
21060,2026-05-08 10:29:00,Consumidor Final,Efectivo,1600
21061,2026-05-08 09:48:00,CLI-137,Debito,30250
21062,2026-05-08 12:28:00,CLI-120,Efectivo,4500
21063,2026-05-08 20:53:00,CLI-261,Efectivo,25050
21064,2026-05-08 10:12:00,Consumidor Final,Mercado Pago,11250
21065,2026-05-08 12:14:00,CLI-181,Credito,14100
21066,2026-05-08 10:53:00,Consumidor Final,Mercado Pago,17200
21067,2026-05-09 12:08:00,CLI-211,Debito,32700
21068,2026-05-09 16:43:00,Consumidor Final,Efectivo,29900
21069,2026-05-09 08:02:00,Consumidor Final,Debito,23250
21070,2026-05-09 19:27:00,CLI-240,Mercado Pago,4700
21071,2026-05-09 18:20:00,CLI-272,Debito,1800
21072,2026-05-09 09:09:00,CLI-145,Efectivo,6300
21073,2026-05-09 11:31:00,CLI-176,Debito,5100
21074,2026-05-09 11:08:00,CLI-159,Debito,3600
21075,2026-05-09 20:54:00,Consumidor Final,Efectivo,750
21076,2026-05-09 19:03:00,CLI-132,Debito,9000
21077,2026-05-09 16:06:00,Consumidor Final,Debito,8150
21078,2026-05-09 18:04:00,CLI-132,Mercado Pago,6900
21079,2026-05-09 08:44:00,CLI-243,Debito,20350
21080,2026-05-09 09:08:00,CLI-172,Mercado Pago,11600
21081,2026-05-09 20:26:00,Consumidor Final,Efectivo,19950
21082,2026-05-09 08:19:00,Consumidor Final,Debito,1500
21083,2026-05-09 19:05:00,Consumidor Final,Debito,9800
21084,2026-05-09 10:55:00,Consumidor Final,Mercado Pago,21700
21085,2026-05-09 18:30:00,Consumidor Final,Credito,12400
21086,2026-05-09 20:45:00,Consumidor Final,Debito,21250
21087,2026-05-09 19:46:00,CLI-223,Mercado Pago,2250
21088,2026-05-09 18:59:00,CLI-256,Mercado Pago,16750
21089,2026-05-09 12:46:00,CLI-235,Mercado Pago,9800
21090,2026-05-09 11:32:00,CLI-162,Debito,27550
21091,2026-05-09 11:19:00,Consumidor Final,Efectivo,10800
21092,2026-05-09 16:11:00,CLI-142,Mercado Pago,11550
21093,2026-05-09 11:54:00,CLI-181,Debito,5650
21094,2026-05-09 18:02:00,CLI-276,Efectivo,24400
21095,2026-05-09 19:58:00,CLI-134,Efectivo,8350
21096,2026-05-09 20:11:00,CLI-202,Credito,26350
21097,2026-05-09 10:09:00,CLI-132,Credito,18000
21098,2026-05-09 18:34:00,CLI-174,Debito,12800
21099,2026-05-09 18:58:00,Consumidor Final,Debito,4050
21100,2026-05-09 17:41:00,CLI-185,Efectivo,19900
21101,2026-05-09 11:08:00,CLI-166,Debito,2700
21102,2026-05-09 16:14:00,CLI-198,Credito,11200
21103,2026-05-09 19:49:00,Consumidor Final,Efectivo,17450
21104,2026-05-09 08:19:00,CLI-215,Debito,2500
21105,2026-05-09 18:02:00,Consumidor Final,Efectivo,31300
21106,2026-05-09 17:20:00,Consumidor Final,Debito,13200
21107,2026-05-09 11:32:00,Consumidor Final,Mercado Pago,9350
21108,2026-05-09 20:39:00,Consumidor Final,Mercado Pago,29250
21109,2026-05-09 19:34:00,CLI-235,Debito,9500
21110,2026-05-09 08:38:00,Consumidor Final,Efectivo,3000
21111,2026-05-09 16:40:00,CLI-269,Debito,5400
21112,2026-05-09 12:01:00,CLI-273,Efectivo,2700
21113,2026-05-09 12:00:00,CLI-284,Efectivo,15800
21114,2026-05-09 08:15:00,CLI-232,Mercado Pago,20700
21115,2026-05-09 20:07:00,CLI-198,Mercado Pago,9100
21116,2026-05-09 16:59:00,CLI-297,Debito,3300
21117,2026-05-09 20:32:00,CLI-140,Efectivo,25900
21118,2026-05-09 08:07:00,CLI-184,Efectivo,5400
21119,2026-05-09 19:27:00,Consumidor Final,Debito,7400
21120,2026-05-09 08:06:00,Consumidor Final,Debito,4800
21121,2026-05-09 19:51:00,Consumidor Final,Debito,5400
21122,2026-05-09 10:39:00,CLI-143,Mercado Pago,17900
21123,2026-05-09 10:50:00,CLI-104,Credito,26200
21124,2026-05-09 11:23:00,CLI-133,Efectivo,23800
21125,2026-05-09 16:44:00,Consumidor Final,Efectivo,6000
21126,2026-05-10 19:45:00,CLI-266,Efectivo,2200
21127,2026-05-10 09:19:00,Consumidor Final,Debito,1500
21128,2026-05-10 18:28:00,CLI-103,Mercado Pago,19350
21129,2026-05-10 10:34:00,Consumidor Final,Debito,22050
21130,2026-05-10 09:27:00,Consumidor Final,Debito,1600
21131,2026-05-10 17:44:00,CLI-177,Mercado Pago,26900
21132,2026-05-10 18:45:00,CLI-256,Debito,7500
21133,2026-05-10 18:58:00,Consumidor Final,Credito,20150
21134,2026-05-10 16:05:00,CLI-219,Efectivo,17100
21135,2026-05-10 16:20:00,CLI-272,Debito,1600
21136,2026-05-10 16:37:00,CLI-139,Mercado Pago,19050
21137,2026-05-10 11:16:00,CLI-253,Mercado Pago,2200
21138,2026-05-10 20:17:00,Consumidor Final,Mercado Pago,28250
21139,2026-05-10 20:59:00,Consumidor Final,Mercado Pago,14300
21140,2026-05-10 12:56:00,CLI-216,Debito,750
21141,2026-05-10 09:25:00,CLI-213,Debito,20300
21142,2026-05-10 20:11:00,CLI-161,Credito,17400
21143,2026-05-10 18:40:00,Consumidor Final,Debito,3800
21144,2026-05-10 19:00:00,Consumidor Final,Credito,1800
21145,2026-05-10 17:08:00,CLI-214,Efectivo,3800
21146,2026-05-10 08:25:00,CLI-108,Debito,12400
21147,2026-05-10 11:45:00,Consumidor Final,Debito,24650
21148,2026-05-10 20:43:00,Consumidor Final,Mercado Pago,7000
21149,2026-05-10 18:38:00,Consumidor Final,Efectivo,13000
21150,2026-05-10 17:38:00,CLI-225,Debito,13600
21151,2026-05-10 10:45:00,CLI-116,Mercado Pago,15650
21152,2026-05-10 09:23:00,Consumidor Final,Efectivo,4400
21153,2026-05-10 18:23:00,CLI-134,Credito,3000
21154,2026-05-10 12:34:00,CLI-161,Mercado Pago,3800
21155,2026-05-10 09:37:00,CLI-245,Debito,16200
21156,2026-05-10 17:48:00,CLI-188,Efectivo,1800
21157,2026-05-10 11:11:00,Consumidor Final,Efectivo,6800
21158,2026-05-10 10:15:00,CLI-299,Mercado Pago,7350
21159,2026-05-10 18:04:00,CLI-153,Debito,10300
21160,2026-05-10 08:40:00,CLI-142,Credito,8500
21161,2026-05-10 18:54:00,CLI-246,Mercado Pago,10300
21162,2026-05-10 10:37:00,Consumidor Final,Credito,6300
21163,2026-05-10 08:08:00,CLI-289,Debito,10800
21164,2026-05-10 17:18:00,CLI-160,Debito,14100
21165,2026-05-10 11:23:00,CLI-263,Credito,1500
21166,2026-05-10 09:38:00,Consumidor Final,Efectivo,16350
21167,2026-05-10 17:34:00,CLI-165,Efectivo,21150
21168,2026-05-10 10:25:00,Consumidor Final,Mercado Pago,1800
21169,2026-05-10 08:18:00,CLI-286,Mercado Pago,6800
21170,2026-05-10 16:50:00,CLI-122,Efectivo,21800
21171,2026-05-10 18:02:00,Consumidor Final,Efectivo,7100
21172,2026-05-10 12:41:00,CLI-240,Credito,16250
21173,2026-05-10 16:50:00,CLI-149,Efectivo,5400
21174,2026-05-10 11:55:00,CLI-187,Credito,6600
21175,2026-05-10 16:39:00,CLI-143,Efectivo,4400
21176,2026-05-10 09:39:00,CLI-212,Mercado Pago,2700
21177,2026-05-10 18:43:00,Consumidor Final,Mercado Pago,15700
21178,2026-05-10 16:59:00,CLI-131,Mercado Pago,1500
21179,2026-05-10 18:25:00,CLI-116,Efectivo,4700
21180,2026-05-10 17:30:00,CLI-268,Mercado Pago,9100
21181,2026-05-10 11:12:00,CLI-297,Debito,4500
21182,2026-05-10 16:51:00,CLI-131,Efectivo,13350
21183,2026-05-10 17:53:00,CLI-135,Mercado Pago,750
21184,2026-05-11 10:21:00,Consumidor Final,Efectivo,1500
21185,2026-05-11 19:37:00,CLI-191,Mercado Pago,6900
21186,2026-05-11 16:10:00,Consumidor Final,Credito,14650
21187,2026-05-11 08:22:00,CLI-123,Efectivo,10100
21188,2026-05-11 10:53:00,Consumidor Final,Efectivo,8300
21189,2026-05-11 08:59:00,Consumidor Final,Efectivo,3800
21190,2026-05-11 16:17:00,Consumidor Final,Mercado Pago,4400
21191,2026-05-11 09:35:00,Consumidor Final,Debito,8600
21192,2026-05-11 12:53:00,CLI-156,Credito,10300
21193,2026-05-11 10:12:00,CLI-264,Debito,18350
21194,2026-05-11 12:04:00,CLI-224,Credito,2950
21195,2026-05-11 19:31:00,CLI-117,Efectivo,28350
21196,2026-05-11 09:20:00,CLI-160,Mercado Pago,5250
21197,2026-05-11 12:03:00,CLI-171,Efectivo,4800
21198,2026-05-11 18:39:00,Consumidor Final,Efectivo,9300
21199,2026-05-11 18:32:00,CLI-168,Mercado Pago,900
21200,2026-05-11 16:50:00,CLI-268,Mercado Pago,11850
21201,2026-05-11 20:47:00,CLI-237,Debito,5400
21202,2026-05-11 08:41:00,CLI-150,Mercado Pago,750
21203,2026-05-11 16:59:00,CLI-119,Mercado Pago,4700
21204,2026-05-11 17:25:00,CLI-210,Mercado Pago,8850
21205,2026-05-11 18:42:00,CLI-109,Efectivo,12500
21206,2026-05-11 09:35:00,Consumidor Final,Mercado Pago,10900
21207,2026-05-11 19:00:00,Consumidor Final,Credito,9900
21208,2026-05-11 17:58:00,CLI-266,Efectivo,6000
21209,2026-05-11 09:27:00,CLI-292,Mercado Pago,5550
21210,2026-05-11 12:54:00,Consumidor Final,Mercado Pago,19500
21211,2026-05-11 17:40:00,CLI-174,Efectivo,900
21212,2026-05-11 08:56:00,Consumidor Final,Mercado Pago,2700
21213,2026-05-11 17:12:00,CLI-236,Efectivo,20050
21214,2026-05-11 08:58:00,Consumidor Final,Mercado Pago,2700
21215,2026-05-11 19:17:00,CLI-173,Debito,4800
21216,2026-05-11 18:14:00,Consumidor Final,Efectivo,2250
21217,2026-05-11 16:17:00,Consumidor Final,Credito,4400
21218,2026-05-11 08:40:00,Consumidor Final,Mercado Pago,19850
21219,2026-05-11 11:47:00,Consumidor Final,Efectivo,7400
21220,2026-05-11 19:50:00,Consumidor Final,Efectivo,10200
21221,2026-05-11 10:38:00,CLI-216,Efectivo,5000
21222,2026-05-11 10:04:00,Consumidor Final,Mercado Pago,3300
21223,2026-05-11 16:23:00,CLI-190,Mercado Pago,9950
21224,2026-05-11 09:56:00,Consumidor Final,Efectivo,11400
21225,2026-05-11 17:24:00,CLI-107,Efectivo,17550
21226,2026-05-11 19:57:00,Consumidor Final,Efectivo,2200
21227,2026-05-11 17:17:00,CLI-135,Mercado Pago,2400
21228,2026-05-11 19:47:00,CLI-260,Credito,2200
21229,2026-05-11 18:46:00,CLI-221,Credito,5900
21230,2026-05-11 11:20:00,CLI-167,Mercado Pago,4500
21231,2026-05-11 10:40:00,CLI-207,Mercado Pago,12100
21232,2026-05-11 20:36:00,CLI-273,Credito,3600
21233,2026-05-11 12:24:00,CLI-298,Debito,4100
21234,2026-05-11 11:01:00,Consumidor Final,Efectivo,24900
21235,2026-05-11 08:23:00,Consumidor Final,Debito,4100
21236,2026-05-11 20:35:00,Consumidor Final,Debito,2700
21237,2026-05-11 18:37:00,Consumidor Final,Debito,25950
21238,2026-05-11 08:50:00,CLI-208,Mercado Pago,14750
21239,2026-05-11 18:43:00,CLI-254,Debito,5400
21240,2026-05-11 20:10:00,Consumidor Final,Efectivo,9800
21241,2026-05-11 16:41:00,Consumidor Final,Debito,27550
21242,2026-05-12 11:41:00,CLI-224,Mercado Pago,13600
21243,2026-05-12 10:40:00,CLI-217,Debito,6000
21244,2026-05-12 11:15:00,CLI-188,Efectivo,2700
21245,2026-05-12 08:46:00,CLI-102,Efectivo,900
21246,2026-05-12 09:29:00,Consumidor Final,Efectivo,7700
21247,2026-05-12 09:20:00,CLI-229,Mercado Pago,8600
21248,2026-05-12 12:14:00,Consumidor Final,Debito,7600
21249,2026-05-12 16:38:00,Consumidor Final,Debito,19200
21250,2026-05-12 18:43:00,Consumidor Final,Efectivo,1800
21251,2026-05-12 17:17:00,Consumidor Final,Mercado Pago,4500
21252,2026-05-12 09:42:00,CLI-123,Efectivo,5000
21253,2026-05-12 12:43:00,CLI-195,Debito,2700
21254,2026-05-12 18:28:00,Consumidor Final,Debito,14150
21255,2026-05-12 20:31:00,Consumidor Final,Efectivo,4000
21256,2026-05-12 08:06:00,CLI-108,Mercado Pago,6300
21257,2026-05-12 08:38:00,Consumidor Final,Mercado Pago,13950
21258,2026-05-12 16:49:00,CLI-214,Debito,4000
21259,2026-05-12 08:58:00,Consumidor Final,Mercado Pago,10050
21260,2026-05-12 20:20:00,Consumidor Final,Mercado Pago,18050
21261,2026-05-12 12:11:00,Consumidor Final,Debito,2200
21262,2026-05-12 12:07:00,CLI-148,Mercado Pago,28000
21263,2026-05-12 16:17:00,Consumidor Final,Mercado Pago,900
21264,2026-05-12 10:40:00,Consumidor Final,Mercado Pago,4800
21265,2026-05-12 16:51:00,CLI-293,Efectivo,1500
21266,2026-05-12 20:36:00,CLI-143,Mercado Pago,3800
21267,2026-05-12 18:56:00,CLI-214,Debito,11650
21268,2026-05-12 18:46:00,CLI-164,Efectivo,2200
21269,2026-05-12 11:56:00,CLI-208,Mercado Pago,1800
21270,2026-05-12 17:55:00,CLI-179,Efectivo,15850
21271,2026-05-12 11:22:00,Consumidor Final,Efectivo,12350
21272,2026-05-12 17:45:00,Consumidor Final,Debito,21800
21273,2026-05-12 08:04:00,CLI-166,Mercado Pago,11450
21274,2026-05-12 10:48:00,CLI-231,Mercado Pago,21250
21275,2026-05-12 20:36:00,CLI-282,Mercado Pago,7600
21276,2026-05-12 18:59:00,CLI-201,Mercado Pago,1500
21277,2026-05-12 10:18:00,Consumidor Final,Mercado Pago,6600
21278,2026-05-12 08:41:00,Consumidor Final,Efectivo,20050
21279,2026-05-12 08:56:00,Consumidor Final,Mercado Pago,3300
21280,2026-05-12 19:58:00,Consumidor Final,Efectivo,9800
21281,2026-05-12 20:44:00,Consumidor Final,Debito,3600
21282,2026-05-12 11:24:00,Consumidor Final,Debito,20700
21283,2026-05-12 16:07:00,CLI-157,Debito,6700
21284,2026-05-12 08:18:00,CLI-151,Efectivo,3000
21285,2026-05-12 08:17:00,CLI-112,Debito,2200
21286,2026-05-12 12:25:00,CLI-236,Mercado Pago,9400
21287,2026-05-12 09:44:00,Consumidor Final,Mercado Pago,4450
21288,2026-05-12 16:52:00,Consumidor Final,Debito,21600
21289,2026-05-12 16:23:00,CLI-289,Mercado Pago,7500
21290,2026-05-12 18:19:00,Consumidor Final,Credito,20600
21291,2026-05-12 18:38:00,Consumidor Final,Mercado Pago,6600
21292,2026-05-12 10:38:00,CLI-254,Debito,3700
21293,2026-05-12 09:24:00,Consumidor Final,Debito,18700
21294,2026-05-12 09:46:00,Consumidor Final,Credito,23850
21295,2026-05-12 12:49:00,Consumidor Final,Debito,1100
21296,2026-05-13 18:29:00,Consumidor Final,Debito,1100
21297,2026-05-13 16:58:00,Consumidor Final,Debito,31800
21298,2026-05-13 12:38:00,CLI-268,Efectivo,12700
21299,2026-05-13 10:08:00,CLI-105,Debito,1800
21300,2026-05-13 10:57:00,CLI-268,Debito,2250
21301,2026-05-13 08:38:00,Consumidor Final,Debito,7500
21302,2026-05-13 11:32:00,CLI-149,Mercado Pago,11400
21303,2026-05-13 10:12:00,CLI-290,Debito,17100
21304,2026-05-13 08:36:00,CLI-209,Mercado Pago,10200
21305,2026-05-13 18:59:00,Consumidor Final,Mercado Pago,10300
21306,2026-05-13 20:47:00,Consumidor Final,Debito,10200
21307,2026-05-13 11:26:00,Consumidor Final,Efectivo,3000
21308,2026-05-13 10:55:00,Consumidor Final,Mercado Pago,17000
21309,2026-05-13 16:24:00,Consumidor Final,Credito,3000
21310,2026-05-13 19:25:00,Consumidor Final,Efectivo,5500
21311,2026-05-13 08:04:00,CLI-122,Efectivo,4200
21312,2026-05-13 17:21:00,Consumidor Final,Efectivo,22000
21313,2026-05-13 19:26:00,Consumidor Final,Debito,30850
21314,2026-05-13 09:26:00,Consumidor Final,Efectivo,25150
21315,2026-05-13 10:30:00,Consumidor Final,Mercado Pago,24600
21316,2026-05-13 17:22:00,CLI-160,Debito,22100
21317,2026-05-13 20:42:00,Consumidor Final,Mercado Pago,16450
21318,2026-05-13 08:28:00,CLI-179,Efectivo,5400
21319,2026-05-13 10:31:00,CLI-163,Efectivo,7000
21320,2026-05-13 11:26:00,Consumidor Final,Mercado Pago,29350
21321,2026-05-13 19:49:00,CLI-122,Mercado Pago,7600
21322,2026-05-13 18:29:00,CLI-163,Debito,5400
21323,2026-05-13 12:28:00,CLI-208,Mercado Pago,23650
21324,2026-05-13 17:59:00,Consumidor Final,Debito,2250
21325,2026-05-13 18:31:00,CLI-117,Mercado Pago,19300
21326,2026-05-13 19:51:00,CLI-196,Mercado Pago,7600
21327,2026-05-13 20:43:00,CLI-182,Debito,5600
21328,2026-05-13 12:58:00,CLI-297,Mercado Pago,8200
21329,2026-05-13 08:27:00,CLI-128,Debito,7600
21330,2026-05-13 11:38:00,Consumidor Final,Efectivo,3300
21331,2026-05-13 10:26:00,CLI-140,Efectivo,8000
21332,2026-05-13 17:43:00,CLI-180,Efectivo,19600
21333,2026-05-13 20:23:00,CLI-242,Debito,1800
21334,2026-05-13 08:25:00,CLI-172,Efectivo,13750
21335,2026-05-13 08:01:00,Consumidor Final,Mercado Pago,6600
21336,2026-05-13 10:35:00,CLI-266,Efectivo,8400
21337,2026-05-13 11:10:00,CLI-256,Efectivo,27300
21338,2026-05-13 12:09:00,CLI-180,Mercado Pago,1600
21339,2026-05-13 18:45:00,CLI-111,Debito,8200
21340,2026-05-13 20:44:00,CLI-165,Credito,23500
21341,2026-05-13 10:23:00,Consumidor Final,Debito,7100
21342,2026-05-13 20:14:00,CLI-114,Debito,10850
21343,2026-05-14 12:38:00,CLI-166,Debito,4900
21344,2026-05-14 20:33:00,Consumidor Final,Mercado Pago,16200
21345,2026-05-14 12:30:00,CLI-235,Efectivo,17000
21346,2026-05-14 09:36:00,Consumidor Final,Debito,17000
21347,2026-05-14 09:27:00,CLI-195,Credito,11900
21348,2026-05-14 17:36:00,CLI-295,Efectivo,19650
21349,2026-05-14 11:35:00,CLI-281,Debito,5900
21350,2026-05-14 09:59:00,CLI-236,Debito,5200
21351,2026-05-14 19:39:00,CLI-210,Debito,3200
21352,2026-05-14 11:50:00,Consumidor Final,Efectivo,1500
21353,2026-05-14 10:33:00,Consumidor Final,Mercado Pago,30050
21354,2026-05-14 19:37:00,CLI-249,Efectivo,3600
21355,2026-05-14 17:48:00,CLI-222,Efectivo,18700
21356,2026-05-14 19:36:00,CLI-218,Debito,5400
21357,2026-05-14 12:26:00,Consumidor Final,Debito,13500
21358,2026-05-14 19:24:00,CLI-108,Efectivo,3000
21359,2026-05-14 09:36:00,Consumidor Final,Debito,8100
21360,2026-05-14 11:51:00,CLI-147,Mercado Pago,16450
21361,2026-05-14 16:01:00,CLI-252,Debito,6200
21362,2026-05-14 11:37:00,CLI-298,Debito,7000
21363,2026-05-14 09:43:00,CLI-186,Debito,5900
21364,2026-05-14 09:37:00,CLI-262,Credito,12800
21365,2026-05-14 08:35:00,CLI-138,Debito,9100
21366,2026-05-14 11:15:00,CLI-145,Debito,5100
21367,2026-05-14 18:46:00,CLI-123,Mercado Pago,7500
21368,2026-05-14 12:54:00,Consumidor Final,Credito,21450
21369,2026-05-14 20:22:00,CLI-273,Mercado Pago,14600
21370,2026-05-14 10:44:00,CLI-186,Efectivo,14150
21371,2026-05-14 08:41:00,CLI-166,Efectivo,11800
21372,2026-05-14 10:50:00,CLI-292,Efectivo,3600
21373,2026-05-14 09:12:00,Consumidor Final,Credito,8450
21374,2026-05-14 12:17:00,Consumidor Final,Credito,31450
21375,2026-05-14 17:20:00,CLI-175,Credito,750
21376,2026-05-14 19:04:00,Consumidor Final,Debito,7000
21377,2026-05-14 08:20:00,Consumidor Final,Debito,2600
21378,2026-05-14 10:25:00,CLI-138,Efectivo,2250
21379,2026-05-14 18:17:00,CLI-272,Debito,5500
21380,2026-05-14 20:56:00,CLI-240,Efectivo,3200
21381,2026-05-14 09:50:00,Consumidor Final,Efectivo,19800
21382,2026-05-14 12:57:00,Consumidor Final,Mercado Pago,1800
21383,2026-05-14 12:40:00,Consumidor Final,Debito,8600
21384,2026-05-14 20:53:00,Consumidor Final,Mercado Pago,18500
21385,2026-05-14 17:22:00,CLI-175,Credito,17000
21386,2026-05-14 19:09:00,CLI-125,Efectivo,11100
21387,2026-05-14 18:11:00,Consumidor Final,Mercado Pago,2700
21388,2026-05-15 19:26:00,Consumidor Final,Efectivo,5400
21389,2026-05-15 19:43:00,CLI-207,Debito,14700
21390,2026-05-15 19:09:00,Consumidor Final,Credito,3600
21391,2026-05-15 10:14:00,Consumidor Final,Debito,8900
21392,2026-05-15 12:01:00,CLI-198,Debito,3800
21393,2026-05-15 12:15:00,CLI-202,Mercado Pago,19350
21394,2026-05-15 16:10:00,CLI-220,Mercado Pago,1800
21395,2026-05-15 10:38:00,Consumidor Final,Debito,24900
21396,2026-05-15 16:59:00,Consumidor Final,Mercado Pago,30300
21397,2026-05-15 08:42:00,CLI-204,Debito,4300
21398,2026-05-15 09:37:00,CLI-153,Debito,16050
21399,2026-05-15 16:03:00,Consumidor Final,Mercado Pago,28200
21400,2026-05-15 17:49:00,CLI-152,Efectivo,2700
21401,2026-05-15 12:45:00,CLI-222,Debito,13050
21402,2026-05-15 08:22:00,CLI-246,Debito,13900
21403,2026-05-15 19:40:00,Consumidor Final,Mercado Pago,8850
21404,2026-05-15 11:39:00,Consumidor Final,Efectivo,1100
21405,2026-05-15 17:06:00,Consumidor Final,Efectivo,1500
21406,2026-05-15 11:53:00,Consumidor Final,Mercado Pago,9300
21407,2026-05-15 08:04:00,Consumidor Final,Mercado Pago,14700
21408,2026-05-15 12:13:00,CLI-202,Efectivo,3200
21409,2026-05-15 18:48:00,Consumidor Final,Efectivo,7950
21410,2026-05-15 10:21:00,Consumidor Final,Debito,1600
21411,2026-05-15 16:45:00,Consumidor Final,Debito,27250
21412,2026-05-15 10:26:00,Consumidor Final,Debito,12900
21413,2026-05-15 16:10:00,Consumidor Final,Debito,1500
21414,2026-05-15 10:48:00,Consumidor Final,Efectivo,2250
21415,2026-05-15 12:04:00,Consumidor Final,Efectivo,13600
21416,2026-05-15 20:04:00,Consumidor Final,Credito,7600
21417,2026-05-15 12:15:00,Consumidor Final,Mercado Pago,20450
21418,2026-05-15 08:55:00,Consumidor Final,Efectivo,4400
21419,2026-05-15 16:10:00,Consumidor Final,Efectivo,13150
21420,2026-05-15 20:50:00,Consumidor Final,Debito,3000
21421,2026-05-15 12:41:00,CLI-299,Efectivo,3600
21422,2026-05-15 11:55:00,CLI-150,Mercado Pago,6600
21423,2026-05-15 18:43:00,CLI-164,Efectivo,11200
21424,2026-05-15 19:32:00,CLI-184,Debito,3000
21425,2026-05-15 18:14:00,Consumidor Final,Mercado Pago,16200
21426,2026-05-15 11:58:00,CLI-290,Mercado Pago,25200
21427,2026-05-15 16:10:00,CLI-296,Mercado Pago,1800
21428,2026-05-15 09:11:00,CLI-272,Mercado Pago,5400
21429,2026-05-15 10:46:00,CLI-222,Mercado Pago,5400
21430,2026-05-15 16:03:00,CLI-293,Debito,19200
21431,2026-05-15 17:38:00,CLI-199,Efectivo,18750
21432,2026-05-15 18:40:00,CLI-251,Credito,15350
21433,2026-05-15 12:57:00,CLI-245,Mercado Pago,3600
21434,2026-05-16 20:11:00,Consumidor Final,Mercado Pago,3300
21435,2026-05-16 19:03:00,CLI-111,Debito,5400
21436,2026-05-16 11:01:00,CLI-286,Efectivo,26800
21437,2026-05-16 19:53:00,CLI-279,Efectivo,2250
21438,2026-05-16 09:53:00,Consumidor Final,Efectivo,9200
21439,2026-05-16 12:01:00,CLI-159,Debito,10250
21440,2026-05-16 18:25:00,Consumidor Final,Mercado Pago,9750
21441,2026-05-16 11:23:00,CLI-160,Debito,6500
21442,2026-05-16 08:35:00,CLI-242,Debito,10700
21443,2026-05-16 11:22:00,Consumidor Final,Debito,900
21444,2026-05-16 09:35:00,CLI-269,Mercado Pago,13200
21445,2026-05-16 16:05:00,CLI-206,Efectivo,1800
21446,2026-05-16 08:27:00,Consumidor Final,Efectivo,3300
21447,2026-05-16 19:56:00,Consumidor Final,Debito,5700
21448,2026-05-16 12:48:00,CLI-189,Mercado Pago,8850
21449,2026-05-16 17:08:00,CLI-284,Debito,12300
21450,2026-05-16 08:23:00,Consumidor Final,Efectivo,1100
21451,2026-05-16 11:49:00,CLI-114,Efectivo,4800
21452,2026-05-16 08:44:00,Consumidor Final,Mercado Pago,12100
21453,2026-05-16 08:43:00,Consumidor Final,Mercado Pago,9100
21454,2026-05-16 09:25:00,CLI-113,Efectivo,10300
21455,2026-05-16 17:09:00,CLI-260,Efectivo,1650
21456,2026-05-16 09:13:00,Consumidor Final,Mercado Pago,1500
21457,2026-05-16 11:44:00,Consumidor Final,Mercado Pago,19300
21458,2026-05-16 10:11:00,Consumidor Final,Mercado Pago,27350
21459,2026-05-16 08:32:00,Consumidor Final,Debito,4050
21460,2026-05-16 08:42:00,CLI-180,Mercado Pago,12200
21461,2026-05-16 11:03:00,CLI-121,Efectivo,11700
21462,2026-05-16 16:47:00,CLI-224,Credito,19200
21463,2026-05-16 09:00:00,CLI-274,Debito,11400
21464,2026-05-16 18:56:00,Consumidor Final,Debito,9000
21465,2026-05-16 09:13:00,CLI-264,Credito,3750
21466,2026-05-16 08:01:00,CLI-191,Mercado Pago,13700
21467,2026-05-16 20:05:00,Consumidor Final,Efectivo,19150
21468,2026-05-16 17:42:00,Consumidor Final,Debito,9500
21469,2026-05-16 08:54:00,CLI-292,Efectivo,21100
21470,2026-05-16 17:34:00,CLI-145,Debito,28450
21471,2026-05-16 18:40:00,CLI-243,Debito,1500
21472,2026-05-16 19:02:00,Consumidor Final,Mercado Pago,900
21473,2026-05-16 17:54:00,CLI-270,Efectivo,9850
21474,2026-05-16 09:19:00,CLI-272,Debito,2200
21475,2026-05-16 10:07:00,CLI-144,Mercado Pago,21400
21476,2026-05-16 08:20:00,Consumidor Final,Efectivo,32350
21477,2026-05-16 08:52:00,CLI-199,Debito,16800
21478,2026-05-16 08:19:00,CLI-124,Debito,6550
21479,2026-05-16 09:37:00,CLI-199,Credito,3100
21480,2026-05-16 08:56:00,CLI-111,Mercado Pago,2950
21481,2026-05-17 16:04:00,CLI-127,Debito,3300
21482,2026-05-17 09:13:00,Consumidor Final,Mercado Pago,11400
21483,2026-05-17 16:53:00,CLI-295,Debito,5600
21484,2026-05-17 17:43:00,Consumidor Final,Mercado Pago,5800
21485,2026-05-17 08:18:00,CLI-231,Mercado Pago,21650
21486,2026-05-17 12:47:00,CLI-252,Efectivo,24500
21487,2026-05-17 11:14:00,Consumidor Final,Efectivo,6600
21488,2026-05-17 08:10:00,Consumidor Final,Efectivo,5200
21489,2026-05-17 11:35:00,CLI-243,Efectivo,3800
21490,2026-05-17 10:12:00,Consumidor Final,Mercado Pago,4800
21491,2026-05-17 20:59:00,Consumidor Final,Mercado Pago,15600
21492,2026-05-17 12:32:00,Consumidor Final,Debito,31250
21493,2026-05-17 19:34:00,CLI-190,Efectivo,16950
21494,2026-05-17 08:24:00,Consumidor Final,Efectivo,21500
21495,2026-05-17 12:09:00,CLI-257,Mercado Pago,4800
21496,2026-05-17 18:47:00,CLI-180,Efectivo,32350
21497,2026-05-17 18:34:00,Consumidor Final,Mercado Pago,4000
21498,2026-05-17 16:13:00,Consumidor Final,Mercado Pago,10250
21499,2026-05-17 17:12:00,CLI-234,Mercado Pago,31950
21500,2026-05-17 19:03:00,CLI-122,Mercado Pago,5200
21501,2026-05-17 20:41:00,Consumidor Final,Mercado Pago,1500
21502,2026-05-17 12:59:00,Consumidor Final,Credito,14400
21503,2026-05-17 20:10:00,CLI-236,Mercado Pago,3700
21504,2026-05-17 19:34:00,CLI-271,Efectivo,750
21505,2026-05-17 19:35:00,Consumidor Final,Debito,4500
21506,2026-05-17 19:01:00,CLI-177,Debito,7100
21507,2026-05-17 16:00:00,CLI-108,Debito,10100
21508,2026-05-17 18:46:00,Consumidor Final,Efectivo,6600
21509,2026-05-17 11:43:00,CLI-284,Mercado Pago,3750
21510,2026-05-17 17:29:00,CLI-276,Mercado Pago,8000
21511,2026-05-17 19:30:00,CLI-106,Mercado Pago,10600
21512,2026-05-17 09:05:00,Consumidor Final,Mercado Pago,24600
21513,2026-05-17 10:22:00,Consumidor Final,Mercado Pago,11200
21514,2026-05-17 08:41:00,Consumidor Final,Efectivo,3750
21515,2026-05-17 19:04:00,Consumidor Final,Credito,2200
21516,2026-05-17 17:32:00,CLI-144,Mercado Pago,12650
21517,2026-05-17 12:05:00,CLI-229,Credito,11400
21518,2026-05-17 18:01:00,CLI-137,Mercado Pago,23800
21519,2026-05-17 08:20:00,CLI-161,Mercado Pago,19500
21520,2026-05-17 18:25:00,Consumidor Final,Debito,26600
21521,2026-05-17 08:14:00,Consumidor Final,Mercado Pago,4900
21522,2026-05-17 08:46:00,CLI-200,Debito,900
21523,2026-05-17 16:30:00,CLI-229,Efectivo,26050
21524,2026-05-17 12:59:00,Consumidor Final,Debito,9900
21525,2026-05-17 10:20:00,Consumidor Final,Mercado Pago,21600
21526,2026-05-17 20:44:00,CLI-181,Debito,18900
21527,2026-05-17 19:17:00,CLI-194,Credito,4800
21528,2026-05-17 16:05:00,Consumidor Final,Efectivo,20700
21529,2026-05-17 16:02:00,Consumidor Final,Credito,1500
21530,2026-05-17 16:10:00,Consumidor Final,Efectivo,3200
21531,2026-05-17 08:29:00,CLI-273,Debito,11950
21532,2026-05-17 11:27:00,CLI-118,Mercado Pago,1100
21533,2026-05-17 08:50:00,Consumidor Final,Mercado Pago,6200
21534,2026-05-17 08:31:00,Consumidor Final,Mercado Pago,31950
21535,2026-05-17 09:43:00,CLI-238,Debito,6750
21536,2026-05-17 16:32:00,CLI-131,Efectivo,11900
21537,2026-05-17 10:45:00,Consumidor Final,Mercado Pago,1100
21538,2026-05-18 12:35:00,CLI-148,Mercado Pago,7350
21539,2026-05-18 20:53:00,CLI-194,Debito,7600
21540,2026-05-18 19:44:00,Consumidor Final,Efectivo,11100
21541,2026-05-18 18:18:00,Consumidor Final,Mercado Pago,10200
21542,2026-05-18 12:09:00,Consumidor Final,Debito,3900
21543,2026-05-18 18:19:00,Consumidor Final,Mercado Pago,14700
21544,2026-05-18 20:11:00,CLI-228,Mercado Pago,1800
21545,2026-05-18 17:26:00,CLI-180,Debito,750
21546,2026-05-18 10:40:00,CLI-210,Debito,3100
21547,2026-05-18 10:51:00,CLI-258,Debito,24400
21548,2026-05-18 18:42:00,Consumidor Final,Mercado Pago,11100
21549,2026-05-18 18:30:00,CLI-145,Credito,3000
21550,2026-05-18 16:14:00,CLI-232,Debito,15000
21551,2026-05-18 12:08:00,Consumidor Final,Efectivo,2200
21552,2026-05-18 19:12:00,Consumidor Final,Debito,2700
21553,2026-05-18 20:02:00,CLI-118,Mercado Pago,750
21554,2026-05-18 10:50:00,CLI-118,Mercado Pago,4900
21555,2026-05-18 09:38:00,Consumidor Final,Mercado Pago,21250
21556,2026-05-18 12:48:00,CLI-150,Debito,8400
21557,2026-05-18 12:35:00,CLI-188,Debito,25100
21558,2026-05-18 20:04:00,CLI-229,Mercado Pago,7400
21559,2026-05-18 08:11:00,Consumidor Final,Efectivo,14600
21560,2026-05-18 12:16:00,Consumidor Final,Debito,4400
21561,2026-05-18 18:15:00,CLI-235,Efectivo,23850
21562,2026-05-18 20:37:00,CLI-265,Mercado Pago,6600
21563,2026-05-18 12:23:00,Consumidor Final,Debito,1100
21564,2026-05-18 10:49:00,Consumidor Final,Efectivo,1500
21565,2026-05-18 11:01:00,Consumidor Final,Debito,5400
21566,2026-05-18 08:50:00,Consumidor Final,Efectivo,5100
21567,2026-05-18 10:34:00,Consumidor Final,Efectivo,34000
21568,2026-05-18 17:08:00,Consumidor Final,Efectivo,2250
21569,2026-05-18 18:16:00,Consumidor Final,Mercado Pago,1500
21570,2026-05-18 18:11:00,CLI-264,Debito,3600
21571,2026-05-18 16:14:00,Consumidor Final,Debito,23400
21572,2026-05-18 16:28:00,Consumidor Final,Debito,3300
21573,2026-05-18 18:02:00,Consumidor Final,Credito,25300
21574,2026-05-18 11:08:00,CLI-122,Credito,4500
21575,2026-05-18 20:43:00,CLI-156,Debito,19600
21576,2026-05-18 12:11:00,Consumidor Final,Debito,6150
21577,2026-05-18 09:59:00,Consumidor Final,Efectivo,17100
21578,2026-05-18 18:49:00,CLI-176,Efectivo,3300
21579,2026-05-18 11:20:00,Consumidor Final,Mercado Pago,16800
21580,2026-05-18 11:36:00,CLI-135,Efectivo,12300
21581,2026-05-18 16:21:00,CLI-244,Debito,9400
21582,2026-05-18 08:07:00,Consumidor Final,Efectivo,1800
21583,2026-05-18 19:49:00,CLI-113,Credito,1800
21584,2026-05-18 12:20:00,CLI-249,Debito,9250
21585,2026-05-18 09:12:00,Consumidor Final,Efectivo,4950
21586,2026-05-18 19:49:00,Consumidor Final,Credito,31450
21587,2026-05-18 12:04:00,Consumidor Final,Efectivo,15700
21588,2026-05-18 19:43:00,CLI-274,Credito,16400
21589,2026-05-18 16:05:00,CLI-164,Mercado Pago,4200
21590,2026-05-18 17:37:00,Consumidor Final,Debito,22650
21591,2026-05-18 18:01:00,Consumidor Final,Debito,3450
21592,2026-05-18 10:28:00,CLI-225,Credito,3000
21593,2026-05-18 09:50:00,CLI-142,Mercado Pago,4400
21594,2026-05-18 08:37:00,CLI-227,Debito,2700
21595,2026-05-18 12:31:00,CLI-193,Credito,750
21596,2026-05-18 12:53:00,Consumidor Final,Efectivo,5400
21597,2026-05-18 19:39:00,CLI-257,Efectivo,20900
21598,2026-05-19 09:59:00,CLI-282,Mercado Pago,29400
21599,2026-05-19 10:32:00,CLI-123,Debito,3800
21600,2026-05-19 11:48:00,CLI-216,Mercado Pago,4050
21601,2026-05-19 11:35:00,CLI-108,Efectivo,15200
21602,2026-05-19 17:03:00,Consumidor Final,Efectivo,6300
21603,2026-05-19 19:05:00,Consumidor Final,Mercado Pago,13200
21604,2026-05-19 18:39:00,CLI-240,Mercado Pago,9600
21605,2026-05-19 17:00:00,CLI-201,Debito,12400
21606,2026-05-19 10:14:00,CLI-160,Debito,27450
21607,2026-05-19 18:42:00,CLI-261,Credito,13000
21608,2026-05-19 20:41:00,CLI-214,Debito,6800
21609,2026-05-19 19:56:00,CLI-119,Efectivo,20800
21610,2026-05-19 16:46:00,CLI-188,Efectivo,16200
21611,2026-05-19 18:53:00,Consumidor Final,Efectivo,26800
21612,2026-05-19 10:01:00,CLI-134,Efectivo,24050
21613,2026-05-19 17:45:00,CLI-200,Mercado Pago,1600
21614,2026-05-19 10:38:00,CLI-222,Efectivo,9900
21615,2026-05-19 10:40:00,CLI-273,Efectivo,3300
21616,2026-05-19 09:44:00,CLI-232,Mercado Pago,3700
21617,2026-05-19 20:54:00,CLI-168,Debito,6600
21618,2026-05-19 20:08:00,CLI-146,Efectivo,24350
21619,2026-05-19 12:27:00,Consumidor Final,Credito,10300
21620,2026-05-19 18:58:00,Consumidor Final,Efectivo,26450
21621,2026-05-19 20:35:00,CLI-187,Mercado Pago,6950
21622,2026-05-19 18:53:00,CLI-135,Mercado Pago,2200
21623,2026-05-19 16:14:00,CLI-267,Efectivo,15700
21624,2026-05-19 20:55:00,Consumidor Final,Efectivo,14500
21625,2026-05-19 16:28:00,CLI-144,Efectivo,2200
21626,2026-05-19 16:26:00,CLI-234,Efectivo,6300
21627,2026-05-19 08:03:00,Consumidor Final,Mercado Pago,10450
21628,2026-05-19 16:44:00,CLI-281,Mercado Pago,16200
21629,2026-05-19 19:44:00,CLI-199,Efectivo,1500
21630,2026-05-19 12:15:00,CLI-225,Mercado Pago,5200
21631,2026-05-19 10:19:00,Consumidor Final,Mercado Pago,17800
21632,2026-05-19 08:43:00,Consumidor Final,Credito,9900
21633,2026-05-19 17:19:00,Consumidor Final,Efectivo,3200
21634,2026-05-19 08:27:00,Consumidor Final,Mercado Pago,4800
21635,2026-05-19 11:34:00,Consumidor Final,Mercado Pago,3300
21636,2026-05-19 12:50:00,CLI-257,Debito,6550
21637,2026-05-19 20:41:00,CLI-219,Efectivo,5000
21638,2026-05-19 10:38:00,CLI-207,Debito,6300
21639,2026-05-19 11:44:00,Consumidor Final,Debito,20050
21640,2026-05-19 17:29:00,CLI-199,Debito,1100
21641,2026-05-19 12:56:00,CLI-174,Mercado Pago,900
21642,2026-05-19 08:49:00,CLI-111,Credito,14450
21643,2026-05-19 18:18:00,CLI-232,Efectivo,22050
21644,2026-05-19 11:12:00,CLI-142,Debito,15750
21645,2026-05-19 19:44:00,CLI-167,Efectivo,4400
21646,2026-05-19 20:55:00,CLI-233,Efectivo,1500
21647,2026-05-19 08:52:00,CLI-124,Mercado Pago,25550
21648,2026-05-19 11:28:00,CLI-181,Debito,6100
21649,2026-05-19 19:20:00,Consumidor Final,Mercado Pago,7100
21650,2026-05-19 11:35:00,CLI-240,Debito,17600
21651,2026-05-19 11:42:00,CLI-104,Mercado Pago,2200
21652,2026-05-19 20:19:00,CLI-288,Debito,16700
21653,2026-05-19 08:25:00,Consumidor Final,Mercado Pago,12950
21654,2026-05-19 10:47:00,CLI-187,Debito,19100
21655,2026-05-19 18:15:00,Consumidor Final,Debito,25450
21656,2026-05-19 17:58:00,Consumidor Final,Mercado Pago,13300
21657,2026-05-19 10:05:00,Consumidor Final,Efectivo,22900
21658,2026-05-19 11:41:00,Consumidor Final,Debito,7350
21659,2026-05-19 10:57:00,CLI-248,Debito,2200
21660,2026-05-19 19:36:00,CLI-141,Mercado Pago,4800
21661,2026-05-20 17:24:00,CLI-280,Credito,12800
21662,2026-05-20 12:10:00,CLI-243,Efectivo,24700
21663,2026-05-20 20:03:00,CLI-145,Efectivo,1500
21664,2026-05-20 12:31:00,CLI-282,Credito,27950
21665,2026-05-20 17:31:00,Consumidor Final,Debito,4300
21666,2026-05-20 17:19:00,Consumidor Final,Mercado Pago,23050
21667,2026-05-20 16:45:00,Consumidor Final,Efectivo,20950
21668,2026-05-20 11:20:00,CLI-150,Efectivo,4800
21669,2026-05-20 09:14:00,CLI-259,Debito,3200
21670,2026-05-20 19:43:00,CLI-265,Efectivo,12200
21671,2026-05-20 17:36:00,CLI-162,Debito,9800
21672,2026-05-20 09:56:00,CLI-245,Credito,11400
21673,2026-05-20 12:58:00,Consumidor Final,Mercado Pago,3300
21674,2026-05-20 09:48:00,Consumidor Final,Debito,4800
21675,2026-05-20 08:38:00,CLI-215,Debito,3300
21676,2026-05-20 12:51:00,CLI-242,Mercado Pago,22800
21677,2026-05-20 10:42:00,CLI-232,Credito,27600
21678,2026-05-20 16:40:00,Consumidor Final,Debito,3200
21679,2026-05-20 09:32:00,CLI-249,Mercado Pago,13150
21680,2026-05-20 18:08:00,Consumidor Final,Debito,11250
21681,2026-05-20 10:53:00,CLI-222,Efectivo,15800
21682,2026-05-20 19:44:00,CLI-203,Debito,18450
21683,2026-05-20 19:42:00,Consumidor Final,Efectivo,8500
21684,2026-05-20 08:42:00,CLI-243,Efectivo,16300
21685,2026-05-20 11:48:00,CLI-142,Debito,15300
21686,2026-05-20 09:19:00,CLI-159,Debito,24300
21687,2026-05-20 12:23:00,CLI-117,Credito,5400
21688,2026-05-20 09:09:00,CLI-150,Efectivo,9800
21689,2026-05-20 12:19:00,CLI-174,Efectivo,2950
21690,2026-05-20 11:12:00,CLI-112,Debito,12400
21691,2026-05-20 11:17:00,CLI-196,Mercado Pago,3600
21692,2026-05-20 08:42:00,CLI-242,Debito,4950
21693,2026-05-20 11:29:00,CLI-133,Mercado Pago,10600
21694,2026-05-20 16:22:00,CLI-210,Credito,23700
21695,2026-05-20 19:35:00,CLI-244,Efectivo,12500
21696,2026-05-20 10:36:00,Consumidor Final,Mercado Pago,2200
21697,2026-05-20 09:52:00,Consumidor Final,Debito,9550
21698,2026-05-20 12:08:00,Consumidor Final,Mercado Pago,11500
21699,2026-05-20 11:24:00,Consumidor Final,Efectivo,11400
21700,2026-05-20 09:15:00,Consumidor Final,Mercado Pago,2250
21701,2026-05-20 10:21:00,CLI-173,Efectivo,2200
21702,2026-05-20 20:07:00,CLI-207,Efectivo,13400
21703,2026-05-20 08:51:00,CLI-226,Debito,22000
21704,2026-05-20 20:44:00,Consumidor Final,Debito,2200
21705,2026-05-20 20:32:00,Consumidor Final,Debito,1800
21706,2026-05-20 08:33:00,CLI-267,Mercado Pago,14050
21707,2026-05-20 11:39:00,CLI-185,Debito,19250
21708,2026-05-20 20:41:00,Consumidor Final,Efectivo,3800
21709,2026-05-20 10:34:00,Consumidor Final,Debito,19700
21710,2026-05-20 19:03:00,CLI-268,Debito,11400
21711,2026-05-20 19:53:00,CLI-210,Efectivo,5400
21712,2026-05-20 09:33:00,CLI-211,Debito,8500
21713,2026-05-20 18:38:00,CLI-231,Efectivo,18900
21714,2026-05-20 10:44:00,Consumidor Final,Debito,3800
21715,2026-05-20 12:41:00,Consumidor Final,Mercado Pago,21600
21716,2026-05-20 20:33:00,CLI-174,Debito,4800
21717,2026-05-20 10:53:00,CLI-128,Credito,9100
21718,2026-05-20 17:47:00,CLI-220,Efectivo,7700
21719,2026-05-20 08:15:00,CLI-208,Debito,6600
21720,2026-05-20 08:38:00,Consumidor Final,Credito,2200
21721,2026-05-20 19:21:00,CLI-276,Efectivo,30450
21722,2026-05-20 16:58:00,CLI-184,Mercado Pago,19450
21723,2026-05-20 16:28:00,CLI-245,Efectivo,15750
21724,2026-05-20 09:42:00,Consumidor Final,Mercado Pago,10050
21725,2026-05-21 16:24:00,CLI-158,Mercado Pago,7100
21726,2026-05-21 20:55:00,CLI-172,Mercado Pago,14700
21727,2026-05-21 11:40:00,Consumidor Final,Debito,2250
21728,2026-05-21 12:59:00,CLI-272,Mercado Pago,900
21729,2026-05-21 18:40:00,Consumidor Final,Mercado Pago,7700
21730,2026-05-21 11:55:00,Consumidor Final,Mercado Pago,3800
21731,2026-05-21 20:08:00,CLI-144,Credito,17500
21732,2026-05-21 12:08:00,CLI-112,Mercado Pago,12950
21733,2026-05-21 10:17:00,CLI-295,Mercado Pago,9750
21734,2026-05-21 16:35:00,CLI-297,Mercado Pago,7600
21735,2026-05-21 11:33:00,CLI-230,Credito,7100
21736,2026-05-21 20:11:00,CLI-180,Credito,10400
21737,2026-05-21 17:00:00,Consumidor Final,Credito,2200
21738,2026-05-21 08:21:00,Consumidor Final,Mercado Pago,11800
21739,2026-05-21 12:09:00,CLI-145,Mercado Pago,9850
21740,2026-05-21 20:22:00,CLI-113,Mercado Pago,4400
21741,2026-05-21 18:18:00,CLI-211,Efectivo,14150
21742,2026-05-21 10:20:00,CLI-267,Mercado Pago,26900
21743,2026-05-21 12:45:00,Consumidor Final,Mercado Pago,13400
21744,2026-05-21 10:52:00,CLI-203,Mercado Pago,4200
21745,2026-05-21 20:52:00,Consumidor Final,Mercado Pago,15800
21746,2026-05-21 19:57:00,CLI-297,Mercado Pago,6750
21747,2026-05-21 08:32:00,Consumidor Final,Debito,13550
21748,2026-05-21 18:28:00,Consumidor Final,Efectivo,12950
21749,2026-05-21 16:03:00,CLI-256,Efectivo,21900
21750,2026-05-21 11:11:00,Consumidor Final,Mercado Pago,3300
21751,2026-05-21 18:17:00,CLI-207,Mercado Pago,900
21752,2026-05-21 09:36:00,CLI-261,Efectivo,900
21753,2026-05-21 16:57:00,CLI-153,Mercado Pago,4500
21754,2026-05-21 09:01:00,CLI-176,Efectivo,1500
21755,2026-05-21 17:06:00,CLI-271,Efectivo,9000
21756,2026-05-21 19:55:00,Consumidor Final,Efectivo,4400
21757,2026-05-21 08:42:00,CLI-241,Mercado Pago,6100
21758,2026-05-21 16:37:00,CLI-127,Credito,1600
21759,2026-05-21 18:20:00,CLI-250,Mercado Pago,5400
21760,2026-05-21 18:41:00,Consumidor Final,Mercado Pago,8400
21761,2026-05-21 16:07:00,Consumidor Final,Mercado Pago,4200
21762,2026-05-21 08:12:00,CLI-270,Credito,6000
21763,2026-05-21 19:36:00,Consumidor Final,Mercado Pago,10650
21764,2026-05-21 19:59:00,CLI-118,Debito,3200
21765,2026-05-21 10:53:00,Consumidor Final,Efectivo,12500
21766,2026-05-21 10:13:00,CLI-188,Debito,3300
21767,2026-05-21 08:16:00,CLI-146,Credito,27000
21768,2026-05-21 11:01:00,CLI-117,Efectivo,2700
21769,2026-05-21 16:54:00,CLI-244,Debito,17750
21770,2026-05-21 18:26:00,Consumidor Final,Debito,3100
21771,2026-05-21 11:34:00,CLI-164,Efectivo,16800
21772,2026-05-21 11:20:00,CLI-164,Mercado Pago,2550
21773,2026-05-21 10:29:00,CLI-299,Debito,6500
21774,2026-05-21 09:56:00,CLI-181,Debito,5900
21775,2026-05-21 12:33:00,Consumidor Final,Efectivo,1800
21776,2026-05-21 18:41:00,CLI-275,Debito,14600
21777,2026-05-21 12:27:00,Consumidor Final,Mercado Pago,10900
21778,2026-05-21 08:53:00,Consumidor Final,Mercado Pago,14500
21779,2026-05-21 19:10:00,CLI-129,Debito,3800
21780,2026-05-21 10:54:00,Consumidor Final,Mercado Pago,16800
21781,2026-05-22 17:55:00,CLI-238,Debito,2700
21782,2026-05-22 10:18:00,Consumidor Final,Credito,2200
21783,2026-05-22 18:04:00,CLI-160,Efectivo,1850
21784,2026-05-22 17:15:00,Consumidor Final,Mercado Pago,1100
21785,2026-05-22 16:17:00,Consumidor Final,Efectivo,23000
21786,2026-05-22 20:02:00,Consumidor Final,Efectivo,13350
21787,2026-05-22 12:18:00,CLI-149,Mercado Pago,3300
21788,2026-05-22 17:47:00,Consumidor Final,Debito,1500
21789,2026-05-22 12:58:00,CLI-111,Debito,3300
21790,2026-05-22 12:46:00,Consumidor Final,Debito,12500
21791,2026-05-22 08:10:00,Consumidor Final,Mercado Pago,20200
21792,2026-05-22 17:56:00,CLI-264,Mercado Pago,8400
21793,2026-05-22 08:36:00,Consumidor Final,Mercado Pago,9200
21794,2026-05-22 12:35:00,Consumidor Final,Debito,5900
21795,2026-05-22 16:28:00,CLI-162,Efectivo,6050
21796,2026-05-22 17:30:00,Consumidor Final,Debito,3100
21797,2026-05-22 08:29:00,Consumidor Final,Mercado Pago,14300
21798,2026-05-22 20:04:00,Consumidor Final,Debito,1500
21799,2026-05-22 16:47:00,CLI-133,Credito,9000
21800,2026-05-22 08:07:00,CLI-274,Efectivo,10300
21801,2026-05-22 12:39:00,CLI-152,Efectivo,21000
21802,2026-05-22 09:18:00,Consumidor Final,Mercado Pago,9900
21803,2026-05-22 20:48:00,CLI-295,Mercado Pago,7600
21804,2026-05-22 20:06:00,Consumidor Final,Credito,3200
21805,2026-05-22 12:29:00,Consumidor Final,Mercado Pago,5400
21806,2026-05-22 10:47:00,CLI-154,Credito,5400
21807,2026-05-22 10:13:00,CLI-197,Mercado Pago,25850
21808,2026-05-22 17:18:00,CLI-201,Mercado Pago,3200
21809,2026-05-22 10:08:00,CLI-134,Debito,3600
21810,2026-05-22 09:06:00,CLI-224,Mercado Pago,14300
21811,2026-05-22 19:17:00,CLI-128,Efectivo,6900
21812,2026-05-22 12:51:00,CLI-248,Efectivo,2250
21813,2026-05-22 16:08:00,CLI-128,Credito,5800
21814,2026-05-22 20:05:00,CLI-122,Efectivo,15650
21815,2026-05-22 12:33:00,Consumidor Final,Mercado Pago,1600
21816,2026-05-22 19:36:00,CLI-225,Mercado Pago,3000
21817,2026-05-22 19:08:00,CLI-287,Debito,7700
21818,2026-05-22 12:10:00,Consumidor Final,Debito,23350
21819,2026-05-22 08:10:00,Consumidor Final,Mercado Pago,2250
21820,2026-05-22 20:54:00,Consumidor Final,Efectivo,19300
21821,2026-05-22 17:54:00,CLI-161,Efectivo,4900
21822,2026-05-22 11:38:00,Consumidor Final,Efectivo,14750
21823,2026-05-22 17:04:00,Consumidor Final,Credito,5100
21824,2026-05-22 17:25:00,Consumidor Final,Debito,7600
21825,2026-05-22 16:28:00,Consumidor Final,Credito,26550
21826,2026-05-22 10:38:00,CLI-113,Debito,6500
21827,2026-05-22 10:30:00,Consumidor Final,Efectivo,13800
21828,2026-05-23 08:42:00,CLI-242,Mercado Pago,12300
21829,2026-05-23 19:01:00,CLI-167,Mercado Pago,8100
21830,2026-05-23 19:26:00,Consumidor Final,Efectivo,1800
21831,2026-05-23 19:13:00,Consumidor Final,Debito,2700
21832,2026-05-23 18:18:00,Consumidor Final,Debito,3200
21833,2026-05-23 09:02:00,Consumidor Final,Debito,12000
21834,2026-05-23 19:55:00,Consumidor Final,Debito,12900
21835,2026-05-23 17:28:00,CLI-229,Efectivo,11100
21836,2026-05-23 18:43:00,Consumidor Final,Credito,9900
21837,2026-05-23 11:58:00,CLI-180,Efectivo,2250
21838,2026-05-23 17:44:00,CLI-131,Efectivo,13800
21839,2026-05-23 10:17:00,CLI-136,Efectivo,26750
21840,2026-05-23 18:04:00,Consumidor Final,Efectivo,1500
21841,2026-05-23 12:23:00,CLI-109,Efectivo,1600
21842,2026-05-23 08:59:00,CLI-236,Mercado Pago,11400
21843,2026-05-23 09:40:00,Consumidor Final,Efectivo,8700
21844,2026-05-23 10:53:00,Consumidor Final,Efectivo,3700
21845,2026-05-23 17:39:00,Consumidor Final,Efectivo,1800
21846,2026-05-23 19:13:00,Consumidor Final,Mercado Pago,2200
21847,2026-05-23 11:29:00,CLI-170,Efectivo,7600
21848,2026-05-23 11:03:00,CLI-132,Efectivo,3300
21849,2026-05-23 20:56:00,Consumidor Final,Efectivo,1500
21850,2026-05-23 12:03:00,Consumidor Final,Credito,6800
21851,2026-05-23 19:07:00,Consumidor Final,Efectivo,17000
21852,2026-05-23 17:40:00,CLI-211,Debito,33300
21853,2026-05-23 17:49:00,Consumidor Final,Efectivo,12700
21854,2026-05-23 08:41:00,CLI-181,Mercado Pago,22900
21855,2026-05-23 18:10:00,CLI-166,Efectivo,2200
21856,2026-05-23 18:14:00,Consumidor Final,Debito,6900
21857,2026-05-23 17:38:00,Consumidor Final,Efectivo,1500
21858,2026-05-23 10:41:00,Consumidor Final,Efectivo,24050
21859,2026-05-23 10:08:00,CLI-131,Efectivo,3600
21860,2026-05-23 12:55:00,Consumidor Final,Efectivo,14200
21861,2026-05-23 12:21:00,CLI-157,Efectivo,15800
21862,2026-05-23 16:15:00,CLI-140,Debito,900
21863,2026-05-23 17:02:00,CLI-112,Mercado Pago,7600
21864,2026-05-23 17:23:00,CLI-110,Debito,14000
21865,2026-05-23 11:29:00,CLI-135,Mercado Pago,14700
21866,2026-05-23 18:01:00,CLI-185,Debito,9900
21867,2026-05-23 09:59:00,Consumidor Final,Debito,5400
21868,2026-05-23 11:28:00,Consumidor Final,Mercado Pago,17500
21869,2026-05-23 12:56:00,CLI-161,Mercado Pago,4400
21870,2026-05-23 11:06:00,Consumidor Final,Efectivo,4200
21871,2026-05-23 17:48:00,CLI-265,Mercado Pago,25250
21872,2026-05-23 12:58:00,CLI-186,Efectivo,15600
21873,2026-05-23 20:35:00,CLI-268,Mercado Pago,2200
21874,2026-05-23 12:10:00,CLI-191,Credito,3800
21875,2026-05-23 16:40:00,CLI-203,Efectivo,18600
21876,2026-05-23 12:36:00,CLI-294,Debito,14700
21877,2026-05-23 19:25:00,CLI-235,Mercado Pago,2250
21878,2026-05-23 16:40:00,CLI-254,Efectivo,9850
21879,2026-05-23 11:55:00,Consumidor Final,Credito,23800
21880,2026-05-23 19:29:00,CLI-208,Efectivo,20450
21881,2026-05-23 08:36:00,CLI-112,Efectivo,19550
21882,2026-05-23 19:28:00,Consumidor Final,Efectivo,20150
21883,2026-05-23 08:16:00,Consumidor Final,Debito,16100
21884,2026-05-23 09:15:00,CLI-135,Efectivo,7000
21885,2026-05-24 11:42:00,Consumidor Final,Mercado Pago,14400
21886,2026-05-24 11:07:00,CLI-274,Credito,24400
21887,2026-05-24 17:28:00,CLI-102,Efectivo,7600
21888,2026-05-24 19:02:00,CLI-264,Credito,6600
21889,2026-05-24 12:55:00,CLI-210,Mercado Pago,12300
21890,2026-05-24 11:18:00,CLI-178,Debito,6150
21891,2026-05-24 09:48:00,Consumidor Final,Efectivo,12200
21892,2026-05-24 09:42:00,Consumidor Final,Efectivo,11950
21893,2026-05-24 16:35:00,Consumidor Final,Efectivo,1600
21894,2026-05-24 19:01:00,CLI-127,Efectivo,4800
21895,2026-05-24 20:53:00,CLI-175,Mercado Pago,7600
21896,2026-05-24 09:00:00,Consumidor Final,Efectivo,4950
21897,2026-05-24 18:05:00,Consumidor Final,Efectivo,4800
21898,2026-05-24 20:32:00,CLI-126,Efectivo,7750
21899,2026-05-24 18:39:00,CLI-259,Credito,6100
21900,2026-05-24 18:13:00,CLI-232,Mercado Pago,1850
21901,2026-05-24 20:47:00,CLI-151,Debito,4200
21902,2026-05-24 20:38:00,CLI-111,Debito,22700
21903,2026-05-24 19:33:00,CLI-266,Efectivo,4800
21904,2026-05-24 09:11:00,Consumidor Final,Mercado Pago,1500
21905,2026-05-24 18:59:00,Consumidor Final,Credito,3000
21906,2026-05-24 11:21:00,Consumidor Final,Efectivo,10150
21907,2026-05-24 08:27:00,CLI-130,Debito,6600
21908,2026-05-24 08:57:00,Consumidor Final,Efectivo,1800
21909,2026-05-24 19:25:00,Consumidor Final,Efectivo,3600
21910,2026-05-24 16:39:00,Consumidor Final,Mercado Pago,26550
21911,2026-05-24 18:52:00,CLI-273,Mercado Pago,11650
21912,2026-05-24 12:38:00,CLI-197,Mercado Pago,1500
21913,2026-05-24 11:59:00,Consumidor Final,Debito,25350
21914,2026-05-24 20:34:00,Consumidor Final,Mercado Pago,32250
21915,2026-05-24 17:01:00,Consumidor Final,Mercado Pago,31150
21916,2026-05-24 16:22:00,CLI-281,Mercado Pago,16400
21917,2026-05-24 11:11:00,CLI-165,Debito,3200
21918,2026-05-24 12:08:00,Consumidor Final,Efectivo,9200
21919,2026-05-24 09:55:00,CLI-298,Mercado Pago,4100
21920,2026-05-24 19:49:00,Consumidor Final,Mercado Pago,4000
21921,2026-05-24 11:31:00,CLI-177,Efectivo,20750
21922,2026-05-24 17:23:00,Consumidor Final,Credito,6600
21923,2026-05-24 11:12:00,CLI-131,Efectivo,17800
21924,2026-05-24 17:18:00,CLI-117,Efectivo,8400
21925,2026-05-24 16:25:00,Consumidor Final,Credito,4450
21926,2026-05-24 19:16:00,CLI-180,Efectivo,4800
21927,2026-05-24 09:11:00,Consumidor Final,Mercado Pago,23700
21928,2026-05-24 08:13:00,CLI-291,Debito,2200
21929,2026-05-24 18:55:00,Consumidor Final,Debito,6000
21930,2026-05-24 16:03:00,CLI-128,Mercado Pago,4500
21931,2026-05-24 20:24:00,CLI-222,Debito,20550
21932,2026-05-24 11:32:00,CLI-197,Mercado Pago,6600
21933,2026-05-24 18:44:00,Consumidor Final,Mercado Pago,7150
21934,2026-05-24 09:15:00,CLI-198,Efectivo,24000
21935,2026-05-24 17:29:00,Consumidor Final,Mercado Pago,11850
21936,2026-05-24 12:59:00,CLI-129,Efectivo,3300
21937,2026-05-24 17:58:00,CLI-253,Efectivo,7400
21938,2026-05-24 09:38:00,Consumidor Final,Debito,1500
21939,2026-05-24 20:41:00,CLI-278,Efectivo,6600
21940,2026-05-24 08:33:00,CLI-113,Debito,8200
21941,2026-05-25 18:57:00,Consumidor Final,Mercado Pago,21800
21942,2026-05-25 10:12:00,CLI-175,Efectivo,28800
21943,2026-05-25 12:42:00,Consumidor Final,Efectivo,3000
21944,2026-05-25 16:05:00,CLI-213,Mercado Pago,6900
21945,2026-05-25 19:25:00,CLI-172,Efectivo,8450
21946,2026-05-25 12:27:00,CLI-155,Mercado Pago,10800
21947,2026-05-25 19:24:00,Consumidor Final,Efectivo,6500
21948,2026-05-25 19:55:00,Consumidor Final,Efectivo,6600
21949,2026-05-25 19:15:00,CLI-148,Efectivo,7050
21950,2026-05-25 12:05:00,Consumidor Final,Efectivo,18550
21951,2026-05-25 19:28:00,CLI-161,Credito,9600
21952,2026-05-25 08:56:00,CLI-226,Mercado Pago,2700
21953,2026-05-25 17:23:00,CLI-223,Mercado Pago,16300
21954,2026-05-25 17:13:00,Consumidor Final,Mercado Pago,6600
21955,2026-05-25 10:12:00,CLI-203,Mercado Pago,1600
21956,2026-05-25 08:47:00,Consumidor Final,Debito,1800
21957,2026-05-25 20:11:00,CLI-243,Credito,21000
21958,2026-05-25 12:10:00,CLI-180,Debito,22700
21959,2026-05-25 08:36:00,Consumidor Final,Mercado Pago,4800
21960,2026-05-25 18:32:00,Consumidor Final,Mercado Pago,3800
21961,2026-05-25 10:08:00,Consumidor Final,Efectivo,12900
21962,2026-05-25 16:16:00,Consumidor Final,Debito,20500
21963,2026-05-25 10:44:00,CLI-263,Mercado Pago,22800
21964,2026-05-25 18:58:00,CLI-214,Debito,4400
21965,2026-05-25 16:42:00,CLI-269,Mercado Pago,1500
21966,2026-05-25 12:36:00,CLI-213,Debito,3300
21967,2026-05-25 12:28:00,CLI-190,Mercado Pago,31800
21968,2026-05-25 20:18:00,CLI-214,Efectivo,22700
21969,2026-05-25 12:15:00,Consumidor Final,Efectivo,4800
21970,2026-05-25 10:37:00,CLI-117,Mercado Pago,7600
21971,2026-05-25 17:29:00,Consumidor Final,Efectivo,20400
21972,2026-05-25 12:53:00,Consumidor Final,Efectivo,5150
21973,2026-05-25 11:19:00,CLI-105,Debito,8500
21974,2026-05-25 08:55:00,Consumidor Final,Debito,28850
21975,2026-05-25 16:38:00,CLI-151,Credito,9800
21976,2026-05-25 16:26:00,CLI-282,Credito,4800
21977,2026-05-25 16:40:00,Consumidor Final,Mercado Pago,29600
21978,2026-05-25 12:29:00,Consumidor Final,Debito,21250
21979,2026-05-25 12:36:00,CLI-200,Mercado Pago,3600
21980,2026-05-25 20:21:00,CLI-146,Efectivo,14350
21981,2026-05-25 20:50:00,Consumidor Final,Debito,1500
21982,2026-05-25 08:25:00,CLI-135,Efectivo,5900
21983,2026-05-25 19:51:00,CLI-113,Debito,9900
21984,2026-05-25 12:20:00,CLI-295,Mercado Pago,20500
21985,2026-05-25 09:33:00,Consumidor Final,Mercado Pago,24900
21986,2026-05-25 12:08:00,CLI-183,Mercado Pago,5550
21987,2026-05-25 16:52:00,CLI-209,Efectivo,3300
21988,2026-05-25 17:32:00,Consumidor Final,Credito,4000
21989,2026-05-25 19:44:00,Consumidor Final,Debito,28850
21990,2026-05-25 10:30:00,Consumidor Final,Debito,3000
21991,2026-05-26 20:25:00,CLI-173,Debito,14750
21992,2026-05-26 17:43:00,Consumidor Final,Efectivo,10650
21993,2026-05-26 17:35:00,Consumidor Final,Efectivo,12900
21994,2026-05-26 11:02:00,Consumidor Final,Efectivo,1800
21995,2026-05-26 17:25:00,CLI-279,Mercado Pago,22450
21996,2026-05-26 17:19:00,CLI-116,Debito,2700
21997,2026-05-26 19:44:00,CLI-115,Credito,6300
21998,2026-05-26 20:54:00,CLI-230,Debito,1100
21999,2026-05-26 10:46:00,Consumidor Final,Debito,33600
22000,2026-05-26 10:32:00,CLI-175,Mercado Pago,14700
22001,2026-05-26 18:02:00,CLI-194,Efectivo,23650
22002,2026-05-26 19:53:00,Consumidor Final,Mercado Pago,2200
22003,2026-05-26 20:58:00,Consumidor Final,Debito,5400
22004,2026-05-26 12:54:00,CLI-256,Credito,23900
22005,2026-05-26 11:18:00,Consumidor Final,Mercado Pago,29100
22006,2026-05-26 08:48:00,CLI-166,Debito,10200
22007,2026-05-26 10:35:00,Consumidor Final,Mercado Pago,30700
22008,2026-05-26 08:29:00,CLI-248,Efectivo,3700
22009,2026-05-26 08:04:00,CLI-185,Efectivo,3700
22010,2026-05-26 08:30:00,CLI-146,Mercado Pago,13200
22011,2026-05-26 11:59:00,CLI-207,Mercado Pago,23650
22012,2026-05-26 20:52:00,CLI-166,Debito,13450
22013,2026-05-26 11:53:00,CLI-206,Efectivo,1800
22014,2026-05-26 17:59:00,Consumidor Final,Efectivo,1500
22015,2026-05-26 20:39:00,Consumidor Final,Mercado Pago,20950
22016,2026-05-26 12:50:00,Consumidor Final,Debito,1800
22017,2026-05-26 20:55:00,Consumidor Final,Efectivo,11000
22018,2026-05-26 08:03:00,CLI-284,Debito,4100
22019,2026-05-26 16:07:00,CLI-239,Credito,11000
22020,2026-05-26 09:21:00,CLI-131,Efectivo,4700
22021,2026-05-26 12:49:00,CLI-168,Mercado Pago,8400
22022,2026-05-26 16:37:00,Consumidor Final,Debito,5400
22023,2026-05-26 20:17:00,Consumidor Final,Efectivo,21450
22024,2026-05-26 17:29:00,CLI-130,Debito,33250
22025,2026-05-26 12:29:00,CLI-286,Mercado Pago,900
22026,2026-05-26 09:26:00,Consumidor Final,Efectivo,10350
22027,2026-05-26 11:08:00,CLI-142,Efectivo,13800
22028,2026-05-26 16:41:00,Consumidor Final,Mercado Pago,10300
22029,2026-05-26 11:45:00,CLI-227,Mercado Pago,3750
22030,2026-05-26 19:24:00,Consumidor Final,Credito,10200
22031,2026-05-26 19:42:00,Consumidor Final,Mercado Pago,13250
22032,2026-05-26 16:31:00,CLI-237,Mercado Pago,1600
22033,2026-05-26 10:34:00,Consumidor Final,Mercado Pago,2250
22034,2026-05-26 16:29:00,Consumidor Final,Credito,8600
22035,2026-05-26 16:54:00,Consumidor Final,Efectivo,5400
22036,2026-05-26 10:50:00,CLI-263,Debito,12150
22037,2026-05-26 10:03:00,Consumidor Final,Efectivo,1100
22038,2026-05-26 11:54:00,CLI-182,Efectivo,3000
22039,2026-05-26 16:25:00,CLI-271,Credito,9700
22040,2026-05-26 10:41:00,CLI-138,Efectivo,6600
22041,2026-05-26 20:05:00,Consumidor Final,Mercado Pago,7200
22042,2026-05-26 17:08:00,Consumidor Final,Efectivo,1800
22043,2026-05-27 11:46:00,Consumidor Final,Debito,9050
22044,2026-05-27 11:46:00,Consumidor Final,Debito,1500
22045,2026-05-27 08:52:00,CLI-201,Efectivo,7600
22046,2026-05-27 20:50:00,CLI-214,Debito,10900
22047,2026-05-27 17:27:00,Consumidor Final,Debito,26250
22048,2026-05-27 12:37:00,Consumidor Final,Debito,2200
22049,2026-05-27 08:53:00,Consumidor Final,Debito,20800
22050,2026-05-27 20:57:00,Consumidor Final,Credito,5850
22051,2026-05-27 12:48:00,CLI-172,Debito,17750
22052,2026-05-27 08:31:00,CLI-297,Efectivo,3750
22053,2026-05-27 09:12:00,Consumidor Final,Mercado Pago,12450
22054,2026-05-27 16:31:00,CLI-208,Debito,1800
22055,2026-05-27 09:09:00,CLI-235,Credito,6900
22056,2026-05-27 16:55:00,CLI-265,Credito,2550
22057,2026-05-27 20:45:00,Consumidor Final,Debito,4500
22058,2026-05-27 08:32:00,Consumidor Final,Credito,26600
22059,2026-05-27 09:31:00,Consumidor Final,Debito,1800
22060,2026-05-27 12:43:00,Consumidor Final,Debito,12750
22061,2026-05-27 10:29:00,CLI-234,Efectivo,26750
22062,2026-05-27 08:35:00,Consumidor Final,Efectivo,14900
22063,2026-05-27 18:17:00,Consumidor Final,Efectivo,5550
22064,2026-05-27 18:41:00,Consumidor Final,Efectivo,2200
22065,2026-05-27 09:09:00,CLI-272,Efectivo,10150
22066,2026-05-27 12:47:00,Consumidor Final,Mercado Pago,9200
22067,2026-05-27 09:34:00,CLI-240,Efectivo,18800
22068,2026-05-27 18:05:00,Consumidor Final,Mercado Pago,24800
22069,2026-05-27 17:50:00,CLI-108,Debito,11400
22070,2026-05-27 16:38:00,Consumidor Final,Efectivo,13350
22071,2026-05-27 17:47:00,CLI-212,Mercado Pago,6600
22072,2026-05-27 18:56:00,CLI-198,Efectivo,1500
22073,2026-05-27 16:58:00,CLI-283,Efectivo,14900
22074,2026-05-27 16:44:00,Consumidor Final,Debito,2700
22075,2026-05-27 18:54:00,CLI-190,Efectivo,1100
22076,2026-05-27 12:03:00,Consumidor Final,Debito,21800
22077,2026-05-27 20:18:00,CLI-248,Efectivo,10600
22078,2026-05-27 12:41:00,Consumidor Final,Debito,4000
22079,2026-05-27 11:17:00,CLI-261,Mercado Pago,2200
22080,2026-05-27 10:40:00,CLI-236,Debito,19000
22081,2026-05-27 11:39:00,CLI-199,Mercado Pago,12400
22082,2026-05-27 19:12:00,Consumidor Final,Debito,11850
22083,2026-05-27 17:55:00,Consumidor Final,Debito,11650
22084,2026-05-27 19:28:00,CLI-150,Mercado Pago,5250
22085,2026-05-27 11:15:00,CLI-222,Mercado Pago,17800
22086,2026-05-27 12:39:00,CLI-207,Debito,1800
22087,2026-05-27 11:18:00,CLI-158,Mercado Pago,4700
22088,2026-05-27 17:54:00,CLI-184,Efectivo,12900
22089,2026-05-27 16:21:00,CLI-149,Debito,14950
22090,2026-05-27 08:21:00,CLI-217,Debito,1100
22091,2026-05-27 10:02:00,Consumidor Final,Debito,11000
22092,2026-05-27 18:26:00,CLI-145,Debito,8400
22093,2026-05-28 20:27:00,CLI-129,Efectivo,11000
22094,2026-05-28 09:39:00,CLI-236,Efectivo,1800
22095,2026-05-28 20:19:00,Consumidor Final,Efectivo,3800
22096,2026-05-28 08:55:00,Consumidor Final,Mercado Pago,17350
22097,2026-05-28 09:17:00,CLI-147,Debito,1500
22098,2026-05-28 20:58:00,Consumidor Final,Debito,14400
22099,2026-05-28 09:22:00,CLI-235,Debito,6300
22100,2026-05-28 12:48:00,CLI-271,Debito,25950
22101,2026-05-28 16:40:00,Consumidor Final,Debito,1500
22102,2026-05-28 20:46:00,Consumidor Final,Credito,1850
22103,2026-05-28 17:33:00,CLI-160,Debito,13050
22104,2026-05-28 17:13:00,Consumidor Final,Credito,11100
22105,2026-05-28 08:24:00,Consumidor Final,Efectivo,3700
22106,2026-05-28 12:39:00,CLI-193,Debito,27700
22107,2026-05-28 19:41:00,CLI-245,Efectivo,4300
22108,2026-05-28 11:21:00,CLI-278,Mercado Pago,5550
22109,2026-05-28 19:36:00,CLI-176,Efectivo,21400
22110,2026-05-28 09:34:00,CLI-111,Mercado Pago,6600
22111,2026-05-28 08:54:00,Consumidor Final,Efectivo,25750
22112,2026-05-28 09:11:00,CLI-180,Mercado Pago,19200
22113,2026-05-28 19:53:00,CLI-243,Efectivo,12000
22114,2026-05-28 12:44:00,CLI-287,Efectivo,3100
22115,2026-05-28 10:12:00,CLI-236,Debito,5400
22116,2026-05-28 20:43:00,Consumidor Final,Mercado Pago,5550
22117,2026-05-28 16:28:00,Consumidor Final,Credito,7600
22118,2026-05-28 12:16:00,CLI-285,Efectivo,26050
22119,2026-05-28 19:59:00,CLI-249,Debito,4800
22120,2026-05-28 18:48:00,Consumidor Final,Mercado Pago,4400
22121,2026-05-28 11:44:00,Consumidor Final,Debito,2200
22122,2026-05-28 19:29:00,CLI-255,Credito,4000
22123,2026-05-28 19:27:00,CLI-101,Mercado Pago,1500
22124,2026-05-28 08:25:00,Consumidor Final,Efectivo,11000
22125,2026-05-28 16:15:00,CLI-222,Mercado Pago,33650
22126,2026-05-28 18:43:00,Consumidor Final,Debito,9100
22127,2026-05-28 11:12:00,CLI-110,Credito,1800
22128,2026-05-28 08:07:00,Consumidor Final,Efectivo,7600
22129,2026-05-28 08:52:00,CLI-176,Debito,4400
22130,2026-05-28 09:38:00,Consumidor Final,Efectivo,11400
22131,2026-05-28 08:41:00,CLI-218,Efectivo,18450
22132,2026-05-28 09:01:00,Consumidor Final,Debito,19800
22133,2026-05-28 10:28:00,Consumidor Final,Debito,4400
22134,2026-05-28 08:33:00,CLI-135,Credito,2200
22135,2026-05-28 08:19:00,CLI-224,Mercado Pago,1500
22136,2026-05-28 17:03:00,Consumidor Final,Mercado Pago,14100
22137,2026-05-28 10:39:00,Consumidor Final,Efectivo,6100
22138,2026-05-28 16:06:00,CLI-289,Mercado Pago,12700
22139,2026-05-28 16:58:00,CLI-168,Efectivo,13300
22140,2026-05-28 16:00:00,Consumidor Final,Mercado Pago,1100
22141,2026-05-28 16:14:00,CLI-215,Mercado Pago,3800
22142,2026-05-28 12:30:00,Consumidor Final,Debito,4400
22143,2026-05-28 08:44:00,CLI-295,Efectivo,24450
22144,2026-05-28 20:41:00,CLI-191,Debito,18900
22145,2026-05-28 18:25:00,CLI-249,Mercado Pago,5850
22146,2026-05-28 19:38:00,CLI-124,Efectivo,16550
22147,2026-05-28 17:04:00,CLI-263,Efectivo,7600
22148,2026-05-28 17:07:00,Consumidor Final,Mercado Pago,2200
22149,2026-05-28 12:25:00,CLI-268,Mercado Pago,1100
22150,2026-05-28 16:35:00,CLI-221,Efectivo,750
22151,2026-05-28 12:35:00,Consumidor Final,Mercado Pago,18550
22152,2026-05-28 09:36:00,Consumidor Final,Mercado Pago,10400
22153,2026-05-28 12:48:00,CLI-210,Mercado Pago,3200
22154,2026-05-28 12:39:00,CLI-123,Efectivo,1800
22155,2026-05-28 08:43:00,CLI-234,Mercado Pago,15800
22156,2026-05-28 17:57:00,Consumidor Final,Debito,9200
22157,2026-05-29 16:58:00,Consumidor Final,Debito,2200
22158,2026-05-29 08:40:00,Consumidor Final,Debito,7600
22159,2026-05-29 17:06:00,Consumidor Final,Efectivo,22250
22160,2026-05-29 09:07:00,Consumidor Final,Debito,13600
22161,2026-05-29 19:07:00,CLI-195,Mercado Pago,1600
22162,2026-05-29 20:55:00,CLI-147,Debito,3200
22163,2026-05-29 19:04:00,CLI-223,Debito,5850
22164,2026-05-29 20:54:00,CLI-120,Debito,16000
22165,2026-05-29 16:13:00,Consumidor Final,Mercado Pago,2200
22166,2026-05-29 17:27:00,CLI-233,Debito,4500
22167,2026-05-29 11:00:00,CLI-232,Credito,13700
22168,2026-05-29 16:32:00,CLI-130,Efectivo,7600
22169,2026-05-29 16:49:00,CLI-244,Debito,1800
22170,2026-05-29 18:41:00,CLI-156,Efectivo,3300
22171,2026-05-29 20:28:00,Consumidor Final,Debito,4900
22172,2026-05-29 08:55:00,Consumidor Final,Efectivo,27850
22173,2026-05-29 12:26:00,CLI-207,Mercado Pago,9800
22174,2026-05-29 20:35:00,CLI-269,Debito,14100
22175,2026-05-29 10:03:00,CLI-150,Credito,7600
22176,2026-05-29 17:11:00,Consumidor Final,Debito,9850
22177,2026-05-29 11:45:00,CLI-108,Efectivo,27900
22178,2026-05-29 19:58:00,CLI-174,Mercado Pago,24300
22179,2026-05-29 09:58:00,CLI-280,Credito,10400
22180,2026-05-29 11:44:00,CLI-164,Efectivo,1800
22181,2026-05-29 10:00:00,Consumidor Final,Debito,19750
22182,2026-05-29 18:37:00,CLI-131,Credito,9750
22183,2026-05-29 16:05:00,CLI-197,Mercado Pago,15400
22184,2026-05-29 08:21:00,CLI-173,Debito,6600
22185,2026-05-29 18:00:00,Consumidor Final,Mercado Pago,28050
22186,2026-05-29 10:45:00,CLI-245,Debito,10950
22187,2026-05-29 18:40:00,CLI-176,Efectivo,4800
22188,2026-05-29 08:02:00,Consumidor Final,Debito,26200
22189,2026-05-29 18:03:00,CLI-254,Mercado Pago,22200
22190,2026-05-29 09:34:00,CLI-110,Mercado Pago,6200
22191,2026-05-29 10:36:00,CLI-194,Efectivo,8200
22192,2026-05-29 10:51:00,CLI-216,Mercado Pago,9600
22193,2026-05-29 10:23:00,CLI-131,Mercado Pago,3300
22194,2026-05-29 17:02:00,CLI-193,Debito,10100
22195,2026-05-29 08:14:00,Consumidor Final,Efectivo,1500
22196,2026-05-29 09:44:00,CLI-205,Debito,5400
22197,2026-05-29 08:09:00,CLI-116,Efectivo,14300
22198,2026-05-29 12:23:00,Consumidor Final,Debito,5550
22199,2026-05-29 17:59:00,CLI-141,Mercado Pago,8350
22200,2026-05-29 20:24:00,CLI-101,Efectivo,11950
22201,2026-05-29 08:22:00,Consumidor Final,Debito,8350
22202,2026-05-30 17:46:00,CLI-245,Efectivo,2250
22203,2026-05-30 18:02:00,CLI-278,Efectivo,4450
22204,2026-05-30 10:06:00,CLI-235,Mercado Pago,24200
22205,2026-05-30 12:39:00,Consumidor Final,Mercado Pago,11400
22206,2026-05-30 17:20:00,Consumidor Final,Mercado Pago,6300
22207,2026-05-30 20:20:00,Consumidor Final,Credito,29900
22208,2026-05-30 11:17:00,Consumidor Final,Efectivo,10700
22209,2026-05-30 10:59:00,Consumidor Final,Credito,15400
22210,2026-05-30 10:09:00,Consumidor Final,Efectivo,2200
22211,2026-05-30 16:30:00,Consumidor Final,Debito,23950
22212,2026-05-30 17:56:00,CLI-206,Debito,7900
22213,2026-05-30 10:36:00,Consumidor Final,Debito,25700
22214,2026-05-30 17:21:00,CLI-198,Credito,3300
22215,2026-05-30 09:29:00,CLI-264,Credito,3000
22216,2026-05-30 08:15:00,Consumidor Final,Debito,3600
22217,2026-05-30 10:24:00,Consumidor Final,Mercado Pago,7300
22218,2026-05-30 12:09:00,CLI-237,Mercado Pago,16800
22219,2026-05-30 19:43:00,CLI-223,Debito,24300
22220,2026-05-30 17:23:00,CLI-143,Efectivo,15100
22221,2026-05-30 16:20:00,CLI-117,Credito,5400
22222,2026-05-30 19:03:00,CLI-276,Mercado Pago,1800
22223,2026-05-30 11:48:00,CLI-121,Debito,19550
22224,2026-05-30 08:48:00,Consumidor Final,Credito,22150
22225,2026-05-30 16:31:00,Consumidor Final,Debito,900
22226,2026-05-30 16:13:00,Consumidor Final,Mercado Pago,4400
22227,2026-05-30 12:31:00,Consumidor Final,Mercado Pago,20300
22228,2026-05-30 10:15:00,CLI-272,Mercado Pago,23000
22229,2026-05-30 16:50:00,Consumidor Final,Mercado Pago,2250
22230,2026-05-30 16:03:00,CLI-279,Mercado Pago,24000
22231,2026-05-30 18:34:00,CLI-135,Efectivo,13550
22232,2026-05-30 17:00:00,CLI-272,Mercado Pago,21000
22233,2026-05-30 12:17:00,CLI-111,Debito,20250
22234,2026-05-30 09:51:00,Consumidor Final,Debito,11200
22235,2026-05-30 12:37:00,CLI-137,Efectivo,7200
22236,2026-05-30 10:12:00,Consumidor Final,Mercado Pago,3000
22237,2026-05-30 16:59:00,CLI-220,Mercado Pago,11350
22238,2026-05-30 09:53:00,Consumidor Final,Debito,15300
22239,2026-05-30 17:02:00,CLI-293,Efectivo,7100
22240,2026-05-30 11:42:00,CLI-219,Efectivo,36000
22241,2026-05-30 17:35:00,CLI-149,Efectivo,21850
22242,2026-05-30 09:17:00,Consumidor Final,Debito,1800
22243,2026-05-30 17:53:00,CLI-198,Efectivo,11450
22244,2026-05-30 20:44:00,Consumidor Final,Debito,15500
22245,2026-05-30 11:05:00,CLI-196,Credito,1100
22246,2026-05-30 17:43:00,CLI-107,Mercado Pago,2400
22247,2026-05-31 09:41:00,CLI-170,Efectivo,1600
22248,2026-05-31 20:51:00,Consumidor Final,Efectivo,1800
22249,2026-05-31 09:05:00,Consumidor Final,Mercado Pago,750
22250,2026-05-31 12:01:00,CLI-188,Efectivo,5400
22251,2026-05-31 17:29:00,CLI-252,Debito,10800
22252,2026-05-31 16:13:00,Consumidor Final,Efectivo,1500
22253,2026-05-31 11:08:00,CLI-176,Debito,6650
22254,2026-05-31 10:44:00,CLI-227,Debito,16750
22255,2026-05-31 09:21:00,Consumidor Final,Efectivo,25700
22256,2026-05-31 11:24:00,Consumidor Final,Debito,11850
22257,2026-05-31 11:36:00,CLI-138,Debito,16850
22258,2026-05-31 20:00:00,CLI-218,Mercado Pago,15000
22259,2026-05-31 20:51:00,CLI-271,Efectivo,25750
22260,2026-05-31 16:21:00,Consumidor Final,Debito,18700
22261,2026-05-31 10:33:00,CLI-190,Mercado Pago,7900
22262,2026-05-31 11:15:00,Consumidor Final,Efectivo,1500
22263,2026-05-31 20:44:00,CLI-144,Efectivo,16400
22264,2026-05-31 17:42:00,CLI-287,Efectivo,12600
22265,2026-05-31 11:36:00,Consumidor Final,Efectivo,9300
22266,2026-05-31 20:46:00,CLI-214,Efectivo,10750
22267,2026-05-31 20:34:00,CLI-281,Mercado Pago,30050
22268,2026-05-31 16:59:00,CLI-187,Mercado Pago,26800
22269,2026-05-31 19:32:00,CLI-106,Efectivo,10600
22270,2026-05-31 17:32:00,CLI-134,Debito,7000
22271,2026-05-31 09:55:00,CLI-291,Efectivo,4800
22272,2026-05-31 11:53:00,CLI-191,Mercado Pago,22550
22273,2026-05-31 10:53:00,CLI-136,Efectivo,1500
22274,2026-05-31 19:15:00,Consumidor Final,Debito,13200
22275,2026-05-31 10:17:00,CLI-113,Efectivo,3300
22276,2026-05-31 10:44:00,Consumidor Final,Debito,27600
22277,2026-05-31 08:27:00,Consumidor Final,Mercado Pago,15450
22278,2026-05-31 08:44:00,Consumidor Final,Efectivo,2250
22279,2026-05-31 16:21:00,Consumidor Final,Efectivo,16750
22280,2026-05-31 10:12:00,CLI-176,Credito,7500
22281,2026-05-31 20:07:00,Consumidor Final,Credito,25350
22282,2026-05-31 11:58:00,Consumidor Final,Debito,11400
22283,2026-05-31 09:59:00,CLI-248,Credito,21600
22284,2026-05-31 17:46:00,CLI-212,Debito,3750
22285,2026-05-31 10:14:00,Consumidor Final,Debito,14500
22286,2026-05-31 11:59:00,Consumidor Final,Debito,8100
22287,2026-05-31 09:50:00,Consumidor Final,Mercado Pago,17200
22288,2026-05-31 17:48:00,Consumidor Final,Credito,24600
22289,2026-05-31 10:24:00,Consumidor Final,Efectivo,13600
22290,2026-05-31 17:59:00,CLI-269,Efectivo,25550
22291,2026-05-31 11:54:00,CLI-114,Efectivo,6550
22292,2026-05-31 09:40:00,CLI-226,Mercado Pago,5400
22293,2026-05-31 18:34:00,CLI-186,Debito,10750
22294,2026-05-31 19:01:00,CLI-154,Credito,11800
22295,2026-05-31 10:28:00,Consumidor Final,Mercado Pago,19300
22296,2026-05-31 18:31:00,CLI-192,Mercado Pago,17150
22297,2026-05-31 20:43:00,CLI-100,Efectivo,23850
22298,2026-05-31 11:17:00,Consumidor Final,Mercado Pago,19700
22299,2026-05-31 17:11:00,Consumidor Final,Mercado Pago,13200
22300,2026-05-31 11:31:00,CLI-261,Mercado Pago,2200
22301,2026-05-31 09:40:00,CLI-155,Mercado Pago,6000
22302,2026-05-31 16:37:00,CLI-268,Mercado Pago,10100
22303,2026-05-31 20:14:00,Consumidor Final,Efectivo,19950
22304,2026-05-31 17:15:00,CLI-248,Debito,12150
22305,2026-05-31 20:51:00,Consumidor Final,Efectivo,11400
22306,2026-05-31 10:05:00,CLI-212,Credito,15000
22307,2026-05-31 11:29:00,CLI-243,Credito,21100
22308,2026-06-01 09:16:00,CLI-179,Credito,4500
22309,2026-06-01 11:46:00,Consumidor Final,Mercado Pago,15950
22310,2026-06-01 12:23:00,CLI-180,Efectivo,9000
22311,2026-06-01 19:15:00,Consumidor Final,Mercado Pago,30650
22312,2026-06-01 20:06:00,CLI-262,Mercado Pago,15300
22313,2026-06-01 08:39:00,CLI-115,Efectivo,2700
22314,2026-06-01 08:38:00,CLI-272,Debito,5100
22315,2026-06-01 16:58:00,CLI-235,Mercado Pago,23350
22316,2026-06-01 18:28:00,Consumidor Final,Efectivo,23550
22317,2026-06-01 08:21:00,CLI-160,Debito,3700
22318,2026-06-01 18:15:00,Consumidor Final,Debito,6000
22319,2026-06-01 12:16:00,Consumidor Final,Efectivo,4400
22320,2026-06-01 20:17:00,Consumidor Final,Efectivo,24250
22321,2026-06-01 16:27:00,CLI-127,Debito,5100
22322,2026-06-01 19:15:00,Consumidor Final,Efectivo,2250
22323,2026-06-01 17:59:00,Consumidor Final,Debito,12750
22324,2026-06-01 19:53:00,Consumidor Final,Efectivo,3300
22325,2026-06-01 10:54:00,Consumidor Final,Efectivo,5400
22326,2026-06-01 18:54:00,Consumidor Final,Mercado Pago,4200
22327,2026-06-01 16:12:00,CLI-137,Efectivo,31950
22328,2026-06-01 10:19:00,Consumidor Final,Debito,22400
22329,2026-06-01 18:35:00,Consumidor Final,Mercado Pago,11700
22330,2026-06-01 11:25:00,CLI-281,Mercado Pago,19700
22331,2026-06-01 19:47:00,Consumidor Final,Mercado Pago,6300
22332,2026-06-01 12:43:00,Consumidor Final,Mercado Pago,11400
22333,2026-06-01 08:12:00,CLI-158,Efectivo,13200
22334,2026-06-01 17:40:00,CLI-262,Mercado Pago,1500
22335,2026-06-01 12:54:00,CLI-243,Debito,7800
22336,2026-06-01 12:49:00,Consumidor Final,Mercado Pago,5600
22337,2026-06-01 09:00:00,Consumidor Final,Mercado Pago,1800
22338,2026-06-01 12:07:00,CLI-262,Efectivo,4700
22339,2026-06-01 09:51:00,CLI-236,Efectivo,18700
22340,2026-06-01 08:25:00,CLI-166,Debito,19700
22341,2026-06-01 18:30:00,Consumidor Final,Efectivo,3300
22342,2026-06-01 08:04:00,Consumidor Final,Debito,3300
22343,2026-06-01 18:08:00,Consumidor Final,Efectivo,20700
22344,2026-06-01 09:23:00,CLI-276,Mercado Pago,28150
22345,2026-06-01 12:18:00,CLI-200,Efectivo,20350
22346,2026-06-01 20:52:00,CLI-202,Debito,2200
22347,2026-06-01 17:00:00,Consumidor Final,Efectivo,15550
22348,2026-06-01 08:31:00,CLI-154,Credito,12000
22349,2026-06-01 08:58:00,Consumidor Final,Debito,22250
22350,2026-06-01 10:06:00,Consumidor Final,Mercado Pago,30100
22351,2026-06-01 16:21:00,CLI-113,Debito,13500
22352,2026-06-01 08:45:00,Consumidor Final,Efectivo,5200
22353,2026-06-01 10:31:00,CLI-109,Credito,8200
22354,2026-06-01 20:39:00,CLI-233,Debito,15750
22355,2026-06-01 08:37:00,Consumidor Final,Efectivo,10400
22356,2026-06-01 17:58:00,Consumidor Final,Mercado Pago,3700
22357,2026-06-01 08:00:00,Consumidor Final,Debito,2250
22358,2026-06-01 19:37:00,CLI-270,Efectivo,13500
22359,2026-06-01 11:13:00,CLI-274,Debito,12750
22360,2026-06-01 08:51:00,Consumidor Final,Debito,16050
22361,2026-06-01 19:25:00,CLI-262,Efectivo,2200
22362,2026-06-01 16:15:00,CLI-193,Efectivo,9400
22363,2026-06-01 11:24:00,Consumidor Final,Debito,10800
22364,2026-06-02 10:19:00,CLI-285,Mercado Pago,1500
22365,2026-06-02 12:40:00,Consumidor Final,Efectivo,2250
22366,2026-06-02 09:07:00,CLI-233,Mercado Pago,16900
22367,2026-06-02 17:20:00,CLI-108,Debito,23250
22368,2026-06-02 10:23:00,Consumidor Final,Debito,13000
22369,2026-06-02 08:33:00,CLI-254,Efectivo,16950
22370,2026-06-02 17:11:00,CLI-295,Credito,7600
22371,2026-06-02 09:05:00,CLI-290,Mercado Pago,35500
22372,2026-06-02 20:05:00,Consumidor Final,Mercado Pago,3800
22373,2026-06-02 12:10:00,CLI-121,Efectivo,6300
22374,2026-06-02 20:31:00,CLI-128,Credito,3800
22375,2026-06-02 17:00:00,Consumidor Final,Efectivo,6600
22376,2026-06-02 08:06:00,CLI-133,Mercado Pago,16050
22377,2026-06-02 19:12:00,CLI-139,Credito,7700
22378,2026-06-02 12:01:00,Consumidor Final,Credito,8800
22379,2026-06-02 17:11:00,Consumidor Final,Mercado Pago,3100
22380,2026-06-02 18:58:00,CLI-147,Debito,15550
22381,2026-06-02 10:22:00,Consumidor Final,Debito,21350
22382,2026-06-02 16:06:00,Consumidor Final,Mercado Pago,4400
22383,2026-06-02 09:43:00,CLI-105,Debito,14650
22384,2026-06-02 19:15:00,CLI-150,Credito,5900
22385,2026-06-02 20:35:00,CLI-124,Debito,19000
22386,2026-06-02 10:31:00,CLI-138,Efectivo,11350
22387,2026-06-02 12:31:00,Consumidor Final,Mercado Pago,4000
22388,2026-06-02 12:55:00,Consumidor Final,Debito,7350
22389,2026-06-02 19:18:00,Consumidor Final,Efectivo,11250
22390,2026-06-02 08:55:00,CLI-249,Efectivo,4800
22391,2026-06-02 18:26:00,Consumidor Final,Efectivo,15300
22392,2026-06-02 08:35:00,CLI-199,Debito,12900
22393,2026-06-02 08:02:00,CLI-139,Mercado Pago,20250
22394,2026-06-02 18:00:00,Consumidor Final,Efectivo,22550
22395,2026-06-02 09:58:00,Consumidor Final,Mercado Pago,900
22396,2026-06-02 12:20:00,Consumidor Final,Mercado Pago,900
22397,2026-06-02 08:13:00,CLI-256,Debito,24150
22398,2026-06-02 12:11:00,CLI-237,Credito,11200
22399,2026-06-02 17:47:00,Consumidor Final,Debito,6300
22400,2026-06-02 10:16:00,CLI-293,Credito,9700
22401,2026-06-02 19:03:00,CLI-165,Mercado Pago,7800
22402,2026-06-02 12:09:00,Consumidor Final,Mercado Pago,4800
22403,2026-06-02 19:04:00,CLI-102,Mercado Pago,2250
22404,2026-06-02 10:55:00,Consumidor Final,Debito,1500
22405,2026-06-02 20:05:00,CLI-279,Debito,1600
22406,2026-06-02 20:40:00,CLI-238,Debito,17700
22407,2026-06-02 09:02:00,Consumidor Final,Mercado Pago,4000
22408,2026-06-02 17:01:00,Consumidor Final,Mercado Pago,13100
22409,2026-06-02 12:32:00,CLI-124,Mercado Pago,8100
22410,2026-06-02 16:54:00,CLI-239,Mercado Pago,5400
22411,2026-06-02 19:39:00,CLI-253,Efectivo,37100
22412,2026-06-02 09:54:00,Consumidor Final,Credito,9200
22413,2026-06-02 09:27:00,Consumidor Final,Efectivo,4400
22414,2026-06-02 09:03:00,CLI-115,Efectivo,6600
22415,2026-06-02 10:40:00,CLI-256,Efectivo,11050
22416,2026-06-03 08:00:00,Consumidor Final,Efectivo,25400
22417,2026-06-03 20:34:00,Consumidor Final,Credito,25150
22418,2026-06-03 08:47:00,Consumidor Final,Mercado Pago,27350
22419,2026-06-03 20:59:00,CLI-181,Debito,11400
22420,2026-06-03 20:26:00,CLI-247,Mercado Pago,25000
22421,2026-06-03 10:25:00,Consumidor Final,Credito,11400
22422,2026-06-03 11:31:00,CLI-197,Efectivo,20150
22423,2026-06-03 20:51:00,Consumidor Final,Mercado Pago,3200
22424,2026-06-03 11:19:00,Consumidor Final,Debito,4000
22425,2026-06-03 08:07:00,CLI-192,Efectivo,11000
22426,2026-06-03 16:36:00,Consumidor Final,Mercado Pago,4500
22427,2026-06-03 12:34:00,Consumidor Final,Debito,16300
22428,2026-06-03 17:11:00,CLI-144,Debito,11400
22429,2026-06-03 20:20:00,Consumidor Final,Efectivo,20650
22430,2026-06-03 16:36:00,Consumidor Final,Efectivo,1100
22431,2026-06-03 18:45:00,CLI-129,Mercado Pago,9550
22432,2026-06-03 20:06:00,Consumidor Final,Debito,9400
22433,2026-06-03 16:40:00,CLI-250,Debito,1800
22434,2026-06-03 12:45:00,CLI-107,Efectivo,3200
22435,2026-06-03 08:11:00,Consumidor Final,Debito,1500
22436,2026-06-03 11:16:00,CLI-107,Credito,22300
22437,2026-06-03 08:18:00,CLI-240,Debito,2700
22438,2026-06-03 11:19:00,CLI-207,Efectivo,7700
22439,2026-06-03 10:20:00,CLI-218,Credito,13200
22440,2026-06-03 08:40:00,CLI-173,Mercado Pago,5400
22441,2026-06-03 12:24:00,CLI-277,Efectivo,3300
22442,2026-06-03 12:09:00,Consumidor Final,Mercado Pago,22300
22443,2026-06-03 18:24:00,Consumidor Final,Mercado Pago,8400
22444,2026-06-03 20:22:00,Consumidor Final,Debito,2250
22445,2026-06-03 09:45:00,CLI-210,Efectivo,22200
22446,2026-06-03 16:26:00,CLI-240,Mercado Pago,750
22447,2026-06-03 18:49:00,CLI-192,Debito,2950
22448,2026-06-03 11:24:00,Consumidor Final,Efectivo,34000
22449,2026-06-03 20:12:00,CLI-171,Debito,2200
22450,2026-06-03 20:03:00,CLI-149,Debito,8950
22451,2026-06-03 16:59:00,CLI-244,Credito,33900
22452,2026-06-03 08:33:00,CLI-207,Debito,5800
22453,2026-06-03 11:40:00,CLI-177,Mercado Pago,18000
22454,2026-06-03 12:18:00,Consumidor Final,Debito,15600
22455,2026-06-03 16:47:00,CLI-298,Efectivo,750
22456,2026-06-03 20:36:00,CLI-281,Debito,14750
22457,2026-06-03 16:10:00,Consumidor Final,Debito,15800
22458,2026-06-03 20:13:00,CLI-216,Mercado Pago,33050
22459,2026-06-03 10:39:00,CLI-104,Efectivo,10750
22460,2026-06-03 08:02:00,CLI-191,Efectivo,2550
22461,2026-06-03 11:27:00,CLI-161,Efectivo,5100
22462,2026-06-03 11:28:00,CLI-221,Mercado Pago,11700
22463,2026-06-03 17:23:00,CLI-174,Efectivo,5850
22464,2026-06-03 16:09:00,Consumidor Final,Credito,10900
22465,2026-06-03 12:02:00,CLI-192,Efectivo,10400
22466,2026-06-03 11:22:00,CLI-223,Efectivo,12200
22467,2026-06-03 17:11:00,CLI-155,Debito,12150
22468,2026-06-03 18:45:00,Consumidor Final,Mercado Pago,3600
22469,2026-06-03 11:50:00,Consumidor Final,Efectivo,4800
22470,2026-06-03 18:29:00,CLI-232,Efectivo,13600
22471,2026-06-03 11:32:00,Consumidor Final,Mercado Pago,1800
22472,2026-06-03 16:15:00,CLI-109,Mercado Pago,750
22473,2026-06-03 12:02:00,CLI-186,Efectivo,2200
22474,2026-06-03 11:16:00,CLI-210,Efectivo,9100
22475,2026-06-03 16:10:00,CLI-220,Mercado Pago,2900
22476,2026-06-03 19:16:00,CLI-186,Efectivo,900
22477,2026-06-03 08:20:00,Consumidor Final,Mercado Pago,11400
22478,2026-06-03 16:47:00,Consumidor Final,Efectivo,29250
22479,2026-06-03 12:16:00,Consumidor Final,Mercado Pago,9150
22480,2026-06-04 09:45:00,Consumidor Final,Mercado Pago,11100
22481,2026-06-04 20:10:00,Consumidor Final,Mercado Pago,2700
22482,2026-06-04 11:57:00,Consumidor Final,Efectivo,3300
22483,2026-06-04 10:57:00,CLI-180,Efectivo,8400
22484,2026-06-04 10:49:00,Consumidor Final,Efectivo,9800
22485,2026-06-04 12:41:00,CLI-260,Mercado Pago,1500
22486,2026-06-04 09:59:00,Consumidor Final,Debito,23000
22487,2026-06-04 11:07:00,Consumidor Final,Credito,6750
22488,2026-06-04 10:38:00,Consumidor Final,Mercado Pago,21850
22489,2026-06-04 11:41:00,Consumidor Final,Mercado Pago,7700
22490,2026-06-04 11:56:00,CLI-296,Efectivo,4700
22491,2026-06-04 20:10:00,Consumidor Final,Mercado Pago,9200
22492,2026-06-04 11:14:00,Consumidor Final,Efectivo,20700
22493,2026-06-04 08:29:00,Consumidor Final,Debito,3000
22494,2026-06-04 09:27:00,CLI-297,Mercado Pago,30700
22495,2026-06-04 17:08:00,Consumidor Final,Debito,900
22496,2026-06-04 08:53:00,Consumidor Final,Credito,9300
22497,2026-06-04 17:59:00,Consumidor Final,Efectivo,30050
22498,2026-06-04 09:57:00,Consumidor Final,Mercado Pago,20450
22499,2026-06-04 20:03:00,CLI-252,Efectivo,13000
22500,2026-06-04 16:04:00,Consumidor Final,Efectivo,8100
22501,2026-06-04 09:27:00,CLI-255,Debito,8900
22502,2026-06-04 08:52:00,CLI-242,Debito,7600
22503,2026-06-04 20:33:00,CLI-150,Efectivo,24850
22504,2026-06-04 12:26:00,CLI-239,Debito,7600
22505,2026-06-04 20:23:00,Consumidor Final,Debito,23400
22506,2026-06-04 20:15:00,Consumidor Final,Efectivo,16800
22507,2026-06-04 16:21:00,Consumidor Final,Mercado Pago,3100
22508,2026-06-04 17:05:00,CLI-114,Credito,9000
22509,2026-06-04 09:11:00,CLI-250,Debito,35000
22510,2026-06-04 19:13:00,Consumidor Final,Mercado Pago,1650
22511,2026-06-04 08:51:00,CLI-240,Mercado Pago,6800
22512,2026-06-04 16:03:00,Consumidor Final,Efectivo,11400
22513,2026-06-04 17:25:00,CLI-217,Debito,5600
22514,2026-06-04 16:53:00,Consumidor Final,Mercado Pago,10750
22515,2026-06-04 10:42:00,Consumidor Final,Debito,1100
22516,2026-06-04 08:21:00,CLI-155,Credito,1500
22517,2026-06-04 10:15:00,CLI-112,Debito,17800
22518,2026-06-04 18:02:00,Consumidor Final,Debito,14500
22519,2026-06-04 11:38:00,CLI-162,Debito,750
22520,2026-06-04 10:21:00,CLI-299,Mercado Pago,16800
22521,2026-06-04 16:54:00,CLI-238,Credito,10950
22522,2026-06-04 08:06:00,CLI-195,Efectivo,11350
22523,2026-06-04 11:54:00,Consumidor Final,Debito,11950
22524,2026-06-04 17:36:00,CLI-145,Mercado Pago,3300
22525,2026-06-04 20:20:00,CLI-174,Debito,11950
22526,2026-06-04 18:15:00,CLI-187,Mercado Pago,2200
22527,2026-06-04 17:24:00,Consumidor Final,Mercado Pago,6200
22528,2026-06-04 19:53:00,CLI-286,Debito,3400
22529,2026-06-04 19:23:00,CLI-155,Mercado Pago,14550
22530,2026-06-04 12:49:00,Consumidor Final,Debito,12900
22531,2026-06-04 17:00:00,CLI-213,Mercado Pago,3600
22532,2026-06-04 12:48:00,CLI-227,Debito,8400
22533,2026-06-04 16:43:00,CLI-118,Mercado Pago,21950
22534,2026-06-04 20:42:00,Consumidor Final,Credito,7600
22535,2026-06-04 19:40:00,Consumidor Final,Debito,18600
22536,2026-06-04 09:50:00,CLI-125,Mercado Pago,8250
22537,2026-06-04 11:29:00,Consumidor Final,Mercado Pago,11050
22538,2026-06-04 11:32:00,CLI-283,Debito,7700
22539,2026-06-05 08:47:00,CLI-252,Mercado Pago,8950
22540,2026-06-05 18:42:00,CLI-202,Mercado Pago,5850
22541,2026-06-05 12:33:00,CLI-195,Debito,1600
22542,2026-06-05 19:48:00,Consumidor Final,Debito,6150
22543,2026-06-05 11:44:00,CLI-117,Efectivo,2250
22544,2026-06-05 19:15:00,Consumidor Final,Debito,26850
22545,2026-06-05 11:10:00,CLI-238,Credito,17750
22546,2026-06-05 10:00:00,CLI-205,Mercado Pago,3800
22547,2026-06-05 20:04:00,CLI-211,Credito,2200
22548,2026-06-05 11:35:00,Consumidor Final,Mercado Pago,15850
22549,2026-06-05 18:41:00,Consumidor Final,Debito,8850
22550,2026-06-05 08:53:00,Consumidor Final,Debito,11400
22551,2026-06-05 10:08:00,Consumidor Final,Debito,4900
22552,2026-06-05 11:46:00,CLI-211,Efectivo,9350
22553,2026-06-05 10:32:00,CLI-217,Credito,20250
22554,2026-06-05 18:15:00,CLI-238,Mercado Pago,2250
22555,2026-06-05 08:06:00,CLI-263,Mercado Pago,5100
22556,2026-06-05 18:14:00,CLI-110,Mercado Pago,7700
22557,2026-06-05 12:12:00,CLI-102,Debito,4500
22558,2026-06-05 10:26:00,Consumidor Final,Credito,3800
22559,2026-06-05 19:15:00,CLI-192,Efectivo,11950
22560,2026-06-05 18:07:00,CLI-201,Efectivo,6600
22561,2026-06-05 17:17:00,Consumidor Final,Efectivo,25550
22562,2026-06-05 20:51:00,CLI-156,Debito,2250
22563,2026-06-05 20:10:00,Consumidor Final,Debito,29550
22564,2026-06-05 09:55:00,Consumidor Final,Mercado Pago,13300
22565,2026-06-05 09:57:00,Consumidor Final,Debito,6900
22566,2026-06-05 18:58:00,CLI-223,Efectivo,11800
22567,2026-06-05 09:28:00,CLI-156,Debito,7800
22568,2026-06-05 19:48:00,CLI-188,Efectivo,24300
22569,2026-06-05 17:02:00,Consumidor Final,Efectivo,5200
22570,2026-06-05 18:02:00,CLI-135,Efectivo,3800
22571,2026-06-05 17:08:00,Consumidor Final,Debito,18300
22572,2026-06-05 16:14:00,CLI-160,Credito,750
22573,2026-06-05 11:48:00,Consumidor Final,Mercado Pago,1800
22574,2026-06-05 18:53:00,CLI-140,Mercado Pago,1100
22575,2026-06-05 10:20:00,Consumidor Final,Efectivo,14000
22576,2026-06-05 20:52:00,CLI-264,Mercado Pago,6650
22577,2026-06-05 17:40:00,CLI-272,Mercado Pago,1800
22578,2026-06-05 20:41:00,CLI-125,Credito,6600
22579,2026-06-05 19:26:00,CLI-271,Credito,3800
22580,2026-06-05 11:45:00,Consumidor Final,Efectivo,14150
22581,2026-06-05 16:58:00,CLI-248,Mercado Pago,15800
22582,2026-06-05 08:11:00,CLI-192,Mercado Pago,1100
22583,2026-06-05 11:39:00,CLI-152,Mercado Pago,9850
22584,2026-06-05 19:35:00,CLI-249,Mercado Pago,4450
22585,2026-06-05 08:03:00,Consumidor Final,Debito,20200
22586,2026-06-05 11:50:00,Consumidor Final,Efectivo,7600
22587,2026-06-05 11:03:00,Consumidor Final,Mercado Pago,16450
22588,2026-06-05 08:21:00,CLI-257,Mercado Pago,2200
22589,2026-06-05 12:46:00,Consumidor Final,Efectivo,14800
22590,2026-06-05 10:02:00,CLI-108,Debito,8100
22591,2026-06-05 17:41:00,CLI-166,Debito,6500
22592,2026-06-05 19:43:00,CLI-229,Debito,27850
22593,2026-06-05 18:48:00,CLI-237,Debito,6600
22594,2026-06-06 10:03:00,CLI-283,Efectivo,5400
22595,2026-06-06 18:15:00,Consumidor Final,Efectivo,13700
22596,2026-06-06 12:47:00,CLI-212,Efectivo,7050
22597,2026-06-06 16:52:00,CLI-110,Debito,12600
22598,2026-06-06 20:40:00,CLI-101,Debito,6300
22599,2026-06-06 20:26:00,CLI-237,Efectivo,13800
22600,2026-06-06 17:44:00,CLI-268,Credito,1500
22601,2026-06-06 16:49:00,CLI-208,Efectivo,2200
22602,2026-06-06 18:02:00,CLI-103,Mercado Pago,3450
22603,2026-06-06 16:10:00,CLI-261,Credito,6050
22604,2026-06-06 11:36:00,CLI-218,Mercado Pago,23250
22605,2026-06-06 10:47:00,CLI-137,Efectivo,5800
22606,2026-06-06 09:49:00,Consumidor Final,Efectivo,13650
22607,2026-06-06 12:52:00,CLI-171,Mercado Pago,8100
22608,2026-06-06 11:46:00,Consumidor Final,Credito,12800
22609,2026-06-06 20:37:00,CLI-186,Mercado Pago,7600
22610,2026-06-06 20:14:00,CLI-104,Efectivo,8700
22611,2026-06-06 09:05:00,CLI-286,Debito,6600
22612,2026-06-06 08:47:00,Consumidor Final,Efectivo,7150
22613,2026-06-06 20:11:00,Consumidor Final,Credito,1800
22614,2026-06-06 19:02:00,CLI-292,Efectivo,1600
22615,2026-06-06 20:11:00,CLI-115,Mercado Pago,11550
22616,2026-06-06 08:24:00,Consumidor Final,Debito,5600
22617,2026-06-06 08:54:00,CLI-225,Efectivo,19350
22618,2026-06-06 11:36:00,Consumidor Final,Debito,13300
22619,2026-06-06 20:35:00,CLI-237,Mercado Pago,5500
22620,2026-06-06 20:26:00,Consumidor Final,Mercado Pago,10600
22621,2026-06-06 19:31:00,CLI-284,Mercado Pago,29450
22622,2026-06-06 17:36:00,Consumidor Final,Mercado Pago,11400
22623,2026-06-06 17:38:00,CLI-272,Mercado Pago,13600
22624,2026-06-06 16:11:00,CLI-155,Mercado Pago,21700
22625,2026-06-06 09:47:00,CLI-276,Efectivo,5100
22626,2026-06-06 17:51:00,CLI-299,Debito,27250
22627,2026-06-06 17:46:00,CLI-144,Credito,14200
22628,2026-06-06 12:08:00,CLI-216,Mercado Pago,15700
22629,2026-06-06 11:28:00,CLI-261,Mercado Pago,9000
22630,2026-06-06 08:32:00,CLI-289,Debito,5900
22631,2026-06-06 18:13:00,CLI-274,Efectivo,6300
22632,2026-06-06 12:44:00,CLI-149,Mercado Pago,1500
22633,2026-06-06 20:11:00,Consumidor Final,Debito,7500
22634,2026-06-06 10:39:00,Consumidor Final,Credito,4400
22635,2026-06-06 20:07:00,CLI-153,Mercado Pago,1800
22636,2026-06-06 20:09:00,CLI-167,Debito,21400
22637,2026-06-06 17:40:00,CLI-198,Debito,13850
22638,2026-06-06 08:24:00,Consumidor Final,Mercado Pago,5400
22639,2026-06-06 20:25:00,CLI-299,Mercado Pago,20300
22640,2026-06-06 10:02:00,CLI-194,Efectivo,22350
22641,2026-06-07 20:19:00,Consumidor Final,Debito,5300
22642,2026-06-07 19:16:00,Consumidor Final,Mercado Pago,20350
22643,2026-06-07 20:28:00,CLI-234,Efectivo,4900
22644,2026-06-07 17:58:00,CLI-167,Mercado Pago,2200
22645,2026-06-07 08:34:00,CLI-268,Debito,4400
22646,2026-06-07 12:24:00,CLI-250,Mercado Pago,20350
22647,2026-06-07 12:36:00,CLI-112,Debito,25150
22648,2026-06-07 20:54:00,CLI-112,Efectivo,8800
22649,2026-06-07 19:34:00,Consumidor Final,Mercado Pago,14100
22650,2026-06-07 08:19:00,Consumidor Final,Debito,1100
22651,2026-06-07 20:04:00,Consumidor Final,Debito,16950
22652,2026-06-07 11:02:00,Consumidor Final,Mercado Pago,21200
22653,2026-06-07 12:46:00,CLI-224,Debito,8400
22654,2026-06-07 10:58:00,Consumidor Final,Credito,5300
22655,2026-06-07 18:06:00,CLI-292,Debito,10800
22656,2026-06-07 19:37:00,Consumidor Final,Efectivo,8700
22657,2026-06-07 08:13:00,CLI-127,Mercado Pago,9200
22658,2026-06-07 16:38:00,CLI-233,Efectivo,5400
22659,2026-06-07 19:00:00,CLI-123,Mercado Pago,1500
22660,2026-06-07 18:43:00,Consumidor Final,Efectivo,11950
22661,2026-06-07 16:01:00,CLI-199,Efectivo,19750
22662,2026-06-07 20:44:00,CLI-253,Efectivo,4200
22663,2026-06-07 18:22:00,Consumidor Final,Mercado Pago,1100
22664,2026-06-07 20:06:00,CLI-191,Mercado Pago,22600
22665,2026-06-07 18:09:00,Consumidor Final,Efectivo,4800
22666,2026-06-07 09:44:00,CLI-130,Credito,18100
22667,2026-06-07 11:46:00,CLI-201,Credito,3700
22668,2026-06-07 16:32:00,CLI-115,Efectivo,14900
22669,2026-06-07 19:42:00,Consumidor Final,Mercado Pago,2200
22670,2026-06-07 18:44:00,CLI-220,Debito,9900
22671,2026-06-07 12:39:00,Consumidor Final,Debito,11100
22672,2026-06-07 11:27:00,CLI-151,Debito,8350
22673,2026-06-07 17:25:00,CLI-185,Mercado Pago,4500
22674,2026-06-07 17:43:00,CLI-105,Mercado Pago,3600
22675,2026-06-07 11:43:00,CLI-231,Mercado Pago,4800
22676,2026-06-07 08:24:00,Consumidor Final,Credito,20550
22677,2026-06-07 12:58:00,Consumidor Final,Debito,4600
22678,2026-06-07 11:38:00,CLI-188,Mercado Pago,22250
22679,2026-06-07 20:41:00,CLI-138,Credito,8450
22680,2026-06-07 12:31:00,CLI-116,Efectivo,7800
22681,2026-06-07 09:29:00,Consumidor Final,Mercado Pago,6600
22682,2026-06-07 11:40:00,CLI-226,Mercado Pago,11700
22683,2026-06-07 20:57:00,Consumidor Final,Efectivo,2200
22684,2026-06-07 20:18:00,CLI-208,Efectivo,18700
22685,2026-06-07 18:46:00,CLI-200,Debito,18500
22686,2026-06-07 09:58:00,Consumidor Final,Efectivo,13700
22687,2026-06-07 11:27:00,Consumidor Final,Mercado Pago,15000
22688,2026-06-07 09:02:00,Consumidor Final,Mercado Pago,21700
22689,2026-06-07 10:21:00,CLI-150,Efectivo,5900
22690,2026-06-07 18:36:00,CLI-279,Mercado Pago,18050
22691,2026-06-07 16:53:00,Consumidor Final,Efectivo,1500
22692,2026-06-07 16:49:00,CLI-136,Efectivo,8800
22693,2026-06-07 12:25:00,Consumidor Final,Debito,11750
22694,2026-06-07 17:46:00,Consumidor Final,Efectivo,13050
22695,2026-06-07 19:01:00,CLI-183,Debito,17400
22696,2026-06-08 16:18:00,Consumidor Final,Efectivo,3800
22697,2026-06-08 08:40:00,Consumidor Final,Mercado Pago,11900
22698,2026-06-08 10:10:00,CLI-108,Debito,6000
22699,2026-06-08 08:05:00,Consumidor Final,Mercado Pago,4500
22700,2026-06-08 19:26:00,CLI-278,Efectivo,21250
22701,2026-06-08 17:53:00,CLI-104,Mercado Pago,11400
22702,2026-06-08 20:39:00,Consumidor Final,Mercado Pago,1650
22703,2026-06-08 16:49:00,CLI-160,Debito,14700
22704,2026-06-08 10:45:00,Consumidor Final,Credito,4200
22705,2026-06-08 08:43:00,CLI-283,Credito,1500
22706,2026-06-08 20:51:00,CLI-274,Debito,13150
22707,2026-06-08 16:55:00,Consumidor Final,Debito,17200
22708,2026-06-08 20:33:00,CLI-221,Efectivo,7400
22709,2026-06-08 17:35:00,Consumidor Final,Debito,17450
22710,2026-06-08 08:47:00,CLI-249,Efectivo,16100
22711,2026-06-08 16:07:00,Consumidor Final,Efectivo,5400
22712,2026-06-08 20:02:00,CLI-274,Efectivo,20000
22713,2026-06-08 08:30:00,CLI-161,Debito,11300
22714,2026-06-08 20:12:00,Consumidor Final,Debito,5250
22715,2026-06-08 18:50:00,CLI-109,Mercado Pago,9200
22716,2026-06-08 17:40:00,CLI-117,Mercado Pago,2900
22717,2026-06-08 11:15:00,CLI-275,Efectivo,8550
22718,2026-06-08 16:51:00,CLI-251,Credito,16600
22719,2026-06-08 16:47:00,Consumidor Final,Efectivo,19800
22720,2026-06-08 08:08:00,CLI-240,Mercado Pago,1800
22721,2026-06-08 10:42:00,CLI-141,Credito,22800
22722,2026-06-08 11:29:00,CLI-251,Efectivo,16300
22723,2026-06-08 20:36:00,CLI-209,Mercado Pago,3300
22724,2026-06-08 19:18:00,CLI-276,Mercado Pago,12300
22725,2026-06-08 20:05:00,CLI-276,Efectivo,20250
22726,2026-06-08 10:42:00,CLI-110,Debito,28300
22727,2026-06-08 16:43:00,CLI-133,Credito,7550
22728,2026-06-08 08:05:00,CLI-109,Debito,4800
22729,2026-06-08 08:40:00,Consumidor Final,Mercado Pago,9200
22730,2026-06-08 12:58:00,Consumidor Final,Mercado Pago,1100
22731,2026-06-08 12:13:00,Consumidor Final,Mercado Pago,10900
22732,2026-06-08 12:04:00,CLI-291,Credito,1800
22733,2026-06-08 12:19:00,CLI-292,Efectivo,1800
22734,2026-06-08 10:34:00,CLI-200,Efectivo,9900
22735,2026-06-08 11:05:00,Consumidor Final,Debito,15000
22736,2026-06-08 16:40:00,Consumidor Final,Debito,29250
22737,2026-06-08 16:39:00,Consumidor Final,Efectivo,2250
22738,2026-06-08 08:20:00,Consumidor Final,Mercado Pago,2700
22739,2026-06-08 18:49:00,Consumidor Final,Efectivo,19900
22740,2026-06-08 17:27:00,CLI-284,Mercado Pago,1500
22741,2026-06-08 12:04:00,CLI-226,Debito,13650
22742,2026-06-08 18:11:00,Consumidor Final,Efectivo,2900
22743,2026-06-08 20:22:00,Consumidor Final,Mercado Pago,8350
22744,2026-06-08 08:10:00,Consumidor Final,Mercado Pago,14700
22745,2026-06-08 08:59:00,CLI-129,Efectivo,13500
22746,2026-06-08 11:55:00,Consumidor Final,Efectivo,7700
22747,2026-06-08 19:38:00,CLI-216,Mercado Pago,2700
22748,2026-06-08 09:15:00,CLI-126,Mercado Pago,17700
22749,2026-06-08 19:29:00,CLI-271,Efectivo,27300
22750,2026-06-08 17:54:00,CLI-109,Debito,2250
22751,2026-06-08 17:40:00,CLI-160,Debito,2600
22752,2026-06-08 17:00:00,CLI-117,Debito,14400
22753,2026-06-08 20:07:00,Consumidor Final,Debito,1800
22754,2026-06-08 08:32:00,CLI-282,Mercado Pago,19050
22755,2026-06-08 10:01:00,CLI-113,Mercado Pago,12700
22756,2026-06-08 10:36:00,CLI-190,Efectivo,7250
22757,2026-06-08 09:03:00,Consumidor Final,Efectivo,10650
22758,2026-06-09 20:18:00,CLI-186,Efectivo,28900
22759,2026-06-09 12:54:00,Consumidor Final,Mercado Pago,8350
22760,2026-06-09 11:27:00,Consumidor Final,Mercado Pago,13250
22761,2026-06-09 18:49:00,CLI-123,Credito,7050
22762,2026-06-09 12:45:00,Consumidor Final,Mercado Pago,12600
22763,2026-06-09 16:36:00,CLI-226,Mercado Pago,19500
22764,2026-06-09 12:00:00,CLI-110,Debito,10300
22765,2026-06-09 09:04:00,Consumidor Final,Efectivo,11400
22766,2026-06-09 08:37:00,CLI-269,Efectivo,30850
22767,2026-06-09 12:54:00,CLI-236,Mercado Pago,13950
22768,2026-06-09 20:12:00,Consumidor Final,Efectivo,9000
22769,2026-06-09 17:03:00,Consumidor Final,Efectivo,3600
22770,2026-06-09 18:55:00,CLI-132,Mercado Pago,23050
22771,2026-06-09 18:47:00,Consumidor Final,Credito,13200
22772,2026-06-09 11:17:00,Consumidor Final,Efectivo,4700
22773,2026-06-09 20:27:00,Consumidor Final,Debito,8400
22774,2026-06-09 17:35:00,CLI-200,Credito,8750
22775,2026-06-09 20:48:00,CLI-116,Credito,7600
22776,2026-06-09 18:34:00,CLI-228,Efectivo,18400
22777,2026-06-09 17:44:00,CLI-105,Efectivo,7900
22778,2026-06-09 10:19:00,CLI-209,Debito,11550
22779,2026-06-09 19:59:00,CLI-243,Mercado Pago,14450
22780,2026-06-09 08:22:00,CLI-177,Mercado Pago,10800
22781,2026-06-09 09:51:00,Consumidor Final,Debito,4600
22782,2026-06-09 17:31:00,CLI-292,Efectivo,2200
22783,2026-06-09 16:34:00,CLI-270,Debito,6300
22784,2026-06-09 10:28:00,Consumidor Final,Mercado Pago,8250
22785,2026-06-09 10:55:00,CLI-169,Debito,2550
22786,2026-06-09 11:31:00,Consumidor Final,Mercado Pago,23050
22787,2026-06-09 08:49:00,CLI-228,Efectivo,900
22788,2026-06-09 18:43:00,CLI-106,Credito,3200
22789,2026-06-09 19:46:00,CLI-233,Efectivo,9700
22790,2026-06-09 17:48:00,Consumidor Final,Efectivo,8650
22791,2026-06-09 18:46:00,Consumidor Final,Efectivo,17000
22792,2026-06-09 08:59:00,CLI-232,Debito,28700
22793,2026-06-09 20:15:00,Consumidor Final,Efectivo,11100
22794,2026-06-09 19:46:00,Consumidor Final,Mercado Pago,35850
22795,2026-06-09 12:57:00,Consumidor Final,Mercado Pago,6900
22796,2026-06-09 08:43:00,CLI-160,Efectivo,5100
22797,2026-06-09 19:31:00,CLI-248,Mercado Pago,18000
22798,2026-06-09 18:33:00,CLI-134,Mercado Pago,11600
22799,2026-06-09 18:52:00,CLI-220,Credito,17850
22800,2026-06-09 08:30:00,Consumidor Final,Debito,1500
22801,2026-06-09 09:26:00,CLI-232,Debito,12250
22802,2026-06-09 18:37:00,Consumidor Final,Efectivo,17850
22803,2026-06-09 10:06:00,CLI-122,Efectivo,8100
22804,2026-06-09 12:56:00,CLI-290,Mercado Pago,1800
22805,2026-06-09 10:56:00,CLI-221,Mercado Pago,23450
22806,2026-06-09 12:27:00,CLI-131,Debito,24750
22807,2026-06-09 12:37:00,CLI-277,Mercado Pago,16100
22808,2026-06-09 11:42:00,Consumidor Final,Mercado Pago,25450
22809,2026-06-09 12:24:00,CLI-150,Debito,15100
22810,2026-06-10 08:03:00,CLI-248,Mercado Pago,14000
22811,2026-06-10 08:46:00,CLI-171,Efectivo,15000
22812,2026-06-10 17:51:00,Consumidor Final,Debito,4800
22813,2026-06-10 16:59:00,CLI-216,Debito,5400
22814,2026-06-10 12:38:00,Consumidor Final,Credito,14700
22815,2026-06-10 19:37:00,CLI-270,Efectivo,2200
22816,2026-06-10 09:59:00,CLI-216,Debito,1100
22817,2026-06-10 11:41:00,CLI-270,Efectivo,17800
22818,2026-06-10 18:10:00,Consumidor Final,Debito,16650
22819,2026-06-10 19:07:00,CLI-211,Mercado Pago,15050
22820,2026-06-10 19:48:00,CLI-226,Mercado Pago,1600
22821,2026-06-10 18:04:00,CLI-255,Debito,12900
22822,2026-06-10 08:42:00,CLI-100,Efectivo,21500
22823,2026-06-10 18:47:00,Consumidor Final,Mercado Pago,11400
22824,2026-06-10 20:26:00,Consumidor Final,Efectivo,14150
22825,2026-06-10 09:42:00,CLI-288,Debito,16000
22826,2026-06-10 17:10:00,CLI-141,Efectivo,17000
22827,2026-06-10 08:31:00,CLI-105,Debito,23500
22828,2026-06-10 16:17:00,Consumidor Final,Credito,7550
22829,2026-06-10 09:52:00,Consumidor Final,Mercado Pago,1500
22830,2026-06-10 08:52:00,CLI-258,Mercado Pago,9200
22831,2026-06-10 10:05:00,Consumidor Final,Mercado Pago,8400
22832,2026-06-10 08:20:00,Consumidor Final,Mercado Pago,2200
22833,2026-06-10 18:09:00,CLI-211,Mercado Pago,29750
22834,2026-06-10 20:33:00,CLI-130,Efectivo,3450
22835,2026-06-10 18:34:00,Consumidor Final,Efectivo,31700
22836,2026-06-10 17:30:00,CLI-269,Debito,35300
22837,2026-06-10 20:01:00,Consumidor Final,Credito,7500
22838,2026-06-10 17:23:00,CLI-208,Mercado Pago,3600
22839,2026-06-10 11:11:00,CLI-174,Credito,13150
22840,2026-06-10 09:36:00,Consumidor Final,Mercado Pago,5000
22841,2026-06-10 20:06:00,Consumidor Final,Mercado Pago,16800
22842,2026-06-10 12:18:00,CLI-188,Efectivo,4500
22843,2026-06-10 17:20:00,Consumidor Final,Efectivo,8850
22844,2026-06-10 09:46:00,CLI-158,Efectivo,24500
22845,2026-06-10 09:55:00,Consumidor Final,Credito,32050
22846,2026-06-10 16:48:00,CLI-239,Debito,3300
22847,2026-06-10 12:53:00,CLI-216,Efectivo,15250
22848,2026-06-10 08:09:00,Consumidor Final,Mercado Pago,8300
22849,2026-06-10 11:51:00,CLI-214,Debito,10400
22850,2026-06-10 17:15:00,CLI-260,Mercado Pago,1500
22851,2026-06-10 17:38:00,Consumidor Final,Debito,28150
22852,2026-06-10 11:26:00,CLI-212,Credito,15500
22853,2026-06-10 08:52:00,Consumidor Final,Mercado Pago,24200
22854,2026-06-10 11:23:00,Consumidor Final,Debito,3800
22855,2026-06-10 17:19:00,CLI-286,Credito,3800
22856,2026-06-11 08:21:00,CLI-286,Debito,16600
22857,2026-06-11 17:56:00,CLI-206,Debito,14100
22858,2026-06-11 20:57:00,Consumidor Final,Mercado Pago,5250
22859,2026-06-11 20:38:00,CLI-251,Mercado Pago,4500
22860,2026-06-11 08:16:00,Consumidor Final,Mercado Pago,18900
22861,2026-06-11 16:04:00,Consumidor Final,Efectivo,2250
22862,2026-06-11 10:50:00,Consumidor Final,Debito,10800
22863,2026-06-11 16:37:00,Consumidor Final,Debito,34150
22864,2026-06-11 17:28:00,Consumidor Final,Mercado Pago,13000
22865,2026-06-11 19:29:00,CLI-132,Credito,4450
22866,2026-06-11 19:21:00,Consumidor Final,Mercado Pago,1600
22867,2026-06-11 16:51:00,CLI-237,Efectivo,6600
22868,2026-06-11 08:35:00,Consumidor Final,Mercado Pago,7050
22869,2026-06-11 20:31:00,CLI-174,Credito,8900
22870,2026-06-11 19:05:00,CLI-137,Debito,1800
22871,2026-06-11 12:21:00,Consumidor Final,Efectivo,25650
22872,2026-06-11 16:12:00,CLI-196,Efectivo,4500
22873,2026-06-11 08:35:00,Consumidor Final,Debito,25350
22874,2026-06-11 09:54:00,Consumidor Final,Efectivo,10600
22875,2026-06-11 19:59:00,Consumidor Final,Debito,32050
22876,2026-06-11 09:39:00,Consumidor Final,Efectivo,5150
22877,2026-06-11 17:38:00,CLI-140,Efectivo,22750
22878,2026-06-11 19:46:00,CLI-149,Debito,10150
22879,2026-06-11 12:08:00,Consumidor Final,Efectivo,1850
22880,2026-06-11 10:29:00,CLI-230,Efectivo,25800
22881,2026-06-11 19:37:00,CLI-210,Mercado Pago,23400
22882,2026-06-11 09:37:00,CLI-171,Debito,32900
22883,2026-06-11 08:25:00,Consumidor Final,Debito,8100
22884,2026-06-11 12:41:00,Consumidor Final,Efectivo,5550
22885,2026-06-11 08:46:00,CLI-105,Efectivo,2200
22886,2026-06-11 16:10:00,CLI-137,Mercado Pago,6600
22887,2026-06-11 20:41:00,CLI-184,Mercado Pago,12600
22888,2026-06-11 18:16:00,CLI-266,Mercado Pago,6100
22889,2026-06-11 08:35:00,Consumidor Final,Debito,2700
22890,2026-06-11 17:29:00,CLI-160,Debito,7050
22891,2026-06-11 18:43:00,CLI-169,Mercado Pago,15700
22892,2026-06-11 10:39:00,Consumidor Final,Mercado Pago,5400
22893,2026-06-11 18:57:00,Consumidor Final,Efectivo,9400
22894,2026-06-11 17:15:00,CLI-230,Mercado Pago,1100
22895,2026-06-11 08:20:00,Consumidor Final,Debito,24450
22896,2026-06-11 19:28:00,Consumidor Final,Mercado Pago,28250
22897,2026-06-11 16:25:00,CLI-185,Efectivo,750
22898,2026-06-11 20:08:00,CLI-186,Efectivo,24600
22899,2026-06-11 08:34:00,CLI-220,Efectivo,16800
22900,2026-06-11 12:56:00,CLI-125,Credito,1500
22901,2026-06-11 17:36:00,CLI-140,Debito,8200
22902,2026-06-11 17:44:00,CLI-204,Mercado Pago,4400
22903,2026-06-11 12:43:00,CLI-148,Efectivo,23100
22904,2026-06-11 09:25:00,CLI-287,Debito,20400
22905,2026-06-11 17:52:00,Consumidor Final,Debito,4400
22906,2026-06-11 09:01:00,CLI-190,Efectivo,21950
22907,2026-06-11 16:35:00,CLI-214,Credito,25900
22908,2026-06-11 08:12:00,CLI-139,Efectivo,4500
22909,2026-06-12 18:17:00,Consumidor Final,Debito,16200
22910,2026-06-12 16:51:00,Consumidor Final,Debito,9900
22911,2026-06-12 10:05:00,CLI-125,Debito,24850
22912,2026-06-12 08:25:00,Consumidor Final,Mercado Pago,5900
22913,2026-06-12 20:13:00,Consumidor Final,Efectivo,8800
22914,2026-06-12 11:42:00,CLI-185,Credito,9200
22915,2026-06-12 18:26:00,CLI-198,Debito,3200
22916,2026-06-12 17:17:00,Consumidor Final,Debito,21500
22917,2026-06-12 20:55:00,Consumidor Final,Mercado Pago,24950
22918,2026-06-12 19:49:00,CLI-218,Debito,19100
22919,2026-06-12 10:18:00,CLI-184,Mercado Pago,12250
22920,2026-06-12 17:09:00,CLI-205,Mercado Pago,10400
22921,2026-06-12 20:57:00,CLI-119,Debito,17300
22922,2026-06-12 17:00:00,CLI-124,Efectivo,8400
22923,2026-06-12 12:04:00,Consumidor Final,Debito,14900
22924,2026-06-12 09:09:00,CLI-296,Mercado Pago,6600
22925,2026-06-12 19:45:00,Consumidor Final,Efectivo,2200
22926,2026-06-12 18:55:00,CLI-221,Mercado Pago,20950
22927,2026-06-12 19:57:00,CLI-297,Debito,6600
22928,2026-06-12 19:29:00,CLI-127,Mercado Pago,5100
22929,2026-06-12 12:00:00,CLI-248,Efectivo,4400
22930,2026-06-12 19:16:00,Consumidor Final,Debito,5600
22931,2026-06-12 17:13:00,Consumidor Final,Efectivo,3600
22932,2026-06-12 08:21:00,CLI-158,Efectivo,22750
22933,2026-06-12 11:48:00,CLI-123,Mercado Pago,2200
22934,2026-06-12 12:06:00,CLI-195,Debito,16850
22935,2026-06-12 11:58:00,Consumidor Final,Mercado Pago,5400
22936,2026-06-12 16:03:00,Consumidor Final,Efectivo,25350
22937,2026-06-12 10:16:00,CLI-228,Mercado Pago,7550
22938,2026-06-12 19:58:00,Consumidor Final,Efectivo,1100
22939,2026-06-12 20:24:00,Consumidor Final,Efectivo,25250
22940,2026-06-12 10:50:00,Consumidor Final,Debito,30300
22941,2026-06-12 09:47:00,Consumidor Final,Mercado Pago,19850
22942,2026-06-12 08:07:00,CLI-230,Efectivo,13700
22943,2026-06-12 19:58:00,Consumidor Final,Debito,8500
22944,2026-06-12 19:41:00,Consumidor Final,Efectivo,11400
22945,2026-06-12 16:03:00,Consumidor Final,Efectivo,10700
22946,2026-06-12 11:57:00,Consumidor Final,Mercado Pago,11400
22947,2026-06-12 19:54:00,CLI-298,Efectivo,19550
22948,2026-06-12 12:31:00,CLI-173,Efectivo,8150
22949,2026-06-12 09:22:00,CLI-164,Debito,25400
22950,2026-06-12 08:20:00,CLI-135,Efectivo,4400
22951,2026-06-12 08:27:00,CLI-234,Efectivo,8100
22952,2026-06-12 08:45:00,Consumidor Final,Debito,9200
22953,2026-06-12 17:28:00,CLI-288,Debito,28250
22954,2026-06-12 16:08:00,CLI-274,Mercado Pago,4450
22955,2026-06-13 11:04:00,CLI-277,Mercado Pago,16300
22956,2026-06-13 18:05:00,CLI-182,Efectivo,5400
22957,2026-06-13 17:01:00,CLI-154,Debito,27150
22958,2026-06-13 19:00:00,Consumidor Final,Efectivo,3600
22959,2026-06-13 10:42:00,CLI-130,Mercado Pago,1500
22960,2026-06-13 12:59:00,CLI-230,Debito,6600
22961,2026-06-13 10:05:00,Consumidor Final,Credito,12150
22962,2026-06-13 16:26:00,Consumidor Final,Mercado Pago,4900
22963,2026-06-13 08:21:00,Consumidor Final,Mercado Pago,16600
22964,2026-06-13 08:09:00,Consumidor Final,Efectivo,11200
22965,2026-06-13 10:55:00,CLI-221,Debito,6600
22966,2026-06-13 17:29:00,CLI-193,Debito,3950
22967,2026-06-13 08:41:00,CLI-150,Efectivo,6600
22968,2026-06-13 12:40:00,Consumidor Final,Efectivo,7600
22969,2026-06-13 18:21:00,Consumidor Final,Debito,16450
22970,2026-06-13 12:22:00,CLI-269,Efectivo,23600
22971,2026-06-13 10:32:00,CLI-239,Efectivo,26300
22972,2026-06-13 17:22:00,CLI-178,Debito,6600
22973,2026-06-13 19:38:00,Consumidor Final,Mercado Pago,9100
22974,2026-06-13 17:25:00,CLI-242,Efectivo,2200
22975,2026-06-13 18:04:00,Consumidor Final,Mercado Pago,10300
22976,2026-06-13 19:21:00,Consumidor Final,Mercado Pago,24300
22977,2026-06-13 19:12:00,CLI-144,Mercado Pago,4000
22978,2026-06-13 20:19:00,CLI-231,Debito,1100
22979,2026-06-13 08:06:00,CLI-200,Efectivo,3300
22980,2026-06-13 12:56:00,Consumidor Final,Credito,8150
22981,2026-06-13 09:19:00,CLI-115,Debito,28350
22982,2026-06-13 19:31:00,Consumidor Final,Efectivo,1800
22983,2026-06-13 09:17:00,CLI-143,Debito,3100
22984,2026-06-13 12:08:00,CLI-270,Efectivo,4550
22985,2026-06-13 08:31:00,Consumidor Final,Debito,15100
22986,2026-06-13 20:58:00,CLI-152,Mercado Pago,5700
22987,2026-06-13 10:22:00,CLI-144,Mercado Pago,11400
22988,2026-06-13 08:36:00,CLI-128,Mercado Pago,7600
22989,2026-06-13 18:07:00,CLI-235,Mercado Pago,17700
22990,2026-06-13 09:23:00,Consumidor Final,Debito,4400
22991,2026-06-13 12:31:00,Consumidor Final,Efectivo,900
22992,2026-06-13 08:29:00,CLI-172,Mercado Pago,14200
22993,2026-06-13 11:08:00,Consumidor Final,Debito,1500
22994,2026-06-13 12:35:00,Consumidor Final,Mercado Pago,6150
22995,2026-06-13 16:07:00,Consumidor Final,Efectivo,10700
22996,2026-06-13 16:18:00,CLI-232,Efectivo,15800
22997,2026-06-13 19:52:00,CLI-217,Mercado Pago,10200
22998,2026-06-13 08:56:00,CLI-211,Efectivo,34400
22999,2026-06-13 12:30:00,CLI-290,Efectivo,12800
23000,2026-06-13 17:07:00,CLI-183,Efectivo,1500
23001,2026-06-13 10:01:00,Consumidor Final,Efectivo,12300
23002,2026-06-13 11:36:00,CLI-195,Debito,14600
23003,2026-06-13 08:36:00,CLI-156,Efectivo,20200
23004,2026-06-13 19:12:00,CLI-297,Efectivo,4800
23005,2026-06-13 18:54:00,CLI-193,Mercado Pago,3750
23006,2026-06-13 18:56:00,CLI-120,Efectivo,22500
23007,2026-06-14 18:17:00,CLI-113,Debito,19000
23008,2026-06-14 10:43:00,Consumidor Final,Debito,9200
23009,2026-06-14 18:15:00,CLI-208,Debito,4400
23010,2026-06-14 18:42:00,CLI-129,Debito,19200
23011,2026-06-14 18:34:00,Consumidor Final,Debito,6600
23012,2026-06-14 16:11:00,CLI-299,Mercado Pago,11400
23013,2026-06-14 08:21:00,Consumidor Final,Mercado Pago,11850
23014,2026-06-14 17:42:00,CLI-132,Debito,3300
23015,2026-06-14 08:25:00,CLI-133,Debito,12200
23016,2026-06-14 11:05:00,Consumidor Final,Debito,4100
23017,2026-06-14 08:36:00,Consumidor Final,Efectivo,8000
23018,2026-06-14 20:59:00,CLI-221,Debito,26000
23019,2026-06-14 19:23:00,CLI-156,Mercado Pago,1500
23020,2026-06-14 20:18:00,Consumidor Final,Debito,1100
23021,2026-06-14 20:20:00,Consumidor Final,Credito,5000
23022,2026-06-14 10:26:00,Consumidor Final,Debito,25450
23023,2026-06-14 12:22:00,Consumidor Final,Efectivo,8100
23024,2026-06-14 10:14:00,CLI-128,Mercado Pago,27300
23025,2026-06-14 09:15:00,Consumidor Final,Mercado Pago,6300
23026,2026-06-14 16:11:00,CLI-225,Mercado Pago,3800
23027,2026-06-14 11:03:00,Consumidor Final,Mercado Pago,13000
23028,2026-06-14 16:25:00,Consumidor Final,Mercado Pago,1800
23029,2026-06-14 11:04:00,Consumidor Final,Efectivo,17050
23030,2026-06-14 10:36:00,CLI-163,Credito,25350
23031,2026-06-14 12:08:00,CLI-259,Efectivo,28950
23032,2026-06-14 09:51:00,CLI-244,Credito,19000
23033,2026-06-14 16:26:00,Consumidor Final,Debito,22850
23034,2026-06-14 10:35:00,Consumidor Final,Debito,1600
23035,2026-06-14 10:29:00,Consumidor Final,Mercado Pago,14400
23036,2026-06-14 19:17:00,CLI-236,Debito,12100
23037,2026-06-14 12:49:00,CLI-106,Debito,7600
23038,2026-06-14 10:16:00,CLI-218,Debito,12400
23039,2026-06-14 11:56:00,Consumidor Final,Debito,10500
23040,2026-06-14 17:09:00,CLI-101,Efectivo,750
23041,2026-06-14 17:29:00,CLI-213,Credito,2700
23042,2026-06-14 09:06:00,CLI-179,Credito,1500
23043,2026-06-14 08:32:00,CLI-296,Efectivo,21100
23044,2026-06-14 18:48:00,CLI-218,Debito,17000
23045,2026-06-14 08:01:00,CLI-175,Efectivo,9800
23046,2026-06-14 18:11:00,CLI-112,Credito,12900
23047,2026-06-14 11:00:00,CLI-288,Debito,1500
23048,2026-06-14 10:31:00,CLI-212,Debito,8400
23049,2026-06-14 18:32:00,CLI-195,Efectivo,1500
23050,2026-06-14 12:03:00,Consumidor Final,Debito,16800
23051,2026-06-14 20:29:00,Consumidor Final,Mercado Pago,9100
23052,2026-06-14 16:13:00,Consumidor Final,Debito,1500
23053,2026-06-15 08:27:00,Consumidor Final,Debito,15500
23054,2026-06-15 20:46:00,CLI-256,Efectivo,4300
23055,2026-06-15 16:03:00,CLI-234,Debito,3800
23056,2026-06-15 19:45:00,Consumidor Final,Mercado Pago,1800
23057,2026-06-15 19:44:00,Consumidor Final,Efectivo,22250
23058,2026-06-15 12:33:00,Consumidor Final,Mercado Pago,6200
23059,2026-06-15 09:00:00,Consumidor Final,Debito,10750
23060,2026-06-15 11:26:00,CLI-214,Mercado Pago,11400
23061,2026-06-15 18:00:00,CLI-266,Mercado Pago,3450
23062,2026-06-15 18:10:00,Consumidor Final,Mercado Pago,30000
23063,2026-06-15 11:26:00,CLI-129,Mercado Pago,5400
23064,2026-06-15 18:30:00,Consumidor Final,Efectivo,4900
23065,2026-06-15 09:43:00,Consumidor Final,Debito,11850
23066,2026-06-15 16:09:00,CLI-163,Debito,2700
23067,2026-06-15 16:06:00,CLI-111,Debito,2400
23068,2026-06-15 09:01:00,CLI-129,Credito,14100
23069,2026-06-15 10:14:00,CLI-227,Mercado Pago,10300
23070,2026-06-15 12:58:00,Consumidor Final,Mercado Pago,18200
23071,2026-06-15 18:53:00,Consumidor Final,Mercado Pago,1800
23072,2026-06-15 20:57:00,Consumidor Final,Mercado Pago,32550
23073,2026-06-15 18:39:00,Consumidor Final,Debito,12950
23074,2026-06-15 08:49:00,CLI-250,Efectivo,3600
23075,2026-06-15 18:10:00,CLI-237,Mercado Pago,6600
23076,2026-06-15 11:51:00,Consumidor Final,Credito,12750
23077,2026-06-15 16:14:00,Consumidor Final,Mercado Pago,11250
23078,2026-06-15 20:39:00,Consumidor Final,Mercado Pago,4450
23079,2026-06-15 20:34:00,CLI-260,Mercado Pago,3000
23080,2026-06-15 11:22:00,Consumidor Final,Debito,30000
23081,2026-06-15 10:55:00,CLI-131,Mercado Pago,8350
23082,2026-06-15 17:22:00,Consumidor Final,Mercado Pago,4700
23083,2026-06-15 10:35:00,Consumidor Final,Debito,20200
23084,2026-06-15 20:34:00,Consumidor Final,Credito,17600
23085,2026-06-15 20:56:00,CLI-233,Mercado Pago,5400
23086,2026-06-15 20:59:00,Consumidor Final,Efectivo,2350
23087,2026-06-15 19:24:00,Consumidor Final,Efectivo,3200
23088,2026-06-15 18:17:00,Consumidor Final,Debito,5300
23089,2026-06-15 16:01:00,CLI-254,Efectivo,25900
23090,2026-06-15 08:18:00,CLI-106,Mercado Pago,13250
23091,2026-06-15 16:26:00,Consumidor Final,Mercado Pago,14900
23092,2026-06-15 19:54:00,CLI-222,Efectivo,4800
23093,2026-06-15 12:44:00,CLI-114,Debito,3850
23094,2026-06-15 12:26:00,CLI-137,Mercado Pago,6300
23095,2026-06-15 12:54:00,CLI-100,Efectivo,8100
23096,2026-06-15 09:48:00,Consumidor Final,Mercado Pago,5600
23097,2026-06-15 16:31:00,CLI-215,Mercado Pago,12300
23098,2026-06-15 12:44:00,CLI-145,Efectivo,5850
23099,2026-06-16 10:10:00,CLI-160,Efectivo,8100
23100,2026-06-16 16:48:00,CLI-270,Efectivo,24200
23101,2026-06-16 18:15:00,Consumidor Final,Debito,16000
23102,2026-06-16 12:46:00,CLI-266,Debito,3600
23103,2026-06-16 09:23:00,Consumidor Final,Debito,29600
23104,2026-06-16 10:17:00,Consumidor Final,Credito,7700
23105,2026-06-16 16:57:00,CLI-231,Efectivo,6300
23106,2026-06-16 16:05:00,Consumidor Final,Debito,18300
23107,2026-06-16 17:31:00,CLI-147,Mercado Pago,5900
23108,2026-06-16 17:51:00,Consumidor Final,Efectivo,4050
23109,2026-06-16 16:59:00,CLI-213,Debito,20850
23110,2026-06-16 18:12:00,CLI-216,Mercado Pago,11400
23111,2026-06-16 09:21:00,Consumidor Final,Debito,6600
23112,2026-06-16 19:38:00,CLI-271,Mercado Pago,2600
23113,2026-06-16 19:58:00,CLI-112,Efectivo,3200
23114,2026-06-16 11:48:00,CLI-250,Efectivo,5850
23115,2026-06-16 18:02:00,CLI-203,Debito,19950
23116,2026-06-16 17:04:00,CLI-180,Efectivo,6400
23117,2026-06-16 11:38:00,Consumidor Final,Credito,900
23118,2026-06-16 18:17:00,Consumidor Final,Debito,13900
23119,2026-06-16 10:57:00,CLI-140,Debito,27350
23120,2026-06-16 16:15:00,Consumidor Final,Efectivo,21650
23121,2026-06-16 16:01:00,CLI-283,Debito,1500
23122,2026-06-16 19:07:00,CLI-185,Debito,1100
23123,2026-06-16 17:11:00,Consumidor Final,Credito,12300
23124,2026-06-16 19:50:00,CLI-147,Credito,8100
23125,2026-06-16 10:54:00,CLI-137,Mercado Pago,6300
23126,2026-06-16 20:35:00,CLI-273,Mercado Pago,19550
23127,2026-06-16 08:53:00,CLI-157,Efectivo,21200
23128,2026-06-16 10:51:00,Consumidor Final,Mercado Pago,18950
23129,2026-06-16 11:42:00,CLI-205,Debito,22200
23130,2026-06-16 11:04:00,CLI-192,Debito,3400
23131,2026-06-16 11:27:00,CLI-117,Mercado Pago,17500
23132,2026-06-16 10:41:00,CLI-206,Efectivo,3300
23133,2026-06-16 19:54:00,Consumidor Final,Debito,3800
23134,2026-06-16 18:33:00,CLI-252,Mercado Pago,26550
23135,2026-06-16 20:22:00,CLI-106,Efectivo,6150
23136,2026-06-16 20:19:00,CLI-171,Mercado Pago,2250
23137,2026-06-16 08:06:00,Consumidor Final,Efectivo,21400
23138,2026-06-16 11:54:00,CLI-174,Debito,4500
23139,2026-06-16 17:00:00,CLI-221,Efectivo,5200
23140,2026-06-16 19:19:00,CLI-271,Debito,19700
23141,2026-06-16 10:49:00,Consumidor Final,Efectivo,3750
23142,2026-06-16 18:53:00,CLI-216,Mercado Pago,13950
23143,2026-06-16 09:32:00,Consumidor Final,Efectivo,6000
23144,2026-06-16 11:30:00,CLI-170,Debito,7600
23145,2026-06-16 10:34:00,CLI-115,Efectivo,12500
23146,2026-06-16 12:20:00,CLI-292,Debito,13650
23147,2026-06-16 20:32:00,Consumidor Final,Mercado Pago,3850
23148,2026-06-16 19:25:00,CLI-193,Efectivo,4500
23149,2026-06-16 12:17:00,CLI-149,Mercado Pago,12700
23150,2026-06-16 19:49:00,Consumidor Final,Efectivo,6600
23151,2026-06-16 08:56:00,Consumidor Final,Efectivo,1800
23152,2026-06-16 20:59:00,Consumidor Final,Debito,4900
23153,2026-06-16 09:21:00,CLI-242,Debito,1600
23154,2026-06-16 08:04:00,CLI-159,Debito,6600
23155,2026-06-16 12:13:00,Consumidor Final,Debito,15400
23156,2026-06-16 12:51:00,Consumidor Final,Mercado Pago,27150
23157,2026-06-16 17:36:00,Consumidor Final,Debito,17100
23158,2026-06-16 20:07:00,CLI-276,Debito,11700
23159,2026-06-16 12:08:00,CLI-285,Debito,18900
23160,2026-06-16 08:39:00,Consumidor Final,Credito,8050
23161,2026-06-17 19:00:00,CLI-189,Mercado Pago,9900
23162,2026-06-17 19:40:00,Consumidor Final,Mercado Pago,24500
23163,2026-06-17 16:28:00,Consumidor Final,Mercado Pago,7350
23164,2026-06-17 16:10:00,Consumidor Final,Efectivo,5400
23165,2026-06-17 09:05:00,Consumidor Final,Mercado Pago,5850
23166,2026-06-17 16:48:00,CLI-280,Efectivo,3600
23167,2026-06-17 20:41:00,Consumidor Final,Credito,20250
23168,2026-06-17 12:51:00,CLI-205,Efectivo,3200
23169,2026-06-17 17:05:00,CLI-221,Mercado Pago,2700
23170,2026-06-17 11:38:00,Consumidor Final,Debito,5600
23171,2026-06-17 09:13:00,CLI-217,Debito,1100
23172,2026-06-17 18:00:00,Consumidor Final,Mercado Pago,2250
23173,2026-06-17 12:59:00,CLI-247,Efectivo,6700
23174,2026-06-17 12:21:00,Consumidor Final,Efectivo,17050
23175,2026-06-17 08:43:00,CLI-284,Debito,2200
23176,2026-06-17 09:16:00,Consumidor Final,Debito,9300
23177,2026-06-17 19:20:00,CLI-229,Debito,4500
23178,2026-06-17 09:58:00,Consumidor Final,Mercado Pago,1800
23179,2026-06-17 20:25:00,Consumidor Final,Debito,18000
23180,2026-06-17 16:02:00,Consumidor Final,Debito,2200
23181,2026-06-17 08:41:00,Consumidor Final,Debito,8050
23182,2026-06-17 09:06:00,Consumidor Final,Efectivo,3300
23183,2026-06-17 12:58:00,Consumidor Final,Mercado Pago,11800
23184,2026-06-17 11:22:00,CLI-201,Debito,4900
23185,2026-06-17 17:47:00,CLI-161,Debito,6000
23186,2026-06-17 16:28:00,CLI-116,Efectivo,4500
23187,2026-06-17 19:46:00,CLI-279,Debito,1600
23188,2026-06-17 09:51:00,CLI-111,Debito,20550
23189,2026-06-17 18:15:00,Consumidor Final,Credito,5100
23190,2026-06-17 10:52:00,CLI-109,Efectivo,12000
23191,2026-06-17 10:28:00,CLI-142,Mercado Pago,2950
23192,2026-06-17 08:22:00,Consumidor Final,Efectivo,11200
23193,2026-06-17 12:04:00,CLI-141,Mercado Pago,15250
23194,2026-06-17 20:16:00,Consumidor Final,Mercado Pago,16000
23195,2026-06-17 11:34:00,CLI-170,Mercado Pago,12300
23196,2026-06-17 11:48:00,Consumidor Final,Mercado Pago,4800
23197,2026-06-17 11:48:00,Consumidor Final,Mercado Pago,4900
23198,2026-06-17 16:57:00,CLI-108,Efectivo,6700
23199,2026-06-17 09:07:00,Consumidor Final,Debito,4050
23200,2026-06-17 19:06:00,CLI-117,Efectivo,13750
23201,2026-06-17 12:13:00,CLI-121,Debito,4400
23202,2026-06-17 20:12:00,CLI-273,Efectivo,13350
23203,2026-06-17 17:26:00,Consumidor Final,Mercado Pago,9400
23204,2026-06-17 18:15:00,CLI-128,Efectivo,15000
23205,2026-06-17 16:25:00,Consumidor Final,Credito,11200
23206,2026-06-17 17:43:00,Consumidor Final,Debito,16250
23207,2026-06-17 11:04:00,Consumidor Final,Credito,9900
23208,2026-06-17 09:03:00,Consumidor Final,Mercado Pago,12900
23209,2026-06-17 20:14:00,CLI-212,Debito,18100
23210,2026-06-17 12:50:00,Consumidor Final,Debito,2200
23211,2026-06-17 18:52:00,CLI-126,Mercado Pago,750
23212,2026-06-17 17:59:00,Consumidor Final,Credito,13900
23213,2026-06-17 12:17:00,Consumidor Final,Credito,4500
23214,2026-06-17 12:17:00,CLI-174,Debito,20250
23215,2026-06-17 17:21:00,CLI-142,Mercado Pago,18450
23216,2026-06-17 19:26:00,CLI-275,Efectivo,2700
23217,2026-06-17 11:42:00,Consumidor Final,Mercado Pago,1500
23218,2026-06-17 17:34:00,CLI-269,Efectivo,3600
23219,2026-06-17 17:39:00,CLI-150,Debito,19600
23220,2026-06-17 08:25:00,CLI-152,Debito,750
23221,2026-06-17 19:46:00,CLI-201,Debito,19550
23222,2026-06-17 09:26:00,CLI-237,Credito,15100
23223,2026-06-17 20:15:00,CLI-155,Mercado Pago,20600
23224,2026-06-17 11:04:00,CLI-153,Mercado Pago,19300
23225,2026-06-18 16:29:00,Consumidor Final,Mercado Pago,4900
23226,2026-06-18 08:24:00,CLI-237,Credito,22250
23227,2026-06-18 19:20:00,CLI-208,Debito,7600
23228,2026-06-18 16:47:00,CLI-235,Mercado Pago,900
23229,2026-06-18 18:52:00,CLI-124,Mercado Pago,31950
23230,2026-06-18 17:48:00,Consumidor Final,Debito,18000
23231,2026-06-18 16:31:00,Consumidor Final,Debito,900
23232,2026-06-18 11:29:00,CLI-242,Mercado Pago,6600
23233,2026-06-18 08:15:00,CLI-251,Debito,3800
23234,2026-06-18 18:38:00,Consumidor Final,Mercado Pago,4500
23235,2026-06-18 11:11:00,CLI-140,Efectivo,7200
23236,2026-06-18 08:52:00,Consumidor Final,Mercado Pago,2200
23237,2026-06-18 08:40:00,CLI-299,Efectivo,20900
23238,2026-06-18 12:00:00,Consumidor Final,Credito,1800
23239,2026-06-18 09:13:00,CLI-169,Efectivo,5800
23240,2026-06-18 20:04:00,CLI-284,Credito,9300
23241,2026-06-18 08:25:00,Consumidor Final,Efectivo,1600
23242,2026-06-18 16:01:00,CLI-136,Mercado Pago,2200
23243,2026-06-18 16:23:00,CLI-291,Debito,24600
23244,2026-06-18 18:18:00,CLI-247,Efectivo,23700
23245,2026-06-18 17:05:00,Consumidor Final,Debito,5700
23246,2026-06-18 11:08:00,Consumidor Final,Mercado Pago,900
23247,2026-06-18 09:11:00,Consumidor Final,Mercado Pago,16000
23248,2026-06-18 10:26:00,CLI-106,Debito,10200
23249,2026-06-18 12:01:00,CLI-226,Efectivo,4950
23250,2026-06-18 17:52:00,Consumidor Final,Efectivo,2250
23251,2026-06-18 19:32:00,Consumidor Final,Debito,8000
23252,2026-06-18 20:16:00,Consumidor Final,Credito,12000
23253,2026-06-18 18:04:00,Consumidor Final,Debito,16400
23254,2026-06-18 12:16:00,CLI-271,Efectivo,9050
23255,2026-06-18 11:53:00,Consumidor Final,Debito,6600
23256,2026-06-18 16:07:00,Consumidor Final,Mercado Pago,14800
23257,2026-06-18 11:06:00,Consumidor Final,Debito,5400
23258,2026-06-18 16:07:00,Consumidor Final,Efectivo,29550
23259,2026-06-18 17:18:00,CLI-225,Mercado Pago,26100
23260,2026-06-18 08:21:00,Consumidor Final,Debito,19500
23261,2026-06-18 18:04:00,CLI-132,Debito,5400
23262,2026-06-18 20:09:00,Consumidor Final,Mercado Pago,26100
23263,2026-06-18 20:39:00,CLI-129,Mercado Pago,1600
23264,2026-06-18 16:16:00,CLI-143,Mercado Pago,4400
23265,2026-06-18 16:11:00,Consumidor Final,Debito,11400
23266,2026-06-18 20:11:00,Consumidor Final,Debito,1800
23267,2026-06-18 10:29:00,CLI-184,Credito,1500
23268,2026-06-18 19:12:00,CLI-146,Efectivo,2200
23269,2026-06-18 12:26:00,CLI-195,Efectivo,1100
23270,2026-06-18 11:46:00,CLI-234,Efectivo,8500
23271,2026-06-18 10:31:00,CLI-260,Debito,8200
23272,2026-06-18 19:47:00,CLI-191,Debito,1600
23273,2026-06-18 08:08:00,CLI-265,Debito,1600
23274,2026-06-18 12:23:00,CLI-121,Mercado Pago,24050
23275,2026-06-18 10:21:00,Consumidor Final,Credito,24300
23276,2026-06-19 18:17:00,Consumidor Final,Efectivo,5800
23277,2026-06-19 20:57:00,CLI-142,Efectivo,4500
23278,2026-06-19 17:03:00,CLI-176,Efectivo,8300
23279,2026-06-19 09:04:00,Consumidor Final,Credito,31950
23280,2026-06-19 10:08:00,CLI-170,Mercado Pago,3300
23281,2026-06-19 10:27:00,CLI-193,Mercado Pago,22600
23282,2026-06-19 12:20:00,CLI-107,Mercado Pago,8100
23283,2026-06-19 09:23:00,CLI-169,Mercado Pago,1800
23284,2026-06-19 08:43:00,Consumidor Final,Debito,1800
23285,2026-06-19 10:58:00,CLI-236,Debito,1800
23286,2026-06-19 11:47:00,CLI-268,Efectivo,13200
23287,2026-06-19 20:07:00,Consumidor Final,Debito,1800
23288,2026-06-19 12:31:00,Consumidor Final,Debito,900
23289,2026-06-19 11:44:00,CLI-268,Efectivo,6000
23290,2026-06-19 11:15:00,CLI-130,Efectivo,1800
23291,2026-06-19 18:49:00,CLI-168,Debito,10400
23292,2026-06-19 09:25:00,Consumidor Final,Efectivo,22100
23293,2026-06-19 20:26:00,CLI-241,Debito,21750
23294,2026-06-19 16:41:00,CLI-130,Efectivo,22950
23295,2026-06-19 19:36:00,CLI-289,Mercado Pago,19650
23296,2026-06-19 19:13:00,CLI-262,Mercado Pago,6150
23297,2026-06-19 11:00:00,Consumidor Final,Debito,16900
23298,2026-06-19 17:55:00,CLI-261,Debito,16800
23299,2026-06-19 17:21:00,Consumidor Final,Debito,7800
23300,2026-06-19 09:24:00,Consumidor Final,Debito,10050
23301,2026-06-19 20:02:00,Consumidor Final,Credito,3800
23302,2026-06-19 10:26:00,CLI-128,Efectivo,1100
23303,2026-06-19 09:58:00,Consumidor Final,Efectivo,28350
23304,2026-06-19 17:53:00,CLI-287,Debito,11050
23305,2026-06-19 11:54:00,Consumidor Final,Mercado Pago,8350
23306,2026-06-19 19:22:00,CLI-102,Efectivo,12650
23307,2026-06-19 18:38:00,CLI-128,Debito,16800
23308,2026-06-19 10:15:00,CLI-243,Debito,32600
23309,2026-06-19 16:30:00,CLI-243,Mercado Pago,10200
23310,2026-06-19 12:46:00,CLI-284,Debito,14100
23311,2026-06-19 08:50:00,CLI-211,Mercado Pago,4200
23312,2026-06-19 08:38:00,Consumidor Final,Credito,1800
23313,2026-06-19 12:59:00,Consumidor Final,Debito,3300
23314,2026-06-19 08:10:00,CLI-270,Efectivo,7600
23315,2026-06-19 17:09:00,Consumidor Final,Credito,8400
23316,2026-06-19 10:49:00,CLI-262,Mercado Pago,11800
23317,2026-06-19 16:48:00,CLI-210,Mercado Pago,20250
23318,2026-06-19 11:30:00,CLI-262,Mercado Pago,2250
23319,2026-06-19 19:38:00,CLI-114,Mercado Pago,1800
23320,2026-06-19 09:06:00,CLI-227,Debito,19250
23321,2026-06-19 12:45:00,Consumidor Final,Mercado Pago,16050
23322,2026-06-19 16:18:00,Consumidor Final,Mercado Pago,10250
23323,2026-06-19 10:48:00,Consumidor Final,Debito,24450
23324,2026-06-19 16:07:00,Consumidor Final,Mercado Pago,25500
23325,2026-06-19 16:34:00,CLI-112,Mercado Pago,4950
23326,2026-06-19 17:14:00,Consumidor Final,Efectivo,4500
23327,2026-06-19 10:48:00,CLI-224,Efectivo,3600
23328,2026-06-19 16:46:00,Consumidor Final,Mercado Pago,13250
23329,2026-06-19 17:01:00,CLI-196,Mercado Pago,8100
23330,2026-06-19 10:45:00,Consumidor Final,Mercado Pago,4400
23331,2026-06-19 20:06:00,CLI-206,Efectivo,23050
23332,2026-06-19 10:38:00,Consumidor Final,Debito,16400
23333,2026-06-19 17:43:00,CLI-252,Credito,22300
23334,2026-06-19 18:46:00,CLI-258,Efectivo,26600
23335,2026-06-20 12:58:00,CLI-139,Efectivo,3100
23336,2026-06-20 20:45:00,Consumidor Final,Mercado Pago,20200
23337,2026-06-20 12:25:00,CLI-199,Mercado Pago,5400
23338,2026-06-20 16:53:00,Consumidor Final,Efectivo,4800
23339,2026-06-20 10:00:00,CLI-224,Mercado Pago,14200
23340,2026-06-20 08:09:00,Consumidor Final,Debito,6600
23341,2026-06-20 16:48:00,Consumidor Final,Mercado Pago,2600
23342,2026-06-20 10:47:00,CLI-210,Mercado Pago,5400
23343,2026-06-20 20:48:00,Consumidor Final,Efectivo,14900
23344,2026-06-20 18:57:00,CLI-270,Debito,3600
23345,2026-06-20 20:51:00,CLI-188,Debito,15850
23346,2026-06-20 11:01:00,Consumidor Final,Efectivo,4500
23347,2026-06-20 11:44:00,CLI-226,Efectivo,14400
23348,2026-06-20 18:19:00,Consumidor Final,Debito,17250
23349,2026-06-20 09:24:00,CLI-110,Mercado Pago,9250
23350,2026-06-20 20:49:00,Consumidor Final,Credito,10300
23351,2026-06-20 18:52:00,CLI-277,Efectivo,9400
23352,2026-06-20 18:55:00,CLI-177,Mercado Pago,13100
23353,2026-06-20 17:45:00,CLI-129,Efectivo,8100
23354,2026-06-20 10:08:00,Consumidor Final,Debito,3300
23355,2026-06-20 09:31:00,Consumidor Final,Efectivo,17950
23356,2026-06-20 09:19:00,Consumidor Final,Debito,18100
23357,2026-06-20 20:44:00,CLI-247,Efectivo,5500
23358,2026-06-20 09:20:00,Consumidor Final,Debito,900
23359,2026-06-20 08:41:00,CLI-161,Mercado Pago,11400
23360,2026-06-20 20:23:00,Consumidor Final,Efectivo,21600
23361,2026-06-20 16:53:00,CLI-256,Efectivo,3600
23362,2026-06-20 18:00:00,Consumidor Final,Debito,9600
23363,2026-06-20 16:58:00,CLI-102,Debito,11150
23364,2026-06-20 09:34:00,Consumidor Final,Credito,14100
23365,2026-06-20 08:55:00,Consumidor Final,Credito,6600
23366,2026-06-20 11:52:00,CLI-107,Credito,6650
23367,2026-06-20 08:21:00,CLI-198,Debito,5600
23368,2026-06-20 10:51:00,Consumidor Final,Mercado Pago,24900
23369,2026-06-20 08:17:00,CLI-208,Debito,4400
23370,2026-06-20 08:57:00,Consumidor Final,Efectivo,6600
23371,2026-06-20 20:06:00,CLI-222,Credito,15250
23372,2026-06-20 12:53:00,CLI-134,Debito,8300
23373,2026-06-20 12:41:00,CLI-213,Mercado Pago,3350
23374,2026-06-20 20:13:00,CLI-229,Efectivo,2200
23375,2026-06-20 12:21:00,CLI-149,Credito,3300
23376,2026-06-20 11:27:00,CLI-128,Mercado Pago,11400
23377,2026-06-20 09:53:00,Consumidor Final,Efectivo,11150
23378,2026-06-20 16:02:00,CLI-271,Efectivo,5900
23379,2026-06-20 18:13:00,Consumidor Final,Mercado Pago,6300
23380,2026-06-20 12:25:00,CLI-225,Efectivo,10800
23381,2026-06-20 10:21:00,CLI-266,Credito,5400
23382,2026-06-20 09:28:00,CLI-113,Efectivo,13900
23383,2026-06-20 12:22:00,CLI-291,Efectivo,15200
23384,2026-06-20 18:31:00,CLI-233,Efectivo,13300
23385,2026-06-20 08:20:00,CLI-161,Credito,10200
23386,2026-06-20 10:38:00,Consumidor Final,Debito,24850
23387,2026-06-20 17:56:00,CLI-190,Debito,10400
23388,2026-06-20 18:18:00,CLI-147,Efectivo,14100
23389,2026-06-20 18:03:00,CLI-123,Mercado Pago,7600
23390,2026-06-20 12:05:00,Consumidor Final,Debito,2700
23391,2026-06-20 18:05:00,Consumidor Final,Mercado Pago,12950
23392,2026-06-21 18:00:00,CLI-125,Debito,2200
23393,2026-06-21 10:40:00,Consumidor Final,Debito,21850
23394,2026-06-21 17:47:00,CLI-124,Efectivo,13600
23395,2026-06-21 11:40:00,CLI-235,Efectivo,6200
23396,2026-06-21 16:05:00,Consumidor Final,Mercado Pago,29350
23397,2026-06-21 16:17:00,Consumidor Final,Efectivo,21250
23398,2026-06-21 20:13:00,CLI-203,Mercado Pago,16700
23399,2026-06-21 11:10:00,CLI-262,Debito,11900
23400,2026-06-21 16:18:00,Consumidor Final,Debito,14350
23401,2026-06-21 12:42:00,Consumidor Final,Debito,9300
23402,2026-06-21 11:43:00,Consumidor Final,Efectivo,21300
23403,2026-06-21 20:31:00,CLI-239,Efectivo,18000
23404,2026-06-21 11:55:00,CLI-130,Debito,2500
23405,2026-06-21 18:33:00,CLI-295,Mercado Pago,3600
23406,2026-06-21 19:34:00,CLI-219,Credito,15800
23407,2026-06-21 16:46:00,CLI-208,Debito,4400
23408,2026-06-21 17:47:00,Consumidor Final,Debito,9700
23409,2026-06-21 09:40:00,CLI-285,Mercado Pago,4600
23410,2026-06-21 18:31:00,CLI-189,Mercado Pago,6600
23411,2026-06-21 20:21:00,CLI-160,Debito,900
23412,2026-06-21 10:00:00,CLI-255,Efectivo,31800
23413,2026-06-21 11:26:00,Consumidor Final,Debito,20700
23414,2026-06-21 19:46:00,CLI-212,Credito,10250
23415,2026-06-21 19:29:00,CLI-190,Mercado Pago,900
23416,2026-06-21 12:50:00,CLI-224,Mercado Pago,3200
23417,2026-06-21 16:25:00,CLI-200,Mercado Pago,23050
23418,2026-06-21 19:53:00,CLI-197,Mercado Pago,1500
23419,2026-06-21 18:43:00,CLI-287,Debito,11150
23420,2026-06-21 12:14:00,CLI-176,Efectivo,12200
23421,2026-06-21 10:10:00,Consumidor Final,Efectivo,8200
23422,2026-06-21 18:02:00,CLI-151,Efectivo,12600
23423,2026-06-21 17:41:00,CLI-171,Mercado Pago,3700
23424,2026-06-21 18:52:00,CLI-203,Mercado Pago,4800
23425,2026-06-21 20:28:00,Consumidor Final,Debito,11900
23426,2026-06-21 17:42:00,Consumidor Final,Mercado Pago,14100
23427,2026-06-21 09:41:00,CLI-183,Debito,2200
23428,2026-06-21 10:51:00,CLI-157,Efectivo,3600
23429,2026-06-21 10:12:00,Consumidor Final,Debito,2250
23430,2026-06-21 11:11:00,Consumidor Final,Efectivo,2200
23431,2026-06-21 12:50:00,CLI-293,Efectivo,1100
23432,2026-06-21 20:50:00,CLI-201,Efectivo,32400
23433,2026-06-21 17:51:00,CLI-142,Debito,19400
23434,2026-06-21 19:53:00,Consumidor Final,Credito,18000
23435,2026-06-21 16:35:00,CLI-235,Debito,5400
23436,2026-06-21 10:10:00,CLI-140,Mercado Pago,9800
23437,2026-06-21 08:21:00,CLI-229,Debito,20300
23438,2026-06-21 08:05:00,CLI-241,Debito,3000
23439,2026-06-21 09:14:00,CLI-227,Efectivo,4400
23440,2026-06-21 10:23:00,CLI-244,Efectivo,3800
23441,2026-06-21 19:50:00,CLI-139,Debito,26600
23442,2026-06-21 20:55:00,CLI-142,Efectivo,12950
23443,2026-06-21 09:32:00,CLI-143,Mercado Pago,2900
23444,2026-06-21 17:33:00,CLI-196,Mercado Pago,12550
23445,2026-06-21 18:22:00,CLI-147,Debito,15300
23446,2026-06-21 16:20:00,Consumidor Final,Efectivo,20600
23447,2026-06-21 10:33:00,CLI-175,Efectivo,16900
23448,2026-06-21 17:58:00,CLI-266,Debito,23850
23449,2026-06-21 12:47:00,CLI-101,Mercado Pago,9300
23450,2026-06-21 09:47:00,CLI-255,Efectivo,7800
23451,2026-06-21 10:27:00,Consumidor Final,Efectivo,2200
23452,2026-06-21 09:22:00,Consumidor Final,Efectivo,8100
23453,2026-06-21 18:23:00,CLI-109,Debito,4700
23454,2026-06-22 18:31:00,CLI-179,Debito,9150
23455,2026-06-22 16:44:00,Consumidor Final,Efectivo,4500
23456,2026-06-22 10:27:00,Consumidor Final,Mercado Pago,14500
23457,2026-06-22 12:16:00,CLI-175,Debito,1100
23458,2026-06-22 18:04:00,CLI-289,Debito,1600
23459,2026-06-22 16:48:00,CLI-243,Efectivo,5450
23460,2026-06-22 20:18:00,CLI-123,Mercado Pago,15700
23461,2026-06-22 10:20:00,CLI-159,Mercado Pago,23600
23462,2026-06-22 17:37:00,CLI-158,Credito,1600
23463,2026-06-22 17:16:00,CLI-256,Credito,12400
23464,2026-06-22 11:27:00,CLI-232,Debito,2700
23465,2026-06-22 16:14:00,Consumidor Final,Credito,3750
23466,2026-06-22 17:42:00,CLI-169,Efectivo,7600
23467,2026-06-22 08:54:00,CLI-150,Debito,15800
23468,2026-06-22 20:59:00,CLI-181,Efectivo,13700
23469,2026-06-22 09:24:00,CLI-129,Efectivo,2700
23470,2026-06-22 20:09:00,CLI-109,Mercado Pago,17450
23471,2026-06-22 12:44:00,Consumidor Final,Debito,17350
23472,2026-06-22 16:08:00,CLI-297,Efectivo,10800
23473,2026-06-22 19:00:00,CLI-134,Efectivo,5700
23474,2026-06-22 18:23:00,CLI-249,Debito,750
23475,2026-06-22 08:23:00,CLI-216,Efectivo,4600
23476,2026-06-22 10:34:00,CLI-265,Efectivo,3200
23477,2026-06-22 12:53:00,CLI-290,Debito,3000
23478,2026-06-22 11:55:00,Consumidor Final,Efectivo,7600
23479,2026-06-22 10:13:00,CLI-218,Credito,12900
23480,2026-06-22 16:40:00,CLI-177,Efectivo,9100
23481,2026-06-22 08:19:00,Consumidor Final,Debito,14100
23482,2026-06-22 18:24:00,CLI-160,Debito,4500
23483,2026-06-22 10:28:00,CLI-237,Mercado Pago,4800
23484,2026-06-22 11:58:00,Consumidor Final,Debito,25200
23485,2026-06-22 08:17:00,CLI-210,Debito,18600
23486,2026-06-22 09:39:00,CLI-119,Efectivo,14100
23487,2026-06-22 17:32:00,CLI-178,Mercado Pago,1500
23488,2026-06-22 10:31:00,Consumidor Final,Mercado Pago,5400
23489,2026-06-22 10:41:00,CLI-177,Debito,3400
23490,2026-06-22 20:56:00,CLI-292,Mercado Pago,23100
23491,2026-06-22 17:11:00,CLI-299,Debito,10200
23492,2026-06-22 08:47:00,Consumidor Final,Mercado Pago,11550
23493,2026-06-22 10:24:00,Consumidor Final,Efectivo,1850
23494,2026-06-22 08:56:00,CLI-226,Mercado Pago,24550
23495,2026-06-22 20:08:00,CLI-208,Debito,14200
23496,2026-06-22 12:48:00,CLI-214,Debito,17700
23497,2026-06-22 10:40:00,Consumidor Final,Mercado Pago,750
23498,2026-06-22 16:53:00,CLI-281,Mercado Pago,8200
23499,2026-06-22 11:32:00,CLI-207,Credito,9200
23500,2026-06-22 19:24:00,CLI-261,Debito,19900
23501,2026-06-22 18:47:00,CLI-175,Efectivo,3800
23502,2026-06-22 20:23:00,Consumidor Final,Mercado Pago,32050
23503,2026-06-22 16:10:00,CLI-176,Mercado Pago,1800
23504,2026-06-22 12:53:00,CLI-121,Efectivo,1100
23505,2026-06-22 16:27:00,Consumidor Final,Mercado Pago,9400
23506,2026-06-22 17:12:00,Consumidor Final,Debito,9200
23507,2026-06-22 18:31:00,CLI-200,Debito,6600
23508,2026-06-22 18:35:00,CLI-248,Debito,27900
23509,2026-06-22 09:11:00,CLI-299,Mercado Pago,11100
23510,2026-06-22 08:23:00,Consumidor Final,Efectivo,17850
23511,2026-06-22 18:25:00,Consumidor Final,Efectivo,7000
23512,2026-06-22 11:13:00,CLI-124,Mercado Pago,13600
23513,2026-06-22 10:02:00,Consumidor Final,Debito,2200
23514,2026-06-22 16:04:00,CLI-250,Debito,17250
23515,2026-06-22 16:29:00,Consumidor Final,Credito,5100
23516,2026-06-23 09:18:00,Consumidor Final,Efectivo,25150
23517,2026-06-23 18:05:00,Consumidor Final,Efectivo,2400
23518,2026-06-23 16:02:00,CLI-131,Efectivo,33850
23519,2026-06-23 16:40:00,Consumidor Final,Mercado Pago,16850
23520,2026-06-23 11:37:00,CLI-105,Mercado Pago,7600
23521,2026-06-23 19:28:00,Consumidor Final,Mercado Pago,11550
23522,2026-06-23 10:41:00,Consumidor Final,Credito,2200
23523,2026-06-23 19:28:00,Consumidor Final,Mercado Pago,8500
23524,2026-06-23 08:19:00,CLI-259,Mercado Pago,27050
23525,2026-06-23 19:10:00,CLI-262,Efectivo,18000
23526,2026-06-23 08:03:00,CLI-293,Efectivo,4500
23527,2026-06-23 10:29:00,CLI-283,Debito,10000
23528,2026-06-23 19:25:00,CLI-176,Debito,2200
23529,2026-06-23 20:09:00,CLI-242,Mercado Pago,1800
23530,2026-06-23 12:24:00,Consumidor Final,Mercado Pago,2550
23531,2026-06-23 08:30:00,CLI-168,Efectivo,2900
23532,2026-06-23 09:27:00,CLI-223,Mercado Pago,1600
23533,2026-06-23 09:28:00,Consumidor Final,Debito,6600
23534,2026-06-23 16:51:00,CLI-222,Debito,12100
23535,2026-06-23 12:50:00,CLI-236,Mercado Pago,4500
23536,2026-06-23 17:11:00,CLI-290,Efectivo,7300
23537,2026-06-23 18:23:00,CLI-108,Credito,26400
23538,2026-06-23 19:17:00,CLI-255,Credito,3300
23539,2026-06-23 10:37:00,CLI-289,Mercado Pago,10800
23540,2026-06-23 19:00:00,CLI-178,Debito,2250
23541,2026-06-23 18:26:00,CLI-194,Efectivo,1500
23542,2026-06-23 17:25:00,CLI-134,Mercado Pago,3000
23543,2026-06-23 09:16:00,Consumidor Final,Mercado Pago,17950
23544,2026-06-23 12:14:00,Consumidor Final,Efectivo,3000
23545,2026-06-23 12:40:00,CLI-207,Debito,12500
23546,2026-06-23 08:42:00,Consumidor Final,Mercado Pago,10500
23547,2026-06-23 12:27:00,CLI-144,Efectivo,22300
23548,2026-06-23 10:52:00,CLI-266,Debito,11400
23549,2026-06-23 08:19:00,CLI-214,Debito,3600
23550,2026-06-23 09:15:00,Consumidor Final,Debito,9350
23551,2026-06-23 19:51:00,CLI-285,Debito,14100
23552,2026-06-23 16:00:00,Consumidor Final,Debito,17250
23553,2026-06-23 11:35:00,CLI-181,Credito,6600
23554,2026-06-23 09:49:00,Consumidor Final,Efectivo,11400
23555,2026-06-23 18:53:00,CLI-127,Mercado Pago,26200
23556,2026-06-23 10:59:00,CLI-296,Mercado Pago,5100
23557,2026-06-23 19:19:00,CLI-150,Efectivo,15900
23558,2026-06-23 09:46:00,CLI-118,Efectivo,6650
23559,2026-06-23 08:59:00,CLI-200,Mercado Pago,6100
23560,2026-06-23 20:44:00,Consumidor Final,Mercado Pago,3350
23561,2026-06-24 11:16:00,CLI-172,Efectivo,3100
23562,2026-06-24 17:32:00,CLI-230,Mercado Pago,6650
23563,2026-06-24 20:51:00,Consumidor Final,Debito,3600
23564,2026-06-24 08:15:00,CLI-189,Debito,3800
23565,2026-06-24 08:59:00,Consumidor Final,Debito,10850
23566,2026-06-24 08:01:00,CLI-285,Debito,12100
23567,2026-06-24 11:12:00,CLI-295,Debito,19600
23568,2026-06-24 12:57:00,Consumidor Final,Efectivo,1100
23569,2026-06-24 19:15:00,CLI-200,Mercado Pago,1800
23570,2026-06-24 16:57:00,Consumidor Final,Debito,900
23571,2026-06-24 20:39:00,Consumidor Final,Debito,8600
23572,2026-06-24 11:29:00,CLI-146,Debito,11400
23573,2026-06-24 10:41:00,CLI-144,Efectivo,15150
23574,2026-06-24 08:17:00,Consumidor Final,Debito,2700
23575,2026-06-24 10:08:00,CLI-152,Mercado Pago,1800
23576,2026-06-24 20:53:00,CLI-286,Efectivo,16450
23577,2026-06-24 12:11:00,Consumidor Final,Credito,2250
23578,2026-06-24 12:20:00,Consumidor Final,Mercado Pago,3300
23579,2026-06-24 10:32:00,CLI-245,Efectivo,900
23580,2026-06-24 17:29:00,CLI-155,Efectivo,16850
23581,2026-06-24 17:41:00,Consumidor Final,Mercado Pago,12550
23582,2026-06-24 18:54:00,CLI-287,Debito,12150
23583,2026-06-24 16:33:00,CLI-206,Mercado Pago,7400
23584,2026-06-24 20:49:00,CLI-117,Debito,16000
23585,2026-06-24 16:27:00,CLI-126,Efectivo,4400
23586,2026-06-24 10:19:00,Consumidor Final,Debito,1800
23587,2026-06-24 18:41:00,Consumidor Final,Debito,27500
23588,2026-06-24 11:55:00,CLI-242,Mercado Pago,4950
23589,2026-06-24 16:03:00,CLI-264,Efectivo,7000
23590,2026-06-24 19:29:00,Consumidor Final,Efectivo,20000
23591,2026-06-24 10:35:00,Consumidor Final,Debito,6600
23592,2026-06-24 20:56:00,Consumidor Final,Debito,2200
23593,2026-06-24 08:12:00,Consumidor Final,Credito,5400
23594,2026-06-24 18:36:00,CLI-128,Efectivo,15500
23595,2026-06-24 19:34:00,Consumidor Final,Mercado Pago,15500
23596,2026-06-24 17:44:00,Consumidor Final,Efectivo,5150
23597,2026-06-24 11:45:00,CLI-288,Mercado Pago,4500
23598,2026-06-24 12:30:00,CLI-195,Debito,15350
23599,2026-06-24 16:47:00,CLI-207,Credito,1800
23600,2026-06-24 10:39:00,CLI-198,Debito,5900
23601,2026-06-24 09:46:00,CLI-150,Credito,4500
23602,2026-06-24 16:50:00,CLI-154,Efectivo,4050
23603,2026-06-24 19:49:00,CLI-196,Mercado Pago,8700
23604,2026-06-24 09:36:00,CLI-210,Efectivo,2250
23605,2026-06-24 17:12:00,CLI-296,Efectivo,13300
23606,2026-06-24 19:07:00,CLI-286,Debito,11050
23607,2026-06-24 10:41:00,CLI-291,Efectivo,3000
23608,2026-06-24 16:09:00,CLI-147,Mercado Pago,16600
23609,2026-06-24 17:48:00,CLI-199,Efectivo,2700
23610,2026-06-24 18:33:00,CLI-103,Mercado Pago,20850
23611,2026-06-25 19:08:00,CLI-271,Mercado Pago,17750
23612,2026-06-25 18:36:00,Consumidor Final,Mercado Pago,2250
23613,2026-06-25 18:23:00,Consumidor Final,Efectivo,3200
23614,2026-06-25 08:34:00,CLI-136,Debito,4500
23615,2026-06-25 20:18:00,CLI-110,Mercado Pago,1500
23616,2026-06-25 09:31:00,CLI-122,Efectivo,15400
23617,2026-06-25 08:50:00,Consumidor Final,Mercado Pago,15400
23618,2026-06-25 08:21:00,CLI-126,Debito,5400
23619,2026-06-25 08:22:00,Consumidor Final,Debito,22600
23620,2026-06-25 18:21:00,CLI-200,Efectivo,7200
23621,2026-06-25 08:01:00,CLI-256,Debito,14200
23622,2026-06-25 10:48:00,Consumidor Final,Debito,4500
23623,2026-06-25 18:20:00,CLI-252,Debito,13650
23624,2026-06-25 16:52:00,Consumidor Final,Mercado Pago,4800
23625,2026-06-25 18:45:00,Consumidor Final,Credito,4600
23626,2026-06-25 16:14:00,CLI-281,Efectivo,20400
23627,2026-06-25 09:38:00,CLI-185,Debito,11400
23628,2026-06-25 10:36:00,CLI-192,Debito,16900
23629,2026-06-25 19:25:00,CLI-159,Efectivo,3800
23630,2026-06-25 16:46:00,CLI-273,Credito,6050
23631,2026-06-25 12:41:00,CLI-258,Debito,31450
23632,2026-06-25 19:59:00,CLI-272,Mercado Pago,12000
23633,2026-06-25 08:09:00,CLI-248,Credito,10100
23634,2026-06-25 08:45:00,Consumidor Final,Debito,28450
23635,2026-06-25 16:19:00,CLI-184,Mercado Pago,16500
23636,2026-06-25 09:22:00,CLI-219,Credito,31700
23637,2026-06-25 11:19:00,CLI-217,Debito,2250
23638,2026-06-25 11:49:00,CLI-286,Efectivo,18750
23639,2026-06-25 16:56:00,CLI-273,Efectivo,6000
23640,2026-06-25 19:15:00,CLI-267,Mercado Pago,4400
23641,2026-06-25 11:18:00,CLI-267,Mercado Pago,20750
23642,2026-06-25 09:59:00,CLI-219,Mercado Pago,12200
23643,2026-06-25 10:04:00,Consumidor Final,Debito,17550
23644,2026-06-25 12:13:00,Consumidor Final,Efectivo,3100
23645,2026-06-25 20:41:00,Consumidor Final,Efectivo,12550
23646,2026-06-25 20:11:00,Consumidor Final,Debito,13600
23647,2026-06-25 19:48:00,CLI-130,Efectivo,7400
23648,2026-06-25 17:53:00,Consumidor Final,Efectivo,2250
23649,2026-06-25 20:02:00,Consumidor Final,Debito,9850
23650,2026-06-25 11:31:00,Consumidor Final,Efectivo,15050
23651,2026-06-25 11:27:00,CLI-284,Debito,11100
23652,2026-06-25 20:54:00,CLI-241,Efectivo,10350
23653,2026-06-25 11:03:00,Consumidor Final,Credito,6900
23654,2026-06-25 20:09:00,Consumidor Final,Debito,15100
23655,2026-06-25 11:12:00,CLI-287,Efectivo,27800
23656,2026-06-25 17:02:00,CLI-265,Efectivo,11100
23657,2026-06-25 19:21:00,Consumidor Final,Debito,1500
23658,2026-06-25 18:02:00,Consumidor Final,Debito,1100
23659,2026-06-25 09:41:00,Consumidor Final,Debito,13500
23660,2026-06-25 17:05:00,CLI-213,Credito,30350
23661,2026-06-25 18:55:00,CLI-269,Efectivo,2200
23662,2026-06-25 11:50:00,CLI-202,Credito,6200
23663,2026-06-25 08:53:00,Consumidor Final,Credito,750
23664,2026-06-25 11:40:00,CLI-270,Mercado Pago,6800
23665,2026-06-25 18:07:00,CLI-282,Efectivo,11150
23666,2026-06-25 11:23:00,CLI-231,Efectivo,2200
23667,2026-06-25 11:09:00,Consumidor Final,Efectivo,20900
23668,2026-06-25 16:19:00,CLI-125,Efectivo,15450
23669,2026-06-25 20:45:00,CLI-121,Debito,5600
23670,2026-06-25 09:17:00,CLI-120,Debito,6000
23671,2026-06-25 10:53:00,CLI-256,Debito,29700
23672,2026-06-25 16:04:00,CLI-229,Mercado Pago,26050
23673,2026-06-25 17:50:00,Consumidor Final,Debito,1100
23674,2026-06-26 11:07:00,Consumidor Final,Mercado Pago,900
23675,2026-06-26 19:13:00,CLI-213,Efectivo,13600
23676,2026-06-26 17:38:00,CLI-258,Efectivo,10200
23677,2026-06-26 08:34:00,CLI-132,Efectivo,11400
23678,2026-06-26 12:24:00,CLI-189,Mercado Pago,18550
23679,2026-06-26 09:59:00,CLI-129,Mercado Pago,16500
23680,2026-06-26 16:12:00,CLI-206,Efectivo,4050
23681,2026-06-26 18:27:00,CLI-162,Credito,750
23682,2026-06-26 17:42:00,CLI-270,Mercado Pago,13000
23683,2026-06-26 12:45:00,CLI-198,Mercado Pago,17800
23684,2026-06-26 12:33:00,CLI-281,Credito,17450
23685,2026-06-26 17:29:00,CLI-221,Mercado Pago,11750
23686,2026-06-26 16:31:00,Consumidor Final,Efectivo,18100
23687,2026-06-26 10:25:00,Consumidor Final,Mercado Pago,8700
23688,2026-06-26 11:19:00,Consumidor Final,Efectivo,9800
23689,2026-06-26 16:08:00,CLI-261,Credito,6600
23690,2026-06-26 18:57:00,Consumidor Final,Debito,16100
23691,2026-06-26 20:40:00,CLI-225,Mercado Pago,15100
23692,2026-06-26 17:38:00,CLI-125,Efectivo,4400
23693,2026-06-26 12:40:00,Consumidor Final,Debito,15200
23694,2026-06-26 10:13:00,Consumidor Final,Debito,3200
23695,2026-06-26 16:43:00,CLI-289,Mercado Pago,2700
23696,2026-06-26 08:14:00,Consumidor Final,Mercado Pago,750
23697,2026-06-26 10:24:00,CLI-100,Debito,4800
23698,2026-06-26 12:04:00,CLI-165,Mercado Pago,28850
23699,2026-06-26 10:07:00,CLI-153,Mercado Pago,24650
23700,2026-06-26 08:58:00,CLI-243,Debito,6100
23701,2026-06-26 16:08:00,CLI-262,Debito,4500
23702,2026-06-26 12:25:00,Consumidor Final,Efectivo,25850
23703,2026-06-26 20:21:00,Consumidor Final,Efectivo,14200
23704,2026-06-26 18:51:00,CLI-264,Debito,1100
23705,2026-06-26 18:45:00,CLI-173,Mercado Pago,4100
23706,2026-06-26 08:33:00,Consumidor Final,Debito,11200
23707,2026-06-26 10:55:00,Consumidor Final,Efectivo,750
23708,2026-06-26 12:37:00,Consumidor Final,Mercado Pago,4500
23709,2026-06-26 18:46:00,Consumidor Final,Mercado Pago,30150
23710,2026-06-26 08:48:00,CLI-140,Efectivo,5400
23711,2026-06-26 09:47:00,CLI-205,Efectivo,6500
23712,2026-06-26 17:59:00,Consumidor Final,Mercado Pago,13700
23713,2026-06-26 10:46:00,Consumidor Final,Credito,13200
23714,2026-06-26 16:14:00,Consumidor Final,Debito,6800
23715,2026-06-26 17:15:00,Consumidor Final,Mercado Pago,15900
23716,2026-06-26 12:09:00,CLI-133,Efectivo,8100
23717,2026-06-26 18:18:00,Consumidor Final,Efectivo,1500
23718,2026-06-26 08:13:00,Consumidor Final,Mercado Pago,25600
23719,2026-06-26 12:53:00,CLI-284,Credito,6600
23720,2026-06-26 16:32:00,CLI-274,Efectivo,24600
23721,2026-06-26 12:53:00,CLI-233,Debito,1800
23722,2026-06-26 09:03:00,CLI-155,Mercado Pago,8850
23723,2026-06-26 10:38:00,CLI-199,Credito,900
23724,2026-06-26 08:36:00,Consumidor Final,Efectivo,2950
23725,2026-06-26 18:54:00,CLI-268,Debito,4800
23726,2026-06-26 19:17:00,Consumidor Final,Efectivo,2250
23727,2026-06-26 09:41:00,Consumidor Final,Debito,5250
23728,2026-06-26 20:11:00,Consumidor Final,Mercado Pago,9400
23729,2026-06-27 17:12:00,Consumidor Final,Mercado Pago,8700
23730,2026-06-27 18:22:00,CLI-190,Credito,19850
23731,2026-06-27 19:52:00,CLI-108,Efectivo,6600
23732,2026-06-27 19:26:00,Consumidor Final,Efectivo,11150
23733,2026-06-27 18:12:00,CLI-154,Credito,3800
23734,2026-06-27 20:37:00,CLI-135,Efectivo,10600
23735,2026-06-27 08:48:00,Consumidor Final,Debito,15150
23736,2026-06-27 18:44:00,Consumidor Final,Debito,20400
23737,2026-06-27 16:31:00,CLI-170,Efectivo,1500
23738,2026-06-27 11:24:00,CLI-196,Efectivo,4900
23739,2026-06-27 18:26:00,CLI-201,Debito,1600
23740,2026-06-27 08:58:00,Consumidor Final,Debito,14600
23741,2026-06-27 17:48:00,Consumidor Final,Mercado Pago,8200
23742,2026-06-27 19:54:00,Consumidor Final,Debito,14200
23743,2026-06-27 11:34:00,CLI-184,Efectivo,19300
23744,2026-06-27 12:36:00,Consumidor Final,Efectivo,17450
23745,2026-06-27 09:56:00,CLI-141,Mercado Pago,3700
23746,2026-06-27 19:31:00,CLI-160,Mercado Pago,23850
23747,2026-06-27 19:35:00,Consumidor Final,Efectivo,9950
23748,2026-06-27 08:02:00,CLI-140,Efectivo,21300
23749,2026-06-27 11:37:00,Consumidor Final,Credito,4800
23750,2026-06-27 16:39:00,CLI-108,Mercado Pago,25200
23751,2026-06-27 11:19:00,CLI-141,Debito,19650
23752,2026-06-27 17:40:00,CLI-237,Efectivo,19800
23753,2026-06-27 18:36:00,CLI-267,Mercado Pago,1500
23754,2026-06-27 16:35:00,Consumidor Final,Credito,16500
23755,2026-06-27 11:08:00,Consumidor Final,Efectivo,20400
23756,2026-06-27 17:07:00,CLI-150,Mercado Pago,11400
23757,2026-06-27 10:44:00,CLI-100,Credito,4550
23758,2026-06-27 18:03:00,Consumidor Final,Credito,2900
23759,2026-06-27 09:50:00,CLI-271,Debito,23450
23760,2026-06-27 16:32:00,CLI-199,Efectivo,26600
23761,2026-06-27 11:34:00,CLI-122,Efectivo,5400
23762,2026-06-27 11:58:00,CLI-148,Mercado Pago,6000
23763,2026-06-27 12:04:00,Consumidor Final,Credito,4400
23764,2026-06-27 16:20:00,Consumidor Final,Efectivo,16150
23765,2026-06-27 11:10:00,CLI-248,Efectivo,5400
23766,2026-06-27 19:30:00,Consumidor Final,Mercado Pago,9200
23767,2026-06-27 19:49:00,CLI-253,Mercado Pago,5400
23768,2026-06-27 10:13:00,Consumidor Final,Efectivo,3800
23769,2026-06-27 12:27:00,Consumidor Final,Debito,1800
23770,2026-06-27 10:21:00,CLI-251,Mercado Pago,5700
23771,2026-06-27 09:29:00,Consumidor Final,Mercado Pago,15350
23772,2026-06-27 17:08:00,CLI-152,Debito,11400
23773,2026-06-27 20:33:00,CLI-152,Debito,20850
23774,2026-06-27 11:07:00,CLI-117,Efectivo,3000
23775,2026-06-27 16:06:00,Consumidor Final,Efectivo,3400
23776,2026-06-27 08:48:00,Consumidor Final,Efectivo,3800
23777,2026-06-27 20:44:00,Consumidor Final,Efectivo,2600
23778,2026-06-27 10:20:00,Consumidor Final,Mercado Pago,750
23779,2026-06-27 16:15:00,Consumidor Final,Debito,3200
23780,2026-06-27 11:25:00,Consumidor Final,Debito,27350
23781,2026-06-27 16:16:00,Consumidor Final,Efectivo,16400
23782,2026-06-27 16:45:00,Consumidor Final,Debito,11400
23783,2026-06-27 12:14:00,CLI-180,Efectivo,4500
23784,2026-06-27 20:05:00,CLI-243,Debito,3800
23785,2026-06-27 20:31:00,Consumidor Final,Efectivo,11400
23786,2026-06-27 12:20:00,Consumidor Final,Mercado Pago,4200
23787,2026-06-27 10:00:00,CLI-221,Debito,4500
23788,2026-06-27 16:29:00,CLI-217,Mercado Pago,750
23789,2026-06-27 19:11:00,CLI-268,Efectivo,8100
23790,2026-06-28 17:00:00,CLI-299,Mercado Pago,14650
23791,2026-06-28 09:42:00,Consumidor Final,Efectivo,21100
23792,2026-06-28 09:23:00,CLI-199,Efectivo,2900
23793,2026-06-28 09:37:00,CLI-131,Debito,5150
23794,2026-06-28 18:28:00,Consumidor Final,Credito,28250
23795,2026-06-28 11:25:00,Consumidor Final,Efectivo,9700
23796,2026-06-28 10:11:00,Consumidor Final,Debito,18150
23797,2026-06-28 11:40:00,CLI-186,Efectivo,12200
23798,2026-06-28 09:00:00,CLI-202,Debito,4800
23799,2026-06-28 17:19:00,CLI-136,Mercado Pago,6200
23800,2026-06-28 12:58:00,CLI-177,Mercado Pago,19600
23801,2026-06-28 20:19:00,CLI-168,Credito,1500
23802,2026-06-28 17:04:00,CLI-226,Mercado Pago,5400
23803,2026-06-28 20:15:00,CLI-150,Efectivo,2700
23804,2026-06-28 10:16:00,Consumidor Final,Mercado Pago,15400
23805,2026-06-28 11:43:00,CLI-280,Efectivo,17750
23806,2026-06-28 19:18:00,Consumidor Final,Credito,20100
23807,2026-06-28 08:14:00,Consumidor Final,Debito,9500
23808,2026-06-28 18:01:00,Consumidor Final,Mercado Pago,18250
23809,2026-06-28 16:59:00,CLI-134,Mercado Pago,6600
23810,2026-06-28 12:00:00,CLI-128,Efectivo,15650
23811,2026-06-28 17:23:00,Consumidor Final,Efectivo,18600
23812,2026-06-28 17:30:00,Consumidor Final,Mercado Pago,27000
23813,2026-06-28 09:40:00,CLI-150,Mercado Pago,3350
23814,2026-06-28 09:16:00,CLI-225,Debito,750
23815,2026-06-28 09:08:00,CLI-133,Credito,7500
23816,2026-06-28 09:44:00,CLI-137,Debito,23900
23817,2026-06-28 17:01:00,CLI-258,Efectivo,15450
23818,2026-06-28 16:40:00,CLI-181,Mercado Pago,12550
23819,2026-06-28 17:51:00,CLI-280,Mercado Pago,1600
23820,2026-06-28 08:20:00,CLI-283,Debito,3600
23821,2026-06-28 10:25:00,Consumidor Final,Mercado Pago,15500
23822,2026-06-28 16:40:00,CLI-298,Efectivo,4800
23823,2026-06-28 17:18:00,CLI-270,Debito,3300
23824,2026-06-28 19:12:00,Consumidor Final,Efectivo,16200
23825,2026-06-28 12:00:00,Consumidor Final,Debito,2200
23826,2026-06-28 18:54:00,Consumidor Final,Debito,25050
23827,2026-06-28 20:46:00,CLI-155,Debito,9150
23828,2026-06-28 11:08:00,CLI-181,Credito,4300
23829,2026-06-28 10:16:00,Consumidor Final,Efectivo,3300
23830,2026-06-28 19:44:00,CLI-293,Credito,7800
23831,2026-06-28 11:05:00,CLI-181,Efectivo,7600
23832,2026-06-28 09:26:00,Consumidor Final,Debito,1800
23833,2026-06-28 09:44:00,Consumidor Final,Debito,6600
23834,2026-06-28 09:29:00,Consumidor Final,Debito,8300
23835,2026-06-28 11:15:00,CLI-283,Mercado Pago,11400
23836,2026-06-28 18:53:00,CLI-242,Credito,1800
23837,2026-06-28 12:46:00,Consumidor Final,Efectivo,5400
23838,2026-06-28 17:35:00,Consumidor Final,Mercado Pago,7050
23839,2026-06-28 17:00:00,CLI-161,Debito,2700
23840,2026-06-28 20:51:00,CLI-223,Debito,21750
23841,2026-06-28 16:38:00,Consumidor Final,Mercado Pago,7200
23842,2026-06-28 19:23:00,Consumidor Final,Efectivo,6800
23843,2026-06-28 12:35:00,Consumidor Final,Debito,14350
23844,2026-06-28 17:30:00,Consumidor Final,Efectivo,4500
23845,2026-06-28 09:00:00,Consumidor Final,Efectivo,5900
23846,2026-06-28 12:03:00,CLI-215,Debito,12750
23847,2026-06-28 11:54:00,CLI-283,Efectivo,3200
23848,2026-06-28 18:14:00,Consumidor Final,Mercado Pago,1500
23849,2026-06-29 08:04:00,CLI-100,Debito,9800
23850,2026-06-29 12:21:00,CLI-259,Efectivo,12900
23851,2026-06-29 08:40:00,Consumidor Final,Efectivo,10750
23852,2026-06-29 19:17:00,Consumidor Final,Mercado Pago,5550
23853,2026-06-29 19:39:00,CLI-218,Mercado Pago,18100
23854,2026-06-29 17:17:00,Consumidor Final,Efectivo,4600
23855,2026-06-29 10:04:00,CLI-101,Credito,8050
23856,2026-06-29 10:18:00,Consumidor Final,Credito,900
23857,2026-06-29 11:27:00,Consumidor Final,Mercado Pago,1500
23858,2026-06-29 19:39:00,CLI-186,Debito,16300
23859,2026-06-29 08:08:00,CLI-292,Mercado Pago,5900
23860,2026-06-29 11:47:00,CLI-120,Credito,3300
23861,2026-06-29 20:37:00,Consumidor Final,Debito,3800
23862,2026-06-29 17:28:00,Consumidor Final,Debito,6700
23863,2026-06-29 08:42:00,CLI-186,Credito,9850
23864,2026-06-29 19:08:00,CLI-169,Debito,32000
23865,2026-06-29 08:35:00,CLI-240,Efectivo,3100
23866,2026-06-29 16:42:00,Consumidor Final,Efectivo,13600
23867,2026-06-29 20:32:00,Consumidor Final,Efectivo,19200
23868,2026-06-29 10:28:00,Consumidor Final,Debito,2200
23869,2026-06-29 11:49:00,Consumidor Final,Efectivo,3000
23870,2026-06-29 10:10:00,CLI-297,Mercado Pago,16850
23871,2026-06-29 19:09:00,CLI-169,Credito,20100
23872,2026-06-29 08:08:00,CLI-156,Mercado Pago,5400
23873,2026-06-29 19:24:00,CLI-184,Debito,4500
23874,2026-06-29 08:55:00,Consumidor Final,Credito,6800
23875,2026-06-29 18:21:00,CLI-254,Mercado Pago,2200
23876,2026-06-29 18:13:00,CLI-182,Debito,12900
23877,2026-06-29 16:12:00,CLI-193,Debito,9400
23878,2026-06-29 10:39:00,Consumidor Final,Efectivo,33000
23879,2026-06-29 20:03:00,Consumidor Final,Mercado Pago,9350
23880,2026-06-29 18:07:00,CLI-223,Efectivo,12000
23881,2026-06-29 09:52:00,CLI-278,Credito,14700
23882,2026-06-29 19:53:00,CLI-110,Efectivo,4800
23883,2026-06-29 18:34:00,Consumidor Final,Debito,7550
23884,2026-06-29 12:47:00,CLI-256,Mercado Pago,5400
23885,2026-06-29 08:22:00,CLI-106,Debito,4400
23886,2026-06-29 20:51:00,CLI-134,Credito,7600
23887,2026-06-29 16:21:00,CLI-289,Mercado Pago,11400
23888,2026-06-29 19:23:00,CLI-254,Mercado Pago,5400
23889,2026-06-29 09:02:00,Consumidor Final,Mercado Pago,21950
23890,2026-06-29 17:23:00,CLI-108,Efectivo,8700
23891,2026-06-29 09:56:00,Consumidor Final,Mercado Pago,4500
23892,2026-06-29 10:20:00,CLI-149,Efectivo,21000
23893,2026-06-29 17:43:00,CLI-279,Credito,1800
23894,2026-06-29 11:49:00,CLI-210,Debito,10900
23895,2026-06-29 11:19:00,Consumidor Final,Efectivo,4800
23896,2026-06-29 16:48:00,Consumidor Final,Mercado Pago,5400
23897,2026-06-29 18:51:00,CLI-191,Debito,4400
23898,2026-06-29 08:44:00,Consumidor Final,Efectivo,4500
23899,2026-06-29 19:45:00,Consumidor Final,Efectivo,15300
23900,2026-06-29 12:43:00,Consumidor Final,Mercado Pago,1500
23901,2026-06-29 17:53:00,Consumidor Final,Efectivo,22250
23902,2026-06-29 08:22:00,CLI-252,Mercado Pago,14900
23903,2026-06-29 11:55:00,CLI-222,Efectivo,3700
23904,2026-06-29 09:25:00,Consumidor Final,Efectivo,6150
23905,2026-06-29 19:39:00,CLI-123,Mercado Pago,900
